count_id,timestamp,sku,location,counted_quantity,system_quantity,variance,scenario
CC-001969,2026-09-01 06:03:34,SKU-00032,F-05-02-01,6,6,0,NORMAL
CC-002325,2026-09-01 06:05:20,SKU-00369,A-01-03-01,15,15,0,NORMAL
CC-000637,2026-09-01 06:05:25,SKU-01947,F-03-02-01,23,23,0,NORMAL
CC-001234,2026-09-01 06:05:29,SKU-00980,B-03-01-01,3,3,0,NORMAL
CC-000730,2026-09-01 06:07:59,SKU-00947,D-10-04-01,13,13,0,NORMAL
CC-001005,2026-09-01 06:08:29,SKU-01966,E-08-02-02,4,4,0,NORMAL
CC-001822,2026-09-01 06:08:37,SKU-00293,D-09-01-01,11,11,0,NORMAL
CC-001687,2026-09-01 06:11:02,SKU-00773,F-02-04-01,31,29,2,NORMAL
CC-000126,2026-09-01 06:11:19,SKU-01877,A-06-05-02,1,1,0,NORMAL
CC-001675,2026-09-01 06:14:58,SKU-01046,A-03-05-02,8,8,0,NORMAL
CC-001758,2026-09-01 06:16:33,SKU-01259,F-07-04-02,15,15,0,NORMAL
CC-001172,2026-09-01 06:16:43,SKU-00938,F-05-04-02,25,25,0,NORMAL
CC-001649,2026-09-01 06:17:27,SKU-01310,D-03-02-02,15,15,0,NORMAL
CC-001600,2026-09-01 06:18:08,SKU-01494,B-07-03-01,13,11,2,NORMAL
CC-000090,2026-09-01 06:22:18,SKU-01179,F-07-05-02,10,10,0,NORMAL
CC-001067,2026-09-01 06:24:28,SKU-00204,E-02-05-02,25,25,0,NORMAL
CC-000689,2026-09-01 06:25:03,SKU-01081,A-10-04-01,12,12,0,NORMAL
CC-002189,2026-09-01 06:25:27,SKU-00345,C-05-03-02,22,22,0,NORMAL
CC-000102,2026-09-01 06:28:59,SKU-01492,B-06-02-01,13,18,-5,NORMAL
CC-001748,2026-09-01 06:30:26,SKU-01260,A-06-01-02,9,9,0,NORMAL
CC-000859,2026-09-01 06:31:06,SKU-00294,E-09-05-02,1,1,0,NORMAL
CC-001703,2026-09-01 06:33:56,SKU-00498,E-10-04-02,29,29,0,NORMAL
CC-000844,2026-09-01 06:35:23,SKU-01731,D-03-01-01,20,20,0,NORMAL
CC-000780,2026-09-01 06:35:25,SKU-00145,E-04-05-01,25,25,0,NORMAL
CC-002018,2026-09-01 06:36:07,SKU-01598,B-09-01-02,4,4,0,NORMAL
CC-000201,2026-09-01 06:37:28,SKU-01979,E-04-04-01,23,23,0,NORMAL
CC-000292,2026-09-01 06:37:48,SKU-01393,C-10-05-01,28,28,0,NORMAL
CC-000492,2026-09-01 06:38:12,SKU-00694,A-10-02-02,24,24,0,NORMAL
CC-000084,2026-09-01 06:39:28,SKU-00110,B-10-03-01,30,30,0,NORMAL
CC-001375,2026-09-01 06:41:08,SKU-01573,F-09-03-02,4,4,0,NORMAL
CC-000298,2026-09-01 06:41:32,SKU-00892,C-02-03-02,13,13,0,NORMAL
CC-001100,2026-09-01 06:42:25,SKU-01337,E-05-05-02,13,13,0,NORMAL
CC-002160,2026-09-01 06:43:16,SKU-00114,A-06-04-02,6,4,2,NORMAL
CC-001556,2026-09-01 06:44:18,SKU-01247,F-01-03-02,12,12,0,NORMAL
CC-002415,2026-09-01 06:44:38,SKU-01250,C-06-03-01,15,16,-1,NORMAL
CC-000974,2026-09-01 06:44:59,SKU-01096,B-05-01-02,3,3,0,NORMAL
CC-001515,2026-09-01 06:45:23,SKU-01355,A-04-05-02,1,1,0,NORMAL
CC-000236,2026-09-01 06:45:40,SKU-00610,A-02-02-02,4,4,0,NORMAL
CC-000436,2026-09-01 06:48:52,SKU-01003,D-01-03-02,25,25,0,NORMAL
CC-002061,2026-09-01 06:49:27,SKU-00713,F-07-05-01,18,18,0,NORMAL
CC-000813,2026-09-01 06:50:33,SKU-00838,A-03-03-02,20,20,0,NORMAL
CC-002279,2026-09-01 06:51:53,SKU-01482,C-03-02-02,22,21,1,NORMAL
CC-000523,2026-09-01 06:55:57,SKU-01535,E-04-05-01,18,17,1,NORMAL
CC-000258,2026-09-01 06:56:55,SKU-01449,D-05-01-02,2,2,0,NORMAL
CC-002328,2026-09-01 06:57:51,SKU-00962,F-03-04-01,19,19,0,NORMAL
CC-001061,2026-09-01 06:57:55,SKU-01586,E-05-01-02,4,4,0,NORMAL
CC-002079,2026-09-01 07:01:51,SKU-00840,C-01-01-01,29,29,0,NORMAL
CC-001327,2026-09-01 07:01:56,SKU-00077,C-08-05-01,7,7,0,NORMAL
CC-000381,2026-09-01 07:06:29,SKU-01257,A-01-02-01,14,14,0,NORMAL
CC-001317,2026-09-01 07:06:29,SKU-00933,F-09-04-01,10,10,0,NORMAL
CC-001525,2026-09-01 07:07:00,SKU-00101,B-02-03-02,30,30,0,NORMAL
CC-000160,2026-09-01 07:08:28,SKU-01288,F-02-01-02,20,20,0,NORMAL
CC-002074,2026-09-01 07:09:58,SKU-00098,F-03-05-01,22,22,0,NORMAL
CC-002276,2026-09-01 07:12:48,SKU-00100,A-02-05-01,17,17,0,NORMAL
CC-000173,2026-09-01 07:17:11,SKU-01605,E-03-04-02,15,15,0,NORMAL
CC-000680,2026-09-01 07:17:24,SKU-00106,A-02-01-01,23,23,0,NORMAL
CC-001471,2026-09-01 07:18:39,SKU-01771,C-03-05-02,4,5,-1,NORMAL
CC-002454,2026-09-01 07:19:36,SKU-01635,A-10-01-02,19,19,0,NORMAL
CC-000393,2026-09-01 07:21:50,SKU-00979,B-04-03-01,7,7,0,NORMAL
CC-000599,2026-09-01 07:23:59,SKU-01480,B-03-04-01,6,6,0,NORMAL
CC-001036,2026-09-01 07:24:00,SKU-01388,A-07-05-02,28,28,0,NORMAL
CC-000973,2026-09-01 07:24:02,SKU-01310,D-03-02-02,15,15,0,NORMAL
CC-001054,2026-09-01 07:27:09,SKU-00590,F-08-02-02,21,21,0,NORMAL
CC-001554,2026-09-01 07:28:13,SKU-00458,F-07-03-02,27,27,0,NORMAL
CC-000983,2026-09-01 07:28:39,SKU-01303,C-03-04-01,24,24,0,NORMAL
CC-001458,2026-09-01 07:30:10,SKU-00480,B-04-04-02,22,22,0,NORMAL
CC-001277,2026-09-01 07:34:45,SKU-01982,D-06-02-02,9,9,0,NORMAL
CC-000786,2026-09-01 07:35:24,SKU-00483,D-05-04-01,14,14,0,NORMAL
CC-002065,2026-09-01 07:35:49,SKU-01382,B-07-02-01,13,13,0,NORMAL
CC-002136,2026-09-01 07:39:54,SKU-01676,D-05-04-02,1,1,0,NORMAL
CC-001546,2026-09-01 07:40:56,SKU-01931,D-06-05-02,5,8,-3,NORMAL
CC-001017,2026-09-01 07:40:58,SKU-01534,E-07-01-01,16,16,0,NORMAL
CC-000190,2026-09-01 07:42:35,SKU-01449,D-05-01-02,2,2,0,NORMAL
CC-000469,2026-09-01 07:43:43,SKU-01338,F-09-04-02,12,14,-2,NORMAL
CC-000772,2026-09-01 07:45:27,SKU-00893,F-04-01-01,2,2,0,NORMAL
CC-001426,2026-09-01 07:46:13,SKU-01233,F-10-01-02,6,6,0,NORMAL
CC-001790,2026-09-01 07:47:26,SKU-01016,B-02-05-01,19,19,0,NORMAL
CC-000199,2026-09-01 07:48:39,SKU-00421,B-02-03-01,2,2,0,NORMAL
CC-000413,2026-09-01 07:49:05,SKU-00299,E-10-03-01,3,3,0,NORMAL
CC-000567,2026-09-01 07:50:11,SKU-00024,B-05-04-01,4,4,0,NORMAL
CC-002431,2026-09-01 07:50:39,SKU-01184,C-04-01-01,3,3,0,NORMAL
CC-001314,2026-09-01 07:54:37,SKU-00049,B-03-01-01,4,2,2,NORMAL
CC-000221,2026-09-01 07:54:46,SKU-01675,C-02-03-01,3,3,0,NORMAL
CC-001660,2026-09-01 07:58:21,SKU-01653,E-04-05-02,14,14,0,NORMAL
CC-000776,2026-09-01 07:59:06,SKU-00024,B-05-04-01,4,4,0,NORMAL
CC-002112,2026-09-01 07:59:31,SKU-00264,B-04-04-02,3,3,0,NORMAL
CC-002034,2026-09-01 07:59:33,SKU-01483,A-10-01-01,4,4,0,NORMAL
CC-002472,2026-09-01 08:00:00,SKU-01728,C-10-05-01,27,27,0,NORMAL
CC-000613,2026-09-01 08:01:14,SKU-00455,B-03-02-02,22,22,0,NORMAL
CC-001023,2026-09-01 08:06:01,SKU-01360,A-09-02-02,21,22,-1,NORMAL
CC-001323,2026-09-01 08:06:31,SKU-00203,B-01-05-02,4,4,0,NORMAL
CC-000633,2026-09-01 08:07:31,SKU-01336,A-07-01-02,12,12,0,NORMAL
CC-000416,2026-09-01 08:08:13,SKU-01783,C-01-02-01,11,11,0,NORMAL
CC-001541,2026-09-01 08:11:31,SKU-01579,C-04-05-02,10,11,-1,NORMAL
CC-001739,2026-09-01 08:14:48,SKU-00831,F-09-02-01,21,21,0,NORMAL
CC-001186,2026-09-01 08:15:46,SKU-01952,A-05-03-01,27,27,0,NORMAL
CC-000677,2026-09-01 08:16:45,SKU-00455,B-03-02-02,22,22,0,NORMAL
CC-000838,2026-09-01 08:16:46,SKU-00358,F-06-03-02,7,10,-3,NORMAL
CC-000352,2026-09-01 08:17:09,SKU-00346,A-02-01-01,16,16,0,NORMAL
CC-001680,2026-09-01 08:17:12,SKU-00516,B-01-01-01,16,16,0,NORMAL
CC-000866,2026-09-01 08:18:11,SKU-01243,A-02-01-01,22,22,0,NORMAL
CC-002117,2026-09-01 08:18:23,SKU-00863,D-08-01-02,2,2,0,NORMAL
CC-000643,2026-09-01 08:20:05,SKU-00958,C-05-03-01,1,1,0,NORMAL
CC-001151,2026-09-01 08:20:15,SKU-00606,E-06-05-02,10,10,0,NORMAL
CC-001738,2026-09-01 08:21:45,SKU-00596,A-01-04-02,21,18,3,NORMAL
CC-002232,2026-09-01 08:22:02,SKU-01994,C-06-01-01,21,21,0,NORMAL
CC-001708,2026-09-01 08:22:49,SKU-00632,D-06-02-02,14,14,0,NORMAL
CC-001830,2026-09-01 08:22:51,SKU-00061,C-05-02-02,27,27,0,NORMAL
CC-002398,2026-09-01 08:23:14,SKU-01597,E-03-01-02,22,22,0,NORMAL
CC-002338,2026-09-01 08:23:23,SKU-01255,C-09-02-02,30,30,0,NORMAL
CC-000272,2026-09-01 08:25:21,SKU-00693,C-05-03-02,5,5,0,NORMAL
CC-001879,2026-09-01 08:25:38,SKU-00518,C-05-05-02,29,26,3,NORMAL
CC-002174,2026-09-01 08:28:04,SKU-01758,A-10-05-02,9,9,0,NORMAL
CC-001333,2026-09-01 08:30:42,SKU-01070,D-09-04-01,14,14,0,NORMAL
CC-002297,2026-09-01 08:30:47,SKU-00290,B-10-01-02,24,24,0,NORMAL
CC-001929,2026-09-01 08:31:34,SKU-00193,B-01-04-01,21,21,0,NORMAL
CC-000037,2026-09-01 08:31:38,SKU-01432,C-01-02-02,1,1,0,NORMAL
CC-002168,2026-09-01 08:32:07,SKU-01694,E-02-01-02,26,26,0,NORMAL
CC-001111,2026-09-01 08:32:16,SKU-01014,A-04-03-01,6,6,0,NORMAL
CC-000310,2026-09-01 08:33:04,SKU-01338,F-09-04-02,17,14,3,NORMAL
CC-001662,2026-09-01 08:33:28,SKU-00488,B-05-05-02,29,29,0,NORMAL
CC-000309,2026-09-01 08:33:54,SKU-01629,F-03-02-01,11,11,0,NORMAL
CC-002436,2026-09-01 08:34:27,SKU-00049,B-03-01-01,2,2,0,NORMAL
CC-000404,2026-09-01 08:37:41,SKU-01204,E-07-01-01,2,2,0,NORMAL
CC-000044,2026-09-01 08:39:14,SKU-01112,B-07-03-01,1,1,0,NORMAL
CC-001227,2026-09-01 08:40:22,SKU-00295,D-09-02-02,9,9,0,NORMAL
CC-000178,2026-09-01 08:42:02,SKU-01219,E-08-05-02,6,6,0,NORMAL
CC-001860,2026-09-01 08:42:07,SKU-01423,F-04-01-01,22,22,0,NORMAL
CC-001676,2026-09-01 08:42:10,SKU-01219,E-08-05-02,6,6,0,NORMAL
CC-000683,2026-09-01 08:42:46,SKU-00342,F-02-05-02,19,19,0,NORMAL
CC-000782,2026-09-01 08:42:58,SKU-01430,B-05-05-01,1,1,0,NORMAL
CC-000538,2026-09-01 08:44:20,SKU-01222,D-04-04-01,14,14,0,NORMAL
CC-000687,2026-09-01 08:45:53,SKU-01334,F-04-03-02,1,1,0,NORMAL
CC-000956,2026-09-01 08:46:22,SKU-01910,B-10-03-01,15,15,0,NORMAL
CC-002494,2026-09-01 08:47:19,SKU-01523,D-03-04-02,12,12,0,NORMAL
CC-000088,2026-09-01 08:48:06,SKU-01548,A-06-03-02,10,10,0,NORMAL
CC-001961,2026-09-01 08:50:38,SKU-00447,E-07-04-02,9,9,0,NORMAL
CC-001527,2026-09-01 08:52:19,SKU-01105,F-04-05-02,4,4,0,NORMAL
CC-000032,2026-09-01 08:54:48,SKU-00091,F-05-04-02,18,18,0,NORMAL
CC-002111,2026-09-01 08:56:20,SKU-01523,D-03-04-02,12,12,0,NORMAL
CC-001846,2026-09-01 08:59:26,SKU-00183,B-04-03-02,23,23,0,NORMAL
CC-000864,2026-09-01 09:00:39,SKU-01394,E-04-04-01,13,13,0,NORMAL
CC-000991,2026-09-01 09:01:55,SKU-00358,F-06-03-02,10,10,0,NORMAL
CC-001601,2026-09-01 09:05:39,SKU-00773,F-02-04-01,29,29,0,NORMAL
CC-001341,2026-09-01 09:06:19,SKU-01285,D-07-04-02,20,20,0,NORMAL
CC-001923,2026-09-01 09:07:04,SKU-01080,E-04-05-02,20,20,0,NORMAL
CC-000601,2026-09-01 09:08:00,SKU-01740,A-06-02-02,26,26,0,NORMAL
CC-001348,2026-09-01 09:09:00,SKU-00503,E-09-02-01,6,6,0,NORMAL
CC-000801,2026-09-01 09:09:43,SKU-01040,F-09-02-02,26,26,0,NORMAL
CC-000371,2026-09-01 09:10:33,SKU-01410,A-09-04-01,17,17,0,NORMAL
CC-001716,2026-09-01 09:11:17,SKU-01466,B-06-05-01,13,13,0,NORMAL
CC-001805,2026-09-01 09:12:23,SKU-01816,F-02-02-02,11,12,-1,NORMAL
CC-000004,2026-09-01 09:13:34,SKU-00421,B-02-03-01,5,2,3,NORMAL
CC-001265,2026-09-01 09:13:58,SKU-00581,C-06-03-02,22,22,0,NORMAL
CC-001377,2026-09-01 09:17:06,SKU-01812,C-02-03-02,9,9,0,NORMAL
CC-001403,2026-09-01 09:18:54,SKU-00937,F-09-03-01,10,10,0,NORMAL
CC-001648,2026-09-01 09:19:36,SKU-00260,B-01-01-02,15,15,0,NORMAL
CC-002388,2026-09-01 09:19:38,SKU-00985,B-06-04-01,28,28,0,NORMAL
CC-001272,2026-09-01 09:19:49,SKU-01847,D-06-03-01,19,19,0,NORMAL
CC-000409,2026-09-01 09:20:07,SKU-00465,C-05-05-01,30,30,0,NORMAL
CC-000699,2026-09-01 09:20:18,SKU-01631,C-10-03-01,4,4,0,NORMAL
CC-000529,2026-09-01 09:20:33,SKU-01884,A-07-01-02,3,3,0,NORMAL
CC-000034,2026-09-01 09:22:59,SKU-01239,E-08-02-01,7,7,0,NORMAL
CC-001119,2026-09-01 09:23:09,SKU-00084,C-07-01-02,20,18,2,NORMAL
CC-001472,2026-09-01 09:25:25,SKU-00609,F-10-03-01,16,16,0,NORMAL
CC-001952,2026-09-01 09:26:16,SKU-01280,F-10-02-01,25,25,0,NORMAL
CC-000016,2026-09-01 09:26:36,SKU-00415,B-02-01-01,13,13,0,NORMAL
CC-002010,2026-09-01 09:26:40,SKU-00039,F-07-02-02,11,11,0,NORMAL
CC-000790,2026-09-01 09:28:18,SKU-00293,D-09-01-01,11,11,0,NORMAL
CC-000868,2026-09-01 09:30:29,SKU-01840,D-09-05-02,5,5,0,NORMAL
CC-002365,2026-09-01 09:31:06,SKU-01051,D-03-04-02,28,28,0,NORMAL
CC-001298,2026-09-01 09:31:37,SKU-01095,C-09-03-01,6,6,0,NORMAL
CC-001031,2026-09-01 09:32:07,SKU-00857,D-02-04-01,21,21,0,NORMAL
CC-000009,2026-09-01 09:32:18,SKU-01960,D-01-05-01,19,19,0,NORMAL
CC-002001,2026-09-01 09:32:48,SKU-01428,D-10-04-01,22,22,0,NORMAL
CC-002346,2026-09-01 09:33:02,SKU-00324,B-03-01-02,14,14,0,NORMAL
CC-002219,2026-09-01 09:33:43,SKU-00090,B-07-02-02,7,7,0,NORMAL
CC-002170,2026-09-01 09:33:51,SKU-00677,A-02-03-02,11,11,0,NORMAL
CC-001220,2026-09-01 09:34:19,SKU-00634,A-04-02-02,7,7,0,NORMAL
CC-000205,2026-09-01 09:36:27,SKU-01014,A-04-03-01,6,6,0,NORMAL
CC-001192,2026-09-01 09:37:45,SKU-00393,C-06-01-02,15,15,0,NORMAL
CC-000981,2026-09-01 09:39:19,SKU-00992,B-03-01-02,25,25,0,NORMAL
CC-001337,2026-09-01 09:40:31,SKU-00086,D-10-03-02,17,17,0,NORMAL
CC-000609,2026-09-01 09:40:33,SKU-01017,B-07-04-02,17,17,0,NORMAL
CC-000276,2026-09-01 09:41:09,SKU-00825,C-03-04-02,19,19,0,NORMAL
CC-000489,2026-09-01 09:42:07,SKU-00535,F-07-04-02,9,10,-1,NORMAL
CC-001559,2026-09-01 09:45:47,SKU-01979,E-04-04-01,23,23,0,NORMAL
CC-001859,2026-09-01 09:46:14,SKU-01792,D-07-03-02,29,29,0,NORMAL
CC-001869,2026-09-01 09:46:22,SKU-01286,B-02-02-01,15,15,0,NORMAL
CC-002005,2026-09-01 09:48:28,SKU-01239,E-08-02-01,7,7,0,NORMAL
CC-001014,2026-09-01 09:48:37,SKU-00905,B-01-03-02,15,15,0,NORMAL
CC-001772,2026-09-01 09:50:46,SKU-00881,D-09-01-02,14,14,0,NORMAL
CC-000419,2026-09-01 09:51:20,SKU-00132,E-08-01-01,27,27,0,NORMAL
CC-001689,2026-09-01 09:51:40,SKU-01080,E-04-05-02,20,20,0,NORMAL
CC-001184,2026-09-01 09:55:19,SKU-00586,B-04-03-02,5,5,0,NORMAL
CC-001796,2026-09-01 09:55:50,SKU-00895,C-01-05-02,21,21,0,NORMAL
CC-000357,2026-09-01 09:57:02,SKU-01609,D-07-03-02,5,5,0,NORMAL
CC-000229,2026-09-01 09:57:46,SKU-00179,E-07-04-02,6,6,0,NORMAL
CC-000114,2026-09-01 09:58:40,SKU-00742,F-05-02-02,17,17,0,NORMAL
CC-000698,2026-09-01 09:59:40,SKU-00493,F-06-01-01,1,1,0,NORMAL
CC-001362,2026-09-01 10:01:15,SKU-00983,A-02-01-02,25,25,0,NORMAL
CC-001756,2026-09-01 10:02:50,SKU-00920,F-05-05-02,17,17,0,NORMAL
CC-000300,2026-09-01 10:04:55,SKU-00615,F-03-04-01,16,21,-5,NORMAL
CC-001211,2026-09-01 10:05:34,SKU-00241,F-01-05-01,12,12,0,NORMAL
CC-000116,2026-09-01 10:05:39,SKU-00546,B-03-03-02,9,9,0,NORMAL
CC-002094,2026-09-01 10:06:22,SKU-00022,D-02-03-01,18,23,-5,NORMAL
CC-001129,2026-09-01 10:07:59,SKU-00587,A-04-04-01,22,22,0,NORMAL
CC-002134,2026-09-01 10:08:11,SKU-01825,F-07-03-01,5,5,0,NORMAL
CC-002421,2026-09-01 10:08:11,SKU-00386,E-06-04-02,27,27,0,NORMAL
CC-001208,2026-09-01 10:08:30,SKU-01836,E-01-03-01,19,22,-3,NORMAL
CC-002290,2026-09-01 10:08:46,SKU-00775,D-10-01-01,10,10,0,NORMAL
CC-002072,2026-09-01 10:11:45,SKU-01441,D-06-04-02,29,29,0,NORMAL
CC-000849,2026-09-01 10:11:46,SKU-00882,B-03-04-01,17,17,0,NORMAL
CC-001587,2026-09-01 10:12:50,SKU-01191,D-03-05-01,10,10,0,NORMAL
CC-000370,2026-09-01 10:13:17,SKU-00941,D-08-01-01,23,23,0,NORMAL
CC-002427,2026-09-01 10:14:03,SKU-01214,A-10-01-02,7,7,0,NORMAL
CC-001004,2026-09-01 10:14:39,SKU-00170,F-04-05-01,14,14,0,NORMAL
CC-002422,2026-09-01 10:15:03,SKU-01256,C-01-04-02,28,28,0,NORMAL
CC-000156,2026-09-01 10:15:11,SKU-00612,F-01-02-02,24,24,0,NORMAL
CC-000818,2026-09-01 10:15:16,SKU-01244,F-09-05-02,3,3,0,NORMAL
CC-002478,2026-09-01 10:15:29,SKU-00786,A-08-01-01,11,11,0,NORMAL
CC-002008,2026-09-01 10:19:36,SKU-01698,B-09-02-01,19,19,0,NORMAL
CC-000752,2026-09-01 10:19:42,SKU-00649,F-10-04-01,7,7,0,NORMAL
CC-002140,2026-09-01 10:19:59,SKU-01266,A-06-05-01,27,27,0,NORMAL
CC-000073,2026-09-01 10:23:38,SKU-01750,B-02-02-01,11,11,0,NORMAL
CC-000704,2026-09-01 10:26:15,SKU-00011,C-07-03-02,2,2,0,NORMAL
CC-001189,2026-09-01 10:26:18,SKU-01606,B-03-01-02,19,19,0,NORMAL
CC-000204,2026-09-01 10:28:04,SKU-00348,E-07-02-01,29,29,0,NORMAL
CC-001535,2026-09-01 10:28:33,SKU-01613,D-10-05-02,18,18,0,NORMAL
CC-001536,2026-09-01 10:28:53,SKU-00291,B-10-04-02,20,20,0,NORMAL
CC-001845,2026-09-01 10:32:04,SKU-00969,D-05-04-01,27,27,0,NORMAL
CC-001664,2026-09-01 10:34:23,SKU-01532,E-07-01-01,24,24,0,NORMAL
CC-001003,2026-09-01 10:35:44,SKU-01606,B-03-01-02,19,19,0,NORMAL
CC-000496,2026-09-01 10:38:42,SKU-01851,B-09-04-01,23,24,-1,NORMAL
CC-001560,2026-09-01 10:38:50,SKU-01920,F-06-05-02,3,3,0,NORMAL
CC-001351,2026-09-01 10:39:26,SKU-00353,D-03-04-02,7,7,0,NORMAL
CC-001808,2026-09-01 10:40:24,SKU-00341,A-04-02-01,8,8,0,NORMAL
CC-000246,2026-09-01 10:42:16,SKU-01591,B-05-05-01,16,16,0,NORMAL
CC-000162,2026-09-01 10:43:38,SKU-00116,F-04-04-02,8,8,0,NORMAL
CC-000655,2026-09-01 10:44:16,SKU-01986,B-02-05-01,20,20,0,NORMAL
CC-000989,2026-09-01 10:44:35,SKU-00826,C-09-05-01,25,25,0,NORMAL
CC-000459,2026-09-01 10:44:54,SKU-01967,A-04-04-02,21,21,0,NORMAL
CC-002097,2026-09-01 10:46:37,SKU-00931,C-05-04-02,16,16,0,NORMAL
CC-001068,2026-09-01 10:47:56,SKU-01229,F-03-05-02,0,1,-1,NORMAL
CC-001517,2026-09-01 10:53:34,SKU-01539,F-03-03-02,10,10,0,NORMAL
CC-000112,2026-09-01 10:53:51,SKU-01572,C-10-03-01,28,28,0,NORMAL
CC-000542,2026-09-01 10:54:20,SKU-01640,A-03-03-02,20,19,1,NORMAL
CC-002208,2026-09-01 10:54:24,SKU-00500,E-02-02-02,18,21,-3,NORMAL
CC-001032,2026-09-01 10:56:28,SKU-00103,E-04-03-02,3,3,0,NORMAL
CC-002238,2026-09-01 10:57:48,SKU-01084,D-02-03-01,24,24,0,NORMAL
CC-000932,2026-09-01 10:58:35,SKU-00743,B-10-03-02,29,29,0,NORMAL
CC-001824,2026-09-01 11:02:02,SKU-00258,E-04-03-01,17,17,0,NORMAL
CC-002127,2026-09-01 11:05:06,SKU-01772,A-06-04-02,12,15,-3,NORMAL
CC-000478,2026-09-01 11:06:22,SKU-01890,F-08-04-01,29,29,0,NORMAL
CC-002081,2026-09-01 11:09:31,SKU-01454,D-06-01-01,10,10,0,NORMAL
CC-001216,2026-09-01 11:10:23,SKU-00643,B-10-03-01,18,18,0,NORMAL
CC-002440,2026-09-01 11:10:58,SKU-01132,C-08-04-02,19,19,0,NORMAL
CC-000909,2026-09-01 11:12:19,SKU-00751,B-07-04-01,20,21,-1,NORMAL
CC-002199,2026-09-01 11:12:45,SKU-00891,B-02-05-01,11,11,0,NORMAL
CC-001477,2026-09-01 11:13:15,SKU-00854,F-09-04-01,30,30,0,NORMAL
CC-001109,2026-09-01 11:13:24,SKU-00878,F-03-01-02,23,23,0,NORMAL
CC-000611,2026-09-01 11:14:31,SKU-01073,A-09-05-01,4,4,0,NORMAL
CC-000749,2026-09-01 11:18:18,SKU-00691,D-09-05-02,20,21,-1,NORMAL
CC-001397,2026-09-01 11:19:12,SKU-00745,E-06-02-02,14,14,0,NORMAL
CC-000617,2026-09-01 11:19:20,SKU-01207,F-03-04-01,19,19,0,NORMAL
CC-001989,2026-09-01 11:21:57,SKU-01815,B-05-04-02,17,17,0,NORMAL
CC-002206,2026-09-01 11:23:55,SKU-01417,C-01-01-02,23,23,0,NORMAL
CC-000960,2026-09-01 11:24:24,SKU-01690,F-10-03-02,4,4,0,NORMAL
CC-002218,2026-09-01 11:25:31,SKU-00273,F-06-01-01,11,11,0,NORMAL
CC-001180,2026-09-01 11:28:54,SKU-00285,F-08-03-02,28,28,0,NORMAL
CC-000234,2026-09-01 11:30:26,SKU-00732,B-06-03-01,28,28,0,NORMAL
CC-000028,2026-09-01 11:32:12,SKU-01333,B-01-01-01,6,6,0,NORMAL
CC-001126,2026-09-01 11:33:16,SKU-00238,A-08-02-02,29,29,0,NORMAL
CC-000500,2026-09-01 11:34:09,SKU-00178,B-03-04-01,25,25,0,NORMAL
CC-001006,2026-09-01 11:35:19,SKU-01191,D-03-05-01,10,10,0,NORMAL
CC-000984,2026-09-01 11:35:52,SKU-00164,D-04-03-01,4,4,0,NORMAL
CC-002032,2026-09-01 11:39:07,SKU-01226,C-07-01-02,25,25,0,NORMAL
CC-001736,2026-09-01 11:40:32,SKU-00884,A-06-04-02,7,7,0,NORMAL
CC-002309,2026-09-01 11:40:47,SKU-01630,B-08-04-01,2,2,0,NORMAL
CC-000681,2026-09-01 11:41:05,SKU-00404,B-04-05-02,16,16,0,NORMAL
CC-001963,2026-09-01 11:41:31,SKU-01011,F-06-02-01,9,9,0,NORMAL
CC-000874,2026-09-01 11:41:58,SKU-01651,F-02-05-01,9,9,0,NORMAL
CC-000285,2026-09-01 11:45:40,SKU-00408,C-08-01-02,15,16,-1,NORMAL
CC-000257,2026-09-01 11:47:23,SKU-01621,B-10-04-02,16,16,0,NORMAL
CC-000896,2026-09-01 11:47:50,SKU-00319,E-10-01-02,6,6,0,NORMAL
CC-001909,2026-09-01 11:48:03,SKU-00963,B-03-05-01,12,12,0,NORMAL
CC-001565,2026-09-01 11:48:14,SKU-00346,A-02-01-01,16,16,0,NORMAL
CC-000945,2026-09-01 11:49:44,SKU-01466,B-06-05-01,13,13,0,NORMAL
CC-001393,2026-09-01 11:50:59,SKU-01409,B-03-03-02,25,25,0,NORMAL
CC-001438,2026-09-01 11:52:51,SKU-00378,D-08-03-01,29,29,0,NORMAL
CC-002452,2026-09-01 11:54:03,SKU-00555,F-04-05-02,29,29,0,NORMAL
CC-000147,2026-09-01 11:54:26,SKU-01617,B-06-02-01,13,13,0,NORMAL
CC-001888,2026-09-01 11:58:14,SKU-01362,E-09-03-01,23,23,0,NORMAL
CC-001865,2026-09-01 11:58:16,SKU-00970,D-10-05-02,1,4,-3,NORMAL
CC-002149,2026-09-01 12:00:55,SKU-01230,C-10-02-02,21,18,3,NORMAL
CC-002217,2026-09-01 12:01:28,SKU-01095,C-09-03-01,6,6,0,NORMAL
CC-002096,2026-09-01 12:02:44,SKU-01658,B-07-05-02,19,19,0,NORMAL
CC-001467,2026-09-01 12:02:54,SKU-00648,E-06-01-02,25,25,0,NORMAL
CC-002212,2026-09-01 12:04:01,SKU-00421,B-02-03-01,2,2,0,NORMAL
CC-001024,2026-09-01 12:04:34,SKU-00197,D-10-04-01,9,9,0,NORMAL
CC-001002,2026-09-01 12:04:57,SKU-00836,E-06-01-01,4,4,0,NORMAL
CC-002198,2026-09-01 12:06:09,SKU-00713,F-07-05-01,18,18,0,NORMAL
CC-001177,2026-09-01 12:07:31,SKU-00993,B-02-05-01,17,17,0,NORMAL
CC-000918,2026-09-01 12:10:31,SKU-00636,F-08-03-02,20,20,0,NORMAL
CC-001344,2026-09-01 12:11:14,SKU-00678,E-10-02-01,16,16,0,NORMAL
CC-000035,2026-09-01 12:13:09,SKU-00264,B-04-04-02,3,3,0,NORMAL
CC-002380,2026-09-01 12:13:46,SKU-01991,E-06-02-01,7,7,0,NORMAL
CC-000745,2026-09-01 12:14:50,SKU-01746,D-01-01-02,11,11,0,NORMAL
CC-001551,2026-09-01 12:14:53,SKU-00943,E-05-01-01,22,20,2,NORMAL
CC-000631,2026-09-01 12:16:15,SKU-01821,F-07-04-02,15,15,0,NORMAL
CC-001780,2026-09-01 12:17:07,SKU-01658,B-07-05-02,19,19,0,NORMAL
CC-001353,2026-09-01 12:17:31,SKU-00607,F-01-04-01,23,23,0,NORMAL
CC-001916,2026-09-01 12:18:30,SKU-01279,B-04-04-01,10,10,0,NORMAL
CC-002349,2026-09-01 12:18:33,SKU-01830,A-03-04-01,27,27,0,NORMAL
CC-000133,2026-09-01 12:19:08,SKU-00909,F-01-04-01,25,25,0,NORMAL
CC-000550,2026-09-01 12:23:05,SKU-00603,F-09-03-02,2,1,1,NORMAL
CC-001900,2026-09-01 12:23:47,SKU-00286,E-04-03-01,19,19,0,NORMAL
CC-000553,2026-09-01 12:25:45,SKU-00282,F-08-04-01,16,16,0,NORMAL
CC-002202,2026-09-01 12:26:03,SKU-01336,A-07-01-02,12,12,0,NORMAL
CC-001994,2026-09-01 12:27:06,SKU-01557,C-01-04-01,7,7,0,NORMAL
CC-001096,2026-09-01 12:28:36,SKU-01825,F-07-03-01,5,5,0,NORMAL
CC-002122,2026-09-01 12:29:07,SKU-00032,F-05-02-01,6,6,0,NORMAL
CC-000563,2026-09-01 12:29:46,SKU-01330,B-07-03-01,11,11,0,NORMAL
CC-001304,2026-09-01 12:29:46,SKU-01202,F-08-02-01,5,5,0,NORMAL
CC-000747,2026-09-01 12:29:56,SKU-00649,F-10-04-01,7,7,0,NORMAL
CC-001079,2026-09-01 12:30:01,SKU-00715,D-02-05-01,15,15,0,NORMAL
CC-001674,2026-09-01 12:31:04,SKU-00315,B-01-03-01,3,3,0,NORMAL
CC-000174,2026-09-01 12:31:05,SKU-00839,B-03-05-01,3,3,0,NORMAL
CC-001768,2026-09-01 12:31:33,SKU-01212,E-09-03-02,24,24,0,NORMAL
CC-001367,2026-09-01 12:33:16,SKU-00356,E-03-03-02,24,24,0,NORMAL
CC-001605,2026-09-01 12:34:07,SKU-00988,C-01-04-02,11,10,1,NORMAL
CC-001658,2026-09-01 12:35:01,SKU-00039,F-07-02-02,11,11,0,NORMAL
CC-001580,2026-09-01 12:35:18,SKU-00977,D-04-02-02,1,1,0,NORMAL
CC-002221,2026-09-01 12:36:38,SKU-01243,A-02-01-01,22,22,0,NORMAL
CC-000269,2026-09-01 12:37:45,SKU-00890,C-02-03-01,24,24,0,NORMAL
CC-000792,2026-09-01 12:38:05,SKU-01361,E-09-02-02,12,12,0,NORMAL
CC-001962,2026-09-01 12:38:25,SKU-00334,E-09-03-01,7,7,0,NORMAL
CC-002237,2026-09-01 12:39:19,SKU-01079,F-01-03-02,7,7,0,NORMAL
CC-000770,2026-09-01 12:41:51,SKU-00662,E-02-05-02,2,2,0,NORMAL
CC-000166,2026-09-01 12:43:06,SKU-00621,D-10-01-01,21,21,0,NORMAL
CC-001984,2026-09-01 12:52:10,SKU-00490,C-03-05-02,30,30,0,NORMAL
CC-000852,2026-09-01 12:53:26,SKU-01598,B-09-01-02,4,4,0,NORMAL
CC-000891,2026-09-01 12:53:50,SKU-01793,C-10-03-01,22,22,0,NORMAL
CC-001754,2026-09-01 12:54:06,SKU-00330,D-07-05-02,27,27,0,NORMAL
CC-002461,2026-09-01 12:55:25,SKU-00390,F-03-04-01,11,11,0,NORMAL
CC-000155,2026-09-01 12:56:22,SKU-01464,F-03-05-01,9,10,-1,NORMAL
CC-002029,2026-09-01 12:57:29,SKU-00595,D-03-05-01,0,1,-1,NORMAL
CC-001057,2026-09-01 12:59:41,SKU-00217,A-05-01-02,30,30,0,NORMAL
CC-001621,2026-09-01 13:00:11,SKU-00217,A-05-01-02,30,30,0,NORMAL
CC-001864,2026-09-01 13:00:57,SKU-00092,F-04-03-02,24,24,0,NORMAL
CC-001020,2026-09-01 13:01:03,SKU-00552,C-05-05-02,7,7,0,NORMAL
CC-000333,2026-09-01 13:01:55,SKU-01654,E-01-02-02,17,17,0,NORMAL
CC-000679,2026-09-01 13:03:24,SKU-01490,A-08-05-02,18,18,0,NORMAL
CC-000475,2026-09-01 13:03:41,SKU-00489,A-09-01-01,29,29,0,NORMAL
CC-002090,2026-09-01 13:06:01,SKU-01041,F-08-01-02,7,7,0,NORMAL
CC-000115,2026-09-01 13:09:02,SKU-01832,F-10-04-02,9,9,0,NORMAL
CC-001452,2026-09-01 13:09:54,SKU-01302,A-06-04-02,19,21,-2,NORMAL
CC-002172,2026-09-01 13:11:59,SKU-00485,D-10-03-02,5,5,0,NORMAL
CC-001562,2026-09-01 13:16:18,SKU-00015,F-08-03-02,13,13,0,NORMAL
CC-001576,2026-09-01 13:18:00,SKU-00577,E-05-02-02,28,28,0,NORMAL
CC-001729,2026-09-01 13:18:07,SKU-01847,D-06-03-01,19,19,0,NORMAL
CC-000227,2026-09-01 13:19:48,SKU-01723,D-03-02-01,13,15,-2,NORMAL
CC-000117,2026-09-01 13:20:12,SKU-01682,E-01-04-02,22,27,-5,NORMAL
CC-002024,2026-09-01 13:20:13,SKU-00638,C-03-03-02,21,21,0,NORMAL
CC-000054,2026-09-01 13:22:39,SKU-01898,E-02-05-02,13,13,0,NORMAL
CC-000580,2026-09-01 13:23:06,SKU-00204,E-02-05-02,25,25,0,NORMAL
CC-001968,2026-09-01 13:23:26,SKU-01929,F-08-04-02,26,26,0,NORMAL
CC-000707,2026-09-01 13:23:29,SKU-00550,B-10-05-01,24,24,0,NORMAL
CC-000795,2026-09-01 13:25:15,SKU-01043,E-05-05-02,11,11,0,NORMAL
CC-000676,2026-09-01 13:27:46,SKU-00431,B-05-04-02,14,14,0,NORMAL
CC-000742,2026-09-01 13:27:56,SKU-00711,E-04-02-01,20,20,0,NORMAL
CC-000639,2026-09-01 13:27:56,SKU-00324,B-03-01-02,14,14,0,NORMAL
CC-000921,2026-09-01 13:27:59,SKU-01687,D-02-01-02,28,28,0,NORMAL
CC-002082,2026-09-01 13:28:03,SKU-00956,C-01-01-02,27,27,0,NORMAL
CC-001358,2026-09-01 13:28:55,SKU-00621,D-10-01-01,21,21,0,NORMAL
CC-000593,2026-09-01 13:29:19,SKU-00969,D-05-04-01,27,27,0,NORMAL
CC-001511,2026-09-01 13:29:54,SKU-01315,F-05-05-02,17,17,0,NORMAL
CC-001455,2026-09-01 13:30:02,SKU-01730,E-10-02-01,6,6,0,NORMAL
CC-001614,2026-09-01 13:30:19,SKU-01099,C-09-04-02,20,20,0,NORMAL
CC-002145,2026-09-01 13:30:52,SKU-01516,B-09-01-01,22,22,0,NORMAL
CC-000812,2026-09-01 13:32:18,SKU-00846,B-10-02-01,21,21,0,NORMAL
CC-002305,2026-09-01 13:32:20,SKU-01174,C-05-05-01,5,5,0,NORMAL
CC-001673,2026-09-01 13:32:24,SKU-00260,B-01-01-02,15,15,0,NORMAL
CC-001114,2026-09-01 13:34:29,SKU-00572,C-09-03-01,12,12,0,NORMAL
CC-000080,2026-09-01 13:35:29,SKU-01094,E-01-04-02,5,5,0,NORMAL
CC-000855,2026-09-01 13:36:46,SKU-01233,F-10-01-02,6,6,0,NORMAL
CC-001913,2026-09-01 13:38:41,SKU-01567,C-10-05-01,7,7,0,NORMAL
CC-001986,2026-09-01 13:38:57,SKU-00092,F-04-03-02,24,24,0,NORMAL
CC-001524,2026-09-01 13:39:04,SKU-01175,F-01-01-02,28,28,0,NORMAL
CC-001328,2026-09-01 13:40:24,SKU-00338,C-02-04-01,27,27,0,NORMAL
CC-002068,2026-09-01 13:42:36,SKU-01020,D-09-02-01,24,26,-2,NORMAL
CC-001679,2026-09-01 13:43:06,SKU-00998,B-10-03-01,1,1,0,NORMAL
CC-002245,2026-09-01 13:46:31,SKU-01508,D-01-02-01,14,14,0,NORMAL
CC-000380,2026-09-01 13:46:49,SKU-01087,D-02-04-02,9,9,0,NORMAL
CC-000326,2026-09-01 13:50:27,SKU-01086,E-06-04-02,6,6,0,NORMAL
CC-001836,2026-09-01 13:51:33,SKU-00378,D-08-03-01,29,29,0,NORMAL
CC-001043,2026-09-01 13:52:37,SKU-01102,B-10-05-01,2,2,0,NORMAL
CC-001260,2026-09-01 13:52:50,SKU-01041,F-08-01-02,7,7,0,NORMAL
CC-002210,2026-09-01 13:52:58,SKU-01021,E-02-04-02,7,4,3,NORMAL
CC-000765,2026-09-01 13:53:21,SKU-00314,C-05-04-01,27,27,0,NORMAL
CC-000388,2026-09-01 13:54:19,SKU-00251,D-06-04-02,11,11,0,NORMAL
CC-001349,2026-09-01 13:55:39,SKU-01861,C-03-03-01,19,19,0,NORMAL
CC-000191,2026-09-01 13:56:37,SKU-00930,B-05-01-02,29,29,0,NORMAL
CC-001668,2026-09-01 13:57:04,SKU-01039,C-04-01-01,22,22,0,NORMAL
CC-000512,2026-09-01 14:02:07,SKU-01648,B-01-01-02,15,15,0,NORMAL
CC-001329,2026-09-01 14:04:06,SKU-01682,E-01-04-02,27,27,0,NORMAL
CC-000741,2026-09-01 14:04:12,SKU-00097,A-02-01-01,7,7,0,NORMAL
CC-002099,2026-09-01 14:04:30,SKU-01785,A-09-02-01,6,6,0,NORMAL
CC-000584,2026-09-01 14:05:45,SKU-00693,C-05-03-02,5,5,0,NORMAL
CC-002225,2026-09-01 14:08:15,SKU-00429,E-06-04-02,22,20,2,NORMAL
CC-002142,2026-09-01 14:09:02,SKU-00921,E-10-03-01,20,20,0,NORMAL
CC-000481,2026-09-01 14:11:55,SKU-00178,B-03-04-01,25,25,0,NORMAL
CC-000568,2026-09-01 14:15:29,SKU-01804,E-10-04-01,2,2,0,NORMAL
CC-001651,2026-09-01 14:15:45,SKU-00579,E-04-02-02,9,9,0,NORMAL
CC-000266,2026-09-01 14:16:03,SKU-00981,A-05-03-02,8,7,1,NORMAL
CC-001620,2026-09-01 14:17:33,SKU-01698,B-09-02-01,19,19,0,NORMAL
CC-001431,2026-09-01 14:18:04,SKU-00700,D-05-05-01,27,27,0,NORMAL
CC-000275,2026-09-01 14:18:35,SKU-01489,C-04-03-01,19,19,0,NORMAL
CC-000863,2026-09-01 14:20:26,SKU-01357,E-09-01-01,5,5,0,NORMAL
CC-000642,2026-09-01 14:22:25,SKU-01407,B-06-05-01,9,9,0,NORMAL
CC-002453,2026-09-01 14:23:03,SKU-00526,E-01-04-02,13,18,-5,NORMAL
CC-001245,2026-09-01 14:23:28,SKU-01053,B-03-01-01,19,19,0,NORMAL
CC-000513,2026-09-01 14:25:57,SKU-01560,E-06-04-02,18,18,0,NORMAL
CC-000441,2026-09-01 14:26:02,SKU-00849,A-03-01-01,29,29,0,NORMAL
CC-001122,2026-09-01 14:27:59,SKU-01534,E-07-01-01,16,16,0,NORMAL
CC-001343,2026-09-01 14:28:38,SKU-01796,C-03-02-02,24,24,0,NORMAL
CC-000575,2026-09-01 14:28:49,SKU-01141,B-03-01-01,27,27,0,NORMAL
CC-001267,2026-09-01 14:32:37,SKU-01689,A-02-04-02,20,20,0,NORMAL
CC-002014,2026-09-01 14:33:11,SKU-01366,A-02-03-02,11,11,0,NORMAL
CC-000931,2026-09-01 14:34:13,SKU-00634,A-04-02-02,7,7,0,NORMAL
CC-001641,2026-09-01 14:35:47,SKU-00285,F-08-03-02,28,28,0,NORMAL
CC-001933,2026-09-01 14:37:09,SKU-00957,D-04-01-02,27,27,0,NORMAL
CC-001259,2026-09-01 14:37:49,SKU-01450,E-07-02-01,11,11,0,NORMAL
CC-001589,2026-09-01 14:38:51,SKU-00188,F-04-02-02,11,11,0,NORMAL
CC-000041,2026-09-01 14:39:10,SKU-00763,C-03-02-01,24,24,0,NORMAL
CC-000796,2026-09-01 14:39:29,SKU-01404,E-08-04-02,9,9,0,NORMAL
CC-001300,2026-09-01 14:39:30,SKU-00247,B-01-01-01,2,2,0,NORMAL
CC-000399,2026-09-01 14:42:54,SKU-01845,A-08-02-01,30,30,0,NORMAL
CC-000641,2026-09-01 14:45:20,SKU-01241,D-06-02-01,11,11,0,NORMAL
CC-000340,2026-09-01 14:45:44,SKU-01976,B-01-02-02,11,8,3,NORMAL
CC-001449,2026-09-01 14:45:57,SKU-01669,A-08-02-02,9,9,0,NORMAL
CC-002194,2026-09-01 14:46:03,SKU-01049,D-01-03-01,22,22,0,NORMAL
CC-000379,2026-09-01 14:46:15,SKU-01003,D-01-03-02,23,25,-2,NORMAL
CC-002419,2026-09-01 14:46:48,SKU-01355,A-04-05-02,1,1,0,NORMAL
CC-000592,2026-09-01 14:46:58,SKU-00713,F-07-05-01,18,18,0,NORMAL
CC-002105,2026-09-01 14:48:55,SKU-01929,F-08-04-02,26,26,0,NORMAL
CC-001012,2026-09-01 14:49:50,SKU-00152,A-08-01-02,10,10,0,NORMAL
CC-000890,2026-09-01 14:49:51,SKU-01303,C-03-04-01,24,24,0,NORMAL
CC-000781,2026-09-01 14:49:52,SKU-00530,B-08-01-02,13,13,0,NORMAL
CC-000946,2026-09-01 14:50:08,SKU-01859,E-05-04-01,19,19,0,NORMAL
CC-000544,2026-09-01 14:50:42,SKU-01600,A-05-04-01,20,20,0,NORMAL
CC-001018,2026-09-01 14:53:30,SKU-00268,E-09-05-01,29,29,0,NORMAL
CC-001640,2026-09-01 14:54:07,SKU-01674,D-09-05-02,30,30,0,NORMAL
CC-000317,2026-09-01 14:54:10,SKU-01823,B-01-03-01,27,27,0,NORMAL
CC-000820,2026-09-01 14:54:18,SKU-01249,C-01-04-02,3,3,0,NORMAL
CC-000075,2026-09-01 14:58:12,SKU-01937,C-09-03-01,26,26,0,NORMAL
CC-001500,2026-09-01 14:58:55,SKU-01708,F-09-04-01,27,27,0,NORMAL
CC-002000,2026-09-01 14:59:41,SKU-00880,B-10-03-02,23,23,0,NORMAL
CC-000573,2026-09-01 14:59:59,SKU-00444,E-01-03-01,25,25,0,NORMAL
CC-001743,2026-09-01 15:00:42,SKU-01437,B-04-04-01,16,16,0,NORMAL
CC-000536,2026-09-01 15:01:13,SKU-00937,F-09-03-01,10,10,0,NORMAL
CC-002394,2026-09-01 15:01:49,SKU-00554,F-10-02-01,3,2,1,NORMAL
CC-000947,2026-09-01 15:02:58,SKU-00305,E-05-05-01,20,23,-3,NORMAL
CC-000303,2026-09-01 15:04:02,SKU-00744,A-01-01-02,0,4,-4,NORMAL
CC-000594,2026-09-01 15:04:08,SKU-01207,F-03-04-01,19,19,0,NORMAL
CC-000290,2026-09-01 15:05:04,SKU-00354,E-05-02-01,22,22,0,NORMAL
CC-000572,2026-09-01 15:05:43,SKU-00289,B-09-05-01,13,13,0,NORMAL
CC-001636,2026-09-01 15:05:56,SKU-01344,F-01-03-02,19,19,0,NORMAL
CC-000383,2026-09-01 15:06:06,SKU-01576,A-02-01-02,27,27,0,NORMAL
CC-000872,2026-09-01 15:16:52,SKU-01699,C-01-05-01,20,20,0,NORMAL
CC-000986,2026-09-01 15:17:50,SKU-00641,D-04-02-02,3,3,0,NORMAL
CC-000910,2026-09-01 15:19:29,SKU-00949,D-04-04-02,13,15,-2,NORMAL
CC-002348,2026-09-01 15:20:21,SKU-00931,C-05-04-02,16,16,0,NORMAL
CC-001202,2026-09-01 15:20:52,SKU-00825,C-03-04-02,19,19,0,NORMAL
CC-001685,2026-09-01 15:23:02,SKU-00637,E-01-02-02,8,8,0,NORMAL
CC-002488,2026-09-01 15:23:58,SKU-00718,B-10-03-02,25,25,0,NORMAL
CC-002357,2026-09-01 15:24:29,SKU-01773,E-02-05-02,24,24,0,NORMAL
CC-000888,2026-09-01 15:25:13,SKU-00643,B-10-03-01,18,18,0,NORMAL
CC-000233,2026-09-01 15:26:01,SKU-00445,D-03-02-01,15,15,0,NORMAL
CC-001891,2026-09-01 15:26:04,SKU-01415,B-01-03-01,3,3,0,NORMAL
CC-000547,2026-09-01 15:27:09,SKU-01651,F-02-05-01,9,9,0,NORMAL
CC-001501,2026-09-01 15:27:26,SKU-01978,B-09-05-02,14,15,-1,NORMAL
CC-000197,2026-09-01 15:29:59,SKU-00145,E-04-05-01,25,25,0,NORMAL
CC-002095,2026-09-01 15:30:07,SKU-00787,D-08-03-01,16,18,-2,NORMAL
CC-001880,2026-09-01 15:31:26,SKU-00943,E-05-01-01,19,20,-1,NORMAL
CC-000610,2026-09-01 15:32:07,SKU-01984,F-04-01-02,24,24,0,NORMAL
CC-000451,2026-09-01 15:32:13,SKU-00573,A-03-01-02,14,14,0,NORMAL
CC-000406,2026-09-01 15:32:20,SKU-01045,C-06-04-02,13,13,0,NORMAL
CC-002087,2026-09-01 15:34:21,SKU-00799,E-08-02-01,23,23,0,NORMAL
CC-001421,2026-09-01 15:34:24,SKU-01691,E-06-05-02,7,7,0,NORMAL
CC-002485,2026-09-01 15:38:44,SKU-01006,B-04-01-02,9,9,0,NORMAL
CC-001497,2026-09-01 15:38:50,SKU-01636,A-06-02-01,13,11,2,NORMAL
CC-001044,2026-09-01 15:40:03,SKU-01477,A-07-05-01,23,23,0,NORMAL
CC-001411,2026-09-01 15:41:07,SKU-00368,D-07-03-01,21,21,0,NORMAL
CC-000493,2026-09-01 15:45:19,SKU-00749,B-09-05-01,7,7,0,NORMAL
CC-000113,2026-09-01 15:46:26,SKU-01040,F-09-02-02,26,26,0,NORMAL
CC-002002,2026-09-01 15:47:18,SKU-01648,B-01-01-02,15,15,0,NORMAL
CC-000470,2026-09-01 15:47:27,SKU-01878,A-02-05-02,18,18,0,NORMAL
CC-001625,2026-09-01 15:50:42,SKU-01987,A-03-02-01,26,26,0,NORMAL
CC-000967,2026-09-01 15:52:06,SKU-01269,A-07-05-02,26,26,0,NORMAL
CC-001942,2026-09-01 15:53:36,SKU-00449,B-07-03-01,29,30,-1,NORMAL
CC-000985,2026-09-01 15:54:03,SKU-00698,B-06-03-01,21,21,0,NORMAL
CC-002115,2026-09-01 15:54:28,SKU-00248,F-01-01-02,24,24,0,NORMAL
CC-002308,2026-09-01 15:55:30,SKU-00713,F-07-05-01,18,18,0,NORMAL
CC-001084,2026-09-01 15:58:35,SKU-01941,B-04-03-02,28,28,0,NORMAL
CC-001726,2026-09-01 16:00:07,SKU-00101,B-02-03-02,30,30,0,NORMAL
CC-002067,2026-09-01 16:00:50,SKU-01070,D-09-04-01,14,14,0,NORMAL
CC-002165,2026-09-01 16:01:05,SKU-01096,B-05-01-02,3,3,0,NORMAL
CC-001782,2026-09-01 16:04:05,SKU-00169,B-05-03-02,7,7,0,NORMAL
CC-000163,2026-09-01 16:05:47,SKU-00181,D-06-03-01,23,23,0,NORMAL
CC-001041,2026-09-01 16:07:53,SKU-01248,C-05-01-01,24,24,0,NORMAL
CC-002447,2026-09-01 16:07:54,SKU-00874,E-01-04-01,18,18,0,NORMAL
CC-000822,2026-09-01 16:08:41,SKU-01014,A-04-03-01,6,6,0,NORMAL
CC-001105,2026-09-01 16:09:04,SKU-00120,D-05-04-02,9,12,-3,NORMAL
CC-000122,2026-09-01 16:11:05,SKU-00866,A-03-01-01,13,16,-3,NORMAL
CC-001561,2026-09-01 16:12:52,SKU-01091,A-08-04-02,4,4,0,NORMAL
CC-001196,2026-09-01 16:13:28,SKU-01034,C-10-05-02,3,3,0,NORMAL
CC-000535,2026-09-01 16:14:24,SKU-01483,A-10-01-01,4,4,0,NORMAL
CC-001563,2026-09-01 16:15:21,SKU-00918,D-09-04-02,29,29,0,NORMAL
CC-001149,2026-09-01 16:15:42,SKU-00807,F-05-04-01,28,28,0,NORMAL
CC-001225,2026-09-01 16:15:51,SKU-00680,B-06-01-01,23,23,0,NORMAL
CC-001978,2026-09-01 16:15:54,SKU-00866,A-03-01-01,16,16,0,NORMAL
CC-002159,2026-09-01 16:16:09,SKU-01906,A-02-04-01,9,9,0,NORMAL
CC-000066,2026-09-01 16:18:11,SKU-00026,A-06-04-01,4,4,0,NORMAL
CC-001368,2026-09-01 16:18:43,SKU-00566,C-10-03-01,26,26,0,NORMAL
CC-000589,2026-09-01 16:19:21,SKU-00300,A-03-01-02,11,11,0,NORMAL
CC-000180,2026-09-01 16:19:37,SKU-01445,E-02-03-01,30,30,0,NORMAL
CC-001774,2026-09-01 16:19:49,SKU-01378,F-06-05-02,21,21,0,NORMAL
CC-000068,2026-09-01 16:22:25,SKU-01828,C-02-04-01,4,4,0,NORMAL
CC-001415,2026-09-01 16:26:00,SKU-00398,E-09-01-01,20,20,0,NORMAL
CC-000344,2026-09-01 16:27:06,SKU-01387,E-02-05-01,17,17,0,NORMAL
CC-002048,2026-09-01 16:27:10,SKU-01187,E-01-05-02,9,9,0,NORMAL
CC-000499,2026-09-01 16:27:30,SKU-00489,A-09-01-01,29,29,0,NORMAL
CC-001390,2026-09-01 16:29:35,SKU-01614,A-07-03-01,30,30,0,NORMAL
CC-001911,2026-09-01 16:30:17,SKU-01601,B-10-04-01,22,22,0,NORMAL
CC-001508,2026-09-01 16:38:31,SKU-01483,A-10-01-01,4,4,0,NORMAL
CC-002043,2026-09-01 16:38:32,SKU-00242,F-10-04-02,25,25,0,NORMAL
CC-001125,2026-09-01 16:38:35,SKU-00241,F-01-05-01,12,12,0,NORMAL
CC-002284,2026-09-01 16:39:09,SKU-00346,A-02-01-01,16,16,0,NORMAL
CC-001784,2026-09-01 16:40:01,SKU-00190,E-07-05-02,29,27,2,NORMAL
CC-000259,2026-09-01 16:40:47,SKU-00112,D-03-05-01,6,6,0,NORMAL
CC-000151,2026-09-01 16:41:03,SKU-00750,F-02-05-02,26,26,0,NORMAL
CC-000668,2026-09-01 16:41:22,SKU-01262,C-05-04-01,25,23,2,NORMAL
CC-000443,2026-09-01 16:41:46,SKU-00817,F-02-05-01,19,19,0,NORMAL
CC-000723,2026-09-01 16:42:29,SKU-00508,F-07-01-01,2,2,0,NORMAL
CC-002098,2026-09-01 16:42:50,SKU-01939,C-02-02-02,29,29,0,NORMAL
CC-000875,2026-09-01 16:43:06,SKU-00265,A-05-03-02,15,15,0,NORMAL
CC-002106,2026-09-01 16:43:46,SKU-01424,C-10-01-01,25,25,0,NORMAL
CC-001725,2026-09-01 16:47:17,SKU-00630,A-07-04-02,22,22,0,NORMAL
CC-000241,2026-09-01 16:47:42,SKU-00699,A-08-02-01,18,18,0,NORMAL
CC-001693,2026-09-01 16:52:30,SKU-00120,D-05-04-02,12,12,0,NORMAL
CC-000596,2026-09-01 16:53:12,SKU-01907,C-08-02-01,25,25,0,NORMAL
CC-001340,2026-09-01 16:53:54,SKU-00062,F-01-04-01,22,22,0,NORMAL
CC-001612,2026-09-01 16:54:24,SKU-01212,E-09-03-02,24,24,0,NORMAL
CC-002333,2026-09-01 16:57:47,SKU-00026,A-06-04-01,4,4,0,NORMAL
CC-000716,2026-09-01 16:59:38,SKU-01565,F-05-01-02,22,22,0,NORMAL
CC-000703,2026-09-01 17:00:58,SKU-01972,A-05-01-01,14,14,0,NORMAL
CC-000735,2026-09-01 17:02:43,SKU-01901,C-09-04-01,26,26,0,NORMAL
CC-002077,2026-09-01 17:05:50,SKU-01188,A-06-01-02,25,25,0,NORMAL
CC-000331,2026-09-01 17:07:12,SKU-00822,F-04-01-01,6,6,0,NORMAL
CC-002243,2026-09-01 17:07:59,SKU-01171,C-07-05-01,27,27,0,NORMAL
CC-000319,2026-09-01 17:08:30,SKU-01923,E-05-04-01,29,29,0,NORMAL
CC-002230,2026-09-01 17:09:06,SKU-01148,F-05-02-01,24,24,0,NORMAL
CC-001124,2026-09-01 17:09:14,SKU-00798,D-10-03-01,4,4,0,NORMAL
CC-001987,2026-09-01 17:09:16,SKU-01945,A-05-05-01,1,3,-2,NORMAL
CC-001201,2026-09-01 17:09:23,SKU-00873,A-07-04-02,4,4,0,NORMAL
CC-000092,2026-09-01 17:09:55,SKU-01810,E-04-04-02,29,29,0,NORMAL
CC-000031,2026-09-01 17:10:43,SKU-00988,C-01-04-02,10,10,0,NORMAL
CC-001711,2026-09-01 17:13:03,SKU-00496,A-07-04-02,9,9,0,NORMAL
CC-001553,2026-09-01 17:13:27,SKU-00239,D-06-05-01,3,3,0,NORMAL
CC-001099,2026-09-01 17:14:08,SKU-01765,E-04-05-01,7,7,0,NORMAL
CC-001414,2026-09-01 17:14:38,SKU-01332,F-03-01-01,4,4,0,NORMAL
CC-002076,2026-09-01 17:14:47,SKU-01920,F-06-05-02,3,3,0,NORMAL
CC-001596,2026-09-01 17:16:47,SKU-00623,C-01-05-01,1,1,0,NORMAL
CC-000663,2026-09-01 17:18:58,SKU-01295,A-03-02-01,30,27,3,NORMAL
CC-000871,2026-09-01 17:21:41,SKU-01762,D-08-02-01,7,7,0,NORMAL
CC-000003,2026-09-01 17:22:27,SKU-00564,E-01-05-02,15,12,3,NORMAL
CC-000585,2026-09-01 17:23:54,SKU-00440,C-05-03-01,24,24,0,NORMAL
CC-001531,2026-09-01 17:24:49,SKU-01243,A-02-01-01,22,22,0,NORMAL
CC-001336,2026-09-01 17:26:33,SKU-01845,A-08-02-01,30,30,0,NORMAL
CC-000678,2026-09-01 17:29:24,SKU-01152,F-05-01-02,20,20,0,NORMAL
CC-000634,2026-09-01 17:31:46,SKU-01624,F-06-01-02,6,6,0,NORMAL
CC-001450,2026-09-01 17:31:58,SKU-00943,E-05-01-01,20,20,0,NORMAL
CC-002296,2026-09-01 17:32:18,SKU-01299,C-01-04-02,18,18,0,NORMAL
CC-000583,2026-09-01 17:33:38,SKU-00240,C-02-04-01,10,10,0,NORMAL
CC-000345,2026-09-01 17:35:06,SKU-00849,A-03-01-01,29,29,0,NORMAL
CC-000561,2026-09-01 17:35:25,SKU-00383,B-03-03-01,14,14,0,NORMAL
CC-000175,2026-09-01 17:35:34,SKU-01470,B-03-04-02,11,8,3,NORMAL
CC-002352,2026-09-01 17:35:54,SKU-01297,E-01-04-01,26,26,0,NORMAL
CC-002147,2026-09-01 17:36:05,SKU-00068,C-06-03-01,18,18,0,NORMAL
CC-000853,2026-09-01 17:36:32,SKU-00781,D-09-03-02,16,16,0,NORMAL
CC-001007,2026-09-01 17:37:39,SKU-01616,C-03-04-02,27,27,0,NORMAL
CC-001694,2026-09-01 17:38:19,SKU-00069,F-06-01-02,10,10,0,NORMAL
CC-000510,2026-09-01 17:38:19,SKU-00632,D-06-02-02,14,14,0,NORMAL
CC-001425,2026-09-01 17:41:52,SKU-00381,A-04-05-02,13,13,0,NORMAL
CC-002054,2026-09-01 17:44:44,SKU-01478,A-03-01-02,13,13,0,NORMAL
CC-001332,2026-09-01 17:45:05,SKU-00102,C-01-04-02,20,20,0,NORMAL
CC-000458,2026-09-01 17:45:40,SKU-00376,A-07-05-02,26,27,-1,NORMAL
CC-001420,2026-09-01 17:47:05,SKU-00029,D-02-02-01,21,21,0,NORMAL
CC-002449,2026-09-01 17:47:36,SKU-00548,C-08-01-02,10,10,0,NORMAL
CC-001441,2026-09-01 17:48:54,SKU-00708,C-02-05-01,25,25,0,NORMAL
CC-001839,2026-09-01 17:49:08,SKU-01442,C-09-01-01,22,22,0,NORMAL
CC-000994,2026-09-01 17:49:35,SKU-01395,F-06-02-02,20,20,0,NORMAL
CC-001198,2026-09-01 17:50:49,SKU-01702,B-04-03-02,17,17,0,NORMAL
CC-000277,2026-09-01 17:50:50,SKU-01869,C-09-04-02,21,21,0,NORMAL
CC-000183,2026-09-01 17:56:47,SKU-01283,D-08-04-01,7,7,0,NORMAL
CC-002101,2026-09-01 17:57:23,SKU-00459,A-05-04-01,10,10,0,NORMAL
CC-000638,2026-09-01 17:58:15,SKU-01130,A-05-05-01,17,17,0,NORMAL
CC-001268,2026-09-01 17:59:28,SKU-01030,D-03-05-01,12,12,0,NORMAL
CC-000971,2026-09-01 18:02:03,SKU-01075,B-09-03-02,22,22,0,NORMAL
CC-000927,2026-09-01 18:03:28,SKU-00711,E-04-02-01,20,20,0,NORMAL
CC-001801,2026-09-01 18:03:38,SKU-01933,E-09-04-02,24,24,0,NORMAL
CC-002062,2026-09-01 18:04:06,SKU-01340,F-03-01-01,6,6,0,NORMAL
CC-002336,2026-09-01 18:04:33,SKU-01819,F-07-01-01,12,12,0,NORMAL
CC-001168,2026-09-01 18:06:17,SKU-01717,D-08-03-02,12,12,0,NORMAL
CC-002080,2026-09-01 18:06:32,SKU-01201,E-05-04-02,4,4,0,NORMAL
CC-001101,2026-09-01 18:09:58,SKU-00307,B-07-03-01,0,2,-2,NORMAL
CC-000167,2026-09-01 18:10:18,SKU-01788,F-08-03-01,17,17,0,NORMAL
CC-001786,2026-09-01 18:10:55,SKU-00182,B-05-03-01,25,25,0,NORMAL
CC-002091,2026-09-01 18:11:41,SKU-00452,F-06-02-02,6,6,0,NORMAL
CC-000797,2026-09-01 18:12:59,SKU-00660,A-07-01-01,27,30,-3,NORMAL
CC-001243,2026-09-01 18:14:21,SKU-01834,C-07-02-01,6,6,0,NORMAL
CC-002462,2026-09-01 18:14:44,SKU-00853,A-01-02-02,13,13,0,NORMAL
CC-001055,2026-09-01 18:15:31,SKU-00283,D-08-02-01,23,23,0,NORMAL
CC-001829,2026-09-01 18:16:57,SKU-00011,C-07-03-02,2,2,0,NORMAL
CC-001200,2026-09-01 18:17:27,SKU-00766,D-05-02-01,21,21,0,NORMAL
CC-001174,2026-09-01 18:18:20,SKU-01267,E-09-01-02,25,25,0,NORMAL
CC-002283,2026-09-01 18:19:06,SKU-01664,D-01-03-02,15,15,0,NORMAL
CC-000507,2026-09-01 18:19:16,SKU-00680,B-06-01-01,26,23,3,NORMAL
CC-001412,2026-09-01 18:20:15,SKU-01532,E-07-01-01,24,24,0,NORMAL
CC-001629,2026-09-01 18:20:58,SKU-00899,B-09-02-01,19,19,0,NORMAL
CC-000794,2026-09-01 18:22:19,SKU-01077,E-02-03-01,27,27,0,NORMAL
CC-001127,2026-09-01 18:23:09,SKU-01769,F-03-01-02,22,22,0,NORMAL
CC-001749,2026-09-01 18:23:47,SKU-01175,F-01-01-02,28,28,0,NORMAL
CC-001759,2026-09-01 18:26:04,SKU-00452,F-06-02-02,6,6,0,NORMAL
CC-000477,2026-09-01 18:27:47,SKU-00679,C-03-01-01,18,18,0,NORMAL
CC-001295,2026-09-01 18:34:51,SKU-01765,E-04-05-01,7,7,0,NORMAL
CC-001705,2026-09-01 18:37:06,SKU-00851,A-01-02-02,17,17,0,NORMAL
CC-000231,2026-09-01 18:37:25,SKU-00445,D-03-02-01,15,15,0,NORMAL
CC-001491,2026-09-01 18:40:59,SKU-00384,F-02-05-02,23,23,0,NORMAL
CC-000368,2026-09-01 18:41:00,SKU-00596,A-01-04-02,18,18,0,NORMAL
CC-000552,2026-09-01 18:41:50,SKU-00469,D-04-01-01,20,20,0,NORMAL
CC-001028,2026-09-01 18:42:28,SKU-01591,B-05-05-01,16,16,0,NORMAL
CC-001985,2026-09-01 18:43:11,SKU-00635,A-04-02-02,19,19,0,NORMAL
CC-000858,2026-09-01 18:45:01,SKU-01364,E-02-03-01,25,25,0,NORMAL
CC-001617,2026-09-01 18:45:25,SKU-01750,B-02-02-01,11,11,0,NORMAL
CC-000427,2026-09-01 18:46:03,SKU-00606,E-06-05-02,13,10,3,NORMAL
CC-001483,2026-09-01 18:46:25,SKU-00791,F-05-01-02,21,21,0,NORMAL
CC-000717,2026-09-01 18:46:43,SKU-00507,A-03-02-02,8,8,0,NORMAL
CC-000293,2026-09-01 18:46:54,SKU-01827,D-05-01-02,24,24,0,NORMAL
CC-002341,2026-09-01 18:48:29,SKU-00110,B-10-03-01,30,30,0,NORMAL
CC-000463,2026-09-01 18:51:45,SKU-01034,C-10-05-02,3,3,0,NORMAL
CC-000867,2026-09-01 18:52:13,SKU-01246,E-03-03-01,6,6,0,NORMAL
CC-001983,2026-09-01 18:52:30,SKU-01202,F-08-02-01,5,5,0,NORMAL
CC-000879,2026-09-01 18:52:47,SKU-01391,B-08-04-01,19,24,-5,NORMAL
CC-001940,2026-09-01 18:53:02,SKU-01613,D-10-05-02,18,18,0,NORMAL
CC-000937,2026-09-01 18:53:46,SKU-01917,A-05-03-01,18,18,0,NORMAL
CC-002395,2026-09-01 18:53:56,SKU-00134,D-05-03-01,6,6,0,NORMAL
CC-001140,2026-09-01 18:54:05,SKU-00273,F-06-01-01,11,11,0,NORMAL
CC-000806,2026-09-01 18:56:03,SKU-01854,D-06-01-02,4,4,0,NORMAL
CC-000152,2026-09-01 18:56:44,SKU-01759,C-07-03-02,22,22,0,NORMAL
CC-001385,2026-09-01 18:57:24,SKU-01054,F-05-02-02,29,29,0,NORMAL
CC-000777,2026-09-01 19:02:03,SKU-01896,E-03-01-02,10,10,0,NORMAL
CC-002274,2026-09-01 19:07:05,SKU-01572,C-10-03-01,28,28,0,NORMAL
CC-001877,2026-09-01 19:08:06,SKU-00146,A-02-01-02,4,4,0,NORMAL
CC-000652,2026-09-01 19:10:48,SKU-00823,A-10-01-01,0,5,-5,NORMAL
CC-001316,2026-09-01 19:12:27,SKU-00480,B-04-04-02,22,22,0,NORMAL
CC-001570,2026-09-01 19:15:20,SKU-00373,A-02-03-02,29,29,0,NORMAL
CC-000537,2026-09-01 19:16:17,SKU-00373,A-02-03-02,29,29,0,NORMAL
CC-001769,2026-09-01 19:16:19,SKU-01824,A-07-03-02,2,4,-2,NORMAL
CC-000058,2026-09-01 19:17:42,SKU-01453,E-10-05-01,5,5,0,NORMAL
CC-000995,2026-09-01 19:17:55,SKU-00659,A-04-05-02,24,24,0,NORMAL
CC-000532,2026-09-01 19:18:47,SKU-00474,D-04-03-01,7,7,0,NORMAL
CC-001922,2026-09-01 19:19:07,SKU-01612,A-10-02-02,8,8,0,NORMAL
CC-002495,2026-09-01 19:24:59,SKU-01318,D-04-01-02,24,24,0,NORMAL
CC-000065,2026-09-01 19:25:11,SKU-01861,C-03-03-01,19,19,0,NORMAL
CC-000762,2026-09-01 19:25:58,SKU-01418,F-06-01-01,4,4,0,NORMAL
CC-002312,2026-09-01 19:26:55,SKU-00479,C-02-02-02,24,24,0,NORMAL
CC-001730,2026-09-01 19:28:55,SKU-00103,E-04-03-02,3,3,0,NORMAL
CC-001863,2026-09-01 19:30:19,SKU-01039,C-04-01-01,22,22,0,NORMAL
CC-000904,2026-09-01 19:31:28,SKU-00391,B-02-05-02,27,27,0,NORMAL
CC-002261,2026-09-01 19:33:10,SKU-00747,A-08-02-01,10,10,0,NORMAL
CC-001914,2026-09-01 19:33:27,SKU-01239,E-08-02-01,7,7,0,NORMAL
CC-001494,2026-09-01 19:33:49,SKU-00967,D-02-04-01,10,10,0,NORMAL
CC-000632,2026-09-01 19:34:01,SKU-00396,B-03-03-01,4,4,0,NORMAL
CC-001026,2026-09-01 19:35:08,SKU-01735,D-05-05-02,23,23,0,NORMAL
CC-000267,2026-09-01 19:37:14,SKU-00631,F-08-02-02,22,22,0,NORMAL
CC-000502,2026-09-01 19:38:23,SKU-00993,B-02-05-01,17,17,0,NORMAL
CC-001950,2026-09-01 19:38:42,SKU-01751,B-09-02-01,3,3,0,NORMAL
CC-000398,2026-09-01 19:38:43,SKU-00047,F-02-04-01,25,25,0,NORMAL
CC-001752,2026-09-01 19:39:22,SKU-01615,F-01-02-02,5,5,0,NORMAL
CC-001723,2026-09-01 19:43:36,SKU-01652,B-04-02-01,19,19,0,NORMAL
CC-001964,2026-09-01 19:46:03,SKU-01523,D-03-04-02,12,12,0,NORMAL
CC-001667,2026-09-01 19:46:57,SKU-01346,B-09-05-01,14,14,0,NORMAL
CC-002247,2026-09-01 19:47:27,SKU-01335,D-02-01-01,7,7,0,NORMAL
CC-001244,2026-09-01 19:48:00,SKU-00805,E-07-03-01,20,20,0,NORMAL
CC-000195,2026-09-01 19:48:17,SKU-01410,A-09-04-01,17,17,0,NORMAL
CC-000136,2026-09-01 19:50:57,SKU-00504,B-07-01-01,6,6,0,NORMAL
CC-001654,2026-09-01 19:51:10,SKU-01320,D-03-05-01,10,10,0,NORMAL
CC-002321,2026-09-01 19:51:21,SKU-01898,E-02-05-02,13,13,0,NORMAL
CC-002157,2026-09-01 19:52:22,SKU-01181,E-09-05-01,21,21,0,NORMAL
CC-002360,2026-09-01 19:53:10,SKU-01443,F-09-03-02,21,21,0,NORMAL
CC-002031,2026-09-01 19:53:13,SKU-00655,C-09-05-02,12,12,0,NORMAL
CC-000721,2026-09-01 19:53:42,SKU-00571,F-03-01-02,26,27,-1,NORMAL
CC-001237,2026-09-01 19:55:07,SKU-00916,B-05-04-02,11,11,0,NORMAL
CC-001803,2026-09-01 19:57:27,SKU-01063,B-04-01-01,18,18,0,NORMAL
CC-001959,2026-09-01 19:58:20,SKU-01134,A-09-05-02,14,14,0,NORMAL
CC-000182,2026-09-01 20:00:04,SKU-01889,D-04-01-02,12,12,0,NORMAL
CC-000158,2026-09-01 20:00:56,SKU-01486,F-04-04-02,23,23,0,NORMAL
CC-000545,2026-09-01 20:01:10,SKU-00922,F-01-01-01,3,3,0,NORMAL
CC-001161,2026-09-01 20:01:18,SKU-00491,B-06-05-02,12,12,0,NORMAL
CC-001286,2026-09-01 20:02:00,SKU-01575,E-05-04-02,24,29,-5,NORMAL
CC-002092,2026-09-01 20:02:11,SKU-01495,A-03-04-02,20,20,0,NORMAL
CC-002236,2026-09-01 20:03:11,SKU-01766,D-04-04-01,28,28,0,NORMAL
CC-000172,2026-09-01 20:04:20,SKU-00595,D-03-05-01,1,1,0,NORMAL
CC-000729,2026-09-01 20:04:33,SKU-01352,E-10-02-02,5,6,-1,NORMAL
CC-000520,2026-09-01 20:07:35,SKU-00006,F-06-03-02,27,27,0,NORMAL
CC-001588,2026-09-01 20:07:59,SKU-01546,A-06-03-02,13,13,0,NORMAL
CC-002426,2026-09-01 20:10:39,SKU-00269,F-05-04-01,14,14,0,NORMAL
CC-002424,2026-09-01 20:11:03,SKU-01897,D-01-03-02,28,28,0,NORMAL
CC-000354,2026-09-01 20:14:09,SKU-01234,A-05-03-01,1,1,0,NORMAL
CC-001139,2026-09-01 20:14:26,SKU-00037,A-02-03-02,24,24,0,NORMAL
CC-001011,2026-09-01 20:14:54,SKU-01378,F-06-05-02,21,21,0,NORMAL
CC-001793,2026-09-01 20:16:32,SKU-00584,B-02-01-02,9,9,0,NORMAL
CC-000842,2026-09-01 20:17:49,SKU-00361,D-04-04-01,15,14,1,NORMAL
CC-001357,2026-09-01 20:21:19,SKU-01673,F-03-01-01,18,18,0,NORMAL
CC-000284,2026-09-01 20:22:33,SKU-00762,D-06-05-01,5,5,0,NORMAL
CC-000010,2026-09-01 20:23:09,SKU-00645,B-08-05-01,26,26,0,NORMAL
CC-000774,2026-09-01 20:23:23,SKU-00828,E-02-04-01,22,22,0,NORMAL
CC-000658,2026-09-01 20:26:30,SKU-01817,F-01-03-01,0,1,-1,NORMAL
CC-000622,2026-09-01 20:27:16,SKU-01160,A-02-05-02,12,12,0,NORMAL
CC-000649,2026-09-01 20:29:08,SKU-00771,D-02-01-01,19,19,0,NORMAL
CC-000346,2026-09-01 20:30:42,SKU-00605,A-10-04-02,5,5,0,NORMAL
CC-000926,2026-09-01 20:32:45,SKU-01233,F-10-01-02,6,6,0,NORMAL
CC-001798,2026-09-01 20:32:46,SKU-01242,B-05-02-01,21,21,0,NORMAL
CC-000841,2026-09-01 20:33:35,SKU-00914,B-02-05-02,13,13,0,NORMAL
CC-002203,2026-09-01 20:36:01,SKU-01219,E-08-05-02,6,6,0,NORMAL
CC-001547,2026-09-01 20:36:29,SKU-00009,C-09-05-02,18,21,-3,NORMAL
CC-000582,2026-09-01 20:36:31,SKU-01704,E-08-05-02,1,1,0,NORMAL
CC-001463,2026-09-01 20:38:29,SKU-01820,E-04-01-02,5,5,0,NORMAL
CC-000070,2026-09-01 20:38:41,SKU-01249,C-01-04-02,3,3,0,NORMAL
CC-000906,2026-09-01 20:40:22,SKU-01939,C-02-02-02,29,29,0,NORMAL
CC-001320,2026-09-01 20:40:32,SKU-00034,D-02-01-02,15,15,0,NORMAL
CC-000111,2026-09-01 20:40:33,SKU-00730,F-10-05-01,9,9,0,NORMAL
CC-002102,2026-09-01 20:41:32,SKU-00182,B-05-03-01,25,25,0,NORMAL
CC-001170,2026-09-01 20:42:08,SKU-00593,A-02-01-02,1,1,0,NORMAL
CC-000307,2026-09-01 20:42:20,SKU-00387,B-03-02-01,26,26,0,NORMAL
CC-000130,2026-09-01 20:43:41,SKU-01866,D-10-02-02,3,3,0,NORMAL
CC-000187,2026-09-01 20:46:48,SKU-00741,F-08-03-02,20,19,1,NORMAL
CC-000320,2026-09-01 20:47:35,SKU-01613,D-10-05-02,18,18,0,NORMAL
CC-001363,2026-09-01 20:49:37,SKU-01598,B-09-01-02,3,4,-1,NORMAL
CC-000900,2026-09-01 20:50:44,SKU-00203,B-01-05-02,4,4,0,NORMAL
CC-002373,2026-09-01 20:50:53,SKU-00809,E-01-03-02,0,4,-4,NORMAL
CC-002367,2026-09-01 20:53:57,SKU-00701,E-06-02-01,16,14,2,NORMAL
CC-002280,2026-09-01 20:54:11,SKU-00466,E-05-02-02,14,14,0,NORMAL
CC-000134,2026-09-01 20:54:53,SKU-00681,F-08-04-01,2,2,0,NORMAL
CC-000627,2026-09-01 20:54:58,SKU-00430,E-04-04-01,11,11,0,NORMAL
CC-000569,2026-09-01 20:55:10,SKU-01139,F-04-02-01,10,10,0,NORMAL
CC-002258,2026-09-01 20:55:14,SKU-01397,F-09-05-01,5,5,0,NORMAL
CC-002007,2026-09-01 21:00:25,SKU-01997,A-09-02-01,3,3,0,NORMAL
CC-001152,2026-09-01 21:01:03,SKU-01274,D-08-01-02,21,21,0,NORMAL
CC-001145,2026-09-01 21:01:53,SKU-00923,A-09-02-01,4,4,0,NORMAL
CC-001284,2026-09-01 21:01:54,SKU-01708,F-09-04-01,27,27,0,NORMAL
CC-000286,2026-09-01 21:02:40,SKU-01494,B-07-03-01,11,11,0,NORMAL
CC-002131,2026-09-01 21:03:37,SKU-00737,A-07-05-02,10,10,0,NORMAL
CC-001372,2026-09-01 21:04:49,SKU-00473,B-06-01-01,4,4,0,NORMAL
CC-001104,2026-09-01 21:05:35,SKU-01535,E-04-05-01,17,17,0,NORMAL
CC-000253,2026-09-01 21:06:07,SKU-01930,D-05-04-02,8,9,-1,NORMAL
CC-002288,2026-09-01 21:06:09,SKU-00167,F-04-04-01,10,10,0,NORMAL
CC-000791,2026-09-01 21:06:29,SKU-00909,F-01-04-01,25,25,0,NORMAL
CC-001266,2026-09-01 21:09:29,SKU-01694,E-02-01-02,26,26,0,NORMAL
CC-000013,2026-09-01 21:09:34,SKU-00350,A-01-04-02,17,17,0,NORMAL
CC-001647,2026-09-01 21:13:23,SKU-00073,E-06-03-02,14,14,0,NORMAL
CC-001633,2026-09-01 21:14:17,SKU-01028,B-01-04-02,23,23,0,NORMAL
CC-002347,2026-09-01 21:16:14,SKU-01421,A-09-03-02,10,10,0,NORMAL
CC-001224,2026-09-01 21:20:05,SKU-00807,F-05-04-01,28,28,0,NORMAL
CC-000237,2026-09-01 21:20:12,SKU-00618,C-07-03-02,1,1,0,NORMAL
CC-001750,2026-09-01 21:21:52,SKU-00349,C-08-03-02,7,7,0,NORMAL
CC-001466,2026-09-01 21:21:58,SKU-01362,E-09-03-01,23,23,0,NORMAL
CC-000533,2026-09-01 21:23:28,SKU-01371,B-09-03-02,1,1,0,NORMAL
CC-002176,2026-09-01 21:25:25,SKU-01097,C-09-03-01,7,4,3,NORMAL
CC-001947,2026-09-01 21:26:55,SKU-01345,E-10-05-02,12,12,0,NORMAL
CC-000579,2026-09-01 21:29:21,SKU-01557,C-01-04-01,7,7,0,NORMAL
CC-000595,2026-09-01 21:29:57,SKU-00275,F-02-04-02,17,17,0,NORMAL
CC-000274,2026-09-01 21:30:33,SKU-01544,B-03-05-02,5,5,0,NORMAL
CC-001833,2026-09-01 21:30:51,SKU-01304,B-08-05-02,17,17,0,NORMAL
CC-001076,2026-09-01 21:31:06,SKU-00817,F-02-05-01,19,19,0,NORMAL
CC-001167,2026-09-01 21:31:25,SKU-00325,B-01-05-01,26,26,0,NORMAL
CC-000975,2026-09-01 21:33:21,SKU-01085,C-03-02-02,20,20,0,NORMAL
CC-002023,2026-09-01 21:33:38,SKU-01210,B-06-05-02,28,28,0,NORMAL
CC-001697,2026-09-01 21:34:24,SKU-01905,E-02-05-01,10,15,-5,NORMAL
CC-000407,2026-09-01 21:36:22,SKU-01282,A-07-01-02,8,8,0,NORMAL
CC-000819,2026-09-01 21:37:28,SKU-00716,F-01-03-01,6,6,0,NORMAL
CC-001169,2026-09-01 21:38:42,SKU-00891,B-02-05-01,14,11,3,NORMAL
CC-000848,2026-09-01 21:41:29,SKU-01729,E-07-05-02,6,7,-1,NORMAL
CC-001271,2026-09-01 21:42:09,SKU-01644,B-05-01-01,11,11,0,NORMAL
CC-000878,2026-09-01 21:42:49,SKU-00844,E-03-03-02,11,11,0,NORMAL
CC-000490,2026-09-01 21:43:05,SKU-00303,A-04-02-01,14,14,0,NORMAL
CC-001856,2026-09-01 21:43:38,SKU-01603,C-09-05-02,26,26,0,NORMAL
CC-000839,2026-09-01 21:44:01,SKU-00113,E-03-01-02,25,25,0,NORMAL
CC-001424,2026-09-01 21:44:12,SKU-01582,F-01-02-01,6,6,0,NORMAL
CC-001195,2026-09-01 21:45:08,SKU-01859,E-05-04-01,19,19,0,NORMAL
CC-001226,2026-09-01 21:45:28,SKU-01753,A-06-02-01,10,10,0,NORMAL
CC-000414,2026-09-01 21:45:43,SKU-01726,B-02-01-01,19,19,0,NORMAL
CC-001365,2026-09-01 21:48:52,SKU-01650,A-08-03-02,6,6,0,NORMAL
CC-002051,2026-09-01 21:49:41,SKU-00118,D-03-02-02,26,26,0,NORMAL
CC-001657,2026-09-01 21:50:16,SKU-00532,A-07-05-01,9,9,0,NORMAL
CC-000519,2026-09-01 21:50:42,SKU-01609,D-07-03-02,5,5,0,NORMAL
CC-000125,2026-09-01 21:53:00,SKU-01574,D-06-03-02,2,3,-1,NORMAL
CC-000359,2026-09-01 21:55:55,SKU-00373,A-02-03-02,29,29,0,NORMAL
CC-002100,2026-09-01 22:02:02,SKU-00964,B-08-02-02,19,19,0,NORMAL
CC-002307,2026-09-01 22:05:36,SKU-00377,F-07-05-02,20,20,0,NORMAL
CC-001821,2026-09-01 22:07:07,SKU-01893,C-03-04-02,6,4,2,NORMAL
CC-000005,2026-09-01 22:07:10,SKU-00051,C-03-02-01,21,23,-2,NORMAL
CC-001907,2026-09-01 22:07:17,SKU-00485,D-10-03-02,5,5,0,NORMAL
CC-001475,2026-09-01 22:07:45,SKU-01697,A-03-04-02,5,5,0,NORMAL
CC-002003,2026-09-01 22:07:51,SKU-01398,E-02-04-02,13,15,-2,NORMAL
CC-000364,2026-09-01 22:08:05,SKU-00680,B-06-01-01,23,23,0,NORMAL
CC-001578,2026-09-01 22:08:42,SKU-01796,C-03-02-02,24,24,0,NORMAL
CC-001456,2026-09-01 22:10:22,SKU-01950,C-06-02-01,10,10,0,NORMAL
CC-002387,2026-09-01 22:12:34,SKU-00599,D-02-01-02,21,21,0,NORMAL
CC-001917,2026-09-01 22:15:06,SKU-00961,B-03-05-01,25,25,0,NORMAL
CC-001087,2026-09-01 22:17:48,SKU-00786,A-08-01-01,11,11,0,NORMAL
CC-001755,2026-09-01 22:17:50,SKU-00795,D-04-02-02,30,30,0,NORMAL
CC-002354,2026-09-01 22:18:15,SKU-01177,D-08-01-01,11,11,0,NORMAL
CC-000244,2026-09-01 22:20:16,SKU-00576,B-08-05-02,21,21,0,NORMAL
CC-000731,2026-09-01 22:25:17,SKU-00627,F-09-01-01,5,5,0,NORMAL
CC-001692,2026-09-01 22:27:27,SKU-01172,F-06-02-02,6,6,0,NORMAL
CC-002013,2026-09-01 22:27:31,SKU-00162,D-09-04-01,28,28,0,NORMAL
CC-002299,2026-09-01 22:27:50,SKU-01239,E-08-02-01,7,7,0,NORMAL
CC-002086,2026-09-01 22:28:20,SKU-00508,F-07-01-01,2,2,0,NORMAL
CC-001910,2026-09-01 22:28:34,SKU-00917,C-03-04-01,25,25,0,NORMAL
CC-002071,2026-09-01 22:29:32,SKU-00409,A-06-05-01,1,1,0,NORMAL
CC-001046,2026-09-01 22:30:54,SKU-01264,A-03-05-02,16,16,0,NORMAL
CC-002442,2026-09-01 22:31:12,SKU-01593,F-10-03-01,26,23,3,NORMAL
CC-002324,2026-09-01 22:31:45,SKU-00887,E-10-04-01,2,2,0,NORMAL
CC-002374,2026-09-01 22:31:49,SKU-00606,E-06-05-02,10,10,0,NORMAL
CC-000202,2026-09-01 22:32:04,SKU-01723,D-03-02-01,15,15,0,NORMAL
CC-000578,2026-09-01 22:32:47,SKU-00312,C-01-01-01,12,12,0,NORMAL
CC-001528,2026-09-01 22:34:19,SKU-00419,E-10-03-02,4,4,0,NORMAL
CC-000587,2026-09-01 22:35:22,SKU-01189,D-03-04-02,18,19,-1,NORMAL
CC-000476,2026-09-01 22:40:21,SKU-01294,C-02-01-02,1,1,0,NORMAL
CC-002078,2026-09-01 22:41:07,SKU-00478,A-08-04-02,10,10,0,NORMAL
CC-000367,2026-09-01 22:41:36,SKU-00318,F-06-01-01,19,19,0,NORMAL
CC-000330,2026-09-01 22:41:53,SKU-01907,C-08-02-01,25,25,0,NORMAL
CC-000713,2026-09-01 22:43:34,SKU-01182,E-05-02-02,23,25,-2,NORMAL
CC-000242,2026-09-01 22:44:36,SKU-01894,C-06-03-02,23,23,0,NORMAL
CC-000279,2026-09-01 22:44:49,SKU-01000,B-06-02-01,13,13,0,NORMAL
CC-002223,2026-09-01 22:44:51,SKU-01603,C-09-05-02,26,26,0,NORMAL
CC-002047,2026-09-01 22:46:23,SKU-00313,E-09-05-01,2,2,0,NORMAL
CC-002164,2026-09-01 22:46:46,SKU-01856,C-05-03-02,6,7,-1,NORMAL
CC-000387,2026-09-01 22:50:22,SKU-01721,B-05-04-02,8,8,0,NORMAL
CC-000417,2026-09-01 22:58:54,SKU-01717,D-08-03-02,12,12,0,NORMAL
CC-002004,2026-09-01 22:59:23,SKU-00188,F-04-02-02,11,11,0,NORMAL
CC-002055,2026-09-01 23:01:22,SKU-01535,E-04-05-01,17,17,0,NORMAL
CC-002121,2026-09-01 23:06:14,SKU-01766,D-04-04-01,28,28,0,NORMAL
CC-000539,2026-09-01 23:06:26,SKU-01956,C-09-02-02,20,20,0,NORMAL
CC-002139,2026-09-01 23:07:15,SKU-01762,D-08-02-01,7,7,0,NORMAL
CC-001740,2026-09-01 23:07:33,SKU-01693,F-01-05-01,14,14,0,NORMAL
CC-002064,2026-09-01 23:07:44,SKU-01658,B-07-05-02,19,19,0,NORMAL
CC-002409,2026-09-01 23:07:59,SKU-00022,D-02-03-01,23,23,0,NORMAL
CC-000323,2026-09-01 23:09:57,SKU-00837,C-04-05-01,27,24,3,NORMAL
CC-000923,2026-09-01 23:12:07,SKU-00147,E-02-01-02,12,13,-1,NORMAL
CC-001902,2026-09-01 23:12:30,SKU-00777,E-10-05-01,10,10,0,NORMAL
CC-001971,2026-09-01 23:16:11,SKU-01162,D-07-05-02,9,14,-5,NORMAL
CC-000556,2026-09-01 23:17:01,SKU-00141,A-08-05-01,15,15,0,NORMAL
CC-002450,2026-09-01 23:17:32,SKU-00708,C-02-05-01,25,25,0,NORMAL
CC-002300,2026-09-01 23:18:19,SKU-01404,E-08-04-02,9,9,0,NORMAL
CC-002473,2026-09-01 23:18:28,SKU-00285,F-08-03-02,23,28,-5,NORMAL
CC-002401,2026-09-01 23:18:52,SKU-01038,A-03-01-01,21,21,0,NORMAL
CC-001593,2026-09-01 23:18:57,SKU-01852,A-07-04-01,20,20,0,NORMAL
CC-000250,2026-09-01 23:19:23,SKU-01086,E-06-04-02,6,6,0,NORMAL
CC-002362,2026-09-01 23:19:48,SKU-00914,B-02-05-02,16,13,3,NORMAL
CC-001854,2026-09-01 23:20:22,SKU-01669,A-08-02-02,11,9,2,NORMAL
CC-000324,2026-09-01 23:23:37,SKU-01885,D-01-05-02,0,2,-2,NORMAL
CC-000235,2026-09-01 23:25:58,SKU-01845,A-08-02-01,30,30,0,NORMAL
CC-001887,2026-09-01 23:26:06,SKU-00156,E-08-02-01,13,13,0,NORMAL
CC-001399,2026-09-01 23:26:36,SKU-01609,D-07-03-02,5,5,0,NORMAL
CC-001779,2026-09-01 23:26:56,SKU-00261,A-02-02-02,2,2,0,NORMAL
CC-002350,2026-09-01 23:27:33,SKU-01662,C-02-03-02,13,13,0,NORMAL
CC-000827,2026-09-01 23:31:18,SKU-00556,B-10-05-01,26,25,1,NORMAL
CC-001008,2026-09-01 23:31:29,SKU-00344,A-03-05-02,13,13,0,NORMAL
CC-001235,2026-09-01 23:33:45,SKU-00401,B-08-05-01,4,4,0,NORMAL
CC-001771,2026-09-01 23:33:56,SKU-01474,F-06-04-02,8,8,0,NORMAL
CC-000518,2026-09-01 23:37:34,SKU-00315,B-01-03-01,3,3,0,NORMAL
CC-001583,2026-09-01 23:38:28,SKU-00754,A-08-01-01,6,5,1,NORMAL
CC-002295,2026-09-01 23:38:55,SKU-00844,E-03-03-02,11,11,0,NORMAL
CC-001297,2026-09-01 23:40:22,SKU-00549,B-10-02-01,16,16,0,NORMAL
CC-001506,2026-09-01 23:40:25,SKU-01766,D-04-04-01,28,28,0,NORMAL
CC-002016,2026-09-01 23:40:59,SKU-00538,E-05-03-01,19,19,0,NORMAL
CC-001966,2026-09-01 23:41:24,SKU-01091,A-08-04-02,4,4,0,NORMAL
CC-001392,2026-09-01 23:42:27,SKU-00138,F-01-03-01,23,23,0,NORMAL
CC-001203,2026-09-01 23:43:12,SKU-01956,C-09-02-02,20,20,0,NORMAL
CC-002183,2026-09-01 23:44:54,SKU-01648,B-01-01-02,15,15,0,NORMAL
CC-001339,2026-09-01 23:45:08,SKU-01336,A-07-01-02,12,12,0,NORMAL
CC-000959,2026-09-01 23:45:20,SKU-01633,C-03-05-01,20,20,0,NORMAL
CC-000431,2026-09-01 23:47:07,SKU-00212,D-03-02-02,21,21,0,NORMAL
CC-002154,2026-09-01 23:47:10,SKU-01354,D-08-03-02,24,24,0,NORMAL
CC-000426,2026-09-01 23:47:52,SKU-00047,F-02-04-01,25,25,0,NORMAL
CC-000876,2026-09-01 23:52:30,SKU-01794,E-05-05-02,28,28,0,NORMAL
CC-000017,2026-09-01 23:53:25,SKU-01461,F-08-04-02,24,24,0,NORMAL
CC-002396,2026-09-01 23:54:49,SKU-01851,B-09-04-01,24,24,0,NORMAL
CC-000942,2026-09-01 23:56:23,SKU-00328,E-04-03-01,29,29,0,NORMAL
CC-000385,2026-09-01 23:56:23,SKU-00676,A-06-05-01,11,8,3,NORMAL
CC-000216,2026-09-01 23:56:53,SKU-01577,C-08-05-02,0,1,-1,NORMAL
CC-002425,2026-09-01 23:57:25,SKU-01233,F-10-01-02,6,6,0,NORMAL
CC-001925,2026-09-01 23:58:03,SKU-00666,B-06-05-01,5,5,0,NORMAL
CC-000784,2026-09-01 23:59:46,SKU-01797,D-01-01-01,29,29,0,NORMAL
CC-000530,2026-09-02 00:00:17,SKU-00335,F-07-03-01,28,28,0,NORMAL
CC-000969,2026-09-02 00:00:57,SKU-01357,E-09-01-01,5,5,0,NORMAL
CC-001335,2026-09-02 00:01:09,SKU-01875,F-05-02-02,12,17,-5,NORMAL
CC-001670,2026-09-02 00:01:31,SKU-00238,A-08-02-02,28,29,-1,NORMAL
CC-000739,2026-09-02 00:03:49,SKU-01098,D-01-04-02,24,24,0,NORMAL
CC-001238,2026-09-02 00:11:11,SKU-01240,C-09-03-02,25,25,0,NORMAL
CC-000524,2026-09-02 00:11:58,SKU-01047,F-04-01-02,18,18,0,NORMAL
CC-000711,2026-09-02 00:12:46,SKU-00520,A-09-05-02,10,10,0,NORMAL
CC-001655,2026-09-02 00:13:05,SKU-01798,C-09-05-02,30,30,0,NORMAL
CC-001264,2026-09-02 00:17:34,SKU-01794,E-05-05-02,28,28,0,NORMAL
CC-002459,2026-09-02 00:19:21,SKU-01933,E-09-04-02,24,24,0,NORMAL
CC-000296,2026-09-02 00:19:53,SKU-00043,D-10-03-02,23,23,0,NORMAL
CC-000209,2026-09-02 00:21:55,SKU-00445,D-03-02-01,15,15,0,NORMAL
CC-001338,2026-09-02 00:22:19,SKU-01667,C-04-01-01,0,2,-2,NORMAL
CC-000051,2026-09-02 00:22:26,SKU-00766,D-05-02-01,21,21,0,NORMAL
CC-001387,2026-09-02 00:22:55,SKU-01855,C-02-03-02,7,7,0,NORMAL
CC-001513,2026-09-02 00:23:21,SKU-00104,C-07-04-01,23,23,0,NORMAL
CC-002417,2026-09-02 00:23:27,SKU-00590,F-08-02-02,22,21,1,NORMAL
CC-001645,2026-09-02 00:23:28,SKU-01591,B-05-05-01,16,16,0,NORMAL
CC-000759,2026-09-02 00:23:29,SKU-01681,E-02-03-01,7,7,0,NORMAL
CC-000040,2026-09-02 00:23:39,SKU-00245,B-02-01-02,7,7,0,NORMAL
CC-002015,2026-09-02 00:24:03,SKU-00365,E-06-02-01,2,2,0,NORMAL
CC-001121,2026-09-02 00:26:33,SKU-01218,A-05-05-01,16,16,0,NORMAL
CC-000877,2026-09-02 00:26:37,SKU-00044,D-04-04-01,6,6,0,NORMAL
CC-000358,2026-09-02 00:27:42,SKU-00331,F-04-05-01,28,28,0,NORMAL
CC-001326,2026-09-02 00:28:09,SKU-00682,C-02-04-01,26,26,0,NORMAL
CC-001608,2026-09-02 00:29:38,SKU-01867,A-08-05-02,18,18,0,NORMAL
CC-001056,2026-09-02 00:32:43,SKU-01569,D-04-02-01,28,28,0,NORMAL
CC-000061,2026-09-02 00:34:32,SKU-01728,C-10-05-01,25,27,-2,NORMAL
CC-000845,2026-09-02 00:35:39,SKU-01177,D-08-01-01,11,11,0,NORMAL
CC-001292,2026-09-02 00:37:12,SKU-00290,B-10-01-02,24,24,0,NORMAL
CC-002364,2026-09-02 00:38:04,SKU-01710,B-02-01-01,4,4,0,NORMAL
CC-000733,2026-09-02 00:38:19,SKU-01339,C-03-02-02,2,5,-3,NORMAL
CC-001154,2026-09-02 00:39:23,SKU-01713,B-01-05-01,16,16,0,NORMAL
CC-000420,2026-09-02 00:39:51,SKU-01597,E-03-01-02,22,22,0,NORMAL
CC-000616,2026-09-02 00:43:12,SKU-00176,C-08-01-01,10,10,0,NORMAL
CC-001918,2026-09-02 00:43:34,SKU-00011,C-07-03-02,2,2,0,NORMAL
CC-001281,2026-09-02 00:44:34,SKU-00667,F-10-05-02,13,13,0,NORMAL
CC-000453,2026-09-02 00:47:49,SKU-00042,D-04-01-02,19,19,0,NORMAL
CC-000322,2026-09-02 00:49:21,SKU-01435,E-07-04-02,30,30,0,NORMAL
CC-002351,2026-09-02 00:52:04,SKU-01771,C-03-05-02,5,5,0,NORMAL
CC-002439,2026-09-02 00:55:20,SKU-00633,F-08-02-01,22,22,0,NORMAL
CC-002414,2026-09-02 00:55:24,SKU-01386,C-07-03-02,7,7,0,NORMAL
CC-000916,2026-09-02 00:56:07,SKU-01307,C-03-03-01,8,8,0,NORMAL
CC-002497,2026-09-02 00:56:13,SKU-01909,A-02-02-02,4,4,0,NORMAL
CC-001609,2026-09-02 00:57:44,SKU-00020,B-04-01-01,19,19,0,NORMAL
CC-000935,2026-09-02 00:58:03,SKU-00329,F-03-01-01,30,30,0,NORMAL
CC-002492,2026-09-02 00:58:57,SKU-01226,C-07-01-02,25,25,0,NORMAL
CC-000132,2026-09-02 01:00:08,SKU-00702,C-01-02-02,4,4,0,NORMAL
CC-001162,2026-09-02 01:01:09,SKU-01953,F-07-05-01,9,9,0,NORMAL
CC-000186,2026-09-02 01:01:19,SKU-01361,E-09-02-02,12,12,0,NORMAL
CC-001731,2026-09-02 01:01:30,SKU-01053,B-03-01-01,19,19,0,NORMAL
CC-002233,2026-09-02 01:01:30,SKU-00574,D-02-01-02,12,12,0,NORMAL
CC-002476,2026-09-02 01:02:32,SKU-01392,C-08-01-02,10,10,0,NORMAL
CC-002251,2026-09-02 01:02:55,SKU-01627,B-04-03-01,24,24,0,NORMAL
CC-001150,2026-09-02 01:03:07,SKU-01365,C-07-01-01,7,7,0,NORMAL
CC-001897,2026-09-02 01:06:40,SKU-01552,C-01-01-01,9,9,0,NORMAL
CC-000096,2026-09-02 01:06:55,SKU-01678,F-08-01-01,24,24,0,NORMAL
CC-000604,2026-09-02 01:07:25,SKU-00121,E-09-04-02,12,12,0,NORMAL
CC-002133,2026-09-02 01:08:41,SKU-00995,D-02-01-01,15,15,0,NORMAL
CC-000718,2026-09-02 01:09:07,SKU-00964,B-08-02-02,19,19,0,NORMAL
CC-000738,2026-09-02 01:09:30,SKU-00812,F-02-04-02,21,21,0,NORMAL
CC-002430,2026-09-02 01:10:08,SKU-01899,E-02-04-01,6,6,0,NORMAL
CC-000188,2026-09-02 01:12:17,SKU-00386,E-06-04-02,27,27,0,NORMAL
CC-001721,2026-09-02 01:13:35,SKU-00569,F-04-02-01,10,10,0,NORMAL
CC-000177,2026-09-02 01:15:51,SKU-00962,F-03-04-01,18,19,-1,NORMAL
CC-002404,2026-09-02 01:15:56,SKU-01499,B-01-03-02,14,13,1,NORMAL
CC-001763,2026-09-02 01:18:04,SKU-01572,C-10-03-01,28,28,0,NORMAL
CC-001970,2026-09-02 01:18:36,SKU-00989,C-04-01-02,30,30,0,NORMAL
CC-000057,2026-09-02 01:19:56,SKU-01782,C-07-01-01,6,6,0,NORMAL
CC-002045,2026-09-02 01:20:38,SKU-01318,D-04-01-02,24,24,0,NORMAL
CC-001251,2026-09-02 01:20:48,SKU-00222,E-08-05-02,24,24,0,NORMAL
CC-001294,2026-09-02 01:22:03,SKU-01010,F-02-01-02,7,7,0,NORMAL
CC-000606,2026-09-02 01:22:27,SKU-00673,B-09-01-02,12,12,0,NORMAL
CC-000559,2026-09-02 01:28:19,SKU-01604,B-06-05-02,25,25,0,NORMAL
CC-000581,2026-09-02 01:30:49,SKU-01553,D-04-02-02,4,4,0,NORMAL
CC-001402,2026-09-02 01:31:36,SKU-00259,B-09-04-01,1,1,0,NORMAL
CC-002412,2026-09-02 01:34:32,SKU-00513,A-08-02-02,8,8,0,NORMAL
CC-000966,2026-09-02 01:34:42,SKU-00599,D-02-01-02,21,21,0,NORMAL
CC-001937,2026-09-02 01:36:46,SKU-01408,C-08-01-01,23,20,3,NORMAL
CC-001712,2026-09-02 01:37:23,SKU-00807,F-05-04-01,28,28,0,NORMAL
CC-002282,2026-09-02 01:37:30,SKU-01224,B-01-04-01,11,11,0,NORMAL
CC-002403,2026-09-02 01:39:14,SKU-00592,D-04-04-02,12,12,0,NORMAL
CC-001870,2026-09-02 01:39:32,SKU-00021,D-08-04-02,25,25,0,NORMAL
CC-001013,2026-09-02 01:41:47,SKU-00631,F-08-02-02,22,22,0,NORMAL
CC-000109,2026-09-02 01:43:19,SKU-01435,E-07-04-02,30,30,0,NORMAL
CC-000321,2026-09-02 01:43:57,SKU-01075,B-09-03-02,22,22,0,NORMAL
CC-000837,2026-09-02 01:47:21,SKU-01598,B-09-01-02,4,4,0,NORMAL
CC-000821,2026-09-02 01:52:17,SKU-00673,B-09-01-02,12,12,0,NORMAL
CC-001555,2026-09-02 01:52:33,SKU-01068,F-02-04-01,21,24,-3,NORMAL
CC-000977,2026-09-02 01:54:19,SKU-00961,B-03-05-01,25,25,0,NORMAL
CC-000873,2026-09-02 01:56:27,SKU-01016,B-02-05-01,19,19,0,NORMAL
CC-002303,2026-09-02 01:57:38,SKU-01004,D-10-01-01,16,16,0,NORMAL
CC-002323,2026-09-02 01:58:06,SKU-00828,E-02-04-01,22,22,0,NORMAL
CC-001428,2026-09-02 01:59:03,SKU-01594,A-05-04-02,4,4,0,NORMAL
CC-002293,2026-09-02 02:00:13,SKU-00655,C-09-05-02,12,12,0,NORMAL
CC-002184,2026-09-02 02:01:47,SKU-00645,B-08-05-01,26,26,0,NORMAL
CC-001293,2026-09-02 02:04:49,SKU-01480,B-03-04-01,6,6,0,NORMAL
CC-001070,2026-09-02 02:04:59,SKU-00508,F-07-01-01,2,2,0,NORMAL
CC-001482,2026-09-02 02:05:02,SKU-00979,B-04-03-01,9,7,2,NORMAL
CC-002441,2026-09-02 02:05:43,SKU-00854,F-09-04-01,30,30,0,NORMAL
CC-000607,2026-09-02 02:06:42,SKU-01138,A-02-03-01,6,6,0,NORMAL
CC-000375,2026-09-02 02:07:16,SKU-00872,C-04-01-01,25,25,0,NORMAL
CC-001540,2026-09-02 02:07:55,SKU-01127,F-02-02-02,14,14,0,NORMAL
CC-002240,2026-09-02 02:08:28,SKU-00612,F-01-02-02,24,24,0,NORMAL
CC-000724,2026-09-02 02:08:55,SKU-01952,A-05-03-01,27,27,0,NORMAL
CC-000161,2026-09-02 02:09:26,SKU-01295,A-03-02-01,27,27,0,NORMAL
CC-001610,2026-09-02 02:10:21,SKU-00060,B-03-04-02,6,6,0,NORMAL
CC-001850,2026-09-02 02:12:03,SKU-01292,A-04-01-02,7,7,0,NORMAL
CC-001191,2026-09-02 02:14:45,SKU-01668,C-10-03-01,9,9,0,NORMAL
CC-002366,2026-09-02 02:16:28,SKU-00346,A-02-01-01,16,16,0,NORMAL
CC-001564,2026-09-02 02:16:44,SKU-00296,E-03-02-02,15,15,0,NORMAL
CC-000138,2026-09-02 02:18:25,SKU-00609,F-10-03-01,16,16,0,NORMAL
CC-002418,2026-09-02 02:19:15,SKU-01458,B-10-03-01,28,28,0,NORMAL
CC-000571,2026-09-02 02:20:12,SKU-01370,B-03-05-02,8,8,0,NORMAL
CC-000268,2026-09-02 02:21:47,SKU-00359,B-01-03-01,16,16,0,NORMAL
CC-001250,2026-09-02 02:23:34,SKU-01808,A-09-04-01,10,10,0,NORMAL
CC-000591,2026-09-02 02:24:16,SKU-00809,E-01-03-02,4,4,0,NORMAL
CC-001690,2026-09-02 02:24:34,SKU-01548,A-06-03-02,10,10,0,NORMAL
CC-002118,2026-09-02 02:26:01,SKU-01783,C-01-02-01,11,11,0,NORMAL
CC-002215,2026-09-02 02:26:06,SKU-01825,F-07-03-01,5,5,0,NORMAL
CC-000880,2026-09-02 02:26:25,SKU-01503,B-10-04-01,12,12,0,NORMAL
CC-002040,2026-09-02 02:28:42,SKU-01066,C-03-04-02,28,28,0,NORMAL
CC-000826,2026-09-02 02:30:16,SKU-01935,F-03-05-02,20,20,0,NORMAL
CC-001407,2026-09-02 02:30:16,SKU-00876,A-02-04-02,29,29,0,NORMAL
CC-000527,2026-09-02 02:30:58,SKU-00158,D-01-03-02,25,25,0,NORMAL
CC-001825,2026-09-02 02:33:16,SKU-00828,E-02-04-01,22,22,0,NORMAL
CC-000588,2026-09-02 02:33:26,SKU-00995,D-02-01-01,15,15,0,NORMAL
CC-001615,2026-09-02 02:33:43,SKU-00780,E-10-04-01,16,16,0,NORMAL
CC-000020,2026-09-02 02:34:41,SKU-00489,A-09-01-01,29,29,0,NORMAL
CC-001288,2026-09-02 02:35:42,SKU-01497,D-07-01-01,21,21,0,NORMAL
CC-000602,2026-09-02 02:39:52,SKU-00713,F-07-05-01,18,18,0,NORMAL
CC-002228,2026-09-02 02:41:14,SKU-00283,D-08-02-01,23,23,0,NORMAL
CC-002250,2026-09-02 02:42:35,SKU-01617,B-06-02-01,13,13,0,NORMAL
CC-000046,2026-09-02 02:42:49,SKU-01986,B-02-05-01,20,20,0,NORMAL
CC-001395,2026-09-02 02:43:40,SKU-00712,E-10-03-01,15,15,0,NORMAL
CC-000824,2026-09-02 02:43:55,SKU-00742,F-05-02-02,17,17,0,NORMAL
CC-001512,2026-09-02 02:47:50,SKU-01636,A-06-02-01,11,11,0,NORMAL
CC-000962,2026-09-02 02:48:15,SKU-01332,F-03-01-01,4,4,0,NORMAL
CC-001698,2026-09-02 02:48:15,SKU-00752,E-06-02-01,30,30,0,NORMAL
CC-002021,2026-09-02 02:48:27,SKU-01952,A-05-03-01,27,27,0,NORMAL
CC-001090,2026-09-02 02:49:30,SKU-00146,A-02-01-02,4,4,0,NORMAL
CC-001249,2026-09-02 02:49:55,SKU-01780,D-02-03-01,23,23,0,NORMAL
CC-000353,2026-09-02 02:50:23,SKU-01088,E-01-04-01,19,19,0,NORMAL
CC-002397,2026-09-02 02:50:29,SKU-01485,F-07-05-01,29,29,0,NORMAL
CC-001065,2026-09-02 02:51:54,SKU-01837,F-01-05-01,14,14,0,NORMAL
CC-000252,2026-09-02 02:52:24,SKU-01947,F-03-02-01,23,23,0,NORMAL
CC-000123,2026-09-02 02:53:23,SKU-01155,F-02-02-02,5,5,0,NORMAL
CC-001051,2026-09-02 02:55:22,SKU-00580,E-06-02-01,6,6,0,NORMAL
CC-002053,2026-09-02 02:55:23,SKU-00635,A-04-02-02,19,19,0,NORMAL
CC-001777,2026-09-02 02:55:41,SKU-02000,E-07-03-01,17,17,0,NORMAL
CC-001354,2026-09-02 02:56:26,SKU-00042,D-04-01-02,19,19,0,NORMAL
CC-000943,2026-09-02 03:00:35,SKU-01698,B-09-02-01,19,19,0,NORMAL
CC-001273,2026-09-02 03:01:39,SKU-00462,B-02-01-02,7,7,0,NORMAL
CC-001701,2026-09-02 03:08:24,SKU-01190,C-06-04-02,26,26,0,NORMAL
CC-001529,2026-09-02 03:10:35,SKU-01065,A-10-04-02,30,30,0,NORMAL
CC-000218,2026-09-02 03:11:57,SKU-01235,A-01-01-01,2,2,0,NORMAL
CC-001557,2026-09-02 03:14:36,SKU-01244,F-09-05-02,3,3,0,NORMAL
CC-000754,2026-09-02 03:16:59,SKU-01627,B-04-03-01,24,24,0,NORMAL
CC-000200,2026-09-02 03:17:11,SKU-00087,F-02-03-01,25,25,0,NORMAL
CC-000356,2026-09-02 03:17:51,SKU-00821,E-09-05-02,12,12,0,NORMAL
CC-001381,2026-09-02 03:21:41,SKU-01107,B-09-01-01,24,24,0,NORMAL
CC-001818,2026-09-02 03:24:02,SKU-01322,C-05-05-01,8,8,0,NORMAL
CC-000329,2026-09-02 03:25:33,SKU-01305,F-07-05-01,13,15,-2,NORMAL
CC-000576,2026-09-02 03:26:32,SKU-00008,E-06-03-02,16,19,-3,NORMAL
CC-002460,2026-09-02 03:27:19,SKU-00967,D-02-04-01,10,10,0,NORMAL
CC-002438,2026-09-02 03:27:24,SKU-00174,B-03-02-01,9,9,0,NORMAL
CC-001639,2026-09-02 03:29:09,SKU-01971,A-01-02-02,14,14,0,NORMAL
CC-000562,2026-09-02 03:29:41,SKU-00719,E-06-02-01,11,11,0,NORMAL
CC-001765,2026-09-02 03:30:22,SKU-01968,E-02-02-02,28,28,0,NORMAL
CC-000150,2026-09-02 03:30:52,SKU-01547,C-05-01-02,11,11,0,NORMAL
CC-001665,2026-09-02 03:31:49,SKU-01954,D-09-01-01,10,10,0,NORMAL
CC-001550,2026-09-02 03:32:55,SKU-01220,C-09-01-01,3,3,0,NORMAL
CC-001166,2026-09-02 03:34:23,SKU-00337,F-08-02-02,29,29,0,NORMAL
CC-000341,2026-09-02 03:34:41,SKU-01458,B-10-03-01,29,28,1,NORMAL
CC-000968,2026-09-02 03:36:05,SKU-01878,A-02-05-02,18,18,0,NORMAL
CC-000228,2026-09-02 03:39:07,SKU-00534,B-09-05-01,21,21,0,NORMAL
CC-000424,2026-09-02 03:42:17,SKU-00114,A-06-04-02,4,4,0,NORMAL
CC-001728,2026-09-02 03:44:04,SKU-01186,D-04-02-02,24,24,0,NORMAL
CC-002319,2026-09-02 03:44:13,SKU-00294,E-09-05-02,1,1,0,NORMAL
CC-001678,2026-09-02 03:44:18,SKU-00651,D-02-01-02,20,20,0,NORMAL
CC-000487,2026-09-02 03:44:43,SKU-00427,F-03-05-01,30,30,0,NORMAL
CC-001762,2026-09-02 03:49:14,SKU-01185,B-08-01-01,1,1,0,NORMAL
CC-000690,2026-09-02 03:49:33,SKU-01217,A-10-01-01,26,26,0,NORMAL
CC-000210,2026-09-02 03:50:03,SKU-01838,D-02-01-01,15,15,0,NORMAL
CC-002166,2026-09-02 03:51:04,SKU-00939,B-07-04-01,1,1,0,NORMAL
CC-000787,2026-09-02 03:53:00,SKU-00592,D-04-04-02,12,12,0,NORMAL
CC-001495,2026-09-02 03:55:18,SKU-00983,A-02-01-02,25,25,0,NORMAL
CC-001717,2026-09-02 03:55:40,SKU-00535,F-07-04-02,10,10,0,NORMAL
CC-000360,2026-09-02 03:56:36,SKU-01682,E-01-04-02,27,27,0,NORMAL
CC-000737,2026-09-02 03:56:39,SKU-00204,E-02-05-02,25,25,0,NORMAL
CC-000586,2026-09-02 03:57:37,SKU-00595,D-03-05-01,1,1,0,NORMAL
CC-002138,2026-09-02 04:00:45,SKU-01203,D-04-02-01,10,10,0,NORMAL
CC-001263,2026-09-02 04:02:20,SKU-00112,D-03-05-01,6,6,0,NORMAL
CC-000688,2026-09-02 04:02:21,SKU-00135,F-04-04-02,19,19,0,NORMAL
CC-001465,2026-09-02 04:02:39,SKU-01238,A-10-04-01,13,13,0,NORMAL
CC-000636,2026-09-02 04:03:23,SKU-00342,F-02-05-02,19,19,0,NORMAL
CC-001319,2026-09-02 04:03:44,SKU-01587,B-01-04-02,13,13,0,NORMAL
CC-002179,2026-09-02 04:04:38,SKU-01079,F-01-03-02,7,7,0,NORMAL
CC-001290,2026-09-02 04:06:02,SKU-00603,F-09-03-02,1,1,0,NORMAL
CC-000725,2026-09-02 04:06:08,SKU-01941,B-04-03-02,28,28,0,NORMAL
CC-000546,2026-09-02 04:10:06,SKU-01494,B-07-03-01,11,11,0,NORMAL
CC-001094,2026-09-02 04:10:48,SKU-01645,E-03-03-01,3,8,-5,NORMAL
CC-001960,2026-09-02 04:13:31,SKU-00542,F-06-03-01,4,4,0,NORMAL
CC-002114,2026-09-02 04:15:09,SKU-01065,A-10-04-02,30,30,0,NORMAL
CC-001659,2026-09-02 04:15:11,SKU-01286,B-02-02-01,15,15,0,NORMAL
CC-001153,2026-09-02 04:15:50,SKU-01314,C-09-05-02,21,21,0,NORMAL
CC-001274,2026-09-02 04:16:47,SKU-01347,E-03-01-02,30,30,0,NORMAL
CC-001303,2026-09-02 04:20:34,SKU-00352,D-01-02-02,21,21,0,NORMAL
CC-002249,2026-09-02 04:21:04,SKU-00512,F-06-05-02,9,9,0,NORMAL
CC-002195,2026-09-02 04:21:05,SKU-00002,B-06-02-02,7,7,0,NORMAL
CC-001489,2026-09-02 04:24:06,SKU-01553,D-04-02-02,4,4,0,NORMAL
CC-001938,2026-09-02 04:26:12,SKU-00618,C-07-03-02,1,1,0,NORMAL
CC-000557,2026-09-02 04:26:12,SKU-00723,E-02-03-02,18,18,0,NORMAL
CC-001592,2026-09-02 04:27:53,SKU-00100,A-02-05-01,17,17,0,NORMAL
CC-001714,2026-09-02 04:28:31,SKU-00354,E-05-02-01,22,22,0,NORMAL
CC-000373,2026-09-02 04:28:42,SKU-01150,A-07-03-02,17,17,0,NORMAL
CC-000509,2026-09-02 04:29:40,SKU-01247,F-01-03-02,14,12,2,NORMAL
CC-000217,2026-09-02 04:29:55,SKU-01287,C-04-05-01,30,30,0,NORMAL
CC-001996,2026-09-02 04:30:18,SKU-01341,F-06-01-01,23,23,0,NORMAL
CC-002063,2026-09-02 04:30:25,SKU-00330,D-07-05-02,27,27,0,NORMAL
CC-000692,2026-09-02 04:31:49,SKU-01151,C-10-02-01,29,29,0,NORMAL
CC-001164,2026-09-02 04:32:35,SKU-01491,E-04-05-01,15,15,0,NORMAL
CC-000059,2026-09-02 04:32:44,SKU-00593,A-02-01-02,1,1,0,NORMAL
CC-002456,2026-09-02 04:34:04,SKU-01213,A-03-04-01,20,19,1,NORMAL
CC-000516,2026-09-02 04:35:40,SKU-01285,D-07-04-02,20,20,0,NORMAL
CC-000396,2026-09-02 04:35:44,SKU-00997,A-08-03-01,29,29,0,NORMAL
CC-002496,2026-09-02 04:36:25,SKU-01270,D-04-01-01,20,20,0,NORMAL
CC-000230,2026-09-02 04:37:45,SKU-01172,F-06-02-02,6,6,0,NORMAL
CC-001248,2026-09-02 04:37:51,SKU-01322,C-05-05-01,8,8,0,NORMAL
CC-000439,2026-09-02 04:38:10,SKU-00052,A-06-05-02,15,15,0,NORMAL
CC-000497,2026-09-02 04:38:28,SKU-01414,D-04-04-02,1,1,0,NORMAL
CC-000662,2026-09-02 04:39:00,SKU-00699,A-08-02-01,18,18,0,NORMAL
CC-001958,2026-09-02 04:41:50,SKU-01360,A-09-02-02,22,22,0,NORMAL
CC-001545,2026-09-02 04:42:01,SKU-01813,D-04-03-01,3,3,0,NORMAL
CC-001478,2026-09-02 04:43:26,SKU-01929,F-08-04-02,26,26,0,NORMAL
CC-000198,2026-09-02 04:44:50,SKU-00405,E-09-02-02,2,2,0,NORMAL
CC-000181,2026-09-02 04:46:04,SKU-01495,A-03-04-02,20,20,0,NORMAL
CC-000957,2026-09-02 04:47:50,SKU-01645,E-03-03-01,8,8,0,NORMAL
CC-002287,2026-09-02 04:47:51,SKU-00098,F-03-05-01,22,22,0,NORMAL
CC-001398,2026-09-02 04:48:09,SKU-00664,A-06-03-01,22,22,0,NORMAL
CC-002110,2026-09-02 04:48:30,SKU-00974,E-06-04-01,15,15,0,NORMAL
CC-002177,2026-09-02 04:48:50,SKU-00339,A-06-03-01,30,30,0,NORMAL
CC-001446,2026-09-02 04:49:56,SKU-01579,C-04-05-02,11,11,0,NORMAL
CC-001221,2026-09-02 04:51:19,SKU-01516,B-09-01-01,22,22,0,NORMAL
CC-002205,2026-09-02 04:51:55,SKU-01830,A-03-04-01,27,27,0,NORMAL
CC-001075,2026-09-02 04:52:49,SKU-00609,F-10-03-01,16,16,0,NORMAL
CC-002314,2026-09-02 04:54:59,SKU-00496,A-07-04-02,9,9,0,NORMAL
CC-000919,2026-09-02 04:55:53,SKU-01089,A-02-01-02,11,16,-5,NORMAL
CC-000305,2026-09-02 04:56:44,SKU-01967,A-04-04-02,21,21,0,NORMAL
CC-002317,2026-09-02 04:57:24,SKU-00499,F-08-01-01,21,21,0,NORMAL
CC-001886,2026-09-02 04:58:03,SKU-01360,A-09-02-02,22,22,0,NORMAL
CC-000625,2026-09-02 04:58:35,SKU-00211,D-04-01-01,7,7,0,NORMAL
CC-000026,2026-09-02 04:59:42,SKU-01280,F-10-02-01,25,25,0,NORMAL
CC-GT-005,2026-09-02 05:00:00,SKU-00005,D-05-05-02,0,6,-6,NORMAL
CC-001066,2026-09-02 05:00:26,SKU-00027,B-05-04-01,1,1,0,NORMAL
CC-000672,2026-09-02 05:01:42,SKU-01997,A-09-02-01,3,3,0,NORMAL
CC-000369,2026-09-02 05:04:50,SKU-01837,F-01-05-01,14,14,0,NORMAL
CC-002371,2026-09-02 05:05:10,SKU-01930,D-05-04-02,9,9,0,NORMAL
CC-001642,2026-09-02 05:05:20,SKU-01649,A-08-02-01,9,9,0,NORMAL
CC-001352,2026-09-02 05:06:47,SKU-01431,E-01-03-02,15,15,0,NORMAL
CC-000024,2026-09-02 05:07:21,SKU-00968,B-10-05-01,25,25,0,NORMAL
CC-002294,2026-09-02 05:08:26,SKU-01921,E-06-03-01,2,3,-1,NORMAL
CC-000998,2026-09-02 05:08:29,SKU-01601,B-10-04-01,22,22,0,NORMAL
CC-000836,2026-09-02 05:11:34,SKU-00980,B-03-01-01,3,3,0,NORMAL
CC-000270,2026-09-02 05:12:39,SKU-01594,A-05-04-02,4,4,0,NORMAL
CC-000987,2026-09-02 05:13:08,SKU-01194,A-09-04-02,0,3,-3,NORMAL
CC-001213,2026-09-02 05:13:16,SKU-00337,F-08-02-02,29,29,0,NORMAL
CC-000280,2026-09-02 05:13:27,SKU-01779,F-05-02-01,7,7,0,NORMAL
CC-001035,2026-09-02 05:13:38,SKU-00933,F-09-04-01,10,10,0,NORMAL
CC-002368,2026-09-02 05:13:45,SKU-01659,E-03-03-02,29,28,1,NORMAL
CC-000667,2026-09-02 05:14:54,SKU-00784,F-09-02-02,15,15,0,NORMAL
CC-000247,2026-09-02 05:16:49,SKU-01107,B-09-01-01,24,24,0,NORMAL
CC-001278,2026-09-02 05:16:55,SKU-00306,D-03-04-01,8,8,0,NORMAL
CC-000815,2026-09-02 05:19:54,SKU-00907,A-10-04-02,1,1,0,NORMAL
CC-000647,2026-09-02 05:20:21,SKU-00084,C-07-01-02,18,18,0,NORMAL
CC-001470,2026-09-02 05:21:13,SKU-01256,C-01-04-02,28,28,0,NORMAL
CC-001681,2026-09-02 05:21:16,SKU-00904,F-06-02-01,2,2,0,NORMAL
CC-002428,2026-09-02 05:22:55,SKU-00434,B-03-03-01,25,25,0,NORMAL
CC-000140,2026-09-02 05:22:56,SKU-01362,E-09-03-01,23,23,0,NORMAL
CC-001691,2026-09-02 05:25:48,SKU-00912,E-07-03-02,20,25,-5,NORMAL
CC-000448,2026-09-02 05:25:56,SKU-00913,D-07-04-02,24,24,0,NORMAL
CC-000240,2026-09-02 05:27:24,SKU-00703,C-06-01-02,20,20,0,NORMAL
CC-001874,2026-09-02 05:28:02,SKU-00762,D-06-05-01,5,5,0,NORMAL
CC-002175,2026-09-02 05:28:13,SKU-00517,F-08-01-02,14,14,0,NORMAL
CC-002337,2026-09-02 05:28:28,SKU-01735,D-05-05-02,23,23,0,NORMAL
CC-001050,2026-09-02 05:30:57,SKU-01415,B-01-03-01,3,3,0,NORMAL
CC-002266,2026-09-02 05:33:37,SKU-00334,E-09-03-01,7,7,0,NORMAL
CC-000349,2026-09-02 05:35:26,SKU-00975,A-02-05-01,13,16,-3,NORMAL
CC-002269,2026-09-02 05:35:28,SKU-00584,B-02-01-02,9,9,0,NORMAL
CC-002056,2026-09-02 05:36:42,SKU-00621,D-10-01-01,21,21,0,NORMAL
CC-001628,2026-09-02 05:36:45,SKU-00303,A-04-02-01,14,14,0,NORMAL
CC-000211,2026-09-02 05:38:24,SKU-00363,A-06-04-02,28,28,0,NORMAL
CC-001469,2026-09-02 05:38:39,SKU-01858,A-04-03-02,26,26,0,NORMAL
CC-000851,2026-09-02 05:39:19,SKU-00532,A-07-05-01,9,9,0,NORMAL
CC-001745,2026-09-02 05:40:13,SKU-01437,B-04-04-01,16,16,0,NORMAL
CC-001951,2026-09-02 05:42:41,SKU-01980,E-06-01-01,22,22,0,NORMAL
CC-000555,2026-09-02 05:44:12,SKU-00930,B-05-01-02,29,29,0,NORMAL
CC-001484,2026-09-02 05:45:16,SKU-00399,D-08-03-01,6,6,0,NORMAL
CC-001523,2026-09-02 05:45:30,SKU-01193,D-10-04-01,15,15,0,NORMAL
CC-002116,2026-09-02 05:45:39,SKU-00135,F-04-04-02,19,19,0,NORMAL
CC-000403,2026-09-02 05:45:43,SKU-00736,E-01-03-02,31,29,2,NORMAL
CC-000817,2026-09-02 05:45:49,SKU-01972,A-05-01-01,14,14,0,NORMAL
CC-002463,2026-09-02 05:46:10,SKU-00649,F-10-04-01,7,7,0,NORMAL
CC-001973,2026-09-02 05:50:12,SKU-00982,B-03-04-02,30,30,0,NORMAL
CC-001423,2026-09-02 05:50:20,SKU-00095,A-08-05-02,27,27,0,NORMAL
CC-000390,2026-09-02 05:52:28,SKU-00638,C-03-03-02,21,21,0,NORMAL
CC-001378,2026-09-02 05:55:40,SKU-00540,D-01-02-02,8,8,0,NORMAL
CC-001175,2026-09-02 05:56:05,SKU-01730,E-10-02-01,6,6,0,NORMAL
CC-001509,2026-09-02 05:56:19,SKU-01456,E-02-02-02,2,2,0,NORMAL
CC-001128,2026-09-02 05:56:25,SKU-00516,B-01-01-01,16,16,0,NORMAL
CC-000804,2026-09-02 06:00:07,SKU-00431,B-05-04-02,14,14,0,NORMAL
CC-000384,2026-09-02 06:00:08,SKU-00645,B-08-05-01,26,26,0,NORMAL
CC-000709,2026-09-02 06:01:32,SKU-01404,E-08-04-02,7,9,-2,NORMAL
CC-002391,2026-09-02 06:01:45,SKU-00333,C-10-02-02,24,24,0,NORMAL
CC-000925,2026-09-02 06:03:11,SKU-00662,E-02-05-02,2,2,0,NORMAL
CC-001932,2026-09-02 06:05:42,SKU-01364,E-02-03-01,24,25,-1,NORMAL
CC-000095,2026-09-02 06:06:52,SKU-01389,B-06-01-01,7,7,0,NORMAL
CC-002353,2026-09-02 06:07:48,SKU-00710,E-07-04-01,13,13,0,NORMAL
CC-000885,2026-09-02 06:08:08,SKU-01262,C-05-04-01,23,23,0,NORMAL
CC-001843,2026-09-02 06:09:46,SKU-01634,C-02-04-02,21,21,0,NORMAL
CC-001770,2026-09-02 06:09:52,SKU-01413,D-08-04-01,27,27,0,NORMAL
CC-002479,2026-09-02 06:13:23,SKU-00490,C-03-05-02,30,30,0,NORMAL
CC-000440,2026-09-02 06:13:24,SKU-01918,C-09-01-01,1,1,0,NORMAL
CC-001217,2026-09-02 06:14:16,SKU-00970,D-10-05-02,4,4,0,NORMAL
CC-000052,2026-09-02 06:18:32,SKU-00064,C-01-03-01,30,30,0,NORMAL
CC-001993,2026-09-02 06:18:46,SKU-00307,B-07-03-01,2,2,0,NORMAL
CC-001048,2026-09-02 06:20:13,SKU-01311,F-01-05-02,17,17,0,NORMAL
CC-000479,2026-09-02 06:20:30,SKU-01022,D-09-03-02,2,2,0,NORMAL
CC-001081,2026-09-02 06:20:47,SKU-01019,A-07-03-02,0,1,-1,NORMAL
CC-000019,2026-09-02 06:21:34,SKU-00957,D-04-01-02,27,27,0,NORMAL
CC-000829,2026-09-02 06:21:41,SKU-01032,C-09-05-02,2,2,0,NORMAL
CC-002039,2026-09-02 06:26:24,SKU-00436,F-08-02-01,4,4,0,NORMAL
CC-002335,2026-09-02 06:28:51,SKU-00599,D-02-01-02,22,21,1,NORMAL
CC-001965,2026-09-02 06:30:55,SKU-01786,F-02-05-02,19,19,0,NORMAL
CC-000887,2026-09-02 06:32:42,SKU-00712,E-10-03-01,15,15,0,NORMAL
CC-001481,2026-09-02 06:34:33,SKU-00151,D-09-01-02,16,16,0,NORMAL
CC-001029,2026-09-02 06:34:49,SKU-00985,B-06-04-01,28,28,0,NORMAL
CC-001369,2026-09-02 06:37:16,SKU-00408,C-08-01-02,16,16,0,NORMAL
CC-000939,2026-09-02 06:38:09,SKU-01375,C-08-03-01,5,4,1,NORMAL
CC-000063,2026-09-02 06:39:37,SKU-01311,F-01-05-02,17,17,0,NORMAL
CC-001117,2026-09-02 06:39:43,SKU-01285,D-07-04-02,21,20,1,NORMAL
CC-001034,2026-09-02 06:40:21,SKU-00887,E-10-04-01,2,2,0,NORMAL
CC-002480,2026-09-02 06:40:22,SKU-00313,E-09-05-01,2,2,0,NORMAL
CC-001548,2026-09-02 06:40:41,SKU-01497,D-07-01-01,21,21,0,NORMAL
CC-001627,2026-09-02 06:42:37,SKU-01809,C-08-01-02,26,26,0,NORMAL
CC-001391,2026-09-02 06:42:59,SKU-01112,B-07-03-01,1,1,0,NORMAL
CC-000744,2026-09-02 06:43:52,SKU-00925,E-06-03-02,22,22,0,NORMAL
CC-000154,2026-09-02 06:47:58,SKU-00611,E-09-03-02,8,8,0,NORMAL
CC-002329,2026-09-02 06:48:35,SKU-00336,A-08-01-01,10,10,0,NORMAL
CC-001526,2026-09-02 06:52:19,SKU-00022,D-02-03-01,23,23,0,NORMAL
CC-000397,2026-09-02 06:52:59,SKU-01794,E-05-05-02,28,28,0,NORMAL
CC-001783,2026-09-02 06:53:15,SKU-00448,C-08-05-01,1,1,0,NORMAL
CC-000600,2026-09-02 06:54:09,SKU-00534,B-09-05-01,21,21,0,NORMAL
CC-000038,2026-09-02 06:55:12,SKU-00884,A-06-04-02,7,7,0,NORMAL
CC-000934,2026-09-02 06:55:48,SKU-01780,D-02-03-01,23,23,0,NORMAL
CC-002119,2026-09-02 06:58:48,SKU-01060,B-06-03-01,9,12,-3,NORMAL
CC-002304,2026-09-02 06:59:49,SKU-01117,E-04-04-02,9,9,0,NORMAL
CC-001492,2026-09-02 07:00:04,SKU-01326,B-05-05-01,19,19,0,NORMAL
CC-000961,2026-09-02 07:00:58,SKU-01283,D-08-04-01,7,7,0,NORMAL
CC-002334,2026-09-02 07:03:47,SKU-01629,F-03-02-01,11,11,0,NORMAL
CC-001631,2026-09-02 07:05:11,SKU-00470,E-04-02-02,27,27,0,NORMAL
CC-001742,2026-09-02 07:05:57,SKU-01711,B-06-01-02,10,10,0,NORMAL
CC-000506,2026-09-02 07:07:21,SKU-00834,F-07-05-02,11,11,0,NORMAL
CC-001207,2026-09-02 07:08:27,SKU-01104,E-09-03-01,12,12,0,NORMAL
CC-001193,2026-09-02 07:09:25,SKU-00852,E-08-04-02,13,13,0,NORMAL
CC-000922,2026-09-02 07:09:38,SKU-00745,E-06-02-02,16,14,2,NORMAL
CC-000411,2026-09-02 07:10:18,SKU-00926,D-09-01-01,14,14,0,NORMAL
CC-001957,2026-09-02 07:10:43,SKU-01455,F-03-02-02,19,21,-2,NORMAL
CC-001710,2026-09-02 07:10:45,SKU-00989,C-04-01-02,30,30,0,NORMAL
CC-000597,2026-09-02 07:11:51,SKU-00535,F-07-04-02,10,10,0,NORMAL
CC-001857,2026-09-02 07:15:18,SKU-01150,A-07-03-02,17,17,0,NORMAL
CC-000948,2026-09-02 07:15:23,SKU-01224,B-01-04-01,10,11,-1,NORMAL
CC-001542,2026-09-02 07:15:40,SKU-00624,C-08-02-02,29,29,0,NORMAL
CC-000746,2026-09-02 07:15:44,SKU-00064,C-01-03-01,29,30,-1,NORMAL
CC-002498,2026-09-02 07:17:04,SKU-01658,B-07-05-02,19,19,0,NORMAL
CC-000129,2026-09-02 07:17:46,SKU-01497,D-07-01-01,21,21,0,NORMAL
CC-002252,2026-09-02 07:18:52,SKU-00348,E-07-02-01,26,29,-3,NORMAL
CC-000213,2026-09-02 07:18:57,SKU-00594,D-02-02-02,16,16,0,NORMAL
CC-002298,2026-09-02 07:19:28,SKU-01967,A-04-04-02,21,21,0,NORMAL
CC-001183,2026-09-02 07:19:32,SKU-00350,A-01-04-02,17,17,0,NORMAL
CC-000327,2026-09-02 07:20:54,SKU-00034,D-02-01-02,15,15,0,NORMAL
CC-001998,2026-09-02 07:21:14,SKU-00167,F-04-04-01,10,10,0,NORMAL
CC-001505,2026-09-02 07:21:49,SKU-01821,F-07-04-02,15,15,0,NORMAL
CC-002235,2026-09-02 07:22:41,SKU-01489,C-04-03-01,19,19,0,NORMAL
CC-000603,2026-09-02 07:24:04,SKU-01119,D-02-01-02,21,21,0,NORMAL
CC-000901,2026-09-02 07:26:25,SKU-01486,F-04-04-02,23,23,0,NORMAL
CC-001453,2026-09-02 07:26:38,SKU-01718,F-08-01-02,24,24,0,NORMAL
CC-001905,2026-09-02 07:26:50,SKU-01508,D-01-02-01,14,14,0,NORMAL
CC-001773,2026-09-02 07:27:17,SKU-00258,E-04-03-01,17,17,0,NORMAL
CC-002050,2026-09-02 07:28:21,SKU-00367,D-05-04-01,28,28,0,NORMAL
CC-001980,2026-09-02 07:29:40,SKU-00006,F-06-03-02,27,27,0,NORMAL
CC-000734,2026-09-02 07:30:41,SKU-01100,E-08-04-02,30,29,1,NORMAL
CC-002173,2026-09-02 07:30:53,SKU-01133,F-01-03-02,4,6,-2,NORMAL
CC-001439,2026-09-02 07:30:57,SKU-00335,F-07-03-01,28,28,0,NORMAL
CC-001781,2026-09-02 07:30:57,SKU-01873,A-08-03-02,14,14,0,NORMAL
CC-002027,2026-09-02 07:31:14,SKU-01930,D-05-04-02,9,9,0,NORMAL
CC-000083,2026-09-02 07:32:19,SKU-01990,D-02-04-02,26,26,0,NORMAL
CC-000955,2026-09-02 07:32:23,SKU-01849,B-01-02-02,22,22,0,NORMAL
CC-001594,2026-09-02 07:33:06,SKU-01802,B-07-01-01,16,17,-1,NORMAL
CC-000905,2026-09-02 07:33:21,SKU-01418,F-06-01-01,4,4,0,NORMAL
CC-001811,2026-09-02 07:34:01,SKU-00043,D-10-03-02,23,23,0,NORMAL
CC-001841,2026-09-02 07:34:14,SKU-00293,D-09-01-01,11,11,0,NORMAL
CC-000990,2026-09-02 07:34:54,SKU-00473,B-06-01-01,4,4,0,NORMAL
CC-001532,2026-09-02 07:35:12,SKU-01267,E-09-01-02,25,25,0,NORMAL
CC-000361,2026-09-02 07:35:15,SKU-01358,B-09-02-01,27,27,0,NORMAL
CC-001408,2026-09-02 07:37:22,SKU-00823,A-10-01-01,5,5,0,NORMAL
CC-002272,2026-09-02 07:43:02,SKU-00231,E-01-03-01,6,6,0,NORMAL
CC-000423,2026-09-02 07:44:19,SKU-01629,F-03-02-01,11,11,0,NORMAL
CC-001988,2026-09-02 07:47:56,SKU-00233,C-07-04-02,2,2,0,NORMAL
CC-001188,2026-09-02 07:48:07,SKU-01509,A-10-02-02,10,10,0,NORMAL
CC-000814,2026-09-02 07:48:32,SKU-00533,E-03-01-02,30,30,0,NORMAL
CC-002066,2026-09-02 07:48:48,SKU-00005,D-05-05-02,6,6,0,NORMAL
CC-000798,2026-09-02 07:49:21,SKU-00311,F-04-03-02,29,29,0,NORMAL
CC-001321,2026-09-02 07:50:07,SKU-01664,D-01-03-02,15,15,0,NORMAL
CC-001486,2026-09-02 07:51:40,SKU-01543,C-01-03-01,27,28,-1,NORMAL
CC-001792,2026-09-02 07:52:37,SKU-00599,D-02-01-02,21,21,0,NORMAL
CC-000566,2026-09-02 07:52:55,SKU-01307,C-03-03-01,8,8,0,NORMAL
CC-001876,2026-09-02 07:55:07,SKU-00265,A-05-03-02,15,15,0,NORMAL
CC-001814,2026-09-02 07:56:44,SKU-01017,B-07-04-02,17,17,0,NORMAL
CC-002402,2026-09-02 07:58:39,SKU-00408,C-08-01-02,16,16,0,NORMAL
CC-001606,2026-09-02 08:00:41,SKU-01138,A-02-03-01,6,6,0,NORMAL
CC-001030,2026-09-02 08:00:49,SKU-00195,A-01-01-01,14,14,0,NORMAL
CC-000232,2026-09-02 08:01:21,SKU-01366,A-02-03-02,11,11,0,NORMAL
CC-000011,2026-09-02 08:01:43,SKU-01837,F-01-05-01,14,14,0,NORMAL
CC-001130,2026-09-02 08:01:53,SKU-00026,A-06-04-01,4,4,0,NORMAL
CC-000823,2026-09-02 08:02:36,SKU-01569,D-04-02-01,28,28,0,NORMAL
CC-001083,2026-09-02 08:04:46,SKU-01043,E-05-05-02,11,11,0,NORMAL
CC-002256,2026-09-02 08:05:13,SKU-01796,C-03-02-02,24,24,0,NORMAL
CC-000972,2026-09-02 08:05:50,SKU-01929,F-08-04-02,26,26,0,NORMAL
CC-000251,2026-09-02 08:06:16,SKU-00655,C-09-05-02,12,12,0,NORMAL
CC-002148,2026-09-02 08:07:43,SKU-01618,A-06-05-01,23,23,0,NORMAL
CC-001760,2026-09-02 08:08:53,SKU-01846,F-02-04-02,20,20,0,NORMAL
CC-000751,2026-09-02 08:09:09,SKU-00878,F-03-01-02,23,23,0,NORMAL
CC-000395,2026-09-02 08:09:13,SKU-01816,F-02-02-02,12,12,0,NORMAL
CC-001301,2026-09-02 08:13:15,SKU-01522,F-04-02-02,2,2,0,NORMAL
CC-001927,2026-09-02 08:13:28,SKU-01102,B-10-05-01,2,2,0,NORMAL
CC-002292,2026-09-02 08:15:46,SKU-01738,D-01-03-01,23,23,0,NORMAL
CC-002263,2026-09-02 08:16:01,SKU-01380,C-06-05-01,24,24,0,NORMAL
CC-001849,2026-09-02 08:16:36,SKU-01714,F-04-02-01,21,21,0,NORMAL
CC-001131,2026-09-02 08:16:43,SKU-00841,D-03-02-01,15,15,0,NORMAL
CC-000830,2026-09-02 08:17:08,SKU-01651,F-02-05-01,9,9,0,NORMAL
CC-000694,2026-09-02 08:17:42,SKU-01685,B-03-02-01,30,30,0,NORMAL
CC-002477,2026-09-02 08:18:43,SKU-01239,E-08-02-01,7,7,0,NORMAL
CC-000033,2026-09-02 08:19:06,SKU-01675,C-02-03-01,3,3,0,NORMAL
CC-000936,2026-09-02 08:19:21,SKU-01869,C-09-04-02,21,21,0,NORMAL
CC-000460,2026-09-02 08:23:35,SKU-01786,F-02-05-02,19,19,0,NORMAL
CC-000598,2026-09-02 08:24:28,SKU-00982,B-03-04-02,30,30,0,NORMAL
CC-000149,2026-09-02 08:24:35,SKU-01966,E-08-02-02,4,4,0,NORMAL
CC-001209,2026-09-02 08:26:36,SKU-01127,F-02-02-02,14,14,0,NORMAL
CC-001236,2026-09-02 08:28:09,SKU-00015,F-08-03-02,8,13,-5,NORMAL
CC-000894,2026-09-02 08:28:47,SKU-00063,C-06-01-01,8,8,0,NORMAL
CC-000809,2026-09-02 08:29:44,SKU-01824,A-07-03-02,4,4,0,NORMAL
CC-001092,2026-09-02 08:30:07,SKU-00988,C-01-04-02,10,10,0,NORMAL
CC-001440,2026-09-02 08:30:28,SKU-01297,E-01-04-01,26,26,0,NORMAL
CC-001322,2026-09-02 08:31:14,SKU-00013,C-03-01-01,14,14,0,NORMAL
CC-001809,2026-09-02 08:31:17,SKU-01388,A-07-05-02,28,28,0,NORMAL
CC-001103,2026-09-02 08:32:10,SKU-00135,F-04-04-02,19,19,0,NORMAL
CC-000143,2026-09-02 08:33:24,SKU-00389,E-05-05-01,10,10,0,NORMAL
CC-001543,2026-09-02 08:33:53,SKU-01271,A-07-01-01,18,18,0,NORMAL
CC-001967,2026-09-02 08:37:36,SKU-01797,D-01-01-01,29,29,0,NORMAL
CC-002458,2026-09-02 08:38:57,SKU-00074,F-09-05-01,16,16,0,NORMAL
CC-001401,2026-09-02 08:40:13,SKU-01308,E-04-03-01,7,7,0,NORMAL
CC-000366,2026-09-02 08:40:47,SKU-01687,D-02-01-02,28,28,0,NORMAL
CC-001325,2026-09-02 08:42:45,SKU-00290,B-10-01-02,24,24,0,NORMAL
CC-002107,2026-09-02 08:42:47,SKU-00458,F-07-03-02,27,27,0,NORMAL
CC-001039,2026-09-02 08:43:47,SKU-01292,A-04-01-02,4,7,-3,NORMAL
CC-000732,2026-09-02 08:43:50,SKU-00689,C-08-01-01,30,30,0,NORMAL
CC-001233,2026-09-02 08:46:00,SKU-00854,F-09-04-01,30,30,0,NORMAL
CC-001926,2026-09-02 08:46:12,SKU-01626,E-07-02-01,30,30,0,NORMAL
CC-001533,2026-09-02 08:46:24,SKU-00889,C-06-03-02,24,24,0,NORMAL
CC-001890,2026-09-02 08:46:45,SKU-00442,E-02-05-01,13,13,0,NORMAL
CC-000715,2026-09-02 08:47:05,SKU-00925,E-06-03-02,22,22,0,NORMAL
CC-001350,2026-09-02 08:47:18,SKU-00511,B-09-02-01,9,8,1,NORMAL
CC-000498,2026-09-02 08:50:00,SKU-00153,D-08-03-02,21,21,0,NORMAL
CC-001409,2026-09-02 08:50:04,SKU-00198,E-04-03-01,20,21,-1,NORMAL
CC-000015,2026-09-02 08:53:01,SKU-01338,F-09-04-02,17,14,3,NORMAL
CC-000064,2026-09-02 08:53:51,SKU-01761,F-02-02-02,27,27,0,NORMAL
CC-000060,2026-09-02 08:54:29,SKU-00030,F-09-03-02,24,24,0,NORMAL
CC-002413,2026-09-02 08:56:18,SKU-01176,E-09-03-02,7,5,2,NORMAL
CC-002301,2026-09-02 08:56:18,SKU-00802,E-06-04-01,5,5,0,NORMAL
CC-001073,2026-09-02 08:58:45,SKU-01498,B-06-04-01,25,28,-3,NORMAL
CC-002088,2026-09-02 08:59:31,SKU-00266,F-05-02-02,1,1,0,NORMAL
CC-001379,2026-09-02 09:04:39,SKU-01941,B-04-03-02,25,28,-3,NORMAL
CC-000847,2026-09-02 09:06:06,SKU-00389,E-05-05-01,10,10,0,NORMAL
CC-000402,2026-09-02 09:06:45,SKU-01151,C-10-02-01,29,29,0,NORMAL
CC-001488,2026-09-02 09:07:43,SKU-00708,C-02-05-01,25,25,0,NORMAL
CC-000219,2026-09-02 09:07:50,SKU-00873,A-07-04-02,4,4,0,NORMAL
CC-001719,2026-09-02 09:09:33,SKU-01380,C-06-05-01,24,24,0,NORMAL
CC-002201,2026-09-02 09:10:10,SKU-00994,A-05-02-01,3,3,0,NORMAL
CC-000018,2026-09-02 09:11:45,SKU-00341,A-04-02-01,8,8,0,NORMAL
CC-001305,2026-09-02 09:13:51,SKU-00049,B-03-01-01,2,2,0,NORMAL
CC-001862,2026-09-02 09:15:24,SKU-01580,E-09-05-01,8,8,0,NORMAL
CC-001110,2026-09-02 09:16:01,SKU-00564,E-01-05-02,12,12,0,NORMAL
CC-001261,2026-09-02 09:18:15,SKU-01299,C-01-04-02,18,18,0,NORMAL
CC-000964,2026-09-02 09:20:23,SKU-00577,E-05-02-02,27,28,-1,NORMAL
CC-002044,2026-09-02 09:20:35,SKU-00621,D-10-01-01,21,21,0,NORMAL
CC-000623,2026-09-02 09:21:28,SKU-01667,C-04-01-01,2,2,0,NORMAL
CC-001903,2026-09-02 09:21:58,SKU-01647,F-10-05-01,28,28,0,NORMAL
CC-000846,2026-09-02 09:22:04,SKU-01720,E-01-01-02,4,4,0,NORMAL
CC-001878,2026-09-02 09:23:43,SKU-00422,E-05-05-01,4,4,0,NORMAL
CC-000091,2026-09-02 09:25:55,SKU-00932,B-06-05-01,12,12,0,NORMAL
CC-002470,2026-09-02 09:26:31,SKU-01843,D-09-04-01,21,21,0,NORMAL
CC-001787,2026-09-02 09:27:22,SKU-01222,D-04-04-01,14,14,0,NORMAL
CC-000301,2026-09-02 09:27:30,SKU-01371,B-09-03-02,1,1,0,NORMAL
CC-000857,2026-09-02 09:30:14,SKU-00547,D-05-04-01,12,14,-2,NORMAL
CC-000471,2026-09-02 09:30:24,SKU-00130,B-05-03-01,10,10,0,NORMAL
CC-000194,2026-09-02 09:36:09,SKU-01811,D-05-01-02,6,6,0,NORMAL
CC-000428,2026-09-02 09:36:18,SKU-01915,B-06-04-02,28,28,0,NORMAL
CC-000648,2026-09-02 09:36:22,SKU-00832,D-07-04-02,9,9,0,NORMAL
CC-000086,2026-09-02 09:36:51,SKU-00533,E-03-01-02,30,30,0,NORMAL
CC-002036,2026-09-02 09:37:48,SKU-01096,B-05-01-02,6,3,3,NORMAL
CC-001069,2026-09-02 09:38:27,SKU-01277,F-06-04-02,9,9,0,NORMAL
CC-002327,2026-09-02 09:39:10,SKU-00471,F-09-03-01,8,8,0,NORMAL
CC-001686,2026-09-02 09:39:17,SKU-01235,A-01-01-01,2,2,0,NORMAL
CC-002009,2026-09-02 09:39:59,SKU-00562,F-10-05-02,9,9,0,NORMAL
CC-001868,2026-09-02 09:42:01,SKU-00766,D-05-02-01,21,21,0,NORMAL
CC-002457,2026-09-02 09:42:29,SKU-00544,E-09-03-02,13,13,0,NORMAL
CC-000087,2026-09-02 09:43:39,SKU-00984,C-02-03-02,6,6,0,NORMAL
CC-000457,2026-09-02 09:44:46,SKU-00711,E-04-02-01,22,20,2,NORMAL
CC-002220,2026-09-02 09:47:06,SKU-00474,D-04-03-01,7,7,0,NORMAL
CC-000184,2026-09-02 09:47:37,SKU-01668,C-10-03-01,9,9,0,NORMAL
CC-000843,2026-09-02 09:49:48,SKU-00602,F-04-05-01,9,7,2,NORMAL
CC-000171,2026-09-02 09:50:38,SKU-01279,B-04-04-01,10,10,0,NORMAL
CC-000993,2026-09-02 09:53:01,SKU-01778,E-05-02-02,13,13,0,NORMAL
CC-000053,2026-09-02 09:54:22,SKU-00720,C-02-04-02,29,29,0,NORMAL
CC-001683,2026-09-02 09:54:58,SKU-00452,F-06-02-02,6,6,0,NORMAL
CC-001804,2026-09-02 09:56:28,SKU-01229,F-03-05-02,1,1,0,NORMAL
CC-000534,2026-09-02 09:57:04,SKU-00490,C-03-05-02,30,30,0,NORMAL
CC-002012,2026-09-02 09:57:53,SKU-00529,C-04-01-02,17,17,0,NORMAL
CC-002033,2026-09-02 09:57:54,SKU-01786,F-02-05-02,19,19,0,NORMAL
CC-000193,2026-09-02 09:59:54,SKU-00962,F-03-04-01,22,19,3,NORMAL
CC-001924,2026-09-02 10:02:27,SKU-01691,E-06-05-02,7,7,0,NORMAL
CC-001737,2026-09-02 10:02:53,SKU-00273,F-06-01-01,11,11,0,NORMAL
CC-001896,2026-09-02 10:03:02,SKU-01966,E-08-02-02,4,4,0,NORMAL
CC-001206,2026-09-02 10:03:12,SKU-01085,C-03-02-02,20,20,0,NORMAL
CC-002262,2026-09-02 10:03:21,SKU-01795,F-05-03-02,1,1,0,NORMAL
CC-001394,2026-09-02 10:03:28,SKU-01965,F-07-01-02,22,22,0,NORMAL
CC-002339,2026-09-02 10:04:12,SKU-01684,E-06-02-01,14,14,0,NORMAL
CC-001788,2026-09-02 10:06:35,SKU-00449,B-07-03-01,30,30,0,NORMAL
CC-001282,2026-09-02 10:07:31,SKU-00623,C-01-05-01,1,1,0,NORMAL
CC-001112,2026-09-02 10:09:19,SKU-02000,E-07-03-01,17,17,0,NORMAL
CC-000153,2026-09-02 10:11:16,SKU-00811,F-07-03-02,3,3,0,NORMAL
CC-001022,2026-09-02 10:12:33,SKU-00472,B-06-02-02,10,10,0,NORMAL
CC-000693,2026-09-02 10:14:37,SKU-01925,A-03-04-02,4,4,0,NORMAL
CC-001241,2026-09-02 10:14:47,SKU-01725,C-02-02-02,19,22,-3,NORMAL
CC-000338,2026-09-02 10:15:47,SKU-01252,C-02-01-02,22,27,-5,NORMAL
CC-000159,2026-09-02 10:16:14,SKU-00255,D-04-04-02,15,15,0,NORMAL
CC-000783,2026-09-02 10:16:25,SKU-00311,F-04-03-02,29,29,0,NORMAL
CC-002242,2026-09-02 10:17:12,SKU-00428,B-04-04-02,4,4,0,NORMAL
CC-000661,2026-09-02 10:19:33,SKU-00712,E-10-03-01,15,15,0,NORMAL
CC-000915,2026-09-02 10:19:41,SKU-00476,B-10-05-02,8,8,0,NORMAL
CC-001724,2026-09-02 10:23:04,SKU-00506,F-03-03-01,16,16,0,NORMAL
CC-001159,2026-09-02 10:23:42,SKU-00489,A-09-01-01,29,29,0,NORMAL
CC-000825,2026-09-02 10:24:17,SKU-01728,C-10-05-01,22,27,-5,NORMAL
CC-001334,2026-09-02 10:25:00,SKU-00223,C-07-04-02,3,3,0,NORMAL
CC-002375,2026-09-02 10:25:45,SKU-00140,C-08-03-02,22,22,0,NORMAL
CC-000833,2026-09-02 10:26:31,SKU-01768,A-02-04-02,29,29,0,NORMAL
CC-001052,2026-09-02 10:29:39,SKU-00079,C-10-02-01,10,13,-3,NORMAL
CC-001311,2026-09-02 10:32:15,SKU-00281,A-10-04-02,0,2,-2,NORMAL
CC-000495,2026-09-02 10:32:26,SKU-01638,D-05-03-02,25,25,0,NORMAL
CC-002075,2026-09-02 10:35:19,SKU-01320,D-03-05-01,10,10,0,NORMAL
CC-001133,2026-09-02 10:36:06,SKU-00260,B-01-01-02,15,15,0,NORMAL
CC-001371,2026-09-02 10:36:45,SKU-00691,D-09-05-02,21,21,0,NORMAL
CC-001934,2026-09-02 10:38:04,SKU-00089,A-02-04-02,9,9,0,NORMAL
CC-001566,2026-09-02 10:39:18,SKU-01909,A-02-02-02,4,4,0,NORMAL
CC-001949,2026-09-02 10:39:40,SKU-01594,A-05-04-02,4,4,0,NORMAL
CC-002169,2026-09-02 10:40:14,SKU-00868,B-01-03-01,15,15,0,NORMAL
CC-000564,2026-09-02 10:43:38,SKU-01962,E-08-02-01,16,16,0,NORMAL
CC-002192,2026-09-02 10:44:01,SKU-01688,B-01-04-01,3,3,0,NORMAL
CC-002171,2026-09-02 10:46:00,SKU-00418,D-07-02-02,18,18,0,NORMAL
CC-001085,2026-09-02 10:48:10,SKU-00819,D-01-03-01,9,9,0,NORMAL
CC-000757,2026-09-02 10:48:39,SKU-01544,B-03-05-02,5,5,0,NORMAL
CC-002384,2026-09-02 10:49:34,SKU-01088,E-01-04-01,19,19,0,NORMAL
CC-000560,2026-09-02 10:50:41,SKU-01563,D-01-01-01,23,23,0,NORMAL
CC-000077,2026-09-02 10:50:50,SKU-01058,F-09-03-01,12,12,0,NORMAL
CC-001915,2026-09-02 10:51:40,SKU-01407,B-06-05-01,9,9,0,NORMAL
CC-000766,2026-09-02 10:52:19,SKU-01066,C-03-04-02,28,28,0,NORMAL
CC-002244,2026-09-02 10:53:41,SKU-00962,F-03-04-01,19,19,0,NORMAL
CC-000056,2026-09-02 10:53:44,SKU-00227,E-01-05-01,5,5,0,NORMAL
CC-001669,2026-09-02 10:54:07,SKU-00588,F-02-02-01,28,28,0,NORMAL
CC-000903,2026-09-02 10:55:37,SKU-00608,B-06-04-01,2,2,0,NORMAL
CC-001078,2026-09-02 10:55:48,SKU-01829,F-07-05-02,4,4,0,NORMAL
CC-000980,2026-09-02 10:56:24,SKU-00316,A-07-03-02,27,27,0,NORMAL
CC-001977,2026-09-02 10:56:34,SKU-01872,C-06-04-02,16,16,0,NORMAL
CC-001840,2026-09-02 10:57:57,SKU-01405,E-01-03-02,23,23,0,NORMAL
CC-000282,2026-09-02 10:58:47,SKU-00189,D-10-02-02,23,28,-5,NORMAL
CC-001982,2026-09-02 10:59:03,SKU-01620,C-07-04-02,3,3,0,NORMAL
CC-001799,2026-09-02 11:01:12,SKU-00482,D-06-05-02,20,20,0,NORMAL
CC-000347,2026-09-02 11:01:17,SKU-01114,E-10-03-02,11,11,0,NORMAL
CC-000760,2026-09-02 11:04:19,SKU-01236,C-08-02-02,27,27,0,NORMAL
CC-002491,2026-09-02 11:06:04,SKU-00758,E-01-05-01,15,15,0,NORMAL
CC-000660,2026-09-02 11:06:14,SKU-00758,E-01-05-01,15,15,0,NORMAL
CC-000145,2026-09-02 11:06:23,SKU-00235,C-05-03-01,12,11,1,NORMAL
CC-000674,2026-09-02 11:06:43,SKU-00786,A-08-01-01,11,11,0,NORMAL
CC-001901,2026-09-02 11:10:01,SKU-00729,E-05-05-01,15,15,0,NORMAL
CC-000902,2026-09-02 11:10:08,SKU-00562,F-10-05-02,9,9,0,NORMAL
CC-002113,2026-09-02 11:12:21,SKU-01595,B-06-01-02,1,1,0,NORMAL
CC-000483,2026-09-02 11:13:40,SKU-01802,B-07-01-01,17,17,0,NORMAL
CC-001696,2026-09-02 11:16:40,SKU-00778,C-06-02-01,8,8,0,NORMAL
CC-001283,2026-09-02 11:18:28,SKU-01489,C-04-03-01,19,19,0,NORMAL
CC-001135,2026-09-02 11:18:37,SKU-00084,C-07-01-02,18,18,0,NORMAL
CC-000701,2026-09-02 11:20:07,SKU-00327,B-09-03-01,9,9,0,NORMAL
CC-001001,2026-09-02 11:21:21,SKU-00167,F-04-04-01,10,10,0,NORMAL
CC-000882,2026-09-02 11:22:08,SKU-00860,B-05-05-02,2,2,0,NORMAL
CC-000256,2026-09-02 11:23:48,SKU-01266,A-06-05-01,27,27,0,NORMAL
CC-002361,2026-09-02 11:25:39,SKU-00325,B-01-05-01,26,26,0,NORMAL
CC-002151,2026-09-02 11:25:48,SKU-00699,A-08-02-01,18,18,0,NORMAL
CC-000039,2026-09-02 11:25:56,SKU-01438,B-09-01-01,29,29,0,NORMAL
CC-001766,2026-09-02 11:28:33,SKU-01413,D-08-04-01,30,27,3,NORMAL
CC-001744,2026-09-02 11:29:47,SKU-00978,B-04-04-02,28,28,0,NORMAL
CC-000675,2026-09-02 11:30:02,SKU-01238,A-10-04-01,13,13,0,NORMAL
CC-000907,2026-09-02 11:30:34,SKU-00158,D-01-03-02,25,25,0,NORMAL
CC-000446,2026-09-02 11:30:58,SKU-00365,E-06-02-01,2,2,0,NORMAL
CC-001832,2026-09-02 11:31:32,SKU-01300,E-07-05-02,21,21,0,NORMAL
CC-000952,2026-09-02 11:31:33,SKU-01441,D-06-04-02,29,29,0,NORMAL
CC-002332,2026-09-02 11:32:31,SKU-01395,F-06-02-02,20,20,0,NORMAL
CC-001240,2026-09-02 11:33:08,SKU-00637,E-01-02-02,8,8,0,NORMAL
CC-001806,2026-09-02 11:33:52,SKU-01189,D-03-04-02,19,19,0,NORMAL
CC-001919,2026-09-02 11:34:25,SKU-01913,D-05-03-01,3,3,0,NORMAL
CC-001310,2026-09-02 11:35:32,SKU-01242,B-05-02-01,21,21,0,NORMAL
CC-001838,2026-09-02 11:38:36,SKU-01089,A-02-01-02,16,16,0,NORMAL
CC-000466,2026-09-02 11:40:15,SKU-01847,D-06-03-01,19,19,0,NORMAL
CC-002059,2026-09-02 11:40:32,SKU-00280,F-04-05-02,18,18,0,NORMAL
CC-001623,2026-09-02 11:41:12,SKU-00924,F-05-02-02,5,5,0,NORMAL
CC-002057,2026-09-02 11:41:27,SKU-01326,B-05-05-01,19,19,0,NORMAL
CC-002278,2026-09-02 11:43:40,SKU-01334,F-04-03-02,1,1,0,NORMAL
CC-000963,2026-09-02 11:44:36,SKU-01878,A-02-05-02,16,18,-2,NORMAL
CC-002433,2026-09-02 11:44:52,SKU-00610,A-02-02-02,4,4,0,NORMAL
CC-001575,2026-09-02 11:45:49,SKU-00448,C-08-05-01,1,1,0,NORMAL
CC-000343,2026-09-02 11:47:15,SKU-00231,E-01-03-01,6,6,0,NORMAL
CC-001459,2026-09-02 11:47:49,SKU-00967,D-02-04-01,10,10,0,NORMAL
CC-001844,2026-09-02 11:48:22,SKU-01545,B-06-04-01,14,14,0,NORMAL
CC-001585,2026-09-02 11:48:39,SKU-01183,A-04-05-01,18,18,0,NORMAL
CC-001427,2026-09-02 11:49:13,SKU-00772,D-08-01-01,18,18,0,NORMAL
CC-001000,2026-09-02 11:50:24,SKU-00039,F-07-02-02,11,11,0,NORMAL
CC-002209,2026-09-02 11:52:24,SKU-00793,B-06-05-02,15,15,0,NORMAL
CC-001123,2026-09-02 11:53:44,SKU-00374,A-01-03-01,21,21,0,NORMAL
CC-001510,2026-09-02 11:55:02,SKU-00898,B-09-02-02,25,25,0,NORMAL
CC-000131,2026-09-02 11:55:15,SKU-01163,C-05-03-01,16,16,0,NORMAL
CC-002020,2026-09-02 11:59:48,SKU-01857,A-10-02-01,19,19,0,NORMAL
CC-001366,2026-09-02 12:00:08,SKU-01563,D-01-01-01,23,23,0,NORMAL
CC-000254,2026-09-02 12:02:41,SKU-01129,F-08-02-01,14,14,0,NORMAL
CC-001619,2026-09-02 12:05:34,SKU-00508,F-07-01-01,2,2,0,NORMAL
CC-000508,2026-09-02 12:05:51,SKU-00357,C-05-01-02,17,22,-5,NORMAL
CC-001948,2026-09-02 12:07:19,SKU-01446,C-06-02-02,8,8,0,NORMAL
CC-001718,2026-09-02 12:07:20,SKU-01074,D-06-01-01,15,15,0,NORMAL
CC-000374,2026-09-02 12:07:51,SKU-00832,D-07-04-02,9,9,0,NORMAL
CC-001634,2026-09-02 12:08:02,SKU-01301,F-09-04-01,10,10,0,NORMAL
CC-002420,2026-09-02 12:09:46,SKU-00761,F-05-05-01,5,5,0,NORMAL
CC-000127,2026-09-02 12:10:40,SKU-00200,A-09-02-02,5,5,0,NORMAL
CC-000335,2026-09-02 12:10:53,SKU-01596,E-07-04-01,13,13,0,NORMAL
CC-000886,2026-09-02 12:12:57,SKU-01985,E-10-01-01,14,14,0,NORMAL
CC-000093,2026-09-02 12:15:05,SKU-01646,F-05-03-02,4,4,0,NORMAL
CC-002058,2026-09-02 12:15:19,SKU-00170,F-04-05-01,14,14,0,NORMAL
CC-000671,2026-09-02 12:15:54,SKU-00452,F-06-02-02,6,6,0,NORMAL
CC-000101,2026-09-02 12:17:14,SKU-00750,F-02-05-02,28,26,2,NORMAL
CC-000620,2026-09-02 12:17:59,SKU-01480,B-03-04-01,3,6,-3,NORMAL
CC-000767,2026-09-02 12:18:52,SKU-01601,B-10-04-01,22,22,0,NORMAL
CC-000107,2026-09-02 12:23:03,SKU-01000,B-06-02-01,13,13,0,NORMAL
CC-002270,2026-09-02 12:24:25,SKU-01215,F-03-01-02,17,17,0,NORMAL
CC-002231,2026-09-02 12:25:22,SKU-01566,E-09-01-01,25,25,0,NORMAL
CC-002028,2026-09-02 12:27:46,SKU-01939,C-02-02-02,31,29,2,NORMAL
CC-000014,2026-09-02 12:28:23,SKU-00220,D-04-05-02,3,3,0,NORMAL
CC-000884,2026-09-02 12:32:58,SKU-01814,E-02-02-01,26,26,0,NORMAL
CC-001185,2026-09-02 12:33:24,SKU-00888,B-07-05-01,26,26,0,NORMAL
CC-001279,2026-09-02 12:33:35,SKU-00473,B-06-01-01,4,4,0,NORMAL
CC-001490,2026-09-02 12:34:25,SKU-00024,B-05-04-01,4,4,0,NORMAL
CC-000914,2026-09-02 12:35:22,SKU-00046,F-03-02-02,5,5,0,NORMAL
CC-001181,2026-09-02 12:39:50,SKU-01655,A-09-05-02,20,22,-2,NORMAL
CC-001567,2026-09-02 12:40:19,SKU-00883,F-01-05-01,25,25,0,NORMAL
CC-000929,2026-09-02 12:40:57,SKU-00183,B-04-03-02,23,23,0,NORMAL
CC-000861,2026-09-02 12:41:11,SKU-01669,A-08-02-02,9,9,0,NORMAL
CC-000308,2026-09-02 12:42:12,SKU-00780,E-10-04-01,16,16,0,NORMAL
CC-001591,2026-09-02 12:42:31,SKU-01838,D-02-01-01,15,15,0,NORMAL
CC-000543,2026-09-02 12:44:07,SKU-00584,B-02-01-02,9,9,0,NORMAL
CC-001346,2026-09-02 12:44:19,SKU-01010,F-02-01-02,7,7,0,NORMAL
CC-001156,2026-09-02 12:46:33,SKU-01432,C-01-02-02,1,1,0,NORMAL
CC-002345,2026-09-02 12:47:09,SKU-01683,F-06-01-01,27,27,0,NORMAL
CC-001246,2026-09-02 12:48:19,SKU-00503,E-09-02-01,8,6,2,NORMAL
CC-000318,2026-09-02 12:50:24,SKU-00445,D-03-02-01,15,15,0,NORMAL
CC-001380,2026-09-02 12:50:54,SKU-00379,E-05-02-01,1,1,0,NORMAL
CC-000646,2026-09-02 12:51:23,SKU-01516,B-09-01-01,22,22,0,NORMAL
CC-001943,2026-09-02 12:53:54,SKU-01068,F-02-04-01,27,24,3,NORMAL
CC-001443,2026-09-02 12:54:01,SKU-01485,F-07-05-01,29,29,0,NORMAL
CC-000050,2026-09-02 12:59:07,SKU-01190,C-06-04-02,26,26,0,NORMAL
CC-000207,2026-09-02 12:59:09,SKU-01646,F-05-03-02,4,4,0,NORMAL
CC-001262,2026-09-02 12:59:27,SKU-00826,C-09-05-01,25,25,0,NORMAL
CC-000120,2026-09-02 13:00:02,SKU-01329,D-06-04-01,16,19,-3,NORMAL
CC-002103,2026-09-02 13:01:39,SKU-00550,B-10-05-01,24,24,0,NORMAL
CC-000455,2026-09-02 13:03:27,SKU-00166,C-01-01-02,16,16,0,NORMAL
CC-000104,2026-09-02 13:04:12,SKU-01258,E-08-02-01,28,28,0,NORMAL
CC-000106,2026-09-02 13:04:47,SKU-00393,C-06-01-02,15,15,0,NORMAL
CC-000243,2026-09-02 13:05:47,SKU-00212,D-03-02-02,21,21,0,NORMAL
CC-001834,2026-09-02 13:05:58,SKU-00967,D-02-04-01,10,10,0,NORMAL
CC-001991,2026-09-02 13:06:51,SKU-00350,A-01-04-02,17,17,0,NORMAL
CC-001516,2026-09-02 13:06:59,SKU-01033,A-10-05-02,23,23,0,NORMAL
CC-001417,2026-09-02 13:10:24,SKU-01502,B-01-04-01,29,29,0,NORMAL
CC-000933,2026-09-02 13:11:11,SKU-01982,D-06-02-02,9,9,0,NORMAL
CC-000883,2026-09-02 13:13:51,SKU-00263,A-08-05-02,1,1,0,NORMAL
CC-002162,2026-09-02 13:13:52,SKU-00518,C-05-05-02,21,26,-5,NORMAL
CC-002281,2026-09-02 13:13:58,SKU-01989,F-09-04-01,7,7,0,NORMAL
CC-000464,2026-09-02 13:14:03,SKU-00051,C-03-02-01,23,23,0,NORMAL
CC-000785,2026-09-02 13:14:26,SKU-01163,C-05-03-01,16,16,0,NORMAL
CC-001256,2026-09-02 13:17:01,SKU-00132,E-08-01-01,27,27,0,NORMAL
CC-001990,2026-09-02 13:18:28,SKU-01327,F-05-04-02,26,26,0,NORMAL
CC-001889,2026-09-02 13:22:35,SKU-01437,B-04-04-01,16,16,0,NORMAL
CC-001473,2026-09-02 13:24:35,SKU-01623,B-02-05-02,8,5,3,NORMAL
CC-001568,2026-09-02 13:25:20,SKU-01470,B-03-04-02,8,8,0,NORMAL
CC-000565,2026-09-02 13:25:28,SKU-00195,A-01-01-01,13,14,-1,NORMAL
CC-002229,2026-09-02 13:26:06,SKU-00876,A-02-04-02,29,29,0,NORMAL
CC-002416,2026-09-02 13:26:20,SKU-01982,D-06-02-02,9,9,0,NORMAL
CC-001702,2026-09-02 13:28:56,SKU-01602,D-09-01-02,29,29,0,NORMAL
CC-002316,2026-09-02 13:30:25,SKU-00750,F-02-05-02,26,26,0,NORMAL
CC-001097,2026-09-02 13:30:51,SKU-00110,B-10-03-01,30,30,0,NORMAL
CC-001935,2026-09-02 13:33:10,SKU-00461,A-08-01-01,7,7,0,NORMAL
CC-001370,2026-09-02 13:33:13,SKU-01603,C-09-05-02,26,26,0,NORMAL
CC-000515,2026-09-02 13:35:34,SKU-01678,F-08-01-01,25,24,1,NORMAL
CC-002141,2026-09-02 13:35:54,SKU-01037,E-05-01-01,9,9,0,NORMAL
CC-000682,2026-09-02 13:35:59,SKU-01006,B-04-01-02,9,9,0,NORMAL
CC-000472,2026-09-02 13:36:37,SKU-01862,B-05-04-02,21,26,-5,NORMAL
CC-001906,2026-09-02 13:37:45,SKU-00149,B-03-03-01,27,27,0,NORMAL
CC-000485,2026-09-02 13:37:58,SKU-01591,B-05-05-01,16,16,0,NORMAL
CC-001682,2026-09-02 13:38:05,SKU-00624,C-08-02-02,29,29,0,NORMAL
CC-001461,2026-09-02 13:39:08,SKU-00615,F-03-04-01,21,21,0,NORMAL
CC-000311,2026-09-02 13:39:13,SKU-00633,F-08-02-01,22,22,0,NORMAL
CC-002248,2026-09-02 13:39:18,SKU-01871,C-03-01-02,18,18,0,NORMAL
CC-001143,2026-09-02 13:40:30,SKU-00308,D-03-02-01,27,27,0,NORMAL
CC-000365,2026-09-02 13:40:49,SKU-00364,C-02-01-01,17,17,0,NORMAL
CC-002302,2026-09-02 13:41:38,SKU-01729,E-07-05-02,7,7,0,NORMAL
CC-000295,2026-09-02 13:41:45,SKU-01180,D-08-04-01,1,1,0,NORMAL
CC-000629,2026-09-02 13:42:33,SKU-01463,F-01-01-01,21,21,0,NORMAL
CC-001218,2026-09-02 13:42:40,SKU-01675,C-02-03-01,3,3,0,NORMAL
CC-002343,2026-09-02 13:44:33,SKU-00348,E-07-02-01,29,29,0,NORMAL
CC-001093,2026-09-02 13:45:20,SKU-01404,E-08-04-02,9,9,0,NORMAL
CC-001671,2026-09-02 13:45:48,SKU-01325,E-06-04-01,7,7,0,NORMAL
CC-001584,2026-09-02 13:46:19,SKU-00896,D-07-04-02,5,5,0,NORMAL
CC-001853,2026-09-02 13:47:52,SKU-00091,F-05-04-02,18,18,0,NORMAL
CC-002443,2026-09-02 13:51:01,SKU-01735,D-05-05-02,23,23,0,NORMAL
CC-000169,2026-09-02 13:52:02,SKU-01975,E-04-01-01,20,20,0,NORMAL
CC-000278,2026-09-02 13:54:45,SKU-01387,E-02-05-01,17,17,0,NORMAL
CC-001396,2026-09-02 13:56:14,SKU-00880,B-10-03-02,23,23,0,NORMAL
CC-002318,2026-09-02 13:56:48,SKU-01874,B-04-05-01,9,9,0,NORMAL
CC-000558,2026-09-02 14:01:43,SKU-01677,F-05-04-02,28,28,0,NORMAL
CC-000336,2026-09-02 14:02:15,SKU-00367,D-05-04-01,28,28,0,NORMAL
CC-000294,2026-09-02 14:02:49,SKU-00008,E-06-03-02,19,19,0,NORMAL
CC-000653,2026-09-02 14:04:11,SKU-01873,A-08-03-02,13,14,-1,NORMAL
CC-001255,2026-09-02 14:05:12,SKU-00553,B-02-03-02,4,4,0,NORMAL
CC-001677,2026-09-02 14:06:36,SKU-00676,A-06-05-01,8,8,0,NORMAL
CC-001231,2026-09-02 14:09:14,SKU-00110,B-10-03-01,30,30,0,NORMAL
CC-000895,2026-09-02 14:13:43,SKU-01353,A-03-05-01,3,3,0,NORMAL
CC-000484,2026-09-02 14:13:55,SKU-00152,A-08-01-02,12,10,2,NORMAL
CC-000337,2026-09-02 14:14:09,SKU-00817,F-02-05-01,19,19,0,NORMAL
CC-001695,2026-09-02 14:14:19,SKU-00769,A-02-04-01,20,20,0,NORMAL
CC-002213,2026-09-02 14:15:18,SKU-00300,A-03-01-02,11,11,0,NORMAL
CC-000449,2026-09-02 14:15:28,SKU-01917,A-05-03-01,18,18,0,NORMAL
CC-002185,2026-09-02 14:15:46,SKU-00225,A-02-02-02,23,23,0,NORMAL
CC-000719,2026-09-02 14:16:46,SKU-00048,A-09-04-02,17,17,0,NORMAL
CC-000405,2026-09-02 14:17:11,SKU-00822,F-04-01-01,6,6,0,NORMAL
CC-001855,2026-09-02 14:17:40,SKU-00857,D-02-04-01,21,21,0,NORMAL
CC-001223,2026-09-02 14:18:45,SKU-00474,D-04-03-01,7,7,0,NORMAL
CC-002493,2026-09-02 14:20:15,SKU-01255,C-09-02-02,30,30,0,NORMAL
CC-002393,2026-09-02 14:20:47,SKU-00332,B-05-02-02,10,10,0,NORMAL
CC-000708,2026-09-02 14:21:08,SKU-01758,A-10-05-02,9,9,0,NORMAL
CC-001953,2026-09-02 14:22:42,SKU-01630,B-08-04-01,2,2,0,NORMAL
CC-001442,2026-09-02 14:25:38,SKU-00756,C-01-02-01,20,20,0,NORMAL
CC-002446,2026-09-02 14:26:24,SKU-00527,D-08-04-01,25,25,0,NORMAL
CC-002466,2026-09-02 14:26:32,SKU-01246,E-03-03-01,6,6,0,NORMAL
CC-001136,2026-09-02 14:27:59,SKU-00770,F-10-02-02,12,12,0,NORMAL
CC-000761,2026-09-02 14:29:17,SKU-00180,A-07-02-02,19,19,0,NORMAL
CC-002311,2026-09-02 14:29:50,SKU-01429,D-07-02-01,26,26,0,NORMAL
CC-001091,2026-09-02 14:31:36,SKU-01180,D-08-04-01,1,1,0,NORMAL
CC-000099,2026-09-02 14:34:23,SKU-01029,F-06-01-01,26,26,0,NORMAL
CC-000828,2026-09-02 14:34:46,SKU-01400,B-07-03-02,33,30,3,NORMAL
CC-001205,2026-09-02 14:36:09,SKU-00050,B-08-04-01,11,11,0,NORMAL
CC-000076,2026-09-02 14:37:35,SKU-01603,C-09-05-02,26,26,0,NORMAL
CC-002405,2026-09-02 14:38:50,SKU-01113,C-10-02-02,20,20,0,NORMAL
CC-001330,2026-09-02 14:42:18,SKU-01101,E-09-02-01,2,2,0,NORMAL
CC-000313,2026-09-02 14:43:34,SKU-00565,B-10-03-02,22,19,3,NORMAL
CC-001089,2026-09-02 14:43:40,SKU-01800,B-04-01-02,14,14,0,NORMAL
CC-000434,2026-09-02 14:45:05,SKU-01907,C-08-02-01,25,25,0,NORMAL
CC-001895,2026-09-02 14:45:17,SKU-00048,A-09-04-02,17,17,0,NORMAL
CC-000429,2026-09-02 14:45:33,SKU-01079,F-01-03-02,7,7,0,NORMAL
CC-001586,2026-09-02 14:47:24,SKU-01925,A-03-04-02,4,4,0,NORMAL
CC-000522,2026-09-02 14:48:06,SKU-01346,B-09-05-01,14,14,0,NORMAL
CC-001955,2026-09-02 14:49:14,SKU-01612,A-10-02-02,8,8,0,NORMAL
CC-000094,2026-09-02 14:50:30,SKU-00374,A-01-03-01,21,21,0,NORMAL
CC-001107,2026-09-02 14:50:31,SKU-01815,B-05-04-02,17,17,0,NORMAL
CC-000465,2026-09-02 14:50:36,SKU-00674,E-09-02-02,2,2,0,NORMAL
CC-000491,2026-09-02 14:50:42,SKU-00223,C-07-04-02,3,3,0,NORMAL
CC-001296,2026-09-02 14:51:05,SKU-00989,C-04-01-02,30,30,0,NORMAL
CC-002128,2026-09-02 14:52:14,SKU-00727,C-08-04-01,1,1,0,NORMAL
CC-000521,2026-09-02 14:54:26,SKU-00938,F-05-04-02,25,25,0,NORMAL
CC-000832,2026-09-02 14:54:34,SKU-01593,F-10-03-01,22,23,-1,NORMAL
CC-002042,2026-09-02 14:55:00,SKU-00749,B-09-05-01,7,7,0,NORMAL
CC-002155,2026-09-02 14:55:47,SKU-01777,C-07-01-01,3,3,0,NORMAL
CC-000328,2026-09-02 14:56:26,SKU-00095,A-08-05-02,27,27,0,NORMAL
CC-002197,2026-09-02 14:56:51,SKU-01503,B-10-04-01,12,12,0,NORMAL
CC-000684,2026-09-02 14:57:24,SKU-01308,E-04-03-01,7,7,0,NORMAL
CC-001827,2026-09-02 14:57:32,SKU-00971,A-02-03-01,5,5,0,NORMAL
CC-000673,2026-09-02 14:58:34,SKU-00560,A-01-05-01,1,1,0,NORMAL
CC-001534,2026-09-02 14:59:10,SKU-00915,E-01-02-02,6,6,0,NORMAL
CC-000803,2026-09-02 14:59:27,SKU-00855,E-04-05-02,2,2,0,NORMAL
CC-001881,2026-09-02 15:01:19,SKU-01637,D-10-01-02,25,25,0,NORMAL
CC-001179,2026-09-02 15:02:12,SKU-00620,A-10-05-01,22,22,0,NORMAL
CC-001187,2026-09-02 15:02:19,SKU-01110,A-03-04-02,10,10,0,NORMAL
CC-000265,2026-09-02 15:03:02,SKU-00684,C-10-04-02,22,22,0,NORMAL
CC-002330,2026-09-02 15:03:23,SKU-01241,D-06-02-01,11,11,0,NORMAL
CC-002224,2026-09-02 15:04:01,SKU-01639,B-01-03-01,11,11,0,NORMAL
CC-001386,2026-09-02 15:04:12,SKU-01392,C-08-01-02,10,10,0,NORMAL
CC-001419,2026-09-02 15:05:00,SKU-01646,F-05-03-02,4,4,0,NORMAL
CC-002275,2026-09-02 15:05:43,SKU-01764,C-04-05-01,30,30,0,NORMAL
CC-002437,2026-09-02 15:05:50,SKU-01548,A-06-03-02,10,10,0,NORMAL
CC-002146,2026-09-02 15:05:57,SKU-00012,A-03-01-01,15,15,0,NORMAL
CC-001058,2026-09-02 15:07:22,SKU-01160,A-02-05-02,12,12,0,NORMAL
CC-001429,2026-09-02 15:08:04,SKU-00205,A-08-02-02,17,17,0,NORMAL
CC-002017,2026-09-02 15:10:58,SKU-01464,F-03-05-01,10,10,0,NORMAL
CC-000074,2026-09-02 15:11:04,SKU-01655,A-09-05-02,22,22,0,NORMAL
CC-001389,2026-09-02 15:11:27,SKU-01389,B-06-01-01,7,7,0,NORMAL
CC-000997,2026-09-02 15:11:29,SKU-00333,C-10-02-02,24,24,0,NORMAL
CC-001837,2026-09-02 15:13:48,SKU-01814,E-02-02-01,26,26,0,NORMAL
CC-001521,2026-09-02 15:14:14,SKU-00790,A-08-03-01,18,20,-2,NORMAL
CC-000748,2026-09-02 15:14:36,SKU-01996,B-05-01-01,27,27,0,NORMAL
CC-001275,2026-09-02 15:15:12,SKU-00362,C-09-03-01,19,19,0,NORMAL
CC-001219,2026-09-02 15:15:37,SKU-01476,E-08-03-01,10,10,0,NORMAL
CC-000870,2026-09-02 15:16:35,SKU-01932,E-10-05-01,11,11,0,NORMAL
CC-002144,2026-09-02 15:19:40,SKU-00326,C-09-05-01,13,13,0,NORMAL
CC-001276,2026-09-02 15:20:52,SKU-01523,D-03-04-02,7,12,-5,NORMAL
CC-000245,2026-09-02 15:22:30,SKU-01672,D-03-04-01,6,6,0,NORMAL
CC-001785,2026-09-02 15:23:03,SKU-00150,D-05-02-01,11,11,0,NORMAL
CC-002204,2026-09-02 15:23:27,SKU-01621,B-10-04-02,16,16,0,NORMAL
CC-001480,2026-09-02 15:25:06,SKU-01339,C-03-02-02,5,5,0,NORMAL
CC-001872,2026-09-02 15:25:26,SKU-01842,F-08-03-01,13,13,0,NORMAL
CC-001232,2026-09-02 15:26:02,SKU-01993,F-04-01-01,4,2,2,NORMAL
CC-001199,2026-09-02 15:26:08,SKU-00420,D-08-02-02,12,12,0,NORMAL
CC-000142,2026-09-02 15:26:17,SKU-01457,C-03-04-02,23,28,-5,NORMAL
CC-001713,2026-09-02 15:26:50,SKU-01379,A-03-02-01,17,20,-3,NORMAL
CC-000869,2026-09-02 15:26:53,SKU-00945,D-01-03-01,7,7,0,NORMAL
CC-001462,2026-09-02 15:28:10,SKU-00039,F-07-02-02,14,11,3,NORMAL
CC-002253,2026-09-02 15:28:17,SKU-01230,C-10-02-02,18,18,0,NORMAL
CC-001364,2026-09-02 15:28:33,SKU-00480,B-04-04-02,22,22,0,NORMAL
CC-000755,2026-09-02 15:29:52,SKU-00155,F-01-03-02,8,8,0,NORMAL
CC-000965,2026-09-02 15:31:17,SKU-00742,F-05-02-02,17,17,0,NORMAL
CC-000728,2026-09-02 15:34:26,SKU-01663,F-04-01-02,7,7,0,NORMAL
CC-000893,2026-09-02 15:35:22,SKU-01257,A-01-02-01,14,14,0,NORMAL
CC-002022,2026-09-02 15:35:40,SKU-01398,E-02-04-02,16,15,1,NORMAL
CC-001468,2026-09-02 15:36:00,SKU-00314,C-05-04-01,27,27,0,NORMAL
CC-001009,2026-09-02 15:36:10,SKU-01707,C-07-01-02,21,21,0,NORMAL
CC-001033,2026-09-02 15:36:33,SKU-00794,C-02-01-02,7,7,0,NORMAL
CC-001867,2026-09-02 15:38:30,SKU-00094,F-10-04-02,16,16,0,NORMAL
CC-000438,2026-09-02 15:40:55,SKU-01737,E-03-02-01,10,10,0,NORMAL
CC-000394,2026-09-02 15:41:00,SKU-01661,A-10-01-02,6,6,0,NORMAL
CC-001049,2026-09-02 15:41:12,SKU-00450,F-04-04-02,26,26,0,NORMAL
CC-000456,2026-09-02 15:42:52,SKU-00447,E-07-04-02,9,9,0,NORMAL
CC-002400,2026-09-02 15:43:01,SKU-01631,C-10-03-01,4,4,0,NORMAL
CC-000372,2026-09-02 15:45:26,SKU-00028,F-03-01-02,16,16,0,NORMAL
CC-001954,2026-09-02 15:45:36,SKU-01343,F-08-03-02,11,11,0,NORMAL
CC-001999,2026-09-02 15:46:00,SKU-00051,C-03-02-01,23,23,0,NORMAL
CC-000753,2026-09-02 15:46:32,SKU-01217,A-10-01-01,28,26,2,NORMAL
CC-002286,2026-09-02 15:46:55,SKU-01949,E-02-04-01,11,11,0,NORMAL
CC-000415,2026-09-02 15:47:19,SKU-00500,E-02-02-02,19,21,-2,NORMAL
CC-001347,2026-09-02 15:52:19,SKU-00692,C-09-01-01,29,29,0,NORMAL
CC-001549,2026-09-02 15:54:35,SKU-00497,F-07-04-02,25,30,-5,NORMAL
CC-000238,2026-09-02 15:55:19,SKU-01708,F-09-04-01,27,27,0,NORMAL
CC-000400,2026-09-02 15:56:42,SKU-00255,D-04-04-02,15,15,0,NORMAL
CC-000714,2026-09-02 15:58:34,SKU-00512,F-06-05-02,9,9,0,NORMAL
CC-000976,2026-09-02 16:00:24,SKU-00232,C-05-05-01,24,24,0,NORMAL
CC-000654,2026-09-02 16:00:46,SKU-00457,E-03-02-02,9,9,0,NORMAL
CC-001060,2026-09-02 16:00:47,SKU-00957,D-04-01-02,27,27,0,NORMAL
CC-001632,2026-09-02 16:03:01,SKU-00872,C-04-01-01,25,25,0,NORMAL
CC-000881,2026-09-02 16:08:09,SKU-00132,E-08-01-01,27,27,0,NORMAL
CC-002060,2026-09-02 16:08:58,SKU-01249,C-01-04-02,6,3,3,NORMAL
CC-002490,2026-09-02 16:10:28,SKU-01239,E-08-02-01,7,7,0,NORMAL
CC-001176,2026-09-02 16:12:13,SKU-01993,F-04-01-01,2,2,0,NORMAL
CC-000807,2026-09-02 16:14:03,SKU-00843,B-08-02-01,25,25,0,NORMAL
CC-001016,2026-09-02 16:15:17,SKU-01973,D-09-02-01,16,16,0,NORMAL
CC-000386,2026-09-02 16:15:20,SKU-00887,E-10-04-01,2,2,0,NORMAL
CC-002069,2026-09-02 16:15:48,SKU-01150,A-07-03-02,17,17,0,NORMAL
CC-000078,2026-09-02 16:15:53,SKU-00677,A-02-03-02,13,11,2,NORMAL
CC-000008,2026-09-02 16:17:51,SKU-01609,D-07-03-02,5,5,0,NORMAL
CC-002156,2026-09-02 16:18:37,SKU-00944,A-10-05-02,11,11,0,NORMAL
CC-001661,2026-09-02 16:19:14,SKU-00592,D-04-04-02,12,12,0,NORMAL
CC-000802,2026-09-02 16:19:22,SKU-00629,A-03-01-01,20,20,0,NORMAL
CC-001071,2026-09-02 16:19:41,SKU-01380,C-06-05-01,24,24,0,NORMAL
CC-000473,2026-09-02 16:19:48,SKU-01791,C-08-04-01,12,12,0,NORMAL
CC-000666,2026-09-02 16:20:21,SKU-00438,C-08-02-02,5,5,0,NORMAL
CC-001795,2026-09-02 16:23:09,SKU-00636,F-08-03-02,23,20,3,NORMAL
CC-000650,2026-09-02 16:23:38,SKU-01247,F-01-03-02,12,12,0,NORMAL
CC-001476,2026-09-02 16:24:53,SKU-01942,B-08-05-01,3,3,0,NORMAL
CC-001820,2026-09-02 16:25:26,SKU-01131,B-01-01-02,15,15,0,NORMAL
CC-000800,2026-09-02 16:25:48,SKU-00790,A-08-03-01,17,20,-3,NORMAL
CC-002200,2026-09-02 16:25:49,SKU-01009,D-04-02-01,20,20,0,NORMAL
CC-000908,2026-09-02 16:25:52,SKU-01316,C-05-05-01,4,4,0,NORMAL
CC-002474,2026-09-02 16:25:53,SKU-01730,E-10-02-01,3,6,-3,NORMAL
CC-000664,2026-09-02 16:26:55,SKU-00373,A-02-03-02,29,29,0,NORMAL
CC-001308,2026-09-02 16:26:57,SKU-01070,D-09-04-01,14,14,0,NORMAL
CC-000635,2026-09-02 16:29:31,SKU-00368,D-07-03-01,21,21,0,NORMAL
CC-001432,2026-09-02 16:30:45,SKU-01569,D-04-02-01,27,28,-1,NORMAL
CC-001230,2026-09-02 16:31:01,SKU-00721,B-08-03-02,23,23,0,NORMAL
CC-001287,2026-09-02 16:32:53,SKU-00653,A-03-02-02,25,25,0,NORMAL
CC-000670,2026-09-02 16:34:22,SKU-01938,A-09-04-02,14,14,0,NORMAL
CC-000913,2026-09-02 16:34:28,SKU-01647,F-10-05-01,28,28,0,NORMAL
CC-002320,2026-09-02 16:35:01,SKU-00867,B-04-05-02,1,1,0,NORMAL
CC-001707,2026-09-02 16:35:38,SKU-00316,A-07-03-02,27,27,0,NORMAL
CC-002153,2026-09-02 16:35:54,SKU-00575,A-09-03-01,13,13,0,NORMAL
CC-001021,2026-09-02 16:36:53,SKU-01906,A-02-04-01,9,9,0,NORMAL
CC-001229,2026-09-02 16:39:10,SKU-01754,C-10-03-01,23,23,0,NORMAL
CC-001418,2026-09-02 16:39:43,SKU-00392,A-10-04-02,25,25,0,NORMAL
CC-000856,2026-09-02 16:39:48,SKU-01073,A-09-05-01,2,4,-2,NORMAL
CC-000222,2026-09-02 16:39:56,SKU-00621,D-10-01-01,21,21,0,NORMAL
CC-001747,2026-09-02 16:40:19,SKU-01378,F-06-05-02,21,21,0,NORMAL
CC-000421,2026-09-02 16:42:18,SKU-01976,B-01-02-02,8,8,0,NORMAL
CC-002011,2026-09-02 16:43:06,SKU-01928,C-05-03-01,19,19,0,NORMAL
CC-001569,2026-09-02 16:43:46,SKU-00556,B-10-05-01,25,25,0,NORMAL
CC-000461,2026-09-02 16:44:16,SKU-00835,F-10-05-01,1,1,0,NORMAL
CC-002109,2026-09-02 16:44:48,SKU-01393,C-10-05-01,28,28,0,NORMAL
CC-001410,2026-09-02 16:44:49,SKU-00045,D-03-02-02,12,12,0,NORMAL
CC-000081,2026-09-02 16:44:58,SKU-00223,C-07-04-02,3,3,0,NORMAL
CC-000488,2026-09-02 16:46:10,SKU-00604,C-10-02-02,8,5,3,NORMAL
CC-001992,2026-09-02 16:46:32,SKU-00348,E-07-02-01,29,29,0,NORMAL
CC-000325,2026-09-02 16:47:15,SKU-00475,E-06-01-02,29,29,0,NORMAL
CC-001976,2026-09-02 16:48:45,SKU-01558,F-10-04-02,20,20,0,NORMAL
CC-000912,2026-09-02 16:50:24,SKU-01591,B-05-05-01,16,16,0,NORMAL
CC-002216,2026-09-02 16:50:56,SKU-01992,A-04-04-02,27,28,-1,NORMAL
CC-002234,2026-09-02 16:51:25,SKU-01491,E-04-05-01,10,15,-5,NORMAL
CC-000982,2026-09-02 16:52:32,SKU-00816,D-04-02-02,24,24,0,NORMAL
CC-000834,2026-09-02 16:53:00,SKU-01565,F-05-01-02,24,22,2,NORMAL
CC-002377,2026-09-02 16:53:44,SKU-01787,B-02-05-01,2,2,0,NORMAL
CC-000128,2026-09-02 16:54:10,SKU-01609,D-07-03-02,5,5,0,NORMAL
CC-000089,2026-09-02 16:54:24,SKU-00999,E-04-03-01,15,15,0,NORMAL
CC-000391,2026-09-02 16:56:51,SKU-00822,F-04-01-01,6,6,0,NORMAL
CC-001819,2026-09-02 16:59:09,SKU-00172,A-04-03-01,9,9,0,NORMAL
CC-001383,2026-09-02 17:03:36,SKU-01763,E-10-04-01,21,21,0,NORMAL
CC-000263,2026-09-02 17:04:31,SKU-01467,A-07-01-01,4,4,0,NORMAL
CC-001538,2026-09-02 17:06:31,SKU-00787,D-08-03-01,18,18,0,NORMAL
CC-002161,2026-09-02 17:07:14,SKU-00499,F-08-01-01,21,21,0,NORMAL
CC-001812,2026-09-02 17:08:25,SKU-01580,E-09-05-01,8,8,0,NORMAL
CC-002254,2026-09-02 17:09:49,SKU-00132,E-08-01-01,27,27,0,NORMAL
CC-001946,2026-09-02 17:11:46,SKU-00942,B-05-05-01,22,22,0,NORMAL
CC-002049,2026-09-02 17:12:41,SKU-00135,F-04-04-02,19,19,0,NORMAL
CC-001171,2026-09-02 17:15:08,SKU-00739,A-07-02-01,4,4,0,NORMAL
CC-001038,2026-09-02 17:15:47,SKU-00021,D-08-04-02,25,25,0,NORMAL
CC-001899,2026-09-02 17:16:17,SKU-01881,C-01-05-02,11,11,0,NORMAL
CC-000549,2026-09-02 17:16:22,SKU-01056,E-07-02-01,7,7,0,NORMAL
CC-001904,2026-09-02 17:16:32,SKU-00312,C-01-01-01,12,12,0,NORMAL
CC-002167,2026-09-02 17:16:45,SKU-01708,F-09-04-01,27,27,0,NORMAL
CC-002289,2026-09-02 17:17:10,SKU-01276,A-02-02-02,20,20,0,NORMAL
CC-000082,2026-09-02 17:18:52,SKU-00348,E-07-02-01,29,29,0,NORMAL
CC-002125,2026-09-02 17:19:50,SKU-01115,A-06-02-01,26,26,0,NORMAL
CC-001975,2026-09-02 17:19:57,SKU-00156,E-08-02-01,13,13,0,NORMAL
CC-001132,2026-09-02 17:22:04,SKU-00998,B-10-03-01,1,1,0,NORMAL
CC-000047,2026-09-02 17:22:34,SKU-00208,B-04-02-01,16,19,-3,NORMAL
CC-002379,2026-09-02 17:23:14,SKU-00241,F-01-05-01,12,12,0,NORMAL
CC-000168,2026-09-02 17:24:01,SKU-00258,E-04-03-01,17,17,0,NORMAL
CC-002163,2026-09-02 17:24:50,SKU-00503,E-09-02-01,9,6,3,NORMAL
CC-000605,2026-09-02 17:24:51,SKU-00020,B-04-01-01,20,19,1,NORMAL
CC-001522,2026-09-02 17:25:04,SKU-01206,B-04-01-02,18,18,0,NORMAL
CC-001892,2026-09-02 17:26:29,SKU-01989,F-09-04-01,7,7,0,NORMAL
CC-000525,2026-09-02 17:26:32,SKU-01119,D-02-01-02,21,21,0,NORMAL
CC-001611,2026-09-02 17:27:10,SKU-00218,F-05-05-02,25,25,0,NORMAL
CC-000911,2026-09-02 17:27:41,SKU-01018,E-02-03-01,20,20,0,NORMAL
CC-000811,2026-09-02 17:29:19,SKU-01753,A-06-02-01,10,10,0,NORMAL
CC-000865,2026-09-02 17:29:48,SKU-01090,C-03-05-02,23,23,0,NORMAL
CC-001312,2026-09-02 17:30:40,SKU-01300,E-07-05-02,21,21,0,NORMAL
CC-000691,2026-09-02 17:32:03,SKU-00491,B-06-05-02,12,12,0,NORMAL
CC-001269,2026-09-02 17:38:28,SKU-00069,F-06-01-02,10,10,0,NORMAL
CC-001852,2026-09-02 17:41:29,SKU-00138,F-01-03-01,23,23,0,NORMAL
CC-000141,2026-09-02 17:41:45,SKU-00082,C-03-05-01,27,30,-3,NORMAL
CC-001434,2026-09-02 17:45:37,SKU-00721,B-08-03-02,23,23,0,NORMAL
CC-001706,2026-09-02 17:45:59,SKU-00250,B-04-05-02,8,8,0,NORMAL
CC-002181,2026-09-02 17:49:52,SKU-00043,D-10-03-02,23,23,0,NORMAL
CC-001160,2026-09-02 17:50:19,SKU-01468,A-06-04-01,4,4,0,NORMAL
CC-001643,2026-09-02 17:50:42,SKU-00948,E-03-02-02,12,12,0,NORMAL
CC-002376,2026-09-02 17:51:01,SKU-00522,F-07-05-02,1,1,0,NORMAL
CC-000618,2026-09-02 17:52:36,SKU-01713,B-01-05-01,16,16,0,NORMAL
CC-000554,2026-09-02 17:55:40,SKU-00472,B-06-02-02,9,10,-1,NORMAL
CC-002255,2026-09-02 17:55:41,SKU-01133,F-01-03-02,6,6,0,NORMAL
CC-001433,2026-09-02 17:58:25,SKU-00454,D-10-04-01,10,10,0,NORMAL
CC-001077,2026-09-02 17:58:38,SKU-00087,F-02-03-01,25,25,0,NORMAL
CC-000705,2026-09-02 17:59:09,SKU-01168,D-10-05-01,6,6,0,NORMAL
CC-000306,2026-09-02 18:02:13,SKU-00302,F-10-05-01,29,29,0,NORMAL
CC-000342,2026-09-02 18:03:28,SKU-00365,E-06-02-01,2,2,0,NORMAL
CC-000036,2026-09-02 18:04:33,SKU-01247,F-01-03-02,12,12,0,NORMAL
CC-001519,2026-09-02 18:05:14,SKU-00507,A-03-02-02,8,8,0,NORMAL
CC-000468,2026-09-02 18:06:49,SKU-00383,B-03-03-01,14,14,0,NORMAL
CC-002083,2026-09-02 18:06:56,SKU-00144,C-08-01-02,22,22,0,NORMAL
CC-000098,2026-09-02 18:10:45,SKU-00086,D-10-03-02,17,17,0,NORMAL
CC-002432,2026-09-02 18:11:37,SKU-00840,C-01-01-01,29,29,0,NORMAL
CC-000355,2026-09-02 18:13:44,SKU-00492,F-01-05-01,17,17,0,NORMAL
CC-001735,2026-09-02 18:13:56,SKU-00072,F-05-02-01,2,2,0,NORMAL
CC-001652,2026-09-02 18:14:36,SKU-00643,B-10-03-01,18,18,0,NORMAL
CC-000763,2026-09-02 18:15:54,SKU-00936,D-05-04-02,12,12,0,NORMAL
CC-001059,2026-09-02 18:17:25,SKU-00003,A-05-05-01,5,2,3,NORMAL
CC-000850,2026-09-02 18:21:21,SKU-01727,C-03-02-01,24,24,0,NORMAL
CC-002423,2026-09-02 18:22:24,SKU-00657,A-09-02-02,24,24,0,NORMAL
CC-000079,2026-09-02 18:23:02,SKU-01734,E-01-05-01,5,5,0,NORMAL
CC-002025,2026-09-02 18:23:53,SKU-01969,F-02-03-02,5,5,0,NORMAL
CC-000049,2026-09-02 18:25:22,SKU-01067,E-05-03-02,26,26,0,NORMAL
CC-001741,2026-09-02 18:26:11,SKU-00045,D-03-02-02,12,12,0,NORMAL
CC-000029,2026-09-02 18:26:36,SKU-00780,E-10-04-01,16,16,0,NORMAL
CC-000215,2026-09-02 18:27:55,SKU-01297,E-01-04-01,26,26,0,NORMAL
CC-000302,2026-09-02 18:30:18,SKU-01902,D-08-02-02,24,24,0,NORMAL
CC-001178,2026-09-02 18:31:17,SKU-00319,E-10-01-02,6,6,0,NORMAL
CC-002191,2026-09-02 18:31:19,SKU-00934,B-08-02-01,8,8,0,NORMAL
CC-001400,2026-09-02 18:33:23,SKU-00190,E-07-05-02,27,27,0,NORMAL
CC-001063,2026-09-02 18:35:56,SKU-01981,F-06-03-02,7,7,0,NORMAL
CC-000941,2026-09-02 18:35:57,SKU-01916,B-03-02-02,21,21,0,NORMAL
CC-000072,2026-09-02 18:37:38,SKU-00780,E-10-04-01,16,16,0,NORMAL
CC-001404,2026-09-02 18:38:27,SKU-01538,D-08-03-01,14,14,0,NORMAL
CC-000043,2026-09-02 18:39:04,SKU-00018,D-03-04-01,25,25,0,NORMAL
CC-001045,2026-09-02 18:39:18,SKU-00785,C-07-04-01,18,18,0,NORMAL
CC-000768,2026-09-02 18:43:46,SKU-01193,D-10-04-01,15,15,0,NORMAL
CC-002342,2026-09-02 18:43:53,SKU-00045,D-03-02-02,12,12,0,NORMAL
CC-001847,2026-09-02 18:44:28,SKU-01816,F-02-02-02,12,12,0,NORMAL
CC-001082,2026-09-02 18:44:38,SKU-00089,A-02-04-02,9,9,0,NORMAL
CC-001761,2026-09-02 18:44:53,SKU-00021,D-08-04-02,22,25,-3,NORMAL
CC-001406,2026-09-02 18:45:25,SKU-01534,E-07-01-01,16,16,0,NORMAL
CC-001318,2026-09-02 18:47:36,SKU-00911,E-03-02-01,29,29,0,NORMAL
CC-002259,2026-09-02 18:48:36,SKU-00797,D-03-02-01,2,2,0,NORMAL
CC-000835,2026-09-02 18:49:29,SKU-01917,A-05-03-01,18,18,0,NORMAL
CC-001582,2026-09-02 18:51:11,SKU-00121,E-09-04-02,9,12,-3,NORMAL
CC-001666,2026-09-02 18:52:19,SKU-00773,F-02-04-01,29,29,0,NORMAL
CC-000548,2026-09-02 18:52:43,SKU-00372,E-03-01-01,1,1,0,NORMAL
CC-001053,2026-09-02 18:53:15,SKU-00139,E-05-04-02,22,22,0,NORMAL
CC-001015,2026-09-02 18:54:01,SKU-01824,A-07-03-02,1,4,-3,NORMAL
CC-001802,2026-09-02 18:55:18,SKU-00518,C-05-05-02,26,26,0,NORMAL
CC-000045,2026-09-02 18:56:35,SKU-01389,B-06-01-01,7,7,0,NORMAL
CC-001436,2026-09-02 18:56:53,SKU-01001,A-07-05-02,12,12,0,NORMAL
CC-002277,2026-09-02 18:57:45,SKU-01697,A-03-04-02,5,5,0,NORMAL
CC-001146,2026-09-02 18:59:17,SKU-00363,A-06-04-02,28,28,0,NORMAL
CC-001882,2026-09-02 19:01:43,SKU-01986,B-02-05-01,20,20,0,NORMAL
CC-000979,2026-09-02 19:02:08,SKU-01851,B-09-04-01,24,24,0,NORMAL
CC-001134,2026-09-02 19:02:17,SKU-01703,B-07-05-02,11,11,0,NORMAL
CC-002037,2026-09-02 19:02:18,SKU-01135,E-10-04-02,25,25,0,NORMAL
CC-001291,2026-09-02 19:03:48,SKU-00689,C-08-01-01,30,30,0,NORMAL
CC-000614,2026-09-02 19:04:07,SKU-00962,F-03-04-01,19,19,0,NORMAL
CC-001451,2026-09-02 19:05:52,SKU-00886,E-01-01-01,10,10,0,NORMAL
CC-001307,2026-09-02 19:06:58,SKU-01037,E-05-01-01,6,9,-3,NORMAL
CC-002143,2026-09-02 19:07:38,SKU-01348,A-05-04-01,8,8,0,NORMAL
CC-000640,2026-09-02 19:08:08,SKU-00035,F-06-02-01,15,15,0,NORMAL
CC-000574,2026-09-02 19:14:13,SKU-01168,D-10-05-01,6,6,0,NORMAL
CC-000999,2026-09-02 19:16:33,SKU-01824,A-07-03-02,3,4,-1,NORMAL
CC-001873,2026-09-02 19:17:24,SKU-00297,F-04-05-02,29,29,0,NORMAL
CC-001579,2026-09-02 19:20:43,SKU-00243,E-05-05-01,1,1,0,NORMAL
CC-001672,2026-09-02 19:22:33,SKU-01113,C-10-02-02,21,20,1,NORMAL
CC-001644,2026-09-02 19:24:36,SKU-00674,E-09-02-02,2,2,0,NORMAL
CC-001108,2026-09-02 19:25:39,SKU-01793,C-10-03-01,22,22,0,NORMAL
CC-000118,2026-09-02 19:26:11,SKU-01507,B-10-05-01,15,15,0,NORMAL
CC-001302,2026-09-02 19:26:37,SKU-01688,B-01-04-01,3,3,0,NORMAL
CC-001699,2026-09-02 19:29:36,SKU-00083,C-07-03-02,21,23,-2,NORMAL
CC-000657,2026-09-02 19:30:06,SKU-01721,B-05-04-02,8,8,0,NORMAL
CC-000121,2026-09-02 19:35:19,SKU-00922,F-01-01-01,3,3,0,NORMAL
CC-001581,2026-09-02 19:35:55,SKU-01785,A-09-02-01,6,6,0,NORMAL
CC-001384,2026-09-02 19:36:39,SKU-01923,E-05-04-01,29,29,0,NORMAL
CC-001871,2026-09-02 19:36:41,SKU-00853,A-01-02-02,12,13,-1,NORMAL
CC-000750,2026-09-02 19:36:47,SKU-00664,A-06-03-01,22,22,0,NORMAL
CC-001405,2026-09-02 19:37:33,SKU-00468,A-08-04-02,7,12,-5,NORMAL
CC-002226,2026-09-02 19:39:45,SKU-00234,B-10-03-01,30,30,0,NORMAL
CC-000685,2026-09-02 19:40:16,SKU-01061,A-03-02-01,21,21,0,NORMAL
CC-000376,2026-09-02 19:41:00,SKU-01717,D-08-03-02,12,12,0,NORMAL
CC-001116,2026-09-02 19:42:20,SKU-01312,F-02-02-01,14,14,0,NORMAL
CC-001709,2026-09-02 19:47:08,SKU-00231,E-01-03-01,6,6,0,NORMAL
CC-001080,2026-09-02 19:47:08,SKU-00969,D-05-04-01,27,27,0,NORMAL
CC-000315,2026-09-02 19:50:07,SKU-01798,C-09-05-02,30,30,0,NORMAL
CC-000137,2026-09-02 19:50:44,SKU-01551,D-02-02-01,16,16,0,NORMAL
CC-000124,2026-09-02 19:56:12,SKU-00422,E-05-05-01,4,4,0,NORMAL
CC-000517,2026-09-02 19:57:35,SKU-01461,F-08-04-02,24,24,0,NORMAL
CC-002408,2026-09-02 19:57:41,SKU-00292,F-05-02-02,5,5,0,NORMAL
CC-002455,2026-09-02 19:58:09,SKU-00324,B-03-01-02,14,14,0,NORMAL
CC-001165,2026-09-02 19:58:35,SKU-00446,B-09-03-02,24,24,0,NORMAL
CC-001650,2026-09-02 19:59:13,SKU-00080,C-01-02-02,26,26,0,NORMAL
CC-002104,2026-09-02 20:00:26,SKU-00142,F-09-03-02,17,17,0,NORMAL
CC-001144,2026-09-02 20:00:30,SKU-00233,C-07-04-02,2,2,0,NORMAL
CC-001733,2026-09-02 20:05:51,SKU-00862,F-09-03-01,27,27,0,NORMAL
CC-000505,2026-09-02 20:09:22,SKU-01338,F-09-04-02,14,14,0,NORMAL
CC-001454,2026-09-02 20:10:27,SKU-01217,A-10-01-01,26,26,0,NORMAL
CC-000312,2026-09-02 20:10:49,SKU-01867,A-08-05-02,18,18,0,NORMAL
CC-001789,2026-09-02 20:13:16,SKU-00425,B-04-02-01,25,25,0,NORMAL
CC-001359,2026-09-02 20:13:54,SKU-00749,B-09-05-01,7,7,0,NORMAL
CC-000119,2026-09-02 20:15:25,SKU-00716,F-01-03-01,6,6,0,NORMAL
CC-002372,2026-09-02 20:15:51,SKU-01087,D-02-04-02,9,9,0,NORMAL
CC-000208,2026-09-02 20:15:54,SKU-01894,C-06-03-02,23,23,0,NORMAL
CC-001663,2026-09-02 20:16:24,SKU-00582,B-08-05-01,13,13,0,NORMAL
CC-000779,2026-09-02 20:16:49,SKU-01034,C-10-05-02,3,3,0,NORMAL
CC-001148,2026-09-02 20:16:53,SKU-02000,E-07-03-01,17,17,0,NORMAL
CC-002273,2026-09-02 20:17:03,SKU-01590,F-10-02-02,24,24,0,NORMAL
CC-000287,2026-09-02 20:17:39,SKU-01726,B-02-01-01,19,19,0,NORMAL
CC-001285,2026-09-02 20:21:07,SKU-00958,C-05-03-01,1,1,0,NORMAL
CC-001945,2026-09-02 20:22:36,SKU-01153,E-08-04-02,1,1,0,NORMAL
CC-000526,2026-09-02 20:24:17,SKU-01921,E-06-03-01,3,3,0,NORMAL
CC-000720,2026-09-02 20:25:14,SKU-01318,D-04-01-02,24,24,0,NORMAL
CC-001212,2026-09-02 20:28:54,SKU-00617,A-02-04-01,6,6,0,NORMAL
CC-000996,2026-09-02 20:31:18,SKU-00023,F-03-03-01,7,7,0,NORMAL
CC-001360,2026-09-02 20:31:19,SKU-00899,B-09-02-01,19,19,0,NORMAL
CC-002344,2026-09-02 20:32:55,SKU-01087,D-02-04-02,10,9,1,NORMAL
CC-000377,2026-09-02 20:34:26,SKU-01980,E-06-01-01,22,22,0,NORMAL
CC-000793,2026-09-02 20:36:43,SKU-01074,D-06-01-01,18,15,3,NORMAL
CC-000435,2026-09-02 20:37:52,SKU-00649,F-10-04-01,7,7,0,NORMAL
CC-000805,2026-09-02 20:38:38,SKU-01065,A-10-04-02,30,30,0,NORMAL
CC-000462,2026-09-02 20:39:09,SKU-01306,F-05-01-02,16,16,0,NORMAL
CC-001613,2026-09-02 20:39:33,SKU-00482,D-06-05-02,20,20,0,NORMAL
CC-001447,2026-09-02 20:40:05,SKU-01155,F-02-02-02,5,5,0,NORMAL
CC-000164,2026-09-02 20:40:06,SKU-01377,A-08-02-01,11,11,0,NORMAL
CC-001618,2026-09-02 20:42:54,SKU-00441,F-06-05-02,26,26,0,NORMAL
CC-001376,2026-09-02 20:42:59,SKU-00904,F-06-02-01,2,2,0,NORMAL
CC-002381,2026-09-02 20:44:22,SKU-00214,D-10-04-01,30,30,0,NORMAL
CC-001656,2026-09-02 20:45:48,SKU-01725,C-02-02-02,22,22,0,NORMAL
CC-002483,2026-09-02 20:48:42,SKU-00027,B-05-04-01,2,1,1,NORMAL
CC-001539,2026-09-02 20:48:50,SKU-00355,F-05-03-02,10,10,0,NORMAL
CC-000006,2026-09-02 20:50:23,SKU-00150,D-05-02-01,11,11,0,NORMAL
CC-002358,2026-09-02 20:50:27,SKU-00945,D-01-03-01,7,7,0,NORMAL
CC-000503,2026-09-02 20:51:22,SKU-00974,E-06-04-01,15,15,0,NORMAL
CC-000288,2026-09-02 20:51:43,SKU-01021,E-02-04-02,4,4,0,NORMAL
CC-002187,2026-09-02 20:52:06,SKU-01331,C-03-01-02,13,13,0,NORMAL
CC-000889,2026-09-02 20:52:41,SKU-01685,B-03-02-01,30,30,0,NORMAL
CC-001842,2026-09-02 20:54:53,SKU-00239,D-06-05-01,3,3,0,NORMAL
CC-000615,2026-09-02 20:55:10,SKU-01146,C-02-04-02,8,10,-2,NORMAL
CC-000628,2026-09-02 20:58:51,SKU-00787,D-08-03-01,18,18,0,NORMAL
CC-000264,2026-09-02 20:59:18,SKU-01202,F-08-02-01,5,5,0,NORMAL
CC-000271,2026-09-02 20:59:23,SKU-01666,A-07-04-01,30,30,0,NORMAL
CC-001498,2026-09-02 21:02:41,SKU-00571,F-03-01-02,27,27,0,NORMAL
CC-000392,2026-09-02 21:02:56,SKU-00091,F-05-04-02,18,18,0,NORMAL
CC-002471,2026-09-02 21:04:33,SKU-00236,A-09-02-02,19,19,0,NORMAL
CC-000727,2026-09-02 21:05:50,SKU-01626,E-07-02-01,30,30,0,NORMAL
CC-000514,2026-09-02 21:09:53,SKU-01277,F-06-04-02,8,9,-1,NORMAL
CC-000898,2026-09-02 21:11:10,SKU-00098,F-03-05-01,22,22,0,NORMAL
CC-001155,2026-09-02 21:11:23,SKU-01907,C-08-02-01,25,25,0,NORMAL
CC-001828,2026-09-02 21:14:08,SKU-00127,A-07-04-02,6,6,0,NORMAL
CC-000954,2026-09-02 21:14:34,SKU-00570,B-01-04-01,23,23,0,NORMAL
CC-001448,2026-09-02 21:16:55,SKU-00448,C-08-05-01,1,1,0,NORMAL
CC-000447,2026-09-02 21:17:15,SKU-01967,A-04-04-02,21,21,0,NORMAL
CC-001445,2026-09-02 21:19:22,SKU-00182,B-05-03-01,25,25,0,NORMAL
CC-001574,2026-09-02 21:19:35,SKU-01450,E-07-02-01,11,11,0,NORMAL
CC-000769,2026-09-02 21:20:30,SKU-00509,B-08-05-01,9,9,0,NORMAL
CC-001025,2026-09-02 21:20:36,SKU-01849,B-01-02-02,22,22,0,NORMAL
CC-000930,2026-09-02 21:21:01,SKU-00486,F-01-03-02,15,15,0,NORMAL
CC-000810,2026-09-02 21:21:27,SKU-00306,D-03-04-01,8,8,0,NORMAL
CC-000501,2026-09-02 21:23:30,SKU-01764,C-04-05-01,33,30,3,NORMAL
CC-000022,2026-09-02 21:23:31,SKU-01979,E-04-04-01,23,23,0,NORMAL
CC-000105,2026-09-02 21:23:35,SKU-01680,C-04-04-01,24,24,0,NORMAL
CC-002356,2026-09-02 21:23:57,SKU-00330,D-07-05-02,27,27,0,NORMAL
CC-002310,2026-09-02 21:24:33,SKU-01787,B-02-05-01,2,2,0,NORMAL
CC-001884,2026-09-02 21:24:36,SKU-01782,C-07-01-01,6,6,0,NORMAL
CC-001315,2026-09-02 21:25:53,SKU-00633,F-08-02-01,22,22,0,NORMAL
CC-002383,2026-09-02 21:26:27,SKU-00085,F-02-01-02,18,18,0,NORMAL
CC-000840,2026-09-02 21:27:38,SKU-00783,B-02-03-02,11,11,0,NORMAL
CC-000619,2026-09-02 21:27:45,SKU-01395,F-06-02-02,17,20,-3,NORMAL
CC-000702,2026-09-02 21:28:32,SKU-00225,A-02-02-02,23,23,0,NORMAL
CC-001979,2026-09-02 21:29:05,SKU-01718,F-08-01-02,24,24,0,NORMAL
CC-001875,2026-09-02 21:29:44,SKU-01972,A-05-01-01,14,14,0,NORMAL
CC-001753,2026-09-02 21:30:47,SKU-01381,A-07-03-01,5,5,0,NORMAL
CC-001306,2026-09-02 21:31:31,SKU-01779,F-05-02-01,7,7,0,NORMAL
CC-000203,2026-09-02 21:31:55,SKU-00116,F-04-04-02,8,8,0,NORMAL
CC-002130,2026-09-02 21:32:24,SKU-01675,C-02-03-01,3,3,0,NORMAL
CC-001356,2026-09-02 21:32:27,SKU-00659,A-04-05-02,24,24,0,NORMAL
CC-002026,2026-09-02 21:33:34,SKU-00917,C-03-04-01,25,25,0,NORMAL
CC-002469,2026-09-02 21:33:48,SKU-01710,B-02-01-01,4,4,0,NORMAL
CC-002389,2026-09-02 21:34:44,SKU-00576,B-08-05-02,21,21,0,NORMAL
CC-001064,2026-09-02 21:34:55,SKU-00160,B-03-02-01,9,9,0,NORMAL
CC-002406,2026-09-02 21:39:04,SKU-01220,C-09-01-01,3,3,0,NORMAL
CC-000940,2026-09-02 21:39:40,SKU-01246,E-03-03-01,3,6,-3,NORMAL
CC-000540,2026-09-02 21:40:52,SKU-00139,E-05-04-02,22,22,0,NORMAL
CC-000048,2026-09-02 21:42:31,SKU-00415,B-02-01-01,13,13,0,NORMAL
CC-001499,2026-09-02 21:44:00,SKU-01262,C-05-04-01,23,23,0,NORMAL
CC-002123,2026-09-02 21:44:06,SKU-01728,C-10-05-01,27,27,0,NORMAL
CC-000920,2026-09-02 21:44:07,SKU-01039,C-04-01-01,22,22,0,NORMAL
CC-000659,2026-09-02 21:45:50,SKU-00647,D-05-03-02,18,18,0,NORMAL
CC-000350,2026-09-02 21:46:02,SKU-01340,F-03-01-01,6,6,0,NORMAL
CC-001616,2026-09-02 21:48:32,SKU-00529,C-04-01-02,17,17,0,NORMAL
CC-001299,2026-09-02 21:48:39,SKU-01506,E-01-04-02,23,23,0,NORMAL
CC-002264,2026-09-02 21:53:17,SKU-01805,F-04-03-02,5,10,-5,NORMAL
CC-000055,2026-09-02 21:53:30,SKU-01431,E-01-03-02,15,15,0,NORMAL
CC-001883,2026-09-02 21:54:46,SKU-00997,A-08-03-01,29,29,0,NORMAL
CC-000067,2026-09-02 21:55:06,SKU-01296,D-08-01-01,30,30,0,NORMAL
CC-001684,2026-09-02 21:56:27,SKU-00701,E-06-02-01,14,14,0,NORMAL
CC-001355,2026-09-02 21:58:03,SKU-01753,A-06-02-01,10,10,0,NORMAL
CC-001751,2026-09-02 21:59:16,SKU-01962,E-08-02-01,16,16,0,NORMAL
CC-002089,2026-09-02 21:59:22,SKU-00212,D-03-02-02,21,21,0,NORMAL
CC-001374,2026-09-02 22:01:16,SKU-00352,D-01-02-02,23,21,2,NORMAL
CC-001810,2026-09-02 22:01:27,SKU-01062,C-07-01-02,9,9,0,NORMAL
CC-001313,2026-09-02 22:01:39,SKU-01904,F-09-03-02,15,15,0,NORMAL
CC-001630,2026-09-02 22:02:47,SKU-01959,F-04-03-02,22,27,-5,NORMAL
CC-000100,2026-09-02 22:05:10,SKU-00677,A-02-03-02,12,11,1,NORMAL
CC-001518,2026-09-02 22:06:51,SKU-00514,A-02-04-02,5,7,-2,NORMAL
CC-001722,2026-09-02 22:09:08,SKU-01604,B-06-05-02,25,25,0,NORMAL
CC-001437,2026-09-02 22:09:29,SKU-01039,C-04-01-01,22,22,0,NORMAL
CC-000069,2026-09-02 22:10:54,SKU-00047,F-02-04-01,25,25,0,NORMAL
CC-002429,2026-09-02 22:10:59,SKU-01872,C-06-04-02,16,16,0,NORMAL
CC-002434,2026-09-02 22:11:26,SKU-00814,E-10-04-01,19,17,2,NORMAL
CC-000273,2026-09-02 22:14:04,SKU-01868,A-07-01-02,21,18,3,NORMAL
CC-002475,2026-09-02 22:14:10,SKU-01013,D-05-03-02,30,28,2,NORMAL
CC-001607,2026-09-02 22:19:16,SKU-01070,D-09-04-01,14,14,0,NORMAL
CC-001115,2026-09-02 22:19:25,SKU-01206,B-04-01-02,18,18,0,NORMAL
CC-000351,2026-09-02 22:19:47,SKU-00269,F-05-04-01,9,14,-5,NORMAL
CC-000433,2026-09-02 22:20:13,SKU-01637,D-10-01-02,25,25,0,NORMAL
CC-000697,2026-09-02 22:20:41,SKU-01877,A-06-05-02,1,1,0,NORMAL
CC-001163,2026-09-02 22:22:06,SKU-00980,B-03-01-01,3,3,0,NORMAL
CC-002190,2026-09-02 22:22:26,SKU-01050,A-03-01-02,2,2,0,NORMAL
CC-000482,2026-09-02 22:23:04,SKU-01381,A-07-03-01,5,5,0,NORMAL
CC-001257,2026-09-02 22:23:28,SKU-01433,D-10-03-02,27,28,-1,NORMAL
CC-000261,2026-09-02 22:24:20,SKU-00418,D-07-02-02,18,18,0,NORMAL
CC-002041,2026-09-02 22:26:45,SKU-01689,A-02-04-02,20,20,0,NORMAL
CC-001974,2026-09-02 22:28:38,SKU-01052,A-10-04-02,13,13,0,NORMAL
CC-000789,2026-09-02 22:30:07,SKU-00860,B-05-05-02,2,2,0,NORMAL
CC-000686,2026-09-02 22:31:25,SKU-01592,D-04-04-01,11,11,0,NORMAL
CC-002331,2026-09-02 22:31:43,SKU-00973,C-04-04-01,5,5,0,NORMAL
CC-000511,2026-09-02 22:33:13,SKU-00643,B-10-03-01,18,18,0,NORMAL
CC-001995,2026-09-02 22:34:03,SKU-00578,D-08-03-02,8,8,0,NORMAL
CC-001182,2026-09-02 22:34:41,SKU-01271,A-07-01-01,18,18,0,NORMAL
CC-002451,2026-09-02 22:35:17,SKU-01461,F-08-04-02,24,24,0,NORMAL
CC-002211,2026-09-02 22:35:29,SKU-01204,E-07-01-01,2,2,0,NORMAL
CC-001646,2026-09-02 22:36:34,SKU-01582,F-01-02-01,6,6,0,NORMAL
CC-002093,2026-09-02 22:36:42,SKU-00264,B-04-04-02,3,3,0,NORMAL
CC-000756,2026-09-02 22:38:35,SKU-00081,C-03-03-02,28,28,0,NORMAL
CC-001113,2026-09-02 22:40:49,SKU-01551,D-02-02-01,16,16,0,NORMAL
CC-000260,2026-09-02 22:41:13,SKU-00875,B-05-02-01,4,4,0,NORMAL
CC-001430,2026-09-02 22:41:27,SKU-01875,F-05-02-02,17,17,0,NORMAL
CC-001040,2026-09-02 22:41:53,SKU-01680,C-04-04-01,24,24,0,NORMAL
CC-002267,2026-09-02 22:43:05,SKU-01724,F-07-01-01,13,13,0,NORMAL
CC-001552,2026-09-02 22:43:17,SKU-01052,A-10-04-02,13,13,0,NORMAL
CC-001413,2026-09-02 22:44:47,SKU-01866,D-10-02-02,3,3,0,NORMAL
CC-001258,2026-09-02 22:46:33,SKU-01556,B-02-03-01,5,5,0,NORMAL
CC-001289,2026-09-02 22:46:45,SKU-00351,D-03-04-02,20,22,-2,NORMAL
CC-001572,2026-09-02 22:49:22,SKU-01451,B-02-03-02,13,13,0,NORMAL
CC-000454,2026-09-02 22:50:22,SKU-00611,E-09-03-02,7,8,-1,NORMAL
CC-000467,2026-09-02 22:50:43,SKU-01563,D-01-01-01,23,23,0,NORMAL
CC-000696,2026-09-02 22:54:28,SKU-01290,A-02-01-02,3,3,0,NORMAL
CC-001831,2026-09-02 22:55:33,SKU-00381,A-04-05-02,13,13,0,NORMAL
CC-001309,2026-09-02 22:56:55,SKU-01639,B-01-03-01,11,11,0,NORMAL
CC-001102,2026-09-02 22:58:16,SKU-01802,B-07-01-01,17,17,0,NORMAL
CC-002464,2026-09-02 22:58:32,SKU-00862,F-09-03-01,27,27,0,NORMAL
CC-001930,2026-09-02 22:58:52,SKU-00587,A-04-04-01,22,22,0,NORMAL
CC-001590,2026-09-02 22:59:17,SKU-00750,F-02-05-02,26,26,0,NORMAL
CC-001638,2026-09-02 23:02:40,SKU-01950,C-06-02-01,11,10,1,NORMAL
CC-000626,2026-09-02 23:03:04,SKU-01959,F-04-03-02,30,27,3,NORMAL
CC-002468,2026-09-02 23:06:59,SKU-01967,A-04-04-02,21,21,0,NORMAL
CC-000645,2026-09-02 23:07:27,SKU-00301,D-08-03-01,8,6,2,NORMAL
CC-000304,2026-09-02 23:07:54,SKU-01854,D-06-01-02,4,4,0,NORMAL
CC-001815,2026-09-02 23:08:36,SKU-00546,B-03-03-02,9,9,0,NORMAL
CC-002120,2026-09-02 23:08:55,SKU-00249,E-04-02-01,3,3,0,NORMAL
CC-000710,2026-09-02 23:08:58,SKU-00128,F-03-05-02,26,26,0,NORMAL
CC-002444,2026-09-02 23:10:33,SKU-00225,A-02-02-02,23,23,0,NORMAL
CC-000110,2026-09-02 23:13:33,SKU-01757,F-04-04-01,9,9,0,NORMAL
CC-002046,2026-09-02 23:13:54,SKU-00819,D-01-03-01,9,9,0,NORMAL
CC-000071,2026-09-02 23:14:34,SKU-01936,B-04-03-01,28,30,-2,NORMAL
CC-000408,2026-09-02 23:18:16,SKU-01399,F-03-04-01,3,3,0,NORMAL
CC-000224,2026-09-02 23:21:13,SKU-01936,B-04-03-01,30,30,0,NORMAL
CC-000378,2026-09-02 23:22:24,SKU-01873,A-08-03-02,14,14,0,NORMAL
CC-000854,2026-09-02 23:23:52,SKU-00464,A-10-02-02,3,3,0,NORMAL
CC-002386,2026-09-02 23:24:52,SKU-00763,C-03-02-01,24,24,0,NORMAL
CC-001222,2026-09-02 23:25:47,SKU-01116,A-08-03-02,18,18,0,NORMAL
CC-001894,2026-09-02 23:27:09,SKU-01304,B-08-05-02,17,17,0,NORMAL
CC-001435,2026-09-02 23:27:50,SKU-01297,E-01-04-01,26,26,0,NORMAL
CC-002359,2026-09-02 23:31:58,SKU-00413,E-09-04-01,26,26,0,NORMAL
CC-001138,2026-09-02 23:32:06,SKU-00790,A-08-03-01,20,20,0,NORMAL
CC-000223,2026-09-02 23:33:59,SKU-00264,B-04-04-02,1,3,-2,NORMAL
CC-001173,2026-09-02 23:34:08,SKU-01837,F-01-05-01,14,14,0,NORMAL
CC-002135,2026-09-02 23:34:59,SKU-01891,D-08-05-01,31,29,2,NORMAL
CC-000504,2026-09-02 23:37:18,SKU-00647,D-05-03-02,17,18,-1,NORMAL
CC-001936,2026-09-02 23:41:01,SKU-01703,B-07-05-02,11,11,0,NORMAL
CC-001331,2026-09-02 23:41:44,SKU-00609,F-10-03-01,16,16,0,NORMAL
CC-001137,2026-09-02 23:41:51,SKU-01121,D-10-03-01,22,22,0,NORMAL
CC-001120,2026-09-02 23:42:04,SKU-00035,F-06-02-01,15,15,0,NORMAL
CC-001688,2026-09-02 23:43:08,SKU-00564,E-01-05-02,12,12,0,NORMAL
CC-000788,2026-09-02 23:43:14,SKU-00883,F-01-05-01,25,25,0,NORMAL
CC-001158,2026-09-02 23:43:35,SKU-01279,B-04-04-01,7,10,-3,NORMAL
CC-001228,2026-09-02 23:44:32,SKU-01544,B-03-05-02,5,5,0,NORMAL
CC-000695,2026-09-02 23:46:22,SKU-00598,C-04-05-02,9,9,0,NORMAL
CC-002370,2026-09-02 23:46:50,SKU-00852,E-08-04-02,13,13,0,NORMAL
CC-000775,2026-09-02 23:48:30,SKU-00180,A-07-02-02,19,19,0,NORMAL
CC-002399,2026-09-02 23:49:05,SKU-01293,C-09-04-01,24,24,0,NORMAL
CC-001345,2026-09-02 23:49:06,SKU-01506,E-01-04-02,23,23,0,NORMAL
CC-001757,2026-09-02 23:49:08,SKU-01627,B-04-03-01,24,24,0,NORMAL
CC-000334,2026-09-02 23:50:09,SKU-00139,E-05-04-02,22,22,0,NORMAL
CC-000189,2026-09-02 23:50:20,SKU-01818,A-10-03-02,24,25,-1,NORMAL
CC-000021,2026-09-02 23:50:34,SKU-01826,C-05-02-02,29,29,0,NORMAL
CC-000239,2026-09-02 23:51:01,SKU-00291,B-10-04-02,20,20,0,NORMAL
CC-000928,2026-09-02 23:51:28,SKU-01327,F-05-04-02,26,26,0,NORMAL
CC-001626,2026-09-02 23:52:12,SKU-01440,B-02-03-01,14,14,0,NORMAL
CC-001797,2026-09-02 23:52:46,SKU-00173,F-01-01-01,19,19,0,NORMAL
CC-000176,2026-09-02 23:56:07,SKU-01472,E-02-05-02,9,9,0,NORMAL
CC-000486,2026-09-02 23:56:44,SKU-01988,A-07-04-02,21,21,0,NORMAL
CC-001504,2026-09-02 23:57:23,SKU-01968,E-02-02-02,28,28,0,NORMAL
CC-001098,2026-09-02 23:59:49,SKU-00938,F-05-04-02,25,25,0,NORMAL
CC-001072,2026-09-03 00:00:37,SKU-00341,A-04-02-01,8,8,0,NORMAL
CC-000712,2026-09-03 00:01:47,SKU-00496,A-07-04-02,9,9,0,NORMAL
CC-001215,2026-09-03 00:05:14,SKU-00537,A-10-02-01,9,9,0,NORMAL
CC-001912,2026-09-03 00:08:12,SKU-00715,D-02-05-01,15,15,0,NORMAL
CC-001817,2026-09-03 00:08:25,SKU-00260,B-01-01-02,15,15,0,NORMAL
CC-001530,2026-09-03 00:09:42,SKU-00500,E-02-02-02,21,21,0,NORMAL
CC-002158,2026-09-03 00:11:04,SKU-00345,C-05-03-02,22,22,0,NORMAL
CC-000225,2026-09-03 00:11:22,SKU-01668,C-10-03-01,9,9,0,NORMAL
CC-002313,2026-09-03 00:13:25,SKU-00060,B-03-04-02,6,6,0,NORMAL
CC-000764,2026-09-03 00:13:55,SKU-01436,E-03-02-01,10,10,0,NORMAL
CC-002070,2026-09-03 00:15:21,SKU-00929,F-08-05-02,27,27,0,NORMAL
CC-001270,2026-09-03 00:16:01,SKU-00396,B-03-03-01,5,4,1,NORMAL
CC-000023,2026-09-03 00:16:03,SKU-01165,F-07-02-02,20,20,0,NORMAL
CC-000816,2026-09-03 00:16:15,SKU-01610,E-06-04-02,18,18,0,NORMAL
CC-000418,2026-09-03 00:16:27,SKU-00390,F-03-04-01,11,11,0,NORMAL
CC-001485,2026-09-03 00:16:52,SKU-00436,F-08-02-01,2,4,-2,NORMAL
CC-001487,2026-09-03 00:17:58,SKU-01465,C-02-01-02,24,24,0,NORMAL
CC-001858,2026-09-03 00:19:44,SKU-00464,A-10-02-02,3,3,0,NORMAL
CC-001823,2026-09-03 00:20:13,SKU-00235,C-05-03-01,11,11,0,NORMAL
CC-000621,2026-09-03 00:20:57,SKU-00180,A-07-02-02,19,19,0,NORMAL
CC-000030,2026-09-03 00:23:05,SKU-00746,A-02-02-01,21,21,0,NORMAL
CC-001388,2026-09-03 00:24:42,SKU-01305,F-07-05-01,15,15,0,NORMAL
CC-002489,2026-09-03 00:25:17,SKU-00098,F-03-05-01,22,22,0,NORMAL
CC-000740,2026-09-03 00:25:22,SKU-00434,B-03-03-01,25,25,0,NORMAL
CC-000430,2026-09-03 00:25:45,SKU-00503,E-09-02-01,7,6,1,NORMAL
CC-000139,2026-09-03 00:26:04,SKU-00526,E-01-04-02,18,18,0,NORMAL
CC-000444,2026-09-03 00:28:15,SKU-00949,D-04-04-02,15,15,0,NORMAL
CC-002500,2026-09-03 00:28:16,SKU-00661,E-06-03-02,30,30,0,NORMAL
CC-001920,2026-09-03 00:30:01,SKU-00295,D-09-02-02,9,9,0,NORMAL
CC-001147,2026-09-03 00:30:19,SKU-01323,C-06-03-01,17,17,0,NORMAL
CC-001653,2026-09-03 00:30:27,SKU-00754,A-08-01-01,5,5,0,NORMAL
CC-001791,2026-09-03 00:33:38,SKU-01788,F-08-03-01,17,17,0,NORMAL
CC-002369,2026-09-03 00:34:10,SKU-00015,F-08-03-02,13,13,0,NORMAL
CC-001342,2026-09-03 00:34:29,SKU-00042,D-04-01-02,21,19,2,NORMAL
CC-000255,2026-09-03 00:36:26,SKU-00588,F-02-02-01,28,28,0,NORMAL
CC-001746,2026-09-03 00:36:34,SKU-00619,E-01-05-01,25,25,0,NORMAL
CC-002484,2026-09-03 00:36:44,SKU-00588,F-02-02-01,28,28,0,NORMAL
CC-000450,2026-09-03 00:37:27,SKU-01876,F-03-02-02,10,10,0,NORMAL
CC-002445,2026-09-03 00:39:03,SKU-02000,E-07-03-01,17,17,0,NORMAL
CC-000179,2026-09-03 00:39:35,SKU-01202,F-08-02-01,5,5,0,NORMAL
CC-001635,2026-09-03 00:39:47,SKU-00350,A-01-04-02,17,17,0,NORMAL
CC-001851,2026-09-03 00:42:04,SKU-01339,C-03-02-02,5,5,0,NORMAL
CC-001214,2026-09-03 00:44:14,SKU-00136,D-01-04-02,27,27,0,NORMAL
CC-002481,2026-09-03 00:46:31,SKU-00806,E-03-01-02,12,12,0,NORMAL
CC-000316,2026-09-03 00:47:21,SKU-01351,A-09-02-01,22,25,-3,NORMAL
CC-000148,2026-09-03 00:47:24,SKU-00557,C-05-01-02,25,25,0,NORMAL
CC-000644,2026-09-03 00:50:47,SKU-01066,C-03-04-02,28,28,0,NORMAL
CC-002392,2026-09-03 00:51:38,SKU-00241,F-01-05-01,12,12,0,NORMAL
CC-001778,2026-09-03 00:51:40,SKU-01839,D-04-02-01,2,2,0,NORMAL
CC-000289,2026-09-03 00:54:25,SKU-00161,E-03-03-02,20,20,0,NORMAL
CC-002435,2026-09-03 00:56:43,SKU-01300,E-07-05-02,21,21,0,NORMAL
CC-001704,2026-09-03 00:57:05,SKU-00425,B-04-02-01,25,25,0,NORMAL
CC-000665,2026-09-03 00:57:35,SKU-01303,C-03-04-01,24,24,0,NORMAL
CC-000706,2026-09-03 00:58:52,SKU-01588,A-05-04-01,5,5,0,NORMAL
CC-001624,2026-09-03 00:59:06,SKU-01901,C-09-04-01,26,26,0,NORMAL
CC-002340,2026-09-03 00:59:58,SKU-00125,C-07-03-02,19,19,0,NORMAL
CC-002465,2026-09-03 01:00:19,SKU-01467,A-07-01-01,3,4,-1,NORMAL
CC-001622,2026-09-03 01:03:17,SKU-00178,B-03-04-01,25,25,0,NORMAL
CC-001734,2026-09-03 01:04:34,SKU-01260,A-06-01-02,11,9,2,NORMAL
CC-000165,2026-09-03 01:05:22,SKU-00058,E-02-05-02,15,15,0,NORMAL
CC-001816,2026-09-03 01:05:39,SKU-01905,E-02-05-01,15,15,0,NORMAL
CC-000669,2026-09-03 01:09:40,SKU-00137,C-02-03-02,19,19,0,NORMAL
CC-000808,2026-09-03 01:09:48,SKU-00392,A-10-04-02,25,25,0,NORMAL
CC-000899,2026-09-03 01:10:01,SKU-00273,F-06-01-01,13,11,2,NORMAL
CC-001599,2026-09-03 01:10:13,SKU-01325,E-06-04-01,5,7,-2,NORMAL
CC-000494,2026-09-03 01:11:09,SKU-00142,F-09-03-02,17,17,0,NORMAL
CC-000108,2026-09-03 01:11:56,SKU-00600,C-01-02-02,28,28,0,NORMAL
CC-001597,2026-09-03 01:12:51,SKU-00841,D-03-02-01,15,15,0,NORMAL
CC-001885,2026-09-03 01:14:16,SKU-01111,E-02-01-01,19,19,0,NORMAL
CC-002239,2026-09-03 01:14:33,SKU-01885,D-01-05-02,2,2,0,NORMAL
CC-002152,2026-09-03 01:15:59,SKU-01706,B-04-05-02,16,15,1,NORMAL
CC-001242,2026-09-03 01:18:35,SKU-01522,F-04-02-02,2,2,0,NORMAL
CC-000389,2026-09-03 01:19:34,SKU-00606,E-06-05-02,10,10,0,NORMAL
CC-001010,2026-09-03 01:19:34,SKU-01022,D-09-03-02,2,2,0,NORMAL
CC-001604,2026-09-03 01:20:39,SKU-01119,D-02-01-02,21,21,0,NORMAL
CC-000206,2026-09-03 01:23:29,SKU-00268,E-09-05-01,29,29,0,NORMAL
CC-000950,2026-09-03 01:24:06,SKU-01048,C-02-04-02,6,6,0,NORMAL
CC-000085,2026-09-03 01:26:12,SKU-01177,D-08-01-01,11,11,0,NORMAL
CC-000196,2026-09-03 01:26:29,SKU-01501,F-04-04-01,4,4,0,NORMAL
CC-001813,2026-09-03 01:27:08,SKU-01272,B-01-02-02,20,20,0,NORMAL
CC-001019,2026-09-03 01:27:23,SKU-00405,E-09-02-02,2,2,0,NORMAL
CC-000363,2026-09-03 01:27:24,SKU-01639,B-01-03-01,11,11,0,NORMAL
CC-000135,2026-09-03 01:27:33,SKU-01409,B-03-03-02,25,25,0,NORMAL
CC-000362,2026-09-03 01:27:41,SKU-01590,F-10-02-02,24,24,0,NORMAL
CC-002390,2026-09-03 01:32:51,SKU-00631,F-08-02-02,22,22,0,NORMAL
CC-001361,2026-09-03 01:36:29,SKU-00496,A-07-04-02,10,9,1,NORMAL
CC-002486,2026-09-03 01:37:18,SKU-01679,E-10-02-01,21,21,0,NORMAL
CC-002246,2026-09-03 01:39:26,SKU-00023,F-03-03-01,7,7,0,NORMAL
CC-000651,2026-09-03 01:40:06,SKU-00707,A-02-04-01,30,30,0,NORMAL
CC-000281,2026-09-03 01:40:40,SKU-01202,F-08-02-01,5,5,0,NORMAL
CC-002268,2026-09-03 01:41:19,SKU-01849,B-01-02-02,22,22,0,NORMAL
CC-000531,2026-09-03 01:42:03,SKU-01592,D-04-04-01,11,11,0,NORMAL
CC-000951,2026-09-03 01:42:52,SKU-01774,C-01-03-01,13,13,0,NORMAL
CC-001382,2026-09-03 01:42:57,SKU-01077,E-02-03-01,27,27,0,NORMAL
CC-000700,2026-09-03 01:43:10,SKU-00640,A-07-02-01,27,27,0,NORMAL
CC-001324,2026-09-03 01:43:26,SKU-00493,F-06-01-01,1,1,0,NORMAL
CC-000612,2026-09-03 01:44:21,SKU-01143,F-09-05-02,7,7,0,NORMAL
CC-002193,2026-09-03 01:45:11,SKU-01249,C-01-04-02,3,3,0,NORMAL
CC-002241,2026-09-03 01:45:14,SKU-01398,E-02-04-02,15,15,0,NORMAL
CC-000291,2026-09-03 01:45:36,SKU-00444,E-01-03-01,25,25,0,NORMAL
CC-001197,2026-09-03 01:46:04,SKU-01359,D-03-02-01,4,4,0,NORMAL
CC-002150,2026-09-03 01:47:30,SKU-01221,D-02-02-01,5,5,0,NORMAL
CC-001118,2026-09-03 01:47:41,SKU-01685,B-03-02-01,30,30,0,NORMAL
CC-001898,2026-09-03 01:48:39,SKU-01357,E-09-01-01,4,5,-1,NORMAL
CC-001502,2026-09-03 01:49:12,SKU-00239,D-06-05-01,3,3,0,NORMAL
CC-000299,2026-09-03 01:49:42,SKU-00536,A-04-04-02,12,12,0,NORMAL
CC-000283,2026-09-03 01:50:34,SKU-01251,F-04-05-02,29,29,0,NORMAL
CC-001941,2026-09-03 01:50:44,SKU-00365,E-06-02-01,2,2,0,NORMAL
CC-002186,2026-09-03 01:51:20,SKU-00990,C-01-01-01,15,15,0,NORMAL
CC-000007,2026-09-03 01:51:36,SKU-00319,E-10-01-02,6,6,0,NORMAL
CC-000248,2026-09-03 01:51:49,SKU-01361,E-09-02-02,12,12,0,NORMAL
CC-000002,2026-09-03 01:54:03,SKU-01127,F-02-02-02,14,14,0,NORMAL
CC-001457,2026-09-03 01:55:28,SKU-01771,C-03-05-02,5,5,0,NORMAL
CC-000445,2026-09-03 01:56:34,SKU-00503,E-09-02-01,4,6,-2,NORMAL
CC-000097,2026-09-03 01:56:35,SKU-01644,B-05-01-01,11,11,0,NORMAL
CC-002355,2026-09-03 01:57:20,SKU-00820,C-09-01-01,1,1,0,NORMAL
CC-001037,2026-09-03 02:01:10,SKU-00926,D-09-01-01,14,14,0,NORMAL
CC-001157,2026-09-03 02:03:03,SKU-01986,B-02-05-01,20,20,0,NORMAL
CC-000220,2026-09-03 02:03:19,SKU-00836,E-06-01-01,4,4,0,NORMAL
CC-001493,2026-09-03 02:07:51,SKU-01908,A-05-01-01,20,20,0,NORMAL
CC-001715,2026-09-03 02:09:04,SKU-01533,C-02-03-01,16,16,0,NORMAL
CC-000892,2026-09-03 02:09:58,SKU-00152,A-08-01-02,7,10,-3,NORMAL
CC-001776,2026-09-03 02:10:03,SKU-01819,F-07-01-01,12,12,0,NORMAL
CC-000897,2026-09-03 02:11:33,SKU-00774,A-06-05-01,3,3,0,NORMAL
CC-000062,2026-09-03 02:12:07,SKU-00887,E-10-04-01,2,2,0,NORMAL
CC-000743,2026-09-03 02:12:11,SKU-01777,C-07-01-01,3,3,0,NORMAL
CC-002188,2026-09-03 02:13:21,SKU-01134,A-09-05-02,14,14,0,NORMAL
CC-002487,2026-09-03 02:14:07,SKU-00303,A-04-02-01,14,14,0,NORMAL
CC-000570,2026-09-03 02:14:45,SKU-01590,F-10-02-02,24,24,0,NORMAL
CC-000103,2026-09-03 02:16:12,SKU-01143,F-09-05-02,7,7,0,NORMAL
CC-001086,2026-09-03 02:20:23,SKU-01232,F-05-05-01,7,7,0,NORMAL
CC-000862,2026-09-03 02:20:41,SKU-01500,B-02-02-01,29,26,3,NORMAL
CC-002137,2026-09-03 02:22:03,SKU-01917,A-05-03-01,18,18,0,NORMAL
CC-002126,2026-09-03 02:22:20,SKU-01278,C-01-01-02,8,8,0,NORMAL
CC-000722,2026-09-03 02:22:38,SKU-00766,D-05-02-01,21,21,0,NORMAL
CC-001764,2026-09-03 02:22:56,SKU-00960,D-02-03-01,14,14,0,NORMAL
CC-002407,2026-09-03 02:22:59,SKU-00873,A-07-04-02,4,4,0,NORMAL
CC-000988,2026-09-03 02:23:36,SKU-01463,F-01-01-01,18,21,-3,NORMAL
CC-000025,2026-09-03 02:29:22,SKU-00432,C-04-03-02,7,7,0,NORMAL
CC-000528,2026-09-03 02:29:53,SKU-01641,D-02-04-02,6,6,0,NORMAL
CC-002006,2026-09-03 02:31:01,SKU-00565,B-10-03-02,19,19,0,NORMAL
CC-001460,2026-09-03 02:32:17,SKU-01292,A-04-01-02,7,7,0,NORMAL
CC-001373,2026-09-03 02:34:42,SKU-01315,F-05-05-02,17,17,0,NORMAL
CC-001088,2026-09-03 02:37:44,SKU-00440,C-05-03-01,24,24,0,NORMAL
CC-001239,2026-09-03 02:41:45,SKU-00945,D-01-03-01,4,7,-3,NORMAL
CC-000412,2026-09-03 02:41:46,SKU-00110,B-10-03-01,30,30,0,NORMAL
CC-000726,2026-09-03 02:45:04,SKU-01389,B-06-01-01,7,7,0,NORMAL
CC-002499,2026-09-03 02:45:09,SKU-00939,B-07-04-01,1,1,0,NORMAL
CC-000262,2026-09-03 02:46:01,SKU-00150,D-05-02-01,11,11,0,NORMAL
CC-001800,2026-09-03 02:47:45,SKU-01765,E-04-05-01,7,7,0,NORMAL
CC-002448,2026-09-03 02:47:59,SKU-01125,F-01-04-01,22,22,0,NORMAL
CC-000590,2026-09-03 02:51:53,SKU-00784,F-09-02-02,15,15,0,NORMAL
CC-001479,2026-09-03 02:53:48,SKU-00285,F-08-03-02,28,28,0,NORMAL
CC-001637,2026-09-03 02:57:03,SKU-01366,A-02-03-02,11,11,0,NORMAL
CC-001866,2026-09-03 02:57:31,SKU-01627,B-04-03-01,24,24,0,NORMAL
CC-000958,2026-09-03 02:57:37,SKU-01506,E-01-04-02,23,23,0,NORMAL
CC-002411,2026-09-03 02:57:41,SKU-00454,D-10-04-01,10,10,0,NORMAL
CC-002326,2026-09-03 02:59:10,SKU-01665,B-06-04-01,21,21,0,NORMAL
CC-002182,2026-09-03 02:59:30,SKU-00296,E-03-02-02,15,15,0,NORMAL
CC-001047,2026-09-03 03:04:24,SKU-00182,B-05-03-01,25,25,0,NORMAL
CC-001826,2026-09-03 03:05:25,SKU-00245,B-02-01-02,8,7,1,NORMAL
CC-000214,2026-09-03 03:05:47,SKU-01272,B-01-02-02,20,20,0,NORMAL
CC-000314,2026-09-03 03:05:58,SKU-01325,E-06-04-01,7,7,0,NORMAL
CC-001520,2026-09-03 03:07:15,SKU-01582,F-01-02-01,6,6,0,NORMAL
CC-001794,2026-09-03 03:10:32,SKU-00216,A-02-05-01,19,19,0,NORMAL
CC-001598,2026-09-03 03:10:44,SKU-01219,E-08-05-02,6,6,0,NORMAL
CC-000212,2026-09-03 03:12:04,SKU-00545,F-01-01-02,22,22,0,NORMAL
CC-002108,2026-09-03 03:13:30,SKU-01628,E-04-01-01,6,6,0,NORMAL
CC-002129,2026-09-03 03:14:36,SKU-00735,D-10-03-02,30,30,0,NORMAL
CC-000249,2026-09-03 03:16:58,SKU-01841,A-02-01-01,6,6,0,NORMAL
CC-001514,2026-09-03 03:20:30,SKU-01455,F-03-02-02,21,21,0,NORMAL
CC-002363,2026-09-03 03:21:51,SKU-00807,F-05-04-01,28,28,0,NORMAL
CC-000949,2026-09-03 03:25:28,SKU-00003,A-05-05-01,2,2,0,NORMAL
CC-000422,2026-09-03 03:30:15,SKU-01608,D-09-04-02,11,11,0,NORMAL
CC-000656,2026-09-03 03:37:35,SKU-00889,C-06-03-02,24,24,0,NORMAL
CC-000630,2026-09-03 03:37:42,SKU-01469,B-06-05-02,21,21,0,NORMAL
CC-002073,2026-09-03 03:40:59,SKU-00970,D-10-05-02,0,4,-4,NORMAL
CC-002178,2026-09-03 03:41:02,SKU-01595,B-06-01-02,1,1,0,NORMAL
CC-000799,2026-09-03 03:41:32,SKU-00653,A-03-02-02,25,25,0,NORMAL
CC-001577,2026-09-03 03:41:48,SKU-01522,F-04-02-02,4,2,2,NORMAL
CC-000332,2026-09-03 03:41:50,SKU-01958,A-05-01-02,29,29,0,NORMAL
CC-000027,2026-09-03 03:43:20,SKU-01624,F-06-01-02,6,6,0,NORMAL
CC-002315,2026-09-03 03:43:34,SKU-01926,C-04-02-01,13,13,0,NORMAL
CC-001602,2026-09-03 03:44:11,SKU-00030,F-09-03-02,24,24,0,NORMAL
CC-000410,2026-09-03 03:44:56,SKU-00975,A-02-05-01,16,16,0,NORMAL
CC-001861,2026-09-03 03:45:18,SKU-01583,F-04-04-02,24,24,0,NORMAL
CC-001893,2026-09-03 03:46:51,SKU-00076,E-06-03-02,18,18,0,NORMAL
CC-002410,2026-09-03 03:47:59,SKU-00093,B-09-01-01,24,24,0,NORMAL
CC-000992,2026-09-03 03:51:48,SKU-00083,C-07-03-02,23,23,0,NORMAL
CC-000924,2026-09-03 03:52:52,SKU-00440,C-05-03-01,24,24,0,NORMAL
CC-001095,2026-09-03 03:56:27,SKU-00047,F-02-04-01,25,25,0,NORMAL
CC-000860,2026-09-03 03:56:53,SKU-01517,A-08-05-02,12,12,0,NORMAL
CC-002322,2026-09-03 03:58:54,SKU-00997,A-08-03-01,29,29,0,NORMAL
CC-002084,2026-09-03 03:59:07,SKU-00628,E-10-04-01,1,1,0,NORMAL
CC-000144,2026-09-03 03:59:23,SKU-00299,E-10-03-01,3,3,0,NORMAL
CC-001194,2026-09-03 03:59:23,SKU-00612,F-01-02-02,24,24,0,NORMAL
CC-001204,2026-09-03 03:59:28,SKU-01058,F-09-03-01,12,12,0,NORMAL
CC-000624,2026-09-03 04:00:05,SKU-01363,D-04-04-02,15,15,0,NORMAL
CC-000474,2026-09-03 04:00:48,SKU-01814,E-02-02-01,26,26,0,NORMAL
CC-001422,2026-09-03 04:01:07,SKU-01278,C-01-01-02,8,8,0,NORMAL
CC-001573,2026-09-03 04:01:15,SKU-00408,C-08-01-02,16,16,0,NORMAL
CC-002030,2026-09-03 04:01:24,SKU-00866,A-03-01-01,14,16,-2,NORMAL
CC-001595,2026-09-03 04:02:05,SKU-00629,A-03-01-01,20,20,0,NORMAL
CC-000001,2026-09-03 04:02:43,SKU-00067,A-06-02-01,3,8,-5,NORMAL
CC-001956,2026-09-03 04:03:02,SKU-01994,C-06-01-01,21,21,0,NORMAL
CC-001972,2026-09-03 04:03:46,SKU-00909,F-01-04-01,25,25,0,NORMAL
CC-001997,2026-09-03 04:08:31,SKU-00658,F-04-02-02,24,27,-3,NORMAL
CC-001908,2026-09-03 04:08:40,SKU-00916,B-05-04-02,11,11,0,NORMAL
CC-001190,2026-09-03 04:09:03,SKU-00910,E-01-04-02,21,21,0,NORMAL
CC-002265,2026-09-03 04:09:28,SKU-00470,E-04-02-02,27,27,0,NORMAL
CC-001848,2026-09-03 04:12:06,SKU-01948,B-07-02-01,29,29,0,NORMAL
CC-001464,2026-09-03 04:14:15,SKU-00761,F-05-05-01,5,5,0,NORMAL
CC-002257,2026-09-03 04:14:46,SKU-01850,C-06-02-01,25,25,0,NORMAL
CC-001280,2026-09-03 04:16:57,SKU-01158,B-09-03-02,7,7,0,NORMAL
CC-000401,2026-09-03 04:17:16,SKU-01136,C-01-02-01,7,7,0,NORMAL
CC-001558,2026-09-03 04:18:44,SKU-01410,A-09-04-01,18,17,1,NORMAL
CC-001603,2026-09-03 04:19:01,SKU-01307,C-03-03-01,8,8,0,NORMAL
CC-001720,2026-09-03 04:26:33,SKU-01808,A-09-04-01,10,10,0,NORMAL
CC-002378,2026-09-03 04:27:09,SKU-01799,E-06-04-01,9,9,0,NORMAL
CC-000771,2026-09-03 04:30:10,SKU-00810,F-08-04-01,28,28,0,NORMAL
CC-000953,2026-09-03 04:31:55,SKU-00137,C-02-03-02,19,19,0,NORMAL
CC-001106,2026-09-03 04:33:15,SKU-00280,F-04-05-02,18,18,0,NORMAL
CC-000773,2026-09-03 04:34:00,SKU-01777,C-07-01-01,3,3,0,NORMAL
CC-002222,2026-09-03 04:34:15,SKU-00893,F-04-01-01,2,2,0,NORMAL
CC-001700,2026-09-03 04:35:31,SKU-01828,C-02-04-01,4,4,0,NORMAL
CC-001732,2026-09-03 04:36:54,SKU-01716,D-03-04-02,1,1,0,NORMAL
CC-001042,2026-09-03 04:37:07,SKU-01554,D-07-02-02,12,12,0,NORMAL
CC-002052,2026-09-03 04:37:16,SKU-00128,F-03-05-02,26,26,0,NORMAL
CC-000157,2026-09-03 04:38:54,SKU-01513,F-05-03-02,17,17,0,NORMAL
CC-000339,2026-09-03 04:40:03,SKU-01722,D-01-01-01,16,16,0,NORMAL
CC-000452,2026-09-03 04:41:59,SKU-01859,E-05-04-01,19,19,0,NORMAL
CC-001507,2026-09-03 04:42:33,SKU-01479,F-07-05-01,27,27,0,NORMAL
CC-001496,2026-09-03 04:44:08,SKU-00940,F-02-05-02,29,29,0,NORMAL
CC-002227,2026-09-03 04:45:24,SKU-01820,E-04-01-02,5,5,0,NORMAL
CC-001474,2026-09-03 04:46:10,SKU-00938,F-05-04-02,25,25,0,NORMAL
CC-000480,2026-09-03 04:48:51,SKU-00420,D-08-02-02,12,12,0,NORMAL
CC-001767,2026-09-03 04:48:58,SKU-00957,D-04-01-02,27,27,0,NORMAL
CC-000432,2026-09-03 04:49:15,SKU-00671,B-03-01-02,22,22,0,NORMAL
CC-001537,2026-09-03 04:51:06,SKU-00739,A-07-02-01,4,4,0,NORMAL
CC-001141,2026-09-03 04:51:39,SKU-00382,A-06-02-01,22,22,0,NORMAL
CC-001944,2026-09-03 04:53:47,SKU-00717,F-01-04-01,27,27,0,NORMAL
CC-000944,2026-09-03 04:54:33,SKU-01749,B-02-01-01,0,1,-1,NORMAL
CC-001807,2026-09-03 04:55:41,SKU-01624,F-06-01-02,6,6,0,NORMAL
CC-000551,2026-09-03 04:55:46,SKU-00863,D-08-01-02,2,2,0,NORMAL
CC-002467,2026-09-03 04:56:43,SKU-01817,F-01-03-01,1,1,0,NORMAL
CC-001775,2026-09-03 04:57:31,SKU-01183,A-04-05-01,18,18,0,NORMAL
CC-002260,2026-09-03 04:57:58,SKU-00713,F-07-05-01,18,18,0,NORMAL
CC-002038,2026-09-03 04:59:06,SKU-01672,D-03-04-01,6,6,0,NORMAL
CC-000226,2026-09-03 04:59:37,SKU-01226,C-07-01-02,25,25,0,NORMAL
CC-002291,2026-09-03 04:59:57,SKU-00951,B-08-03-02,27,26,1,NORMAL
CC-000736,2026-09-03 05:00:09,SKU-00638,C-03-03-02,21,21,0,NORMAL
CC-001835,2026-09-03 05:03:44,SKU-01589,B-06-02-01,21,21,0,NORMAL
CC-000192,2026-09-03 05:03:46,SKU-01940,B-08-05-01,4,4,0,NORMAL
CC-001544,2026-09-03 05:04:29,SKU-01556,B-02-03-01,5,5,0,NORMAL
CC-001416,2026-09-03 05:05:39,SKU-01450,E-07-02-01,11,11,0,NORMAL
CC-000012,2026-09-03 05:05:47,SKU-00740,D-02-03-01,14,14,0,NORMAL
CC-001981,2026-09-03 05:07:59,SKU-01919,C-06-03-02,10,12,-2,NORMAL
CC-001503,2026-09-03 05:11:24,SKU-01402,E-03-01-02,16,16,0,NORMAL
CC-000541,2026-09-03 05:12:39,SKU-00667,F-10-05-02,14,13,1,NORMAL
CC-001142,2026-09-03 05:15:03,SKU-01067,E-05-03-02,26,26,0,NORMAL
CC-001921,2026-09-03 05:15:43,SKU-01455,F-03-02-02,21,21,0,NORMAL
CC-002124,2026-09-03 05:16:58,SKU-01644,B-05-01-01,11,11,0,NORMAL
CC-002385,2026-09-03 05:17:08,SKU-00905,B-01-03-02,15,15,0,NORMAL
CC-002214,2026-09-03 05:17:30,SKU-00195,A-01-01-01,13,14,-1,NORMAL
CC-000437,2026-09-03 05:17:52,SKU-01023,D-05-02-01,20,19,1,NORMAL
CC-001074,2026-09-03 05:18:59,SKU-00799,E-08-02-01,23,23,0,NORMAL
CC-002019,2026-09-03 05:21:10,SKU-00590,F-08-02-02,21,21,0,NORMAL
CC-001939,2026-09-03 05:21:26,SKU-01528,E-07-04-02,29,29,0,NORMAL
CC-001727,2026-09-03 05:21:43,SKU-01326,B-05-05-01,19,19,0,NORMAL
CC-002085,2026-09-03 05:23:12,SKU-00029,D-02-02-01,21,21,0,NORMAL
CC-002207,2026-09-03 05:24:20,SKU-00505,E-06-02-02,26,26,0,NORMAL
CC-001444,2026-09-03 05:26:07,SKU-01928,C-05-03-01,19,19,0,NORMAL
CC-002285,2026-09-03 05:26:42,SKU-01688,B-01-04-01,3,3,0,NORMAL
CC-000831,2026-09-03 05:29:44,SKU-01622,E-06-01-01,24,24,0,NORMAL
CC-000978,2026-09-03 05:29:53,SKU-00016,F-09-02-02,11,11,0,NORMAL
CC-000170,2026-09-03 05:30:47,SKU-00156,E-08-02-01,13,13,0,NORMAL
CC-000758,2026-09-03 05:30:48,SKU-00146,A-02-01-02,4,4,0,NORMAL
CC-002271,2026-09-03 05:31:01,SKU-00960,D-02-03-01,17,14,3,NORMAL
CC-001253,2026-09-03 05:31:56,SKU-00811,F-07-03-02,3,3,0,NORMAL
CC-000608,2026-09-03 05:32:21,SKU-00341,A-04-02-01,8,8,0,NORMAL
CC-001928,2026-09-03 05:33:19,SKU-01671,A-06-05-01,3,3,0,NORMAL
CC-001062,2026-09-03 05:36:05,SKU-01286,B-02-02-01,10,15,-5,NORMAL
CC-001254,2026-09-03 05:38:30,SKU-01896,E-03-01-02,10,10,0,NORMAL
CC-000938,2026-09-03 05:39:43,SKU-01294,C-02-01-02,1,1,0,NORMAL
CC-002035,2026-09-03 05:43:18,SKU-01759,C-07-03-02,22,22,0,NORMAL
CC-000348,2026-09-03 05:44:12,SKU-00184,D-06-02-01,27,27,0,NORMAL
CC-002306,2026-09-03 05:46:21,SKU-01833,E-08-02-01,5,5,0,NORMAL
CC-002482,2026-09-03 05:46:41,SKU-01833,E-08-02-01,5,5,0,NORMAL
CC-000382,2026-09-03 05:46:51,SKU-01876,F-03-02-02,10,10,0,NORMAL
CC-001247,2026-09-03 05:47:12,SKU-00204,E-02-05-02,25,25,0,NORMAL
CC-000185,2026-09-03 05:47:35,SKU-00140,C-08-03-02,22,22,0,NORMAL
CC-000970,2026-09-03 05:47:53,SKU-01988,A-07-04-02,22,21,1,NORMAL
CC-001027,2026-09-03 05:48:20,SKU-01306,F-05-01-02,16,16,0,NORMAL
CC-002196,2026-09-03 05:48:39,SKU-00552,C-05-05-02,7,7,0,NORMAL
CC-001931,2026-09-03 05:48:42,SKU-00082,C-03-05-01,30,30,0,NORMAL
CC-000778,2026-09-03 05:49:20,SKU-00221,F-09-04-02,11,11,0,NORMAL
CC-002180,2026-09-03 05:50:38,SKU-00558,F-03-02-02,18,18,0,NORMAL
CC-001571,2026-09-03 05:50:49,SKU-00296,E-03-02-02,15,15,0,NORMAL
CC-000917,2026-09-03 05:51:10,SKU-00352,D-01-02-02,21,21,0,NORMAL
CC-001210,2026-09-03 05:52:43,SKU-00308,D-03-02-01,27,27,0,NORMAL
CC-000425,2026-09-03 05:53:13,SKU-01896,E-03-01-02,10,10,0,NORMAL
CC-000577,2026-09-03 05:54:14,SKU-00401,B-08-05-01,4,4,0,NORMAL
CC-002132,2026-09-03 05:54:27,SKU-00561,D-06-04-01,11,12,-1,NORMAL
CC-002382,2026-09-03 05:56:28,SKU-00567,C-02-01-02,5,5,0,NORMAL
CC-000442,2026-09-03 05:56:35,SKU-01558,F-10-04-02,20,20,0,NORMAL
CC-000146,2026-09-03 05:56:48,SKU-01894,C-06-03-02,23,23,0,NORMAL
CC-000042,2026-09-03 05:58:34,SKU-00077,C-08-05-01,7,7,0,NORMAL
CC-000297,2026-09-03 05:59:05,SKU-00275,F-02-04-02,17,17,0,NORMAL
CC-001252,2026-09-03 05:59:31,SKU-01921,E-06-03-01,3,3,0,NORMAL
