sku,product_name,category,system_location,system_quantity,unit_value,inventory_status
SKU-00001,Home Item 0001,Home,B-04-04-02,4,101.51,AVAILABLE
SKU-00002,Kitchen Item 0002,Kitchen,B-06-02-02,7,152.6,HOLD
SKU-00003,Electronics Item 0003,Electronics,A-05-05-01,2,38.57,AVAILABLE
SKU-00004,Toys Item 0004,Toys,F-07-05-01,15,41.49,AVAILABLE
SKU-00005,Kitchen Item 0005,Kitchen,D-05-05-02,6,101.27,AVAILABLE
SKU-00006,Kitchen Item 0006,Kitchen,F-06-03-02,27,129.88,HOLD
SKU-00007,Accessories Item 0007,Accessories,F-03-01-01,27,9.08,AVAILABLE
SKU-00008,Home Item 0008,Home,E-06-03-02,19,80.38,AVAILABLE
SKU-00009,Toys Item 0009,Toys,C-09-05-02,21,196.81,AVAILABLE
SKU-00010,Electronics Item 0010,Electronics,F-03-03-02,6,133.44,HOLD
SKU-00011,Beauty Item 0011,Beauty,C-07-03-02,2,145.28,AVAILABLE
SKU-00012,Stationery Item 0012,Stationery,A-03-01-01,15,81.85,AVAILABLE
SKU-00013,Fitness Item 0013,Fitness,C-03-01-01,14,127.95,HOLD
SKU-00014,Electronics Item 0014,Electronics,B-05-04-02,17,55.8,AVAILABLE
SKU-00015,Toys Item 0015,Toys,F-08-03-02,13,81.87,AVAILABLE
SKU-00016,Toys Item 0016,Toys,F-09-02-02,11,138.84,AVAILABLE
SKU-00017,Toys Item 0017,Toys,C-01-04-02,8,73.36,AVAILABLE
SKU-00018,Stationery Item 0018,Stationery,D-03-04-01,25,75.81,AVAILABLE
SKU-00019,Toys Item 0019,Toys,D-05-04-02,16,90.46,AVAILABLE
SKU-00020,Accessories Item 0020,Accessories,B-04-01-01,19,170.77,HOLD
SKU-00021,Fitness Item 0021,Fitness,D-08-04-02,25,202.13,AVAILABLE
SKU-00022,Electronics Item 0022,Electronics,D-02-03-01,23,24.36,HOLD
SKU-00023,Accessories Item 0023,Accessories,F-03-03-01,7,54.51,AVAILABLE
SKU-00024,Accessories Item 0024,Accessories,B-05-04-01,4,155.84,AVAILABLE
SKU-00025,Stationery Item 0025,Stationery,A-06-03-01,22,226.77,AVAILABLE
SKU-00026,Stationery Item 0026,Stationery,A-06-04-01,4,106.26,HOLD
SKU-00027,Home Item 0027,Home,B-05-04-01,1,241.31,AVAILABLE
SKU-00028,Fitness Item 0028,Fitness,F-03-01-02,16,164.38,AVAILABLE
SKU-00029,Kitchen Item 0029,Kitchen,D-02-02-01,21,19.49,AVAILABLE
SKU-00030,Stationery Item 0030,Stationery,F-09-03-02,24,182.16,AVAILABLE
SKU-00031,Beauty Item 0031,Beauty,E-06-04-01,29,210.21,AVAILABLE
SKU-00032,Fitness Item 0032,Fitness,F-05-02-01,6,234.47,AVAILABLE
SKU-00033,Electronics Item 0033,Electronics,A-02-01-01,10,144.15,AVAILABLE
SKU-00034,Kitchen Item 0034,Kitchen,D-02-01-02,15,247.33,HOLD
SKU-00035,Beauty Item 0035,Beauty,F-06-02-01,15,71.85,AVAILABLE
SKU-00036,Kitchen Item 0036,Kitchen,B-08-02-02,24,117.43,AVAILABLE
SKU-00037,Beauty Item 0037,Beauty,A-02-03-02,24,87.59,AVAILABLE
SKU-00038,Stationery Item 0038,Stationery,B-09-05-01,20,214.76,HOLD
SKU-00039,Fitness Item 0039,Fitness,F-07-02-02,11,26.25,AVAILABLE
SKU-00040,Beauty Item 0040,Beauty,B-05-05-02,16,84.28,AVAILABLE
SKU-00041,Electronics Item 0041,Electronics,C-09-03-02,13,62.7,AVAILABLE
SKU-00042,Kitchen Item 0042,Kitchen,D-04-01-02,19,182.11,AVAILABLE
SKU-00043,Accessories Item 0043,Accessories,D-10-03-02,23,62.89,AVAILABLE
SKU-00044,Toys Item 0044,Toys,D-04-04-01,6,104.33,AVAILABLE
SKU-00045,Home Item 0045,Home,D-03-02-02,12,155.58,AVAILABLE
SKU-00046,Beauty Item 0046,Beauty,F-03-02-02,5,116.47,AVAILABLE
SKU-00047,Fitness Item 0047,Fitness,F-02-04-01,25,136.69,AVAILABLE
SKU-00048,Stationery Item 0048,Stationery,A-09-04-02,17,114.45,AVAILABLE
SKU-00049,Home Item 0049,Home,B-03-01-01,2,208.05,AVAILABLE
SKU-00050,Beauty Item 0050,Beauty,B-08-04-01,11,214.35,HOLD
SKU-00051,Home Item 0051,Home,C-03-02-01,23,147.87,AVAILABLE
SKU-00052,Toys Item 0052,Toys,A-06-05-02,15,37.33,HOLD
SKU-00053,Toys Item 0053,Toys,A-07-02-01,18,118.28,AVAILABLE
SKU-00054,Electronics Item 0054,Electronics,E-04-03-01,9,205.03,AVAILABLE
SKU-00055,Home Item 0055,Home,A-05-05-01,14,89.41,AVAILABLE
SKU-00056,Electronics Item 0056,Electronics,A-08-02-02,30,120.66,AVAILABLE
SKU-00057,Fitness Item 0057,Fitness,B-10-03-02,25,38.18,HOLD
SKU-00058,Kitchen Item 0058,Kitchen,E-02-05-02,15,218.06,HOLD
SKU-00059,Fitness Item 0059,Fitness,A-09-04-01,22,241.22,AVAILABLE
SKU-00060,Kitchen Item 0060,Kitchen,B-03-04-02,6,248.25,HOLD
SKU-00061,Beauty Item 0061,Beauty,C-05-02-02,27,5.85,AVAILABLE
SKU-00062,Accessories Item 0062,Accessories,F-01-04-01,22,181.18,HOLD
SKU-00063,Fitness Item 0063,Fitness,C-06-01-01,8,117.85,AVAILABLE
SKU-00064,Accessories Item 0064,Accessories,C-01-03-01,30,219.43,AVAILABLE
SKU-00065,Electronics Item 0065,Electronics,E-06-05-01,20,192.68,AVAILABLE
SKU-00066,Stationery Item 0066,Stationery,C-03-02-02,3,29.72,AVAILABLE
SKU-00067,Toys Item 0067,Toys,A-06-02-01,8,186.43,HOLD
SKU-00068,Toys Item 0068,Toys,C-06-03-01,18,58.23,AVAILABLE
SKU-00069,Beauty Item 0069,Beauty,F-06-01-02,10,62.37,AVAILABLE
SKU-00070,Kitchen Item 0070,Kitchen,C-06-05-01,10,219.68,AVAILABLE
SKU-00071,Fitness Item 0071,Fitness,D-03-05-02,9,19.93,AVAILABLE
SKU-00072,Fitness Item 0072,Fitness,F-05-02-01,2,243.21,HOLD
SKU-00073,Kitchen Item 0073,Kitchen,E-06-03-02,14,41.56,HOLD
SKU-00074,Beauty Item 0074,Beauty,F-09-05-01,16,64.04,AVAILABLE
SKU-00075,Accessories Item 0075,Accessories,B-06-02-02,26,118.44,AVAILABLE
SKU-00076,Fitness Item 0076,Fitness,E-06-03-02,18,134.85,HOLD
SKU-00077,Stationery Item 0077,Stationery,C-08-05-01,7,85.91,AVAILABLE
SKU-00078,Toys Item 0078,Toys,E-01-04-02,3,136.23,AVAILABLE
SKU-00079,Electronics Item 0079,Electronics,C-10-02-01,13,170.05,AVAILABLE
SKU-00080,Home Item 0080,Home,C-01-02-02,26,191.62,AVAILABLE
SKU-00081,Toys Item 0081,Toys,C-03-03-02,28,227.22,AVAILABLE
SKU-00082,Electronics Item 0082,Electronics,C-03-05-01,30,51.56,AVAILABLE
SKU-00083,Toys Item 0083,Toys,C-07-03-02,23,153.08,AVAILABLE
SKU-00084,Fitness Item 0084,Fitness,C-07-01-02,18,83.8,AVAILABLE
SKU-00085,Fitness Item 0085,Fitness,F-02-01-02,18,163.94,AVAILABLE
SKU-00086,Accessories Item 0086,Accessories,D-10-03-02,17,221.29,HOLD
SKU-00087,Home Item 0087,Home,F-02-03-01,25,210.73,AVAILABLE
SKU-00088,Kitchen Item 0088,Kitchen,D-05-02-02,14,16.2,AVAILABLE
SKU-00089,Beauty Item 0089,Beauty,A-02-04-02,9,140.56,HOLD
SKU-00090,Accessories Item 0090,Accessories,B-07-02-02,7,85.82,HOLD
SKU-00091,Stationery Item 0091,Stationery,F-05-04-02,18,165.38,AVAILABLE
SKU-00092,Accessories Item 0092,Accessories,F-04-03-02,24,162.22,HOLD
SKU-00093,Toys Item 0093,Toys,B-09-01-01,24,199.77,AVAILABLE
SKU-00094,Beauty Item 0094,Beauty,F-10-04-02,16,50.09,AVAILABLE
SKU-00095,Electronics Item 0095,Electronics,A-08-05-02,27,168.71,AVAILABLE
SKU-00096,Fitness Item 0096,Fitness,B-05-04-01,27,159.52,AVAILABLE
SKU-00097,Beauty Item 0097,Beauty,A-02-01-01,7,128.9,AVAILABLE
SKU-00098,Electronics Item 0098,Electronics,F-03-05-01,22,124.52,AVAILABLE
SKU-00099,Fitness Item 0099,Fitness,A-02-02-02,1,134.71,AVAILABLE
SKU-00100,Accessories Item 0100,Accessories,A-02-05-01,17,204.22,HOLD
SKU-00101,Beauty Item 0101,Beauty,B-02-03-02,30,28.6,AVAILABLE
SKU-00102,Stationery Item 0102,Stationery,C-01-04-02,20,133.98,AVAILABLE
SKU-00103,Accessories Item 0103,Accessories,E-04-03-02,3,96.4,HOLD
SKU-00104,Toys Item 0104,Toys,C-07-04-01,23,60.34,AVAILABLE
SKU-00105,Electronics Item 0105,Electronics,B-01-01-01,13,97.92,HOLD
SKU-00106,Electronics Item 0106,Electronics,A-02-01-01,23,46.99,HOLD
SKU-00107,Fitness Item 0107,Fitness,D-07-02-02,19,244.45,AVAILABLE
SKU-00108,Electronics Item 0108,Electronics,C-06-01-01,7,225.81,HOLD
SKU-00109,Accessories Item 0109,Accessories,A-06-01-01,30,23.22,AVAILABLE
SKU-00110,Electronics Item 0110,Electronics,B-10-03-01,30,213.35,AVAILABLE
SKU-00111,Stationery Item 0111,Stationery,B-06-02-02,25,206.07,HOLD
SKU-00112,Home Item 0112,Home,D-03-05-01,6,143.17,HOLD
SKU-00113,Kitchen Item 0113,Kitchen,E-03-01-02,25,186.24,AVAILABLE
SKU-00114,Kitchen Item 0114,Kitchen,A-06-04-02,4,112.09,AVAILABLE
SKU-00115,Kitchen Item 0115,Kitchen,E-04-03-02,25,84.96,AVAILABLE
SKU-00116,Toys Item 0116,Toys,F-04-04-02,8,92.17,HOLD
SKU-00117,Fitness Item 0117,Fitness,C-01-01-02,22,148.54,HOLD
SKU-00118,Home Item 0118,Home,D-03-02-02,26,65.38,AVAILABLE
SKU-00119,Home Item 0119,Home,C-10-02-01,5,98.1,AVAILABLE
SKU-00120,Fitness Item 0120,Fitness,D-05-04-02,12,31.1,AVAILABLE
SKU-00121,Accessories Item 0121,Accessories,E-09-04-02,12,191.53,AVAILABLE
SKU-00122,Beauty Item 0122,Beauty,A-10-02-02,6,110.59,HOLD
SKU-00123,Home Item 0123,Home,A-03-04-02,3,91.71,AVAILABLE
SKU-00124,Kitchen Item 0124,Kitchen,E-03-02-01,1,76.5,HOLD
SKU-00125,Home Item 0125,Home,C-07-03-02,19,132.67,HOLD
SKU-00126,Beauty Item 0126,Beauty,B-05-05-01,9,78.78,HOLD
SKU-00127,Beauty Item 0127,Beauty,A-07-04-02,6,111.5,HOLD
SKU-00128,Accessories Item 0128,Accessories,F-03-05-02,26,23.85,AVAILABLE
SKU-00129,Stationery Item 0129,Stationery,F-05-02-01,20,156.08,HOLD
SKU-00130,Home Item 0130,Home,B-05-03-01,10,6.66,HOLD
SKU-00131,Kitchen Item 0131,Kitchen,E-02-04-02,26,216.24,HOLD
SKU-00132,Kitchen Item 0132,Kitchen,E-08-01-01,27,206.77,AVAILABLE
SKU-00133,Accessories Item 0133,Accessories,D-06-01-02,20,237.08,AVAILABLE
SKU-00134,Toys Item 0134,Toys,D-05-03-01,6,241.32,AVAILABLE
SKU-00135,Accessories Item 0135,Accessories,F-04-04-02,19,196.58,AVAILABLE
SKU-00136,Fitness Item 0136,Fitness,D-01-04-02,27,197.54,AVAILABLE
SKU-00137,Home Item 0137,Home,C-02-03-02,19,249.33,AVAILABLE
SKU-00138,Electronics Item 0138,Electronics,F-01-03-01,23,56.36,AVAILABLE
SKU-00139,Home Item 0139,Home,E-05-04-02,22,127.33,AVAILABLE
SKU-00140,Stationery Item 0140,Stationery,C-08-03-02,22,42.77,HOLD
SKU-00141,Fitness Item 0141,Fitness,A-08-05-01,15,247.72,HOLD
SKU-00142,Fitness Item 0142,Fitness,F-09-03-02,17,231.26,HOLD
SKU-00143,Electronics Item 0143,Electronics,D-10-03-02,23,224.4,AVAILABLE
SKU-00144,Home Item 0144,Home,C-08-01-02,22,167.85,AVAILABLE
SKU-00145,Electronics Item 0145,Electronics,E-04-05-01,25,86.24,HOLD
SKU-00146,Home Item 0146,Home,A-02-01-02,4,68.39,AVAILABLE
SKU-00147,Toys Item 0147,Toys,E-02-01-02,13,118.45,AVAILABLE
SKU-00148,Kitchen Item 0148,Kitchen,A-03-04-01,16,30.61,HOLD
SKU-00149,Home Item 0149,Home,B-03-03-01,27,235.47,AVAILABLE
SKU-00150,Kitchen Item 0150,Kitchen,D-05-02-01,11,116.56,AVAILABLE
SKU-00151,Toys Item 0151,Toys,D-09-01-02,16,28.92,HOLD
SKU-00152,Kitchen Item 0152,Kitchen,A-08-01-02,10,15.95,AVAILABLE
SKU-00153,Electronics Item 0153,Electronics,D-08-03-02,21,31.79,AVAILABLE
SKU-00154,Stationery Item 0154,Stationery,F-07-03-01,6,140.22,AVAILABLE
SKU-00155,Fitness Item 0155,Fitness,F-01-03-02,8,200.45,AVAILABLE
SKU-00156,Beauty Item 0156,Beauty,E-08-02-01,13,12.15,AVAILABLE
SKU-00157,Toys Item 0157,Toys,E-07-05-02,13,6.09,AVAILABLE
SKU-00158,Stationery Item 0158,Stationery,D-01-03-02,25,177.42,AVAILABLE
SKU-00159,Home Item 0159,Home,F-09-04-02,6,94.62,AVAILABLE
SKU-00160,Toys Item 0160,Toys,B-03-02-01,9,169.32,HOLD
SKU-00161,Kitchen Item 0161,Kitchen,E-03-03-02,20,101.17,AVAILABLE
SKU-00162,Kitchen Item 0162,Kitchen,D-09-04-01,28,117.18,AVAILABLE
SKU-00163,Accessories Item 0163,Accessories,A-10-01-01,22,37.82,AVAILABLE
SKU-00164,Stationery Item 0164,Stationery,D-04-03-01,4,49.85,AVAILABLE
SKU-00165,Fitness Item 0165,Fitness,E-06-04-02,20,38.78,HOLD
SKU-00166,Fitness Item 0166,Fitness,C-01-01-02,16,160.7,AVAILABLE
SKU-00167,Beauty Item 0167,Beauty,F-04-04-01,10,39.37,AVAILABLE
SKU-00168,Toys Item 0168,Toys,A-06-04-02,28,92.96,AVAILABLE
SKU-00169,Toys Item 0169,Toys,B-05-03-02,7,204.73,HOLD
SKU-00170,Fitness Item 0170,Fitness,F-04-05-01,14,178.98,HOLD
SKU-00171,Toys Item 0171,Toys,B-08-05-02,3,143.52,AVAILABLE
SKU-00172,Accessories Item 0172,Accessories,A-04-03-01,9,60.09,AVAILABLE
SKU-00173,Beauty Item 0173,Beauty,F-01-01-01,19,186.92,HOLD
SKU-00174,Home Item 0174,Home,B-03-02-01,9,194.9,AVAILABLE
SKU-00175,Electronics Item 0175,Electronics,E-09-02-02,18,58.54,HOLD
SKU-00176,Home Item 0176,Home,C-08-01-01,10,219.33,AVAILABLE
SKU-00177,Toys Item 0177,Toys,C-09-04-02,12,216.24,AVAILABLE
SKU-00178,Toys Item 0178,Toys,B-03-04-01,25,203.91,AVAILABLE
SKU-00179,Kitchen Item 0179,Kitchen,E-07-04-02,6,155.96,AVAILABLE
SKU-00180,Stationery Item 0180,Stationery,A-07-02-02,19,90.95,AVAILABLE
SKU-00181,Beauty Item 0181,Beauty,D-06-03-01,23,76.7,AVAILABLE
SKU-00182,Home Item 0182,Home,B-05-03-01,25,197.49,AVAILABLE
SKU-00183,Accessories Item 0183,Accessories,B-04-03-02,23,217.19,AVAILABLE
SKU-00184,Beauty Item 0184,Beauty,D-06-02-01,27,65.65,HOLD
SKU-00185,Toys Item 0185,Toys,B-06-01-02,19,159.94,HOLD
SKU-00186,Fitness Item 0186,Fitness,E-10-03-01,3,160.24,AVAILABLE
SKU-00187,Fitness Item 0187,Fitness,F-07-02-02,24,73.17,AVAILABLE
SKU-00188,Toys Item 0188,Toys,F-04-02-02,11,147.58,AVAILABLE
SKU-00189,Toys Item 0189,Toys,D-10-02-02,28,20.52,HOLD
SKU-00190,Stationery Item 0190,Stationery,E-07-05-02,27,56.9,AVAILABLE
SKU-00191,Kitchen Item 0191,Kitchen,D-02-01-01,11,139.09,AVAILABLE
SKU-00192,Toys Item 0192,Toys,D-08-03-02,29,172.23,AVAILABLE
SKU-00193,Electronics Item 0193,Electronics,B-01-04-01,21,197.05,HOLD
SKU-00194,Electronics Item 0194,Electronics,B-04-02-02,30,215.12,HOLD
SKU-00195,Toys Item 0195,Toys,A-01-01-01,14,54.57,AVAILABLE
SKU-00196,Accessories Item 0196,Accessories,B-07-05-02,28,233.52,AVAILABLE
SKU-00197,Home Item 0197,Home,D-10-04-01,9,25.19,AVAILABLE
SKU-00198,Electronics Item 0198,Electronics,E-04-03-01,21,79.85,AVAILABLE
SKU-00199,Fitness Item 0199,Fitness,A-10-05-01,23,28.32,AVAILABLE
SKU-00200,Toys Item 0200,Toys,A-09-02-02,5,150.45,HOLD
SKU-00201,Electronics Item 0201,Electronics,A-01-05-01,23,89.18,AVAILABLE
SKU-00202,Fitness Item 0202,Fitness,B-05-01-02,16,22.35,HOLD
SKU-00203,Home Item 0203,Home,B-01-05-02,4,81.77,AVAILABLE
SKU-00204,Beauty Item 0204,Beauty,E-02-05-02,25,204.28,AVAILABLE
SKU-00205,Beauty Item 0205,Beauty,A-08-02-02,17,143.01,AVAILABLE
SKU-00206,Toys Item 0206,Toys,D-09-03-02,24,57.2,AVAILABLE
SKU-00207,Fitness Item 0207,Fitness,E-09-03-02,28,58.22,AVAILABLE
SKU-00208,Beauty Item 0208,Beauty,B-04-02-01,19,183.85,AVAILABLE
SKU-00209,Fitness Item 0209,Fitness,D-05-03-02,26,39.26,AVAILABLE
SKU-00210,Home Item 0210,Home,C-08-01-02,18,152.24,AVAILABLE
SKU-00211,Electronics Item 0211,Electronics,D-04-01-01,7,131.85,AVAILABLE
SKU-00212,Fitness Item 0212,Fitness,D-03-02-02,21,18.37,AVAILABLE
SKU-00213,Toys Item 0213,Toys,E-03-02-02,4,64.07,AVAILABLE
SKU-00214,Electronics Item 0214,Electronics,D-10-04-01,30,82.54,HOLD
SKU-00215,Fitness Item 0215,Fitness,E-01-02-01,18,172.32,HOLD
SKU-00216,Home Item 0216,Home,A-02-05-01,19,21.55,AVAILABLE
SKU-00217,Stationery Item 0217,Stationery,A-05-01-02,30,19.81,HOLD
SKU-00218,Accessories Item 0218,Accessories,F-05-05-02,25,106.78,HOLD
SKU-00219,Home Item 0219,Home,F-09-04-02,18,155.93,AVAILABLE
SKU-00220,Home Item 0220,Home,D-04-05-02,3,130.27,AVAILABLE
SKU-00221,Beauty Item 0221,Beauty,F-09-04-02,11,100.73,AVAILABLE
SKU-00222,Accessories Item 0222,Accessories,E-08-05-02,24,238.59,AVAILABLE
SKU-00223,Electronics Item 0223,Electronics,C-07-04-02,3,231.53,AVAILABLE
SKU-00224,Toys Item 0224,Toys,A-06-05-02,10,168.19,AVAILABLE
SKU-00225,Home Item 0225,Home,A-02-02-02,23,38.62,AVAILABLE
SKU-00226,Beauty Item 0226,Beauty,F-05-02-02,12,133.14,AVAILABLE
SKU-00227,Beauty Item 0227,Beauty,E-01-05-01,5,188.7,AVAILABLE
SKU-00228,Home Item 0228,Home,A-04-01-02,11,202.74,AVAILABLE
SKU-00229,Home Item 0229,Home,C-09-04-02,23,243.89,AVAILABLE
SKU-00230,Toys Item 0230,Toys,E-10-05-01,17,93.23,HOLD
SKU-00231,Beauty Item 0231,Beauty,E-01-03-01,6,67.5,AVAILABLE
SKU-00232,Home Item 0232,Home,C-05-05-01,24,129.66,AVAILABLE
SKU-00233,Electronics Item 0233,Electronics,C-07-04-02,2,120.58,HOLD
SKU-00234,Beauty Item 0234,Beauty,B-10-03-01,30,240.28,AVAILABLE
SKU-00235,Fitness Item 0235,Fitness,C-05-03-01,11,65.82,AVAILABLE
SKU-00236,Accessories Item 0236,Accessories,A-09-02-02,19,96.34,AVAILABLE
SKU-00237,Beauty Item 0237,Beauty,C-05-02-02,26,131.36,AVAILABLE
SKU-00238,Fitness Item 0238,Fitness,A-08-02-02,29,118.95,AVAILABLE
SKU-00239,Accessories Item 0239,Accessories,D-06-05-01,3,140.51,AVAILABLE
SKU-00240,Kitchen Item 0240,Kitchen,C-02-04-01,10,143.13,AVAILABLE
SKU-00241,Stationery Item 0241,Stationery,F-01-05-01,12,149.96,HOLD
SKU-00242,Stationery Item 0242,Stationery,F-10-04-02,25,200.01,AVAILABLE
SKU-00243,Electronics Item 0243,Electronics,E-05-05-01,1,62.08,AVAILABLE
SKU-00244,Electronics Item 0244,Electronics,D-07-04-02,1,190.94,HOLD
SKU-00245,Accessories Item 0245,Accessories,B-02-01-02,7,134.8,AVAILABLE
SKU-00246,Fitness Item 0246,Fitness,F-04-05-01,2,243.28,AVAILABLE
SKU-00247,Accessories Item 0247,Accessories,B-01-01-01,2,230.71,HOLD
SKU-00248,Kitchen Item 0248,Kitchen,F-01-01-02,24,25.8,AVAILABLE
SKU-00249,Beauty Item 0249,Beauty,E-04-02-01,3,150.01,AVAILABLE
SKU-00250,Fitness Item 0250,Fitness,B-04-05-02,8,76.46,AVAILABLE
SKU-00251,Fitness Item 0251,Fitness,D-06-04-02,11,115.93,AVAILABLE
SKU-00252,Home Item 0252,Home,C-02-05-01,5,196.08,AVAILABLE
SKU-00253,Beauty Item 0253,Beauty,B-02-03-01,6,115.14,AVAILABLE
SKU-00254,Fitness Item 0254,Fitness,B-03-05-02,18,92.78,AVAILABLE
SKU-00255,Toys Item 0255,Toys,D-04-04-02,15,69.93,AVAILABLE
SKU-00256,Home Item 0256,Home,B-07-05-01,26,173.08,AVAILABLE
SKU-00257,Stationery Item 0257,Stationery,D-06-05-01,5,27.35,AVAILABLE
SKU-00258,Kitchen Item 0258,Kitchen,E-04-03-01,17,16.99,AVAILABLE
SKU-00259,Accessories Item 0259,Accessories,B-09-04-01,1,238.26,HOLD
SKU-00260,Stationery Item 0260,Stationery,B-01-01-02,15,29.97,AVAILABLE
SKU-00261,Home Item 0261,Home,A-02-02-02,2,208.44,AVAILABLE
SKU-00262,Beauty Item 0262,Beauty,C-02-02-02,27,103.14,AVAILABLE
SKU-00263,Accessories Item 0263,Accessories,A-08-05-02,1,249.3,AVAILABLE
SKU-00264,Toys Item 0264,Toys,B-04-04-02,3,226.74,AVAILABLE
SKU-00265,Home Item 0265,Home,A-05-03-02,15,17.41,HOLD
SKU-00266,Fitness Item 0266,Fitness,F-05-02-02,1,98.77,HOLD
SKU-00267,Beauty Item 0267,Beauty,D-09-05-01,7,227.53,AVAILABLE
SKU-00268,Accessories Item 0268,Accessories,E-09-05-01,29,41.41,AVAILABLE
SKU-00269,Accessories Item 0269,Accessories,F-05-04-01,14,221.28,HOLD
SKU-00270,Electronics Item 0270,Electronics,A-10-02-02,9,98.84,HOLD
SKU-00271,Stationery Item 0271,Stationery,F-08-03-02,8,159.53,AVAILABLE
SKU-00272,Fitness Item 0272,Fitness,D-10-03-01,16,138.41,HOLD
SKU-00273,Kitchen Item 0273,Kitchen,F-06-01-01,11,100.15,AVAILABLE
SKU-00274,Electronics Item 0274,Electronics,D-05-05-02,20,58.66,AVAILABLE
SKU-00275,Electronics Item 0275,Electronics,F-02-04-02,17,92.57,AVAILABLE
SKU-00276,Beauty Item 0276,Beauty,B-01-04-02,8,165.93,AVAILABLE
SKU-00277,Electronics Item 0277,Electronics,C-04-05-01,19,212.39,HOLD
SKU-00278,Kitchen Item 0278,Kitchen,B-09-03-02,6,62.96,AVAILABLE
SKU-00279,Kitchen Item 0279,Kitchen,A-03-05-02,23,176.64,AVAILABLE
SKU-00280,Stationery Item 0280,Stationery,F-04-05-02,18,80.72,HOLD
SKU-00281,Electronics Item 0281,Electronics,A-10-04-02,2,61.99,AVAILABLE
SKU-00282,Electronics Item 0282,Electronics,F-08-04-01,16,5.17,AVAILABLE
SKU-00283,Beauty Item 0283,Beauty,D-08-02-01,23,48.48,AVAILABLE
SKU-00284,Electronics Item 0284,Electronics,A-03-02-02,5,148.72,AVAILABLE
SKU-00285,Home Item 0285,Home,F-08-03-02,28,94.4,AVAILABLE
SKU-00286,Kitchen Item 0286,Kitchen,E-04-03-01,19,29.75,AVAILABLE
SKU-00287,Kitchen Item 0287,Kitchen,B-05-03-02,6,184.43,HOLD
SKU-00288,Toys Item 0288,Toys,D-05-04-02,6,178.26,AVAILABLE
SKU-00289,Stationery Item 0289,Stationery,B-09-05-01,13,80.17,AVAILABLE
SKU-00290,Beauty Item 0290,Beauty,B-10-01-02,24,5.44,HOLD
SKU-00291,Electronics Item 0291,Electronics,B-10-04-02,20,82.96,AVAILABLE
SKU-00292,Home Item 0292,Home,F-05-02-02,5,86.14,AVAILABLE
SKU-00293,Stationery Item 0293,Stationery,D-09-01-01,11,46.13,AVAILABLE
SKU-00294,Kitchen Item 0294,Kitchen,E-09-05-02,1,69.98,AVAILABLE
SKU-00295,Home Item 0295,Home,D-09-02-02,9,197.82,AVAILABLE
SKU-00296,Electronics Item 0296,Electronics,E-03-02-02,15,184.48,AVAILABLE
SKU-00297,Fitness Item 0297,Fitness,F-04-05-02,29,97.78,HOLD
SKU-00298,Home Item 0298,Home,F-03-03-01,26,216.69,AVAILABLE
SKU-00299,Beauty Item 0299,Beauty,E-10-03-01,3,200.8,AVAILABLE
SKU-00300,Accessories Item 0300,Accessories,A-03-01-02,11,68.98,AVAILABLE
SKU-00301,Home Item 0301,Home,D-08-03-01,6,222.54,AVAILABLE
SKU-00302,Home Item 0302,Home,F-10-05-01,29,244.62,AVAILABLE
SKU-00303,Toys Item 0303,Toys,A-04-02-01,14,235.9,AVAILABLE
SKU-00304,Fitness Item 0304,Fitness,B-07-04-02,2,29.81,AVAILABLE
SKU-00305,Stationery Item 0305,Stationery,E-05-05-01,23,140.76,AVAILABLE
SKU-00306,Accessories Item 0306,Accessories,D-03-04-01,8,28.5,HOLD
SKU-00307,Toys Item 0307,Toys,B-07-03-01,2,93.4,HOLD
SKU-00308,Home Item 0308,Home,D-03-02-01,27,167.19,HOLD
SKU-00309,Stationery Item 0309,Stationery,B-01-03-01,1,55.7,AVAILABLE
SKU-00310,Home Item 0310,Home,F-02-05-01,28,33.3,HOLD
SKU-00311,Toys Item 0311,Toys,F-04-03-02,29,166.95,AVAILABLE
SKU-00312,Fitness Item 0312,Fitness,C-01-01-01,12,221.95,AVAILABLE
SKU-00313,Beauty Item 0313,Beauty,E-09-05-01,2,69.51,HOLD
SKU-00314,Accessories Item 0314,Accessories,C-05-04-01,27,70.8,AVAILABLE
SKU-00315,Beauty Item 0315,Beauty,B-01-03-01,3,168.69,HOLD
SKU-00316,Stationery Item 0316,Stationery,A-07-03-02,27,99.84,HOLD
SKU-00317,Toys Item 0317,Toys,C-06-04-02,16,78.22,HOLD
SKU-00318,Electronics Item 0318,Electronics,F-06-01-01,19,225.61,AVAILABLE
SKU-00319,Home Item 0319,Home,E-10-01-02,6,237.52,AVAILABLE
SKU-00320,Stationery Item 0320,Stationery,C-01-05-01,5,15.46,AVAILABLE
SKU-00321,Fitness Item 0321,Fitness,C-02-04-02,27,158.67,AVAILABLE
SKU-00322,Kitchen Item 0322,Kitchen,A-08-01-02,3,100.08,HOLD
SKU-00323,Kitchen Item 0323,Kitchen,D-01-02-01,17,117.25,AVAILABLE
SKU-00324,Fitness Item 0324,Fitness,B-03-01-02,14,41.66,AVAILABLE
SKU-00325,Home Item 0325,Home,B-01-05-01,26,75.09,AVAILABLE
SKU-00326,Fitness Item 0326,Fitness,C-09-05-01,13,165.42,HOLD
SKU-00327,Electronics Item 0327,Electronics,B-09-03-01,9,103.73,HOLD
SKU-00328,Electronics Item 0328,Electronics,E-04-03-01,29,220.34,AVAILABLE
SKU-00329,Electronics Item 0329,Electronics,F-03-01-01,30,70.8,AVAILABLE
SKU-00330,Electronics Item 0330,Electronics,D-07-05-02,27,199.44,AVAILABLE
SKU-00331,Accessories Item 0331,Accessories,F-04-05-01,28,175.56,AVAILABLE
SKU-00332,Stationery Item 0332,Stationery,B-05-02-02,10,243.68,HOLD
SKU-00333,Kitchen Item 0333,Kitchen,C-10-02-02,24,107.11,AVAILABLE
SKU-00334,Stationery Item 0334,Stationery,E-09-03-01,7,228.79,HOLD
SKU-00335,Toys Item 0335,Toys,F-07-03-01,28,96.61,AVAILABLE
SKU-00336,Beauty Item 0336,Beauty,A-08-01-01,10,178.84,HOLD
SKU-00337,Beauty Item 0337,Beauty,F-08-02-02,29,144.32,AVAILABLE
SKU-00338,Stationery Item 0338,Stationery,C-02-04-01,27,19.12,AVAILABLE
SKU-00339,Toys Item 0339,Toys,A-06-03-01,30,93.29,AVAILABLE
SKU-00340,Accessories Item 0340,Accessories,E-01-03-02,27,118.73,HOLD
SKU-00341,Home Item 0341,Home,A-04-02-01,8,96.25,HOLD
SKU-00342,Beauty Item 0342,Beauty,F-02-05-02,19,140.08,AVAILABLE
SKU-00343,Beauty Item 0343,Beauty,C-09-01-02,24,208.56,AVAILABLE
SKU-00344,Accessories Item 0344,Accessories,A-03-05-02,13,17.16,AVAILABLE
SKU-00345,Stationery Item 0345,Stationery,C-05-03-02,22,55.65,HOLD
SKU-00346,Electronics Item 0346,Electronics,A-02-01-01,16,228.32,AVAILABLE
SKU-00347,Electronics Item 0347,Electronics,C-05-03-01,9,154.04,AVAILABLE
SKU-00348,Accessories Item 0348,Accessories,E-07-02-01,29,97.24,AVAILABLE
SKU-00349,Toys Item 0349,Toys,C-08-03-02,7,119.34,HOLD
SKU-00350,Home Item 0350,Home,A-01-04-02,17,249.86,AVAILABLE
SKU-00351,Accessories Item 0351,Accessories,D-03-04-02,22,31.49,AVAILABLE
SKU-00352,Kitchen Item 0352,Kitchen,D-01-02-02,21,84.66,AVAILABLE
SKU-00353,Accessories Item 0353,Accessories,D-03-04-02,7,41.73,AVAILABLE
SKU-00354,Electronics Item 0354,Electronics,E-05-02-01,22,83.3,AVAILABLE
SKU-00355,Electronics Item 0355,Electronics,F-05-03-02,10,68.56,HOLD
SKU-00356,Fitness Item 0356,Fitness,E-03-03-02,24,13.65,AVAILABLE
SKU-00357,Kitchen Item 0357,Kitchen,C-05-01-02,22,135.99,HOLD
SKU-00358,Kitchen Item 0358,Kitchen,F-06-03-02,10,212.13,AVAILABLE
SKU-00359,Accessories Item 0359,Accessories,B-01-03-01,16,36.35,AVAILABLE
SKU-00360,Beauty Item 0360,Beauty,D-07-04-02,21,26.88,AVAILABLE
SKU-00361,Stationery Item 0361,Stationery,D-04-04-01,14,198.08,AVAILABLE
SKU-00362,Kitchen Item 0362,Kitchen,C-09-03-01,19,77.04,AVAILABLE
SKU-00363,Toys Item 0363,Toys,A-06-04-02,28,160.43,AVAILABLE
SKU-00364,Toys Item 0364,Toys,C-02-01-01,17,34.35,HOLD
SKU-00365,Accessories Item 0365,Accessories,E-06-02-01,2,218.36,AVAILABLE
SKU-00366,Beauty Item 0366,Beauty,C-02-04-01,11,105.25,HOLD
SKU-00367,Beauty Item 0367,Beauty,D-05-04-01,28,180.34,AVAILABLE
SKU-00368,Toys Item 0368,Toys,D-07-03-01,21,246.73,AVAILABLE
SKU-00369,Electronics Item 0369,Electronics,A-01-03-01,15,72.01,AVAILABLE
SKU-00370,Beauty Item 0370,Beauty,F-04-04-01,26,192.07,AVAILABLE
SKU-00371,Beauty Item 0371,Beauty,E-08-03-01,21,110.21,HOLD
SKU-00372,Toys Item 0372,Toys,E-03-01-01,1,14.24,AVAILABLE
SKU-00373,Kitchen Item 0373,Kitchen,A-02-03-02,29,83.94,AVAILABLE
SKU-00374,Electronics Item 0374,Electronics,A-01-03-01,21,184.73,AVAILABLE
SKU-00375,Kitchen Item 0375,Kitchen,D-05-02-01,5,30.16,AVAILABLE
SKU-00376,Beauty Item 0376,Beauty,A-07-05-02,27,16.2,AVAILABLE
SKU-00377,Toys Item 0377,Toys,F-07-05-02,20,133.41,HOLD
SKU-00378,Beauty Item 0378,Beauty,D-08-03-01,29,125.09,AVAILABLE
SKU-00379,Beauty Item 0379,Beauty,E-05-02-01,1,60.96,AVAILABLE
SKU-00380,Stationery Item 0380,Stationery,A-03-02-02,19,128.64,AVAILABLE
SKU-00381,Kitchen Item 0381,Kitchen,A-04-05-02,13,219.75,AVAILABLE
SKU-00382,Electronics Item 0382,Electronics,A-06-02-01,22,31.49,AVAILABLE
SKU-00383,Electronics Item 0383,Electronics,B-03-03-01,14,113.86,AVAILABLE
SKU-00384,Accessories Item 0384,Accessories,F-02-05-02,23,42.52,AVAILABLE
SKU-00385,Accessories Item 0385,Accessories,E-06-05-02,22,29.74,AVAILABLE
SKU-00386,Beauty Item 0386,Beauty,E-06-04-02,27,225.16,AVAILABLE
SKU-00387,Accessories Item 0387,Accessories,B-03-02-01,26,31.03,AVAILABLE
SKU-00388,Stationery Item 0388,Stationery,C-09-04-02,27,133.17,AVAILABLE
SKU-00389,Kitchen Item 0389,Kitchen,E-05-05-01,10,44.29,HOLD
SKU-00390,Stationery Item 0390,Stationery,F-03-04-01,11,62.45,AVAILABLE
SKU-00391,Home Item 0391,Home,B-02-05-02,27,145.67,HOLD
SKU-00392,Beauty Item 0392,Beauty,A-10-04-02,25,130.37,AVAILABLE
SKU-00393,Accessories Item 0393,Accessories,C-06-01-02,15,247.22,AVAILABLE
SKU-00394,Accessories Item 0394,Accessories,F-01-05-01,2,29.45,AVAILABLE
SKU-00395,Electronics Item 0395,Electronics,D-02-04-02,12,201.39,AVAILABLE
SKU-00396,Fitness Item 0396,Fitness,B-03-03-01,4,213.56,AVAILABLE
SKU-00397,Electronics Item 0397,Electronics,B-05-04-02,22,163.56,AVAILABLE
SKU-00398,Kitchen Item 0398,Kitchen,E-09-01-01,20,70.74,AVAILABLE
SKU-00399,Kitchen Item 0399,Kitchen,D-08-03-01,6,32.89,HOLD
SKU-00400,Toys Item 0400,Toys,C-10-05-01,27,99.5,HOLD
SKU-00401,Fitness Item 0401,Fitness,B-08-05-01,4,37.47,AVAILABLE
SKU-00402,Beauty Item 0402,Beauty,B-02-01-02,14,228.25,HOLD
SKU-00403,Toys Item 0403,Toys,B-10-04-01,20,98.04,AVAILABLE
SKU-00404,Electronics Item 0404,Electronics,B-04-05-02,16,230.5,AVAILABLE
SKU-00405,Fitness Item 0405,Fitness,E-09-02-02,2,20.52,AVAILABLE
SKU-00406,Electronics Item 0406,Electronics,F-08-03-01,25,187.19,AVAILABLE
SKU-00407,Kitchen Item 0407,Kitchen,F-07-05-01,17,173.62,AVAILABLE
SKU-00408,Fitness Item 0408,Fitness,C-08-01-02,16,89.71,HOLD
SKU-00409,Beauty Item 0409,Beauty,A-06-05-01,1,162.63,AVAILABLE
SKU-00410,Toys Item 0410,Toys,F-05-02-01,28,45.52,HOLD
SKU-00411,Kitchen Item 0411,Kitchen,C-07-02-01,11,242.69,AVAILABLE
SKU-00412,Stationery Item 0412,Stationery,E-02-03-02,13,205.19,AVAILABLE
SKU-00413,Toys Item 0413,Toys,E-09-04-01,26,145.39,AVAILABLE
SKU-00414,Toys Item 0414,Toys,E-09-05-02,11,34.08,HOLD
SKU-00415,Electronics Item 0415,Electronics,B-02-01-01,13,106.02,AVAILABLE
SKU-00416,Home Item 0416,Home,D-04-02-02,29,129.54,AVAILABLE
SKU-00417,Toys Item 0417,Toys,D-08-02-02,12,207.2,AVAILABLE
SKU-00418,Toys Item 0418,Toys,D-07-02-02,18,193.02,HOLD
SKU-00419,Kitchen Item 0419,Kitchen,E-10-03-02,4,28.87,AVAILABLE
SKU-00420,Electronics Item 0420,Electronics,D-08-02-02,12,208.32,AVAILABLE
SKU-00421,Kitchen Item 0421,Kitchen,B-02-03-01,2,224.73,HOLD
SKU-00422,Beauty Item 0422,Beauty,E-05-05-01,4,67.3,AVAILABLE
SKU-00423,Stationery Item 0423,Stationery,B-03-05-02,30,213.79,AVAILABLE
SKU-00424,Toys Item 0424,Toys,C-01-04-01,23,87.79,HOLD
SKU-00425,Electronics Item 0425,Electronics,B-04-02-01,25,223.48,HOLD
SKU-00426,Beauty Item 0426,Beauty,F-05-04-01,1,134.94,AVAILABLE
SKU-00427,Fitness Item 0427,Fitness,F-03-05-01,30,129.54,AVAILABLE
SKU-00428,Beauty Item 0428,Beauty,B-04-04-02,4,99.91,AVAILABLE
SKU-00429,Fitness Item 0429,Fitness,E-06-04-02,20,229.4,AVAILABLE
SKU-00430,Accessories Item 0430,Accessories,E-04-04-01,11,242.77,HOLD
SKU-00431,Beauty Item 0431,Beauty,B-05-04-02,14,152.62,AVAILABLE
SKU-00432,Kitchen Item 0432,Kitchen,C-04-03-02,7,56.38,AVAILABLE
SKU-00433,Kitchen Item 0433,Kitchen,B-05-01-02,23,164.27,AVAILABLE
SKU-00434,Kitchen Item 0434,Kitchen,B-03-03-01,25,91.3,HOLD
SKU-00435,Fitness Item 0435,Fitness,F-09-03-01,10,219.98,HOLD
SKU-00436,Electronics Item 0436,Electronics,F-08-02-01,4,11.19,AVAILABLE
SKU-00437,Electronics Item 0437,Electronics,A-07-01-01,7,70.41,AVAILABLE
SKU-00438,Accessories Item 0438,Accessories,C-08-02-02,5,210.65,AVAILABLE
SKU-00439,Stationery Item 0439,Stationery,F-10-02-01,2,92.88,HOLD
SKU-00440,Home Item 0440,Home,C-05-03-01,24,163.54,HOLD
SKU-00441,Stationery Item 0441,Stationery,F-06-05-02,26,200.22,AVAILABLE
SKU-00442,Electronics Item 0442,Electronics,E-02-05-01,13,107.06,AVAILABLE
SKU-00443,Electronics Item 0443,Electronics,A-02-03-01,24,66.58,HOLD
SKU-00444,Stationery Item 0444,Stationery,E-01-03-01,25,149.15,AVAILABLE
SKU-00445,Stationery Item 0445,Stationery,D-03-02-01,15,48.47,AVAILABLE
SKU-00446,Beauty Item 0446,Beauty,B-09-03-02,24,130.89,HOLD
SKU-00447,Electronics Item 0447,Electronics,E-07-04-02,9,141.37,AVAILABLE
SKU-00448,Beauty Item 0448,Beauty,C-08-05-01,1,85.99,AVAILABLE
SKU-00449,Electronics Item 0449,Electronics,B-07-03-01,30,84.04,AVAILABLE
SKU-00450,Accessories Item 0450,Accessories,F-04-04-02,26,145.31,AVAILABLE
SKU-00451,Home Item 0451,Home,D-05-05-01,17,58.89,AVAILABLE
SKU-00452,Home Item 0452,Home,F-06-02-02,6,106.9,HOLD
SKU-00453,Home Item 0453,Home,D-09-02-01,8,221.43,AVAILABLE
SKU-00454,Kitchen Item 0454,Kitchen,D-10-04-01,10,58.52,HOLD
SKU-00455,Electronics Item 0455,Electronics,B-03-02-02,22,89.77,AVAILABLE
SKU-00456,Stationery Item 0456,Stationery,A-05-01-02,22,221.99,HOLD
SKU-00457,Home Item 0457,Home,E-03-02-02,9,137.36,AVAILABLE
SKU-00458,Electronics Item 0458,Electronics,F-07-03-02,27,193.77,HOLD
SKU-00459,Toys Item 0459,Toys,A-05-04-01,10,225.08,AVAILABLE
SKU-00460,Kitchen Item 0460,Kitchen,F-07-02-01,3,237.31,AVAILABLE
SKU-00461,Electronics Item 0461,Electronics,A-08-01-01,7,169.23,AVAILABLE
SKU-00462,Fitness Item 0462,Fitness,B-02-01-02,7,136.75,HOLD
SKU-00463,Home Item 0463,Home,B-07-03-01,1,117.51,AVAILABLE
SKU-00464,Electronics Item 0464,Electronics,A-10-02-02,3,18.3,AVAILABLE
SKU-00465,Home Item 0465,Home,C-05-05-01,30,68.37,HOLD
SKU-00466,Toys Item 0466,Toys,E-05-02-02,14,82.52,HOLD
SKU-00467,Home Item 0467,Home,F-09-03-02,1,162.15,AVAILABLE
SKU-00468,Electronics Item 0468,Electronics,A-08-04-02,12,232.37,AVAILABLE
SKU-00469,Accessories Item 0469,Accessories,D-04-01-01,20,26.19,HOLD
SKU-00470,Fitness Item 0470,Fitness,E-04-02-02,27,166.88,HOLD
SKU-00471,Beauty Item 0471,Beauty,F-09-03-01,8,38.41,HOLD
SKU-00472,Accessories Item 0472,Accessories,B-06-02-02,10,170.94,AVAILABLE
SKU-00473,Electronics Item 0473,Electronics,B-06-01-01,4,15.23,HOLD
SKU-00474,Home Item 0474,Home,D-04-03-01,7,188.33,AVAILABLE
SKU-00475,Stationery Item 0475,Stationery,E-06-01-02,29,163.25,AVAILABLE
SKU-00476,Beauty Item 0476,Beauty,B-10-05-02,8,156.14,AVAILABLE
SKU-00477,Stationery Item 0477,Stationery,B-03-02-02,6,169.39,AVAILABLE
SKU-00478,Toys Item 0478,Toys,A-08-04-02,10,169.56,AVAILABLE
SKU-00479,Home Item 0479,Home,C-02-02-02,24,147.25,AVAILABLE
SKU-00480,Kitchen Item 0480,Kitchen,B-04-04-02,22,165.59,AVAILABLE
SKU-00481,Accessories Item 0481,Accessories,A-08-03-01,29,52.41,HOLD
SKU-00482,Toys Item 0482,Toys,D-06-05-02,20,166.56,AVAILABLE
SKU-00483,Kitchen Item 0483,Kitchen,D-05-04-01,14,46.32,AVAILABLE
SKU-00484,Stationery Item 0484,Stationery,C-05-01-01,23,186.25,HOLD
SKU-00485,Accessories Item 0485,Accessories,D-10-03-02,5,171.5,AVAILABLE
SKU-00486,Toys Item 0486,Toys,F-01-03-02,15,92.89,AVAILABLE
SKU-00487,Toys Item 0487,Toys,B-02-04-02,6,163.16,AVAILABLE
SKU-00488,Accessories Item 0488,Accessories,B-05-05-02,29,136.96,AVAILABLE
SKU-00489,Home Item 0489,Home,A-09-01-01,29,9.56,AVAILABLE
SKU-00490,Fitness Item 0490,Fitness,C-03-05-02,30,13.98,AVAILABLE
SKU-00491,Toys Item 0491,Toys,B-06-05-02,12,101.16,AVAILABLE
SKU-00492,Beauty Item 0492,Beauty,F-01-05-01,17,130.05,HOLD
SKU-00493,Kitchen Item 0493,Kitchen,F-06-01-01,1,167.36,AVAILABLE
SKU-00494,Beauty Item 0494,Beauty,E-09-05-01,6,48.89,AVAILABLE
SKU-00495,Toys Item 0495,Toys,D-10-03-01,2,58.61,HOLD
SKU-00496,Stationery Item 0496,Stationery,A-07-04-02,9,95.51,AVAILABLE
SKU-00497,Stationery Item 0497,Stationery,F-07-04-02,30,198.91,HOLD
SKU-00498,Toys Item 0498,Toys,E-10-04-02,29,16.38,AVAILABLE
SKU-00499,Home Item 0499,Home,F-08-01-01,21,208.26,AVAILABLE
SKU-00500,Beauty Item 0500,Beauty,E-02-02-02,21,97.74,AVAILABLE
SKU-00501,Accessories Item 0501,Accessories,E-02-02-02,30,59.61,HOLD
SKU-00502,Kitchen Item 0502,Kitchen,D-08-04-02,16,199.2,AVAILABLE
SKU-00503,Beauty Item 0503,Beauty,E-09-02-01,6,61.35,AVAILABLE
SKU-00504,Stationery Item 0504,Stationery,B-07-01-01,6,43.55,AVAILABLE
SKU-00505,Stationery Item 0505,Stationery,E-06-02-02,26,85.91,AVAILABLE
SKU-00506,Toys Item 0506,Toys,F-03-03-01,16,56.62,AVAILABLE
SKU-00507,Fitness Item 0507,Fitness,A-03-02-02,8,15.57,AVAILABLE
SKU-00508,Beauty Item 0508,Beauty,F-07-01-01,2,223.25,AVAILABLE
SKU-00509,Electronics Item 0509,Electronics,B-08-05-01,9,231.0,HOLD
SKU-00510,Electronics Item 0510,Electronics,D-02-01-01,3,58.07,HOLD
SKU-00511,Toys Item 0511,Toys,B-09-02-01,8,208.44,AVAILABLE
SKU-00512,Beauty Item 0512,Beauty,F-06-05-02,9,46.09,AVAILABLE
SKU-00513,Toys Item 0513,Toys,A-08-02-02,8,97.66,AVAILABLE
SKU-00514,Home Item 0514,Home,A-02-04-02,7,133.06,HOLD
SKU-00515,Beauty Item 0515,Beauty,B-01-02-02,6,121.59,AVAILABLE
SKU-00516,Home Item 0516,Home,B-01-01-01,16,166.55,AVAILABLE
SKU-00517,Fitness Item 0517,Fitness,F-08-01-02,14,95.74,AVAILABLE
SKU-00518,Fitness Item 0518,Fitness,C-05-05-02,26,123.12,HOLD
SKU-00519,Kitchen Item 0519,Kitchen,B-01-03-02,14,37.8,HOLD
SKU-00520,Stationery Item 0520,Stationery,A-09-05-02,10,151.58,HOLD
SKU-00521,Accessories Item 0521,Accessories,C-01-03-01,1,178.74,AVAILABLE
SKU-00522,Home Item 0522,Home,F-07-05-02,1,96.88,AVAILABLE
SKU-00523,Kitchen Item 0523,Kitchen,E-05-04-02,12,31.11,HOLD
SKU-00524,Accessories Item 0524,Accessories,C-09-03-02,28,136.35,AVAILABLE
SKU-00525,Accessories Item 0525,Accessories,E-04-03-02,25,54.9,HOLD
SKU-00526,Beauty Item 0526,Beauty,E-01-04-02,18,140.95,AVAILABLE
SKU-00527,Accessories Item 0527,Accessories,D-08-04-01,25,177.85,AVAILABLE
SKU-00528,Home Item 0528,Home,C-06-01-01,15,196.86,AVAILABLE
SKU-00529,Home Item 0529,Home,C-04-01-02,17,103.14,AVAILABLE
SKU-00530,Electronics Item 0530,Electronics,B-08-01-02,13,241.32,AVAILABLE
SKU-00531,Home Item 0531,Home,B-06-03-01,16,231.84,HOLD
SKU-00532,Home Item 0532,Home,A-07-05-01,9,59.33,AVAILABLE
SKU-00533,Electronics Item 0533,Electronics,E-03-01-02,30,246.19,AVAILABLE
SKU-00534,Electronics Item 0534,Electronics,B-09-05-01,21,126.12,AVAILABLE
SKU-00535,Stationery Item 0535,Stationery,F-07-04-02,10,52.71,AVAILABLE
SKU-00536,Beauty Item 0536,Beauty,A-04-04-02,12,63.62,AVAILABLE
SKU-00537,Beauty Item 0537,Beauty,A-10-02-01,9,196.02,AVAILABLE
SKU-00538,Fitness Item 0538,Fitness,E-05-03-01,19,54.08,AVAILABLE
SKU-00539,Home Item 0539,Home,A-10-04-02,18,74.7,AVAILABLE
SKU-00540,Kitchen Item 0540,Kitchen,D-01-02-02,8,153.56,AVAILABLE
SKU-00541,Toys Item 0541,Toys,E-05-02-01,19,6.14,AVAILABLE
SKU-00542,Fitness Item 0542,Fitness,F-06-03-01,4,141.86,AVAILABLE
SKU-00543,Kitchen Item 0543,Kitchen,B-03-03-02,26,130.76,AVAILABLE
SKU-00544,Accessories Item 0544,Accessories,E-09-03-02,13,142.98,AVAILABLE
SKU-00545,Kitchen Item 0545,Kitchen,F-01-01-02,22,117.88,AVAILABLE
SKU-00546,Toys Item 0546,Toys,B-03-03-02,9,21.55,AVAILABLE
SKU-00547,Stationery Item 0547,Stationery,D-05-04-01,14,239.08,AVAILABLE
SKU-00548,Accessories Item 0548,Accessories,C-08-01-02,10,27.79,AVAILABLE
SKU-00549,Home Item 0549,Home,B-10-02-01,16,81.9,AVAILABLE
SKU-00550,Accessories Item 0550,Accessories,B-10-05-01,24,172.36,AVAILABLE
SKU-00551,Toys Item 0551,Toys,C-02-03-02,8,185.18,AVAILABLE
SKU-00552,Stationery Item 0552,Stationery,C-05-05-02,7,209.56,AVAILABLE
SKU-00553,Beauty Item 0553,Beauty,B-02-03-02,4,230.45,HOLD
SKU-00554,Electronics Item 0554,Electronics,F-10-02-01,2,212.76,AVAILABLE
SKU-00555,Kitchen Item 0555,Kitchen,F-04-05-02,29,246.41,AVAILABLE
SKU-00556,Toys Item 0556,Toys,B-10-05-01,25,229.42,AVAILABLE
SKU-00557,Fitness Item 0557,Fitness,C-05-01-02,25,146.28,AVAILABLE
SKU-00558,Fitness Item 0558,Fitness,F-03-02-02,18,12.98,AVAILABLE
SKU-00559,Fitness Item 0559,Fitness,B-09-04-01,15,244.24,HOLD
SKU-00560,Kitchen Item 0560,Kitchen,A-01-05-01,1,170.16,HOLD
SKU-00561,Home Item 0561,Home,D-06-04-01,12,155.13,AVAILABLE
SKU-00562,Beauty Item 0562,Beauty,F-10-05-02,9,63.1,HOLD
SKU-00563,Kitchen Item 0563,Kitchen,E-01-02-01,6,127.2,AVAILABLE
SKU-00564,Fitness Item 0564,Fitness,E-01-05-02,12,214.31,AVAILABLE
SKU-00565,Toys Item 0565,Toys,B-10-03-02,19,37.13,AVAILABLE
SKU-00566,Home Item 0566,Home,C-10-03-01,26,62.77,HOLD
SKU-00567,Fitness Item 0567,Fitness,C-02-01-02,5,201.01,AVAILABLE
SKU-00568,Toys Item 0568,Toys,A-02-01-01,6,108.27,AVAILABLE
SKU-00569,Kitchen Item 0569,Kitchen,F-04-02-01,10,66.49,AVAILABLE
SKU-00570,Fitness Item 0570,Fitness,B-01-04-01,23,45.02,AVAILABLE
SKU-00571,Accessories Item 0571,Accessories,F-03-01-02,27,159.32,HOLD
SKU-00572,Kitchen Item 0572,Kitchen,C-09-03-01,12,93.28,AVAILABLE
SKU-00573,Kitchen Item 0573,Kitchen,A-03-01-02,14,34.7,AVAILABLE
SKU-00574,Beauty Item 0574,Beauty,D-02-01-02,12,84.65,HOLD
SKU-00575,Toys Item 0575,Toys,A-09-03-01,13,155.35,HOLD
SKU-00576,Beauty Item 0576,Beauty,B-08-05-02,21,202.89,AVAILABLE
SKU-00577,Fitness Item 0577,Fitness,E-05-02-02,28,227.23,AVAILABLE
SKU-00578,Beauty Item 0578,Beauty,D-08-03-02,8,81.8,AVAILABLE
SKU-00579,Accessories Item 0579,Accessories,E-04-02-02,9,222.48,AVAILABLE
SKU-00580,Toys Item 0580,Toys,E-06-02-01,6,50.05,AVAILABLE
SKU-00581,Beauty Item 0581,Beauty,C-06-03-02,22,66.65,AVAILABLE
SKU-00582,Stationery Item 0582,Stationery,B-08-05-01,13,30.24,AVAILABLE
SKU-00583,Toys Item 0583,Toys,F-10-05-02,2,11.46,HOLD
SKU-00584,Home Item 0584,Home,B-02-01-02,9,156.44,AVAILABLE
SKU-00585,Fitness Item 0585,Fitness,D-04-05-01,8,65.61,AVAILABLE
SKU-00586,Toys Item 0586,Toys,B-04-03-02,5,134.05,AVAILABLE
SKU-00587,Electronics Item 0587,Electronics,A-04-04-01,22,92.43,AVAILABLE
SKU-00588,Toys Item 0588,Toys,F-02-02-01,28,137.44,AVAILABLE
SKU-00589,Toys Item 0589,Toys,B-05-03-01,23,137.13,HOLD
SKU-00590,Fitness Item 0590,Fitness,F-08-02-02,21,161.68,AVAILABLE
SKU-00591,Kitchen Item 0591,Kitchen,F-03-04-02,18,60.65,AVAILABLE
SKU-00592,Toys Item 0592,Toys,D-04-04-02,12,105.99,AVAILABLE
SKU-00593,Accessories Item 0593,Accessories,A-02-01-02,1,133.21,AVAILABLE
SKU-00594,Kitchen Item 0594,Kitchen,D-02-02-02,16,136.1,HOLD
SKU-00595,Toys Item 0595,Toys,D-03-05-01,1,192.64,AVAILABLE
SKU-00596,Stationery Item 0596,Stationery,A-01-04-02,18,96.54,HOLD
SKU-00597,Fitness Item 0597,Fitness,E-04-02-02,8,45.0,HOLD
SKU-00598,Fitness Item 0598,Fitness,C-04-05-02,9,24.41,AVAILABLE
SKU-00599,Accessories Item 0599,Accessories,D-02-01-02,21,187.02,AVAILABLE
SKU-00600,Fitness Item 0600,Fitness,C-01-02-02,28,21.77,AVAILABLE
SKU-00601,Accessories Item 0601,Accessories,B-02-05-02,21,116.56,HOLD
SKU-00602,Accessories Item 0602,Accessories,F-04-05-01,7,83.56,AVAILABLE
SKU-00603,Electronics Item 0603,Electronics,F-09-03-02,1,50.55,AVAILABLE
SKU-00604,Accessories Item 0604,Accessories,C-10-02-02,5,180.22,AVAILABLE
SKU-00605,Stationery Item 0605,Stationery,A-10-04-02,5,8.61,AVAILABLE
SKU-00606,Kitchen Item 0606,Kitchen,E-06-05-02,10,197.5,HOLD
SKU-00607,Kitchen Item 0607,Kitchen,F-01-04-01,23,198.9,AVAILABLE
SKU-00608,Home Item 0608,Home,B-06-04-01,2,70.29,HOLD
SKU-00609,Home Item 0609,Home,F-10-03-01,16,49.49,AVAILABLE
SKU-00610,Fitness Item 0610,Fitness,A-02-02-02,4,243.78,AVAILABLE
SKU-00611,Fitness Item 0611,Fitness,E-09-03-02,8,185.72,AVAILABLE
SKU-00612,Stationery Item 0612,Stationery,F-01-02-02,24,193.89,AVAILABLE
SKU-00613,Toys Item 0613,Toys,E-03-04-01,22,240.5,AVAILABLE
SKU-00614,Beauty Item 0614,Beauty,A-05-03-02,24,234.67,AVAILABLE
SKU-00615,Accessories Item 0615,Accessories,F-03-04-01,21,78.21,AVAILABLE
SKU-00616,Electronics Item 0616,Electronics,C-04-04-01,4,62.81,HOLD
SKU-00617,Kitchen Item 0617,Kitchen,A-02-04-01,6,199.63,AVAILABLE
SKU-00618,Fitness Item 0618,Fitness,C-07-03-02,1,242.36,HOLD
SKU-00619,Beauty Item 0619,Beauty,E-01-05-01,25,26.92,AVAILABLE
SKU-00620,Toys Item 0620,Toys,A-10-05-01,22,156.57,AVAILABLE
SKU-00621,Electronics Item 0621,Electronics,D-10-01-01,21,42.71,AVAILABLE
SKU-00622,Beauty Item 0622,Beauty,F-04-02-02,8,82.6,AVAILABLE
SKU-00623,Toys Item 0623,Toys,C-01-05-01,1,173.87,AVAILABLE
SKU-00624,Beauty Item 0624,Beauty,C-08-02-02,29,14.67,HOLD
SKU-00625,Accessories Item 0625,Accessories,F-10-02-02,23,125.07,AVAILABLE
SKU-00626,Kitchen Item 0626,Kitchen,D-06-03-01,24,119.76,AVAILABLE
SKU-00627,Home Item 0627,Home,F-09-01-01,5,115.1,AVAILABLE
SKU-00628,Kitchen Item 0628,Kitchen,E-10-04-01,1,195.1,HOLD
SKU-00629,Beauty Item 0629,Beauty,A-03-01-01,20,214.92,AVAILABLE
SKU-00630,Kitchen Item 0630,Kitchen,A-07-04-02,22,241.95,HOLD
SKU-00631,Stationery Item 0631,Stationery,F-08-02-02,22,126.9,AVAILABLE
SKU-00632,Accessories Item 0632,Accessories,D-06-02-02,14,162.02,AVAILABLE
SKU-00633,Home Item 0633,Home,F-08-02-01,22,21.34,AVAILABLE
SKU-00634,Beauty Item 0634,Beauty,A-04-02-02,7,31.23,AVAILABLE
SKU-00635,Home Item 0635,Home,A-04-02-02,19,162.23,HOLD
SKU-00636,Toys Item 0636,Toys,F-08-03-02,20,176.82,AVAILABLE
SKU-00637,Electronics Item 0637,Electronics,E-01-02-02,8,153.46,AVAILABLE
SKU-00638,Electronics Item 0638,Electronics,C-03-03-02,21,125.39,AVAILABLE
SKU-00639,Toys Item 0639,Toys,A-07-03-02,12,141.71,HOLD
SKU-00640,Kitchen Item 0640,Kitchen,A-07-02-01,27,156.15,AVAILABLE
SKU-00641,Home Item 0641,Home,D-04-02-02,3,236.43,AVAILABLE
SKU-00642,Home Item 0642,Home,C-06-01-02,18,99.41,AVAILABLE
SKU-00643,Stationery Item 0643,Stationery,B-10-03-01,18,188.55,HOLD
SKU-00644,Home Item 0644,Home,D-10-02-02,22,117.39,HOLD
SKU-00645,Home Item 0645,Home,B-08-05-01,26,49.2,HOLD
SKU-00646,Kitchen Item 0646,Kitchen,B-07-05-01,18,249.62,HOLD
SKU-00647,Kitchen Item 0647,Kitchen,D-05-03-02,18,247.91,AVAILABLE
SKU-00648,Kitchen Item 0648,Kitchen,E-06-01-02,25,160.14,AVAILABLE
SKU-00649,Stationery Item 0649,Stationery,F-10-04-01,7,96.89,AVAILABLE
SKU-00650,Kitchen Item 0650,Kitchen,E-10-03-02,15,240.16,AVAILABLE
SKU-00651,Electronics Item 0651,Electronics,D-02-01-02,20,8.99,AVAILABLE
SKU-00652,Accessories Item 0652,Accessories,A-01-04-01,10,246.18,AVAILABLE
SKU-00653,Kitchen Item 0653,Kitchen,A-03-02-02,25,206.38,AVAILABLE
SKU-00654,Beauty Item 0654,Beauty,B-01-01-02,2,117.79,AVAILABLE
SKU-00655,Beauty Item 0655,Beauty,C-09-05-02,12,222.96,AVAILABLE
SKU-00656,Stationery Item 0656,Stationery,C-08-05-02,26,78.57,HOLD
SKU-00657,Stationery Item 0657,Stationery,A-09-02-02,24,84.55,HOLD
SKU-00658,Beauty Item 0658,Beauty,F-04-02-02,27,225.26,AVAILABLE
SKU-00659,Accessories Item 0659,Accessories,A-04-05-02,24,203.04,HOLD
SKU-00660,Home Item 0660,Home,A-07-01-01,30,193.87,AVAILABLE
SKU-00661,Fitness Item 0661,Fitness,E-06-03-02,30,217.62,AVAILABLE
SKU-00662,Electronics Item 0662,Electronics,E-02-05-02,2,79.67,AVAILABLE
SKU-00663,Kitchen Item 0663,Kitchen,F-10-01-01,19,41.65,AVAILABLE
SKU-00664,Beauty Item 0664,Beauty,A-06-03-01,22,184.24,HOLD
SKU-00665,Toys Item 0665,Toys,F-06-02-01,3,59.41,AVAILABLE
SKU-00666,Fitness Item 0666,Fitness,B-06-05-01,5,87.36,HOLD
SKU-00667,Electronics Item 0667,Electronics,F-10-05-02,13,69.33,HOLD
SKU-00668,Fitness Item 0668,Fitness,B-04-05-02,25,38.04,AVAILABLE
SKU-00669,Toys Item 0669,Toys,E-04-02-02,21,144.98,AVAILABLE
SKU-00670,Stationery Item 0670,Stationery,A-08-04-01,9,195.31,AVAILABLE
SKU-00671,Home Item 0671,Home,B-03-01-02,22,106.33,AVAILABLE
SKU-00672,Kitchen Item 0672,Kitchen,C-01-04-01,11,89.41,AVAILABLE
SKU-00673,Accessories Item 0673,Accessories,B-09-01-02,12,155.97,HOLD
SKU-00674,Beauty Item 0674,Beauty,E-09-02-02,2,231.43,AVAILABLE
SKU-00675,Stationery Item 0675,Stationery,E-02-01-01,5,190.64,AVAILABLE
SKU-00676,Home Item 0676,Home,A-06-05-01,8,237.49,AVAILABLE
SKU-00677,Accessories Item 0677,Accessories,A-02-03-02,11,174.98,AVAILABLE
SKU-00678,Accessories Item 0678,Accessories,E-10-02-01,16,10.57,AVAILABLE
SKU-00679,Stationery Item 0679,Stationery,C-03-01-01,18,133.2,AVAILABLE
SKU-00680,Toys Item 0680,Toys,B-06-01-01,23,176.2,AVAILABLE
SKU-00681,Fitness Item 0681,Fitness,F-08-04-01,2,67.59,AVAILABLE
SKU-00682,Accessories Item 0682,Accessories,C-02-04-01,26,175.65,AVAILABLE
SKU-00683,Electronics Item 0683,Electronics,F-01-05-02,21,236.57,AVAILABLE
SKU-00684,Fitness Item 0684,Fitness,C-10-04-02,22,213.76,AVAILABLE
SKU-00685,Home Item 0685,Home,A-03-01-01,10,217.52,HOLD
SKU-00686,Stationery Item 0686,Stationery,E-02-04-02,17,244.27,AVAILABLE
SKU-00687,Kitchen Item 0687,Kitchen,F-04-01-01,28,151.29,AVAILABLE
SKU-00688,Beauty Item 0688,Beauty,C-02-03-01,17,241.86,AVAILABLE
SKU-00689,Electronics Item 0689,Electronics,C-08-01-01,30,134.71,AVAILABLE
SKU-00690,Toys Item 0690,Toys,E-04-01-02,24,43.47,AVAILABLE
SKU-00691,Kitchen Item 0691,Kitchen,D-09-05-02,21,79.07,AVAILABLE
SKU-00692,Electronics Item 0692,Electronics,C-09-01-01,29,99.86,AVAILABLE
SKU-00693,Accessories Item 0693,Accessories,C-05-03-02,5,88.74,HOLD
SKU-00694,Beauty Item 0694,Beauty,A-10-02-02,24,98.64,AVAILABLE
SKU-00695,Fitness Item 0695,Fitness,C-07-02-01,19,42.42,AVAILABLE
SKU-00696,Kitchen Item 0696,Kitchen,E-10-01-02,18,37.28,AVAILABLE
SKU-00697,Stationery Item 0697,Stationery,B-05-04-02,10,173.69,AVAILABLE
SKU-00698,Fitness Item 0698,Fitness,B-06-03-01,21,233.59,AVAILABLE
SKU-00699,Kitchen Item 0699,Kitchen,A-08-02-01,18,135.58,AVAILABLE
SKU-00700,Beauty Item 0700,Beauty,D-05-05-01,27,220.51,AVAILABLE
SKU-00701,Kitchen Item 0701,Kitchen,E-06-02-01,14,79.32,AVAILABLE
SKU-00702,Beauty Item 0702,Beauty,C-01-02-02,4,37.23,AVAILABLE
SKU-00703,Accessories Item 0703,Accessories,C-06-01-02,20,61.88,AVAILABLE
SKU-00704,Kitchen Item 0704,Kitchen,A-09-03-02,23,196.06,AVAILABLE
SKU-00705,Toys Item 0705,Toys,E-02-01-01,6,213.77,HOLD
SKU-00706,Toys Item 0706,Toys,B-05-04-01,6,52.35,AVAILABLE
SKU-00707,Fitness Item 0707,Fitness,A-02-04-01,30,71.12,HOLD
SKU-00708,Stationery Item 0708,Stationery,C-02-05-01,25,55.12,AVAILABLE
SKU-00709,Toys Item 0709,Toys,F-04-04-01,23,84.6,HOLD
SKU-00710,Stationery Item 0710,Stationery,E-07-04-01,13,195.17,HOLD
SKU-00711,Kitchen Item 0711,Kitchen,E-04-02-01,20,235.09,AVAILABLE
SKU-00712,Home Item 0712,Home,E-10-03-01,15,207.62,AVAILABLE
SKU-00713,Stationery Item 0713,Stationery,F-07-05-01,18,101.92,AVAILABLE
SKU-00714,Fitness Item 0714,Fitness,F-07-03-01,25,159.51,AVAILABLE
SKU-00715,Stationery Item 0715,Stationery,D-02-05-01,15,102.52,AVAILABLE
SKU-00716,Accessories Item 0716,Accessories,F-01-03-01,6,108.5,AVAILABLE
SKU-00717,Beauty Item 0717,Beauty,F-01-04-01,27,163.29,AVAILABLE
SKU-00718,Home Item 0718,Home,B-10-03-02,25,148.43,AVAILABLE
SKU-00719,Fitness Item 0719,Fitness,E-06-02-01,11,115.47,AVAILABLE
SKU-00720,Toys Item 0720,Toys,C-02-04-02,29,116.4,AVAILABLE
SKU-00721,Kitchen Item 0721,Kitchen,B-08-03-02,23,184.65,AVAILABLE
SKU-00722,Home Item 0722,Home,E-10-02-01,21,93.92,HOLD
SKU-00723,Beauty Item 0723,Beauty,E-02-03-02,18,98.25,AVAILABLE
SKU-00724,Kitchen Item 0724,Kitchen,B-07-01-01,6,217.86,AVAILABLE
SKU-00725,Electronics Item 0725,Electronics,E-06-05-01,10,80.83,HOLD
SKU-00726,Accessories Item 0726,Accessories,B-10-04-01,4,225.14,AVAILABLE
SKU-00727,Electronics Item 0727,Electronics,C-08-04-01,1,117.37,HOLD
SKU-00728,Electronics Item 0728,Electronics,F-05-01-01,8,58.13,HOLD
SKU-00729,Toys Item 0729,Toys,E-05-05-01,15,24.45,AVAILABLE
SKU-00730,Stationery Item 0730,Stationery,F-10-05-01,9,156.84,AVAILABLE
SKU-00731,Electronics Item 0731,Electronics,C-01-01-01,5,18.49,AVAILABLE
SKU-00732,Electronics Item 0732,Electronics,B-06-03-01,28,12.95,AVAILABLE
SKU-00733,Kitchen Item 0733,Kitchen,A-10-02-02,2,31.68,AVAILABLE
SKU-00734,Beauty Item 0734,Beauty,D-02-01-02,20,166.93,AVAILABLE
SKU-00735,Toys Item 0735,Toys,D-10-03-02,30,13.78,AVAILABLE
SKU-00736,Kitchen Item 0736,Kitchen,E-01-03-02,29,97.84,AVAILABLE
SKU-00737,Fitness Item 0737,Fitness,A-07-05-02,10,120.35,AVAILABLE
SKU-00738,Accessories Item 0738,Accessories,D-07-01-01,17,106.37,AVAILABLE
SKU-00739,Stationery Item 0739,Stationery,A-07-02-01,4,144.98,AVAILABLE
SKU-00740,Toys Item 0740,Toys,D-02-03-01,14,154.17,AVAILABLE
SKU-00741,Accessories Item 0741,Accessories,F-08-03-02,19,248.78,AVAILABLE
SKU-00742,Beauty Item 0742,Beauty,F-05-02-02,17,183.65,HOLD
SKU-00743,Toys Item 0743,Toys,B-10-03-02,29,154.3,AVAILABLE
SKU-00744,Stationery Item 0744,Stationery,A-01-01-02,4,10.88,AVAILABLE
SKU-00745,Stationery Item 0745,Stationery,E-06-02-02,14,16.15,AVAILABLE
SKU-00746,Stationery Item 0746,Stationery,A-02-02-01,21,54.29,AVAILABLE
SKU-00747,Accessories Item 0747,Accessories,A-08-02-01,10,78.57,AVAILABLE
SKU-00748,Electronics Item 0748,Electronics,B-03-02-01,22,86.65,HOLD
SKU-00749,Electronics Item 0749,Electronics,B-09-05-01,7,85.98,AVAILABLE
SKU-00750,Toys Item 0750,Toys,F-02-05-02,26,13.71,AVAILABLE
SKU-00751,Toys Item 0751,Toys,B-07-04-01,21,117.85,AVAILABLE
SKU-00752,Toys Item 0752,Toys,E-06-02-01,30,186.93,AVAILABLE
SKU-00753,Kitchen Item 0753,Kitchen,F-09-04-01,1,56.02,AVAILABLE
SKU-00754,Kitchen Item 0754,Kitchen,A-08-01-01,5,73.71,AVAILABLE
SKU-00755,Kitchen Item 0755,Kitchen,E-02-02-01,21,135.9,AVAILABLE
SKU-00756,Fitness Item 0756,Fitness,C-01-02-01,20,33.63,AVAILABLE
SKU-00757,Kitchen Item 0757,Kitchen,A-04-02-02,9,106.4,HOLD
SKU-00758,Stationery Item 0758,Stationery,E-01-05-01,15,208.22,AVAILABLE
SKU-00759,Stationery Item 0759,Stationery,F-08-03-01,10,47.88,AVAILABLE
SKU-00760,Electronics Item 0760,Electronics,C-02-04-02,30,27.69,AVAILABLE
SKU-00761,Toys Item 0761,Toys,F-05-05-01,5,51.6,HOLD
SKU-00762,Accessories Item 0762,Accessories,D-06-05-01,5,193.52,AVAILABLE
SKU-00763,Beauty Item 0763,Beauty,C-03-02-01,24,13.96,HOLD
SKU-00764,Home Item 0764,Home,A-01-03-01,10,233.42,AVAILABLE
SKU-00765,Kitchen Item 0765,Kitchen,F-02-02-01,29,16.3,AVAILABLE
SKU-00766,Electronics Item 0766,Electronics,D-05-02-01,21,223.57,AVAILABLE
SKU-00767,Stationery Item 0767,Stationery,C-01-05-01,10,72.78,AVAILABLE
SKU-00768,Toys Item 0768,Toys,B-03-04-01,9,41.58,AVAILABLE
SKU-00769,Home Item 0769,Home,A-02-04-01,20,142.11,AVAILABLE
SKU-00770,Stationery Item 0770,Stationery,F-10-02-02,12,139.59,AVAILABLE
SKU-00771,Beauty Item 0771,Beauty,D-02-01-01,19,64.98,AVAILABLE
SKU-00772,Accessories Item 0772,Accessories,D-08-01-01,18,113.69,AVAILABLE
SKU-00773,Electronics Item 0773,Electronics,F-02-04-01,29,170.5,AVAILABLE
SKU-00774,Fitness Item 0774,Fitness,A-06-05-01,3,109.48,AVAILABLE
SKU-00775,Toys Item 0775,Toys,D-10-01-01,10,86.42,AVAILABLE
SKU-00776,Home Item 0776,Home,F-01-05-02,19,37.29,HOLD
SKU-00777,Home Item 0777,Home,E-10-05-01,10,172.7,HOLD
SKU-00778,Toys Item 0778,Toys,C-06-02-01,8,40.21,AVAILABLE
SKU-00779,Kitchen Item 0779,Kitchen,E-04-01-01,6,176.41,AVAILABLE
SKU-00780,Kitchen Item 0780,Kitchen,E-10-04-01,16,12.41,HOLD
SKU-00781,Home Item 0781,Home,D-09-03-02,16,118.0,AVAILABLE
SKU-00782,Accessories Item 0782,Accessories,D-09-01-02,20,145.8,AVAILABLE
SKU-00783,Fitness Item 0783,Fitness,B-02-03-02,11,141.26,AVAILABLE
SKU-00784,Accessories Item 0784,Accessories,F-09-02-02,15,103.2,HOLD
SKU-00785,Stationery Item 0785,Stationery,C-07-04-01,18,43.96,HOLD
SKU-00786,Fitness Item 0786,Fitness,A-08-01-01,11,56.02,HOLD
SKU-00787,Fitness Item 0787,Fitness,D-08-03-01,18,175.06,AVAILABLE
SKU-00788,Home Item 0788,Home,F-04-02-01,4,150.08,HOLD
SKU-00789,Kitchen Item 0789,Kitchen,B-01-03-01,27,114.08,AVAILABLE
SKU-00790,Fitness Item 0790,Fitness,A-08-03-01,20,31.64,HOLD
SKU-00791,Kitchen Item 0791,Kitchen,F-05-01-02,21,166.74,AVAILABLE
SKU-00792,Stationery Item 0792,Stationery,B-05-05-01,29,147.29,AVAILABLE
SKU-00793,Beauty Item 0793,Beauty,B-06-05-02,15,135.16,HOLD
SKU-00794,Toys Item 0794,Toys,C-02-01-02,7,171.97,AVAILABLE
SKU-00795,Accessories Item 0795,Accessories,D-04-02-02,30,236.12,HOLD
SKU-00796,Kitchen Item 0796,Kitchen,A-10-04-01,19,6.99,HOLD
SKU-00797,Beauty Item 0797,Beauty,D-03-02-01,2,95.46,AVAILABLE
SKU-00798,Electronics Item 0798,Electronics,D-10-03-01,4,216.01,AVAILABLE
SKU-00799,Stationery Item 0799,Stationery,E-08-02-01,23,149.59,AVAILABLE
SKU-00800,Fitness Item 0800,Fitness,E-05-03-01,13,111.62,AVAILABLE
SKU-00801,Beauty Item 0801,Beauty,F-03-01-01,5,51.12,HOLD
SKU-00802,Kitchen Item 0802,Kitchen,E-06-04-01,5,75.68,AVAILABLE
SKU-00803,Beauty Item 0803,Beauty,A-02-02-01,3,163.86,AVAILABLE
SKU-00804,Toys Item 0804,Toys,E-08-05-02,5,25.74,HOLD
SKU-00805,Toys Item 0805,Toys,E-07-03-01,20,49.05,HOLD
SKU-00806,Toys Item 0806,Toys,E-03-01-02,12,60.31,HOLD
SKU-00807,Electronics Item 0807,Electronics,F-05-04-01,28,184.07,AVAILABLE
SKU-00808,Fitness Item 0808,Fitness,F-10-04-02,19,94.91,AVAILABLE
SKU-00809,Toys Item 0809,Toys,E-01-03-02,4,147.17,AVAILABLE
SKU-00810,Beauty Item 0810,Beauty,F-08-04-01,28,246.0,AVAILABLE
SKU-00811,Toys Item 0811,Toys,F-07-03-02,3,133.22,AVAILABLE
SKU-00812,Stationery Item 0812,Stationery,F-02-04-02,21,186.71,AVAILABLE
SKU-00813,Accessories Item 0813,Accessories,A-06-04-02,29,89.17,AVAILABLE
SKU-00814,Toys Item 0814,Toys,E-10-04-01,17,226.98,AVAILABLE
SKU-00815,Fitness Item 0815,Fitness,D-09-04-02,26,77.18,AVAILABLE
SKU-00816,Electronics Item 0816,Electronics,D-04-02-02,24,197.33,AVAILABLE
SKU-00817,Electronics Item 0817,Electronics,F-02-05-01,19,46.42,AVAILABLE
SKU-00818,Accessories Item 0818,Accessories,A-03-05-01,10,123.77,AVAILABLE
SKU-00819,Home Item 0819,Home,D-01-03-01,9,37.47,AVAILABLE
SKU-00820,Accessories Item 0820,Accessories,C-09-01-01,1,186.65,AVAILABLE
SKU-00821,Beauty Item 0821,Beauty,E-09-05-02,12,202.92,AVAILABLE
SKU-00822,Stationery Item 0822,Stationery,F-04-01-01,6,200.85,AVAILABLE
SKU-00823,Kitchen Item 0823,Kitchen,A-10-01-01,5,150.91,AVAILABLE
SKU-00824,Toys Item 0824,Toys,E-06-01-02,25,98.88,HOLD
SKU-00825,Beauty Item 0825,Beauty,C-03-04-02,19,184.92,AVAILABLE
SKU-00826,Electronics Item 0826,Electronics,C-09-05-01,25,205.79,AVAILABLE
SKU-00827,Beauty Item 0827,Beauty,F-01-05-01,13,121.68,HOLD
SKU-00828,Stationery Item 0828,Stationery,E-02-04-01,22,177.87,HOLD
SKU-00829,Accessories Item 0829,Accessories,B-06-03-01,17,218.22,AVAILABLE
SKU-00830,Accessories Item 0830,Accessories,E-10-01-02,13,171.23,AVAILABLE
SKU-00831,Home Item 0831,Home,F-09-02-01,21,91.69,HOLD
SKU-00832,Accessories Item 0832,Accessories,D-07-04-02,9,70.44,AVAILABLE
SKU-00833,Accessories Item 0833,Accessories,E-03-05-02,15,194.42,AVAILABLE
SKU-00834,Stationery Item 0834,Stationery,F-07-05-02,11,171.04,AVAILABLE
SKU-00835,Kitchen Item 0835,Kitchen,F-10-05-01,1,169.84,AVAILABLE
SKU-00836,Electronics Item 0836,Electronics,E-06-01-01,4,133.69,HOLD
SKU-00837,Kitchen Item 0837,Kitchen,C-04-05-01,24,74.41,AVAILABLE
SKU-00838,Electronics Item 0838,Electronics,A-03-03-02,20,27.53,AVAILABLE
SKU-00839,Home Item 0839,Home,B-03-05-01,3,214.83,AVAILABLE
SKU-00840,Fitness Item 0840,Fitness,C-01-01-01,29,32.16,AVAILABLE
SKU-00841,Accessories Item 0841,Accessories,D-03-02-01,15,166.82,AVAILABLE
SKU-00842,Toys Item 0842,Toys,D-01-02-02,25,109.61,AVAILABLE
SKU-00843,Accessories Item 0843,Accessories,B-08-02-01,25,23.13,AVAILABLE
SKU-00844,Fitness Item 0844,Fitness,E-03-03-02,11,249.01,AVAILABLE
SKU-00845,Accessories Item 0845,Accessories,B-10-02-01,15,22.0,AVAILABLE
SKU-00846,Fitness Item 0846,Fitness,B-10-02-01,21,125.55,AVAILABLE
SKU-00847,Fitness Item 0847,Fitness,C-04-04-01,20,162.62,HOLD
SKU-00848,Accessories Item 0848,Accessories,B-02-01-01,2,22.87,AVAILABLE
SKU-00849,Toys Item 0849,Toys,A-03-01-01,29,126.94,AVAILABLE
SKU-00850,Electronics Item 0850,Electronics,E-03-04-02,9,42.14,AVAILABLE
SKU-00851,Fitness Item 0851,Fitness,A-01-02-02,17,178.36,HOLD
SKU-00852,Toys Item 0852,Toys,E-08-04-02,13,211.79,AVAILABLE
SKU-00853,Stationery Item 0853,Stationery,A-01-02-02,13,238.77,HOLD
SKU-00854,Home Item 0854,Home,F-09-04-01,30,247.94,AVAILABLE
SKU-00855,Accessories Item 0855,Accessories,E-04-05-02,2,159.91,AVAILABLE
SKU-00856,Kitchen Item 0856,Kitchen,F-09-03-02,28,240.43,AVAILABLE
SKU-00857,Toys Item 0857,Toys,D-02-04-01,21,54.76,AVAILABLE
SKU-00858,Fitness Item 0858,Fitness,C-01-04-01,10,175.49,AVAILABLE
SKU-00859,Kitchen Item 0859,Kitchen,F-04-02-01,3,221.88,HOLD
SKU-00860,Stationery Item 0860,Stationery,B-05-05-02,2,52.31,AVAILABLE
SKU-00861,Toys Item 0861,Toys,E-03-04-01,3,199.22,AVAILABLE
SKU-00862,Toys Item 0862,Toys,F-09-03-01,27,203.89,AVAILABLE
SKU-00863,Electronics Item 0863,Electronics,D-08-01-02,2,87.74,AVAILABLE
SKU-00864,Fitness Item 0864,Fitness,B-03-04-02,7,202.74,HOLD
SKU-00865,Beauty Item 0865,Beauty,C-06-02-02,30,22.65,AVAILABLE
SKU-00866,Toys Item 0866,Toys,A-03-01-01,16,227.26,AVAILABLE
SKU-00867,Stationery Item 0867,Stationery,B-04-05-02,1,47.2,AVAILABLE
SKU-00868,Accessories Item 0868,Accessories,B-01-03-01,15,154.75,AVAILABLE
SKU-00869,Home Item 0869,Home,B-03-02-01,16,150.77,AVAILABLE
SKU-00870,Home Item 0870,Home,C-02-05-01,14,87.65,HOLD
SKU-00871,Kitchen Item 0871,Kitchen,B-03-05-02,22,146.11,AVAILABLE
SKU-00872,Kitchen Item 0872,Kitchen,C-04-01-01,25,16.17,AVAILABLE
SKU-00873,Kitchen Item 0873,Kitchen,A-07-04-02,4,72.1,HOLD
SKU-00874,Beauty Item 0874,Beauty,E-01-04-01,18,45.43,AVAILABLE
SKU-00875,Electronics Item 0875,Electronics,B-05-02-01,4,198.81,HOLD
SKU-00876,Beauty Item 0876,Beauty,A-02-04-02,29,124.31,AVAILABLE
SKU-00877,Electronics Item 0877,Electronics,B-10-03-01,30,26.84,AVAILABLE
SKU-00878,Fitness Item 0878,Fitness,F-03-01-02,23,36.09,AVAILABLE
SKU-00879,Accessories Item 0879,Accessories,F-08-02-01,15,105.95,AVAILABLE
SKU-00880,Electronics Item 0880,Electronics,B-10-03-02,23,127.47,AVAILABLE
SKU-00881,Accessories Item 0881,Accessories,D-09-01-02,14,6.12,AVAILABLE
SKU-00882,Stationery Item 0882,Stationery,B-03-04-01,17,244.31,AVAILABLE
SKU-00883,Stationery Item 0883,Stationery,F-01-05-01,25,158.48,AVAILABLE
SKU-00884,Accessories Item 0884,Accessories,A-06-04-02,7,32.61,AVAILABLE
SKU-00885,Toys Item 0885,Toys,F-05-03-02,6,44.14,AVAILABLE
SKU-00886,Electronics Item 0886,Electronics,E-01-01-01,10,56.35,AVAILABLE
SKU-00887,Kitchen Item 0887,Kitchen,E-10-04-01,2,30.58,AVAILABLE
SKU-00888,Beauty Item 0888,Beauty,B-07-05-01,26,12.12,AVAILABLE
SKU-00889,Home Item 0889,Home,C-06-03-02,24,113.98,AVAILABLE
SKU-00890,Fitness Item 0890,Fitness,C-02-03-01,24,170.83,AVAILABLE
SKU-00891,Stationery Item 0891,Stationery,B-02-05-01,11,60.81,AVAILABLE
SKU-00892,Fitness Item 0892,Fitness,C-02-03-02,13,223.38,AVAILABLE
SKU-00893,Toys Item 0893,Toys,F-04-01-01,2,223.17,AVAILABLE
SKU-00894,Stationery Item 0894,Stationery,E-10-04-02,6,99.9,AVAILABLE
SKU-00895,Toys Item 0895,Toys,C-01-05-02,21,92.85,AVAILABLE
SKU-00896,Stationery Item 0896,Stationery,D-07-04-02,5,12.86,AVAILABLE
SKU-00897,Accessories Item 0897,Accessories,B-05-03-02,4,213.65,HOLD
SKU-00898,Fitness Item 0898,Fitness,B-09-02-02,25,89.18,AVAILABLE
SKU-00899,Beauty Item 0899,Beauty,B-09-02-01,19,242.68,AVAILABLE
SKU-00900,Home Item 0900,Home,E-06-01-01,28,132.83,AVAILABLE
SKU-00901,Toys Item 0901,Toys,F-01-03-02,9,8.55,HOLD
SKU-00902,Stationery Item 0902,Stationery,C-08-01-01,11,111.39,AVAILABLE
SKU-00903,Beauty Item 0903,Beauty,A-01-03-02,14,245.15,AVAILABLE
SKU-00904,Toys Item 0904,Toys,F-06-02-01,2,109.3,HOLD
SKU-00905,Toys Item 0905,Toys,B-01-03-02,15,126.34,AVAILABLE
SKU-00906,Electronics Item 0906,Electronics,E-05-03-02,7,37.51,AVAILABLE
SKU-00907,Stationery Item 0907,Stationery,A-10-04-02,1,122.55,AVAILABLE
SKU-00908,Beauty Item 0908,Beauty,F-01-02-01,28,144.74,AVAILABLE
SKU-00909,Toys Item 0909,Toys,F-01-04-01,25,38.96,HOLD
SKU-00910,Beauty Item 0910,Beauty,E-01-04-02,21,118.75,AVAILABLE
SKU-00911,Home Item 0911,Home,E-03-02-01,29,174.23,AVAILABLE
SKU-00912,Accessories Item 0912,Accessories,E-07-03-02,25,71.1,AVAILABLE
SKU-00913,Home Item 0913,Home,D-07-04-02,24,233.4,AVAILABLE
SKU-00914,Electronics Item 0914,Electronics,B-02-05-02,13,94.57,AVAILABLE
SKU-00915,Kitchen Item 0915,Kitchen,E-01-02-02,6,163.8,AVAILABLE
SKU-00916,Stationery Item 0916,Stationery,B-05-04-02,11,63.47,AVAILABLE
SKU-00917,Toys Item 0917,Toys,C-03-04-01,25,187.53,AVAILABLE
SKU-00918,Kitchen Item 0918,Kitchen,D-09-04-02,29,70.5,HOLD
SKU-00919,Accessories Item 0919,Accessories,A-06-05-01,3,96.34,HOLD
SKU-00920,Toys Item 0920,Toys,F-05-05-02,17,208.24,HOLD
SKU-00921,Accessories Item 0921,Accessories,E-10-03-01,20,95.2,AVAILABLE
SKU-00922,Stationery Item 0922,Stationery,F-01-01-01,3,24.64,AVAILABLE
SKU-00923,Accessories Item 0923,Accessories,A-09-02-01,4,45.37,AVAILABLE
SKU-00924,Beauty Item 0924,Beauty,F-05-02-02,5,219.37,AVAILABLE
SKU-00925,Accessories Item 0925,Accessories,E-06-03-02,22,137.65,AVAILABLE
SKU-00926,Toys Item 0926,Toys,D-09-01-01,14,113.75,AVAILABLE
SKU-00927,Accessories Item 0927,Accessories,C-01-03-01,3,10.4,AVAILABLE
SKU-00928,Kitchen Item 0928,Kitchen,E-06-01-01,19,88.98,AVAILABLE
SKU-00929,Toys Item 0929,Toys,F-08-05-02,27,139.37,HOLD
SKU-00930,Accessories Item 0930,Accessories,B-05-01-02,29,198.39,AVAILABLE
SKU-00931,Accessories Item 0931,Accessories,C-05-04-02,16,96.12,AVAILABLE
SKU-00932,Electronics Item 0932,Electronics,B-06-05-01,12,74.67,AVAILABLE
SKU-00933,Beauty Item 0933,Beauty,F-09-04-01,10,49.66,AVAILABLE
SKU-00934,Beauty Item 0934,Beauty,B-08-02-01,8,33.64,AVAILABLE
SKU-00935,Beauty Item 0935,Beauty,E-09-02-02,9,95.57,AVAILABLE
SKU-00936,Electronics Item 0936,Electronics,D-05-04-02,12,41.25,HOLD
SKU-00937,Beauty Item 0937,Beauty,F-09-03-01,10,34.77,AVAILABLE
SKU-00938,Fitness Item 0938,Fitness,F-05-04-02,25,40.62,HOLD
SKU-00939,Kitchen Item 0939,Kitchen,B-07-04-01,1,242.69,AVAILABLE
SKU-00940,Accessories Item 0940,Accessories,F-02-05-02,29,76.01,AVAILABLE
SKU-00941,Toys Item 0941,Toys,D-08-01-01,23,32.52,HOLD
SKU-00942,Electronics Item 0942,Electronics,B-05-05-01,22,139.99,AVAILABLE
SKU-00943,Electronics Item 0943,Electronics,E-05-01-01,20,211.01,HOLD
SKU-00944,Kitchen Item 0944,Kitchen,A-10-05-02,11,18.48,AVAILABLE
SKU-00945,Stationery Item 0945,Stationery,D-01-03-01,7,10.52,HOLD
SKU-00946,Home Item 0946,Home,F-07-01-01,13,52.64,AVAILABLE
SKU-00947,Electronics Item 0947,Electronics,D-10-04-01,13,41.25,HOLD
SKU-00948,Kitchen Item 0948,Kitchen,E-03-02-02,12,7.99,AVAILABLE
SKU-00949,Kitchen Item 0949,Kitchen,D-04-04-02,15,219.2,AVAILABLE
SKU-00950,Stationery Item 0950,Stationery,E-09-04-01,24,248.19,HOLD
SKU-00951,Accessories Item 0951,Accessories,B-08-03-02,26,183.36,HOLD
SKU-00952,Fitness Item 0952,Fitness,B-05-05-01,27,148.86,AVAILABLE
SKU-00953,Beauty Item 0953,Beauty,C-03-03-01,10,121.28,AVAILABLE
SKU-00954,Home Item 0954,Home,E-02-02-01,3,6.62,AVAILABLE
SKU-00955,Fitness Item 0955,Fitness,B-09-05-01,18,118.22,AVAILABLE
SKU-00956,Stationery Item 0956,Stationery,C-01-01-02,27,98.53,HOLD
SKU-00957,Electronics Item 0957,Electronics,D-04-01-02,27,148.38,HOLD
SKU-00958,Toys Item 0958,Toys,C-05-03-01,1,198.85,AVAILABLE
SKU-00959,Accessories Item 0959,Accessories,D-03-05-02,21,209.39,HOLD
SKU-00960,Home Item 0960,Home,D-02-03-01,14,48.95,AVAILABLE
SKU-00961,Electronics Item 0961,Electronics,B-03-05-01,25,72.92,AVAILABLE
SKU-00962,Kitchen Item 0962,Kitchen,F-03-04-01,19,111.84,AVAILABLE
SKU-00963,Toys Item 0963,Toys,B-03-05-01,12,130.57,AVAILABLE
SKU-00964,Accessories Item 0964,Accessories,B-08-02-02,19,19.34,AVAILABLE
SKU-00965,Toys Item 0965,Toys,B-05-03-01,12,45.01,AVAILABLE
SKU-00966,Kitchen Item 0966,Kitchen,E-06-05-01,21,228.47,AVAILABLE
SKU-00967,Electronics Item 0967,Electronics,D-02-04-01,10,134.76,AVAILABLE
SKU-00968,Stationery Item 0968,Stationery,B-10-05-01,25,28.15,AVAILABLE
SKU-00969,Kitchen Item 0969,Kitchen,D-05-04-01,27,212.02,AVAILABLE
SKU-00970,Accessories Item 0970,Accessories,D-10-05-02,4,135.93,AVAILABLE
SKU-00971,Beauty Item 0971,Beauty,A-02-03-01,5,131.95,AVAILABLE
SKU-00972,Toys Item 0972,Toys,E-06-01-01,11,230.62,AVAILABLE
SKU-00973,Home Item 0973,Home,C-04-04-01,5,128.33,AVAILABLE
SKU-00974,Home Item 0974,Home,E-06-04-01,15,229.43,AVAILABLE
SKU-00975,Beauty Item 0975,Beauty,A-02-05-01,16,90.31,AVAILABLE
SKU-00976,Beauty Item 0976,Beauty,E-09-03-01,29,246.96,AVAILABLE
SKU-00977,Beauty Item 0977,Beauty,D-04-02-02,1,187.39,AVAILABLE
SKU-00978,Stationery Item 0978,Stationery,B-04-04-02,28,175.09,AVAILABLE
SKU-00979,Accessories Item 0979,Accessories,B-04-03-01,7,36.9,AVAILABLE
SKU-00980,Fitness Item 0980,Fitness,B-03-01-01,3,9.61,HOLD
SKU-00981,Fitness Item 0981,Fitness,A-05-03-02,7,31.42,AVAILABLE
SKU-00982,Toys Item 0982,Toys,B-03-04-02,30,66.99,AVAILABLE
SKU-00983,Accessories Item 0983,Accessories,A-02-01-02,25,28.64,AVAILABLE
SKU-00984,Stationery Item 0984,Stationery,C-02-03-02,6,169.3,AVAILABLE
SKU-00985,Home Item 0985,Home,B-06-04-01,28,187.82,AVAILABLE
SKU-00986,Kitchen Item 0986,Kitchen,D-09-04-01,6,214.51,AVAILABLE
SKU-00987,Home Item 0987,Home,B-01-04-01,27,146.64,AVAILABLE
SKU-00988,Stationery Item 0988,Stationery,C-01-04-02,10,47.08,AVAILABLE
SKU-00989,Home Item 0989,Home,C-04-01-02,30,128.53,HOLD
SKU-00990,Kitchen Item 0990,Kitchen,C-01-01-01,15,170.01,AVAILABLE
SKU-00991,Beauty Item 0991,Beauty,D-09-05-02,13,108.9,AVAILABLE
SKU-00992,Fitness Item 0992,Fitness,B-03-01-02,25,246.23,AVAILABLE
SKU-00993,Toys Item 0993,Toys,B-02-05-01,17,38.3,AVAILABLE
SKU-00994,Accessories Item 0994,Accessories,A-05-02-01,3,85.39,AVAILABLE
SKU-00995,Fitness Item 0995,Fitness,D-02-01-01,15,152.1,AVAILABLE
SKU-00996,Toys Item 0996,Toys,C-05-04-01,18,104.78,HOLD
SKU-00997,Stationery Item 0997,Stationery,A-08-03-01,29,211.06,HOLD
SKU-00998,Kitchen Item 0998,Kitchen,B-10-03-01,1,249.69,HOLD
SKU-00999,Home Item 0999,Home,E-04-03-01,15,133.05,AVAILABLE
SKU-01000,Home Item 1000,Home,B-06-02-01,13,103.15,AVAILABLE
SKU-01001,Beauty Item 1001,Beauty,A-07-05-02,12,243.93,AVAILABLE
SKU-01002,Stationery Item 1002,Stationery,E-05-02-01,4,62.05,HOLD
SKU-01003,Toys Item 1003,Toys,D-01-03-02,25,179.81,AVAILABLE
SKU-01004,Fitness Item 1004,Fitness,D-10-01-01,16,168.34,HOLD
SKU-01005,Toys Item 1005,Toys,F-06-05-02,9,41.11,HOLD
SKU-01006,Home Item 1006,Home,B-04-01-02,9,124.89,AVAILABLE
SKU-01007,Beauty Item 1007,Beauty,A-04-01-02,4,185.76,AVAILABLE
SKU-01008,Toys Item 1008,Toys,A-03-05-01,6,98.75,AVAILABLE
SKU-01009,Beauty Item 1009,Beauty,D-04-02-01,20,157.69,AVAILABLE
SKU-01010,Toys Item 1010,Toys,F-02-01-02,7,76.92,HOLD
SKU-01011,Toys Item 1011,Toys,F-06-02-01,9,137.9,AVAILABLE
SKU-01012,Electronics Item 1012,Electronics,E-08-01-01,29,229.16,HOLD
SKU-01013,Toys Item 1013,Toys,D-05-03-02,28,97.2,HOLD
SKU-01014,Electronics Item 1014,Electronics,A-04-03-01,6,141.38,AVAILABLE
SKU-01015,Beauty Item 1015,Beauty,F-04-05-01,14,37.95,HOLD
SKU-01016,Toys Item 1016,Toys,B-02-05-01,19,170.38,HOLD
SKU-01017,Toys Item 1017,Toys,B-07-04-02,17,18.66,AVAILABLE
SKU-01018,Toys Item 1018,Toys,E-02-03-01,20,170.74,AVAILABLE
SKU-01019,Kitchen Item 1019,Kitchen,A-07-03-02,1,149.66,AVAILABLE
SKU-01020,Kitchen Item 1020,Kitchen,D-09-02-01,26,186.8,AVAILABLE
SKU-01021,Kitchen Item 1021,Kitchen,E-02-04-02,4,109.9,AVAILABLE
SKU-01022,Fitness Item 1022,Fitness,D-09-03-02,2,167.0,AVAILABLE
SKU-01023,Stationery Item 1023,Stationery,D-05-02-01,19,25.81,AVAILABLE
SKU-01024,Accessories Item 1024,Accessories,B-03-02-02,11,46.6,AVAILABLE
SKU-01025,Electronics Item 1025,Electronics,F-01-02-02,22,216.53,HOLD
SKU-01026,Accessories Item 1026,Accessories,A-03-01-02,23,120.08,AVAILABLE
SKU-01027,Kitchen Item 1027,Kitchen,E-02-03-01,19,100.62,AVAILABLE
SKU-01028,Toys Item 1028,Toys,B-01-04-02,23,170.4,AVAILABLE
SKU-01029,Toys Item 1029,Toys,F-06-01-01,26,192.4,AVAILABLE
SKU-01030,Beauty Item 1030,Beauty,D-03-05-01,12,242.51,AVAILABLE
SKU-01031,Toys Item 1031,Toys,A-09-01-01,27,213.33,AVAILABLE
SKU-01032,Accessories Item 1032,Accessories,C-09-05-02,2,77.84,HOLD
SKU-01033,Stationery Item 1033,Stationery,A-10-05-02,23,211.83,AVAILABLE
SKU-01034,Kitchen Item 1034,Kitchen,C-10-05-02,3,143.77,HOLD
SKU-01035,Fitness Item 1035,Fitness,C-03-04-01,12,199.93,AVAILABLE
SKU-01036,Accessories Item 1036,Accessories,E-08-02-02,22,137.29,AVAILABLE
SKU-01037,Fitness Item 1037,Fitness,E-05-01-01,9,158.12,HOLD
SKU-01038,Beauty Item 1038,Beauty,A-03-01-01,21,177.32,AVAILABLE
SKU-01039,Toys Item 1039,Toys,C-04-01-01,22,240.72,HOLD
SKU-01040,Accessories Item 1040,Accessories,F-09-02-02,26,155.53,HOLD
SKU-01041,Electronics Item 1041,Electronics,F-08-01-02,7,94.25,AVAILABLE
SKU-01042,Stationery Item 1042,Stationery,B-07-01-02,24,172.9,AVAILABLE
SKU-01043,Fitness Item 1043,Fitness,E-05-05-02,11,215.75,AVAILABLE
SKU-01044,Stationery Item 1044,Stationery,E-06-01-02,9,206.81,AVAILABLE
SKU-01045,Accessories Item 1045,Accessories,C-06-04-02,13,63.43,AVAILABLE
SKU-01046,Stationery Item 1046,Stationery,A-03-05-02,8,200.28,AVAILABLE
SKU-01047,Toys Item 1047,Toys,F-04-01-02,18,247.87,HOLD
SKU-01048,Electronics Item 1048,Electronics,C-02-04-02,6,71.81,AVAILABLE
SKU-01049,Accessories Item 1049,Accessories,D-01-03-01,22,139.92,AVAILABLE
SKU-01050,Toys Item 1050,Toys,A-03-01-02,2,215.6,AVAILABLE
SKU-01051,Kitchen Item 1051,Kitchen,D-03-04-02,28,20.58,HOLD
SKU-01052,Kitchen Item 1052,Kitchen,A-10-04-02,13,236.07,AVAILABLE
SKU-01053,Stationery Item 1053,Stationery,B-03-01-01,19,184.95,AVAILABLE
SKU-01054,Accessories Item 1054,Accessories,F-05-02-02,29,27.11,AVAILABLE
SKU-01055,Kitchen Item 1055,Kitchen,D-07-01-01,27,148.16,HOLD
SKU-01056,Stationery Item 1056,Stationery,E-07-02-01,7,40.35,AVAILABLE
SKU-01057,Stationery Item 1057,Stationery,D-01-01-02,15,105.05,AVAILABLE
SKU-01058,Toys Item 1058,Toys,F-09-03-01,12,176.41,AVAILABLE
SKU-01059,Kitchen Item 1059,Kitchen,F-10-04-01,14,121.34,AVAILABLE
SKU-01060,Accessories Item 1060,Accessories,B-06-03-01,12,121.43,AVAILABLE
SKU-01061,Accessories Item 1061,Accessories,A-03-02-01,21,241.87,AVAILABLE
SKU-01062,Electronics Item 1062,Electronics,C-07-01-02,9,140.42,AVAILABLE
SKU-01063,Kitchen Item 1063,Kitchen,B-04-01-01,18,217.4,HOLD
SKU-01064,Fitness Item 1064,Fitness,A-01-05-01,30,240.38,AVAILABLE
SKU-01065,Accessories Item 1065,Accessories,A-10-04-02,30,206.56,AVAILABLE
SKU-01066,Accessories Item 1066,Accessories,C-03-04-02,28,223.11,HOLD
SKU-01067,Kitchen Item 1067,Kitchen,E-05-03-02,26,13.3,AVAILABLE
SKU-01068,Toys Item 1068,Toys,F-02-04-01,24,106.18,AVAILABLE
SKU-01069,Fitness Item 1069,Fitness,B-01-04-02,27,44.28,AVAILABLE
SKU-01070,Home Item 1070,Home,D-09-04-01,14,152.52,AVAILABLE
SKU-01071,Toys Item 1071,Toys,A-03-05-02,25,17.76,AVAILABLE
SKU-01072,Toys Item 1072,Toys,B-05-03-02,1,103.16,AVAILABLE
SKU-01073,Kitchen Item 1073,Kitchen,A-09-05-01,4,43.67,AVAILABLE
SKU-01074,Fitness Item 1074,Fitness,D-06-01-01,15,122.2,AVAILABLE
SKU-01075,Accessories Item 1075,Accessories,B-09-03-02,22,150.29,AVAILABLE
SKU-01076,Accessories Item 1076,Accessories,C-02-03-01,3,106.55,AVAILABLE
SKU-01077,Fitness Item 1077,Fitness,E-02-03-01,27,221.66,AVAILABLE
SKU-01078,Electronics Item 1078,Electronics,A-03-03-01,30,141.84,AVAILABLE
SKU-01079,Home Item 1079,Home,F-01-03-02,7,69.14,AVAILABLE
SKU-01080,Electronics Item 1080,Electronics,E-04-05-02,20,110.08,AVAILABLE
SKU-01081,Beauty Item 1081,Beauty,A-10-04-01,12,46.68,AVAILABLE
SKU-01082,Electronics Item 1082,Electronics,F-08-03-02,14,194.47,HOLD
SKU-01083,Toys Item 1083,Toys,B-03-04-02,8,179.82,AVAILABLE
SKU-01084,Accessories Item 1084,Accessories,D-02-03-01,24,126.07,AVAILABLE
SKU-01085,Fitness Item 1085,Fitness,C-03-02-02,20,57.81,AVAILABLE
SKU-01086,Stationery Item 1086,Stationery,E-06-04-02,6,105.09,AVAILABLE
SKU-01087,Electronics Item 1087,Electronics,D-02-04-02,9,62.69,HOLD
SKU-01088,Stationery Item 1088,Stationery,E-01-04-01,19,172.65,HOLD
SKU-01089,Home Item 1089,Home,A-02-01-02,16,37.64,AVAILABLE
SKU-01090,Fitness Item 1090,Fitness,C-03-05-02,23,98.96,HOLD
SKU-01091,Accessories Item 1091,Accessories,A-08-04-02,4,141.46,AVAILABLE
SKU-01092,Kitchen Item 1092,Kitchen,C-06-03-02,16,227.52,AVAILABLE
SKU-01093,Electronics Item 1093,Electronics,C-08-04-01,17,156.82,AVAILABLE
SKU-01094,Fitness Item 1094,Fitness,E-01-04-02,5,242.17,AVAILABLE
SKU-01095,Beauty Item 1095,Beauty,C-09-03-01,6,128.42,AVAILABLE
SKU-01096,Toys Item 1096,Toys,B-05-01-02,3,82.74,HOLD
SKU-01097,Beauty Item 1097,Beauty,C-09-03-01,4,81.75,AVAILABLE
SKU-01098,Toys Item 1098,Toys,D-01-04-02,24,93.35,HOLD
SKU-01099,Accessories Item 1099,Accessories,C-09-04-02,20,208.25,AVAILABLE
SKU-01100,Kitchen Item 1100,Kitchen,E-08-04-02,29,45.42,HOLD
SKU-01101,Beauty Item 1101,Beauty,E-09-02-01,2,51.29,AVAILABLE
SKU-01102,Stationery Item 1102,Stationery,B-10-05-01,2,120.21,AVAILABLE
SKU-01103,Toys Item 1103,Toys,E-08-04-02,4,248.82,HOLD
SKU-01104,Electronics Item 1104,Electronics,E-09-03-01,12,247.26,HOLD
SKU-01105,Toys Item 1105,Toys,F-04-05-02,4,212.23,AVAILABLE
SKU-01106,Home Item 1106,Home,D-09-02-01,3,54.91,AVAILABLE
SKU-01107,Beauty Item 1107,Beauty,B-09-01-01,24,129.64,AVAILABLE
SKU-01108,Stationery Item 1108,Stationery,A-01-03-01,17,192.88,AVAILABLE
SKU-01109,Fitness Item 1109,Fitness,A-09-02-01,8,193.22,AVAILABLE
SKU-01110,Kitchen Item 1110,Kitchen,A-03-04-02,10,171.92,AVAILABLE
SKU-01111,Fitness Item 1111,Fitness,E-02-01-01,19,232.64,AVAILABLE
SKU-01112,Kitchen Item 1112,Kitchen,B-07-03-01,1,24.86,HOLD
SKU-01113,Toys Item 1113,Toys,C-10-02-02,20,166.21,AVAILABLE
SKU-01114,Electronics Item 1114,Electronics,E-10-03-02,11,237.12,AVAILABLE
SKU-01115,Stationery Item 1115,Stationery,A-06-02-01,26,162.69,AVAILABLE
SKU-01116,Electronics Item 1116,Electronics,A-08-03-02,18,238.22,HOLD
SKU-01117,Home Item 1117,Home,E-04-04-02,9,48.61,HOLD
SKU-01118,Home Item 1118,Home,A-03-02-01,28,56.01,HOLD
SKU-01119,Fitness Item 1119,Fitness,D-02-01-02,21,189.38,AVAILABLE
SKU-01120,Home Item 1120,Home,D-03-04-02,16,201.27,AVAILABLE
SKU-01121,Beauty Item 1121,Beauty,D-10-03-01,22,28.55,AVAILABLE
SKU-01122,Stationery Item 1122,Stationery,F-04-04-01,15,221.93,HOLD
SKU-01123,Accessories Item 1123,Accessories,E-07-02-01,3,190.34,AVAILABLE
SKU-01124,Beauty Item 1124,Beauty,E-08-03-01,21,109.37,AVAILABLE
SKU-01125,Kitchen Item 1125,Kitchen,F-01-04-01,22,59.94,AVAILABLE
SKU-01126,Toys Item 1126,Toys,F-08-04-01,21,163.57,AVAILABLE
SKU-01127,Accessories Item 1127,Accessories,F-02-02-02,14,24.4,HOLD
SKU-01128,Accessories Item 1128,Accessories,B-06-05-02,5,172.66,AVAILABLE
SKU-01129,Stationery Item 1129,Stationery,F-08-02-01,14,77.39,AVAILABLE
SKU-01130,Home Item 1130,Home,A-05-05-01,17,31.37,HOLD
SKU-01131,Fitness Item 1131,Fitness,B-01-01-02,15,166.91,AVAILABLE
SKU-01132,Kitchen Item 1132,Kitchen,C-08-04-02,19,25.03,AVAILABLE
SKU-01133,Home Item 1133,Home,F-01-03-02,6,197.61,HOLD
SKU-01134,Electronics Item 1134,Electronics,A-09-05-02,14,219.81,AVAILABLE
SKU-01135,Kitchen Item 1135,Kitchen,E-10-04-02,25,169.21,AVAILABLE
SKU-01136,Kitchen Item 1136,Kitchen,C-01-02-01,7,50.35,AVAILABLE
SKU-01137,Home Item 1137,Home,E-08-03-01,18,9.39,HOLD
SKU-01138,Home Item 1138,Home,A-02-03-01,6,165.67,HOLD
SKU-01139,Fitness Item 1139,Fitness,F-04-02-01,10,156.53,AVAILABLE
SKU-01140,Fitness Item 1140,Fitness,D-04-01-02,3,35.65,AVAILABLE
SKU-01141,Stationery Item 1141,Stationery,B-03-01-01,27,8.89,AVAILABLE
SKU-01142,Electronics Item 1142,Electronics,C-03-04-01,16,163.91,AVAILABLE
SKU-01143,Fitness Item 1143,Fitness,F-09-05-02,7,26.09,HOLD
SKU-01144,Beauty Item 1144,Beauty,F-02-05-02,14,10.35,AVAILABLE
SKU-01145,Beauty Item 1145,Beauty,E-09-04-02,16,120.51,HOLD
SKU-01146,Stationery Item 1146,Stationery,C-02-04-02,10,144.51,HOLD
SKU-01147,Electronics Item 1147,Electronics,D-07-03-02,1,30.15,HOLD
SKU-01148,Fitness Item 1148,Fitness,F-05-02-01,24,146.77,AVAILABLE
SKU-01149,Electronics Item 1149,Electronics,F-04-02-02,13,124.09,HOLD
SKU-01150,Stationery Item 1150,Stationery,A-07-03-02,17,9.66,AVAILABLE
SKU-01151,Home Item 1151,Home,C-10-02-01,29,163.83,HOLD
SKU-01152,Home Item 1152,Home,F-05-01-02,20,235.05,AVAILABLE
SKU-01153,Toys Item 1153,Toys,E-08-04-02,1,44.53,AVAILABLE
SKU-01154,Toys Item 1154,Toys,D-08-04-01,15,61.87,AVAILABLE
SKU-01155,Kitchen Item 1155,Kitchen,F-02-02-02,5,221.38,HOLD
SKU-01156,Fitness Item 1156,Fitness,D-10-03-02,26,120.72,AVAILABLE
SKU-01157,Stationery Item 1157,Stationery,D-01-05-02,23,188.57,HOLD
SKU-01158,Beauty Item 1158,Beauty,B-09-03-02,7,43.3,HOLD
SKU-01159,Home Item 1159,Home,E-06-03-01,16,79.39,AVAILABLE
SKU-01160,Electronics Item 1160,Electronics,A-02-05-02,12,220.82,AVAILABLE
SKU-01161,Beauty Item 1161,Beauty,B-09-04-01,27,215.57,AVAILABLE
SKU-01162,Home Item 1162,Home,D-07-05-02,14,32.92,AVAILABLE
SKU-01163,Home Item 1163,Home,C-05-03-01,16,68.17,AVAILABLE
SKU-01164,Kitchen Item 1164,Kitchen,A-06-01-01,25,220.04,AVAILABLE
SKU-01165,Beauty Item 1165,Beauty,F-07-02-02,20,169.02,AVAILABLE
SKU-01166,Toys Item 1166,Toys,F-01-01-01,27,190.16,AVAILABLE
SKU-01167,Home Item 1167,Home,A-05-03-01,17,30.83,AVAILABLE
SKU-01168,Stationery Item 1168,Stationery,D-10-05-01,6,183.45,HOLD
SKU-01169,Toys Item 1169,Toys,B-01-04-01,5,163.54,AVAILABLE
SKU-01170,Beauty Item 1170,Beauty,B-04-01-02,28,54.46,HOLD
SKU-01171,Electronics Item 1171,Electronics,C-07-05-01,27,203.24,AVAILABLE
SKU-01172,Accessories Item 1172,Accessories,F-06-02-02,6,25.88,AVAILABLE
SKU-01173,Fitness Item 1173,Fitness,D-10-04-01,21,167.92,AVAILABLE
SKU-01174,Fitness Item 1174,Fitness,C-05-05-01,5,201.43,HOLD
SKU-01175,Fitness Item 1175,Fitness,F-01-01-02,28,131.46,AVAILABLE
SKU-01176,Electronics Item 1176,Electronics,E-09-03-02,5,193.69,AVAILABLE
SKU-01177,Home Item 1177,Home,D-08-01-01,11,103.4,AVAILABLE
SKU-01178,Fitness Item 1178,Fitness,A-07-03-02,13,191.0,AVAILABLE
SKU-01179,Electronics Item 1179,Electronics,F-07-05-02,10,107.73,AVAILABLE
SKU-01180,Kitchen Item 1180,Kitchen,D-08-04-01,1,207.62,AVAILABLE
SKU-01181,Fitness Item 1181,Fitness,E-09-05-01,21,55.26,HOLD
SKU-01182,Kitchen Item 1182,Kitchen,E-05-02-02,25,53.34,AVAILABLE
SKU-01183,Home Item 1183,Home,A-04-05-01,18,86.95,AVAILABLE
SKU-01184,Accessories Item 1184,Accessories,C-04-01-01,3,130.36,AVAILABLE
SKU-01185,Kitchen Item 1185,Kitchen,B-08-01-01,1,11.83,AVAILABLE
SKU-01186,Stationery Item 1186,Stationery,D-04-02-02,24,108.57,AVAILABLE
SKU-01187,Electronics Item 1187,Electronics,E-01-05-02,9,158.61,AVAILABLE
SKU-01188,Home Item 1188,Home,A-06-01-02,25,164.49,AVAILABLE
SKU-01189,Toys Item 1189,Toys,D-03-04-02,19,185.53,HOLD
SKU-01190,Kitchen Item 1190,Kitchen,C-06-04-02,26,187.71,AVAILABLE
SKU-01191,Kitchen Item 1191,Kitchen,D-03-05-01,10,168.4,AVAILABLE
SKU-01192,Fitness Item 1192,Fitness,F-07-05-02,24,65.67,AVAILABLE
SKU-01193,Stationery Item 1193,Stationery,D-10-04-01,15,29.01,HOLD
SKU-01194,Fitness Item 1194,Fitness,A-09-04-02,3,20.24,AVAILABLE
SKU-01195,Toys Item 1195,Toys,C-04-01-02,15,24.13,HOLD
SKU-01196,Fitness Item 1196,Fitness,C-09-05-01,19,127.21,HOLD
SKU-01197,Toys Item 1197,Toys,F-04-04-01,24,243.45,AVAILABLE
SKU-01198,Beauty Item 1198,Beauty,F-06-02-02,5,123.77,HOLD
SKU-01199,Beauty Item 1199,Beauty,F-07-01-02,28,134.64,AVAILABLE
SKU-01200,Toys Item 1200,Toys,F-02-05-01,2,187.89,AVAILABLE
SKU-01201,Home Item 1201,Home,E-05-04-02,4,34.61,AVAILABLE
SKU-01202,Electronics Item 1202,Electronics,F-08-02-01,5,33.85,AVAILABLE
SKU-01203,Kitchen Item 1203,Kitchen,D-04-02-01,10,124.05,AVAILABLE
SKU-01204,Beauty Item 1204,Beauty,E-07-01-01,2,234.52,AVAILABLE
SKU-01205,Accessories Item 1205,Accessories,C-04-02-01,6,205.69,HOLD
SKU-01206,Electronics Item 1206,Electronics,B-04-01-02,18,90.42,AVAILABLE
SKU-01207,Fitness Item 1207,Fitness,F-03-04-01,19,80.88,HOLD
SKU-01208,Kitchen Item 1208,Kitchen,E-02-03-01,16,209.44,AVAILABLE
SKU-01209,Beauty Item 1209,Beauty,F-06-02-01,21,117.93,HOLD
SKU-01210,Toys Item 1210,Toys,B-06-05-02,28,183.33,AVAILABLE
SKU-01211,Fitness Item 1211,Fitness,E-03-03-01,8,225.56,AVAILABLE
SKU-01212,Electronics Item 1212,Electronics,E-09-03-02,24,72.96,AVAILABLE
SKU-01213,Beauty Item 1213,Beauty,A-03-04-01,19,159.38,AVAILABLE
SKU-01214,Home Item 1214,Home,A-10-01-02,7,239.02,AVAILABLE
SKU-01215,Stationery Item 1215,Stationery,F-03-01-02,17,224.73,AVAILABLE
SKU-01216,Beauty Item 1216,Beauty,A-03-01-01,9,197.76,AVAILABLE
SKU-01217,Toys Item 1217,Toys,A-10-01-01,26,135.72,AVAILABLE
SKU-01218,Fitness Item 1218,Fitness,A-05-05-01,16,216.18,AVAILABLE
SKU-01219,Kitchen Item 1219,Kitchen,E-08-05-02,6,106.66,AVAILABLE
SKU-01220,Fitness Item 1220,Fitness,C-09-01-01,3,33.09,AVAILABLE
SKU-01221,Beauty Item 1221,Beauty,D-02-02-01,5,49.75,AVAILABLE
SKU-01222,Beauty Item 1222,Beauty,D-04-04-01,14,171.26,AVAILABLE
SKU-01223,Kitchen Item 1223,Kitchen,B-10-04-01,1,179.76,AVAILABLE
SKU-01224,Fitness Item 1224,Fitness,B-01-04-01,11,39.9,AVAILABLE
SKU-01225,Accessories Item 1225,Accessories,E-02-02-01,27,225.38,AVAILABLE
SKU-01226,Stationery Item 1226,Stationery,C-07-01-02,25,151.27,AVAILABLE
SKU-01227,Toys Item 1227,Toys,F-06-04-01,25,128.58,AVAILABLE
SKU-01228,Accessories Item 1228,Accessories,A-07-03-02,11,118.88,HOLD
SKU-01229,Home Item 1229,Home,F-03-05-02,1,104.84,AVAILABLE
SKU-01230,Electronics Item 1230,Electronics,C-10-02-02,18,241.05,AVAILABLE
SKU-01231,Stationery Item 1231,Stationery,B-04-03-01,10,144.22,HOLD
SKU-01232,Home Item 1232,Home,F-05-05-01,7,196.81,AVAILABLE
SKU-01233,Kitchen Item 1233,Kitchen,F-10-01-02,6,196.6,HOLD
SKU-01234,Toys Item 1234,Toys,A-05-03-01,1,204.1,AVAILABLE
SKU-01235,Beauty Item 1235,Beauty,A-01-01-01,2,233.71,HOLD
SKU-01236,Accessories Item 1236,Accessories,C-08-02-02,27,171.6,AVAILABLE
SKU-01237,Stationery Item 1237,Stationery,F-06-05-01,10,16.14,AVAILABLE
SKU-01238,Accessories Item 1238,Accessories,A-10-04-01,13,176.12,AVAILABLE
SKU-01239,Accessories Item 1239,Accessories,E-08-02-01,7,154.56,AVAILABLE
SKU-01240,Kitchen Item 1240,Kitchen,C-09-03-02,25,178.4,AVAILABLE
SKU-01241,Stationery Item 1241,Stationery,D-06-02-01,11,56.6,AVAILABLE
SKU-01242,Electronics Item 1242,Electronics,B-05-02-01,21,230.95,HOLD
SKU-01243,Electronics Item 1243,Electronics,A-02-01-01,22,47.52,HOLD
SKU-01244,Fitness Item 1244,Fitness,F-09-05-02,3,197.89,AVAILABLE
SKU-01245,Electronics Item 1245,Electronics,E-09-04-02,22,35.24,HOLD
SKU-01246,Kitchen Item 1246,Kitchen,E-03-03-01,6,210.59,AVAILABLE
SKU-01247,Home Item 1247,Home,F-01-03-02,12,234.38,HOLD
SKU-01248,Electronics Item 1248,Electronics,C-05-01-01,24,9.85,AVAILABLE
SKU-01249,Kitchen Item 1249,Kitchen,C-01-04-02,3,204.99,AVAILABLE
SKU-01250,Stationery Item 1250,Stationery,C-06-03-01,16,241.99,AVAILABLE
SKU-01251,Accessories Item 1251,Accessories,F-04-05-02,29,177.49,AVAILABLE
SKU-01252,Electronics Item 1252,Electronics,C-02-01-02,27,161.42,AVAILABLE
SKU-01253,Accessories Item 1253,Accessories,F-05-05-01,16,46.77,AVAILABLE
SKU-01254,Beauty Item 1254,Beauty,A-07-05-02,19,36.42,AVAILABLE
SKU-01255,Beauty Item 1255,Beauty,C-09-02-02,30,144.63,AVAILABLE
SKU-01256,Accessories Item 1256,Accessories,C-01-04-02,28,171.1,AVAILABLE
SKU-01257,Toys Item 1257,Toys,A-01-02-01,14,162.04,AVAILABLE
SKU-01258,Kitchen Item 1258,Kitchen,E-08-02-01,28,248.8,AVAILABLE
SKU-01259,Home Item 1259,Home,F-07-04-02,15,126.42,AVAILABLE
SKU-01260,Stationery Item 1260,Stationery,A-06-01-02,9,230.01,HOLD
SKU-01261,Kitchen Item 1261,Kitchen,A-01-03-02,13,52.68,AVAILABLE
SKU-01262,Electronics Item 1262,Electronics,C-05-04-01,23,108.84,AVAILABLE
SKU-01263,Stationery Item 1263,Stationery,C-02-02-01,6,85.66,AVAILABLE
SKU-01264,Home Item 1264,Home,A-03-05-02,16,110.83,AVAILABLE
SKU-01265,Kitchen Item 1265,Kitchen,C-08-02-02,8,31.42,AVAILABLE
SKU-01266,Kitchen Item 1266,Kitchen,A-06-05-01,27,86.73,AVAILABLE
SKU-01267,Home Item 1267,Home,E-09-01-02,25,28.44,HOLD
SKU-01268,Home Item 1268,Home,A-10-01-02,2,229.6,HOLD
SKU-01269,Kitchen Item 1269,Kitchen,A-07-05-02,26,36.25,HOLD
SKU-01270,Electronics Item 1270,Electronics,D-04-01-01,20,158.42,AVAILABLE
SKU-01271,Home Item 1271,Home,A-07-01-01,18,17.79,HOLD
SKU-01272,Fitness Item 1272,Fitness,B-01-02-02,20,189.23,AVAILABLE
SKU-01273,Electronics Item 1273,Electronics,E-10-04-01,13,118.73,HOLD
SKU-01274,Home Item 1274,Home,D-08-01-02,21,234.71,AVAILABLE
SKU-01275,Toys Item 1275,Toys,F-07-03-02,11,149.01,AVAILABLE
SKU-01276,Home Item 1276,Home,A-02-02-02,20,179.76,AVAILABLE
SKU-01277,Beauty Item 1277,Beauty,F-06-04-02,9,92.07,HOLD
SKU-01278,Toys Item 1278,Toys,C-01-01-02,8,38.73,AVAILABLE
SKU-01279,Electronics Item 1279,Electronics,B-04-04-01,10,148.21,AVAILABLE
SKU-01280,Accessories Item 1280,Accessories,F-10-02-01,25,40.68,HOLD
SKU-01281,Accessories Item 1281,Accessories,D-08-03-02,10,95.36,AVAILABLE
SKU-01282,Beauty Item 1282,Beauty,A-07-01-02,8,129.24,AVAILABLE
SKU-01283,Fitness Item 1283,Fitness,D-08-04-01,7,244.25,AVAILABLE
SKU-01284,Home Item 1284,Home,D-08-02-02,7,168.63,HOLD
SKU-01285,Kitchen Item 1285,Kitchen,D-07-04-02,20,78.41,AVAILABLE
SKU-01286,Beauty Item 1286,Beauty,B-02-02-01,15,219.65,AVAILABLE
SKU-01287,Toys Item 1287,Toys,C-04-05-01,30,5.91,AVAILABLE
SKU-01288,Stationery Item 1288,Stationery,F-02-01-02,20,57.22,HOLD
SKU-01289,Kitchen Item 1289,Kitchen,E-02-02-01,7,103.08,AVAILABLE
SKU-01290,Kitchen Item 1290,Kitchen,A-02-01-02,3,92.68,AVAILABLE
SKU-01291,Beauty Item 1291,Beauty,D-02-04-02,15,52.63,AVAILABLE
SKU-01292,Electronics Item 1292,Electronics,A-04-01-02,7,53.47,AVAILABLE
SKU-01293,Stationery Item 1293,Stationery,C-09-04-01,24,47.7,AVAILABLE
SKU-01294,Beauty Item 1294,Beauty,C-02-01-02,1,48.14,AVAILABLE
SKU-01295,Home Item 1295,Home,A-03-02-01,27,170.98,HOLD
SKU-01296,Home Item 1296,Home,D-08-01-01,30,56.51,HOLD
SKU-01297,Stationery Item 1297,Stationery,E-01-04-01,26,96.23,AVAILABLE
SKU-01298,Fitness Item 1298,Fitness,A-07-05-02,4,40.39,AVAILABLE
SKU-01299,Stationery Item 1299,Stationery,C-01-04-02,18,97.66,AVAILABLE
SKU-01300,Kitchen Item 1300,Kitchen,E-07-05-02,21,64.91,AVAILABLE
SKU-01301,Stationery Item 1301,Stationery,F-09-04-01,10,198.45,AVAILABLE
SKU-01302,Stationery Item 1302,Stationery,A-06-04-02,21,199.92,AVAILABLE
SKU-01303,Toys Item 1303,Toys,C-03-04-01,24,24.94,HOLD
SKU-01304,Home Item 1304,Home,B-08-05-02,17,100.09,AVAILABLE
SKU-01305,Toys Item 1305,Toys,F-07-05-01,15,48.85,AVAILABLE
SKU-01306,Toys Item 1306,Toys,F-05-01-02,16,70.74,HOLD
SKU-01307,Electronics Item 1307,Electronics,C-03-03-01,8,224.25,HOLD
SKU-01308,Stationery Item 1308,Stationery,E-04-03-01,7,79.97,HOLD
SKU-01309,Beauty Item 1309,Beauty,E-02-01-02,9,139.89,AVAILABLE
SKU-01310,Home Item 1310,Home,D-03-02-02,15,132.11,AVAILABLE
SKU-01311,Electronics Item 1311,Electronics,F-01-05-02,17,157.18,HOLD
SKU-01312,Toys Item 1312,Toys,F-02-02-01,14,105.19,HOLD
SKU-01313,Kitchen Item 1313,Kitchen,C-10-05-02,13,11.06,HOLD
SKU-01314,Stationery Item 1314,Stationery,C-09-05-02,21,23.59,AVAILABLE
SKU-01315,Accessories Item 1315,Accessories,F-05-05-02,17,138.93,AVAILABLE
SKU-01316,Accessories Item 1316,Accessories,C-05-05-01,4,34.05,AVAILABLE
SKU-01317,Electronics Item 1317,Electronics,F-10-04-02,7,86.77,AVAILABLE
SKU-01318,Accessories Item 1318,Accessories,D-04-01-02,24,204.81,AVAILABLE
SKU-01319,Stationery Item 1319,Stationery,B-05-04-02,28,189.33,AVAILABLE
SKU-01320,Electronics Item 1320,Electronics,D-03-05-01,10,206.47,HOLD
SKU-01321,Fitness Item 1321,Fitness,A-02-02-02,16,165.25,AVAILABLE
SKU-01322,Fitness Item 1322,Fitness,C-05-05-01,8,182.22,AVAILABLE
SKU-01323,Toys Item 1323,Toys,C-06-03-01,17,148.82,HOLD
SKU-01324,Toys Item 1324,Toys,D-08-02-01,26,26.04,AVAILABLE
SKU-01325,Fitness Item 1325,Fitness,E-06-04-01,7,112.48,AVAILABLE
SKU-01326,Kitchen Item 1326,Kitchen,B-05-05-01,19,219.07,AVAILABLE
SKU-01327,Electronics Item 1327,Electronics,F-05-04-02,26,166.42,AVAILABLE
SKU-01328,Kitchen Item 1328,Kitchen,C-05-03-02,14,109.3,HOLD
SKU-01329,Accessories Item 1329,Accessories,D-06-04-01,19,10.69,AVAILABLE
SKU-01330,Beauty Item 1330,Beauty,B-07-03-01,11,144.21,HOLD
SKU-01331,Fitness Item 1331,Fitness,C-03-01-02,13,20.61,HOLD
SKU-01332,Stationery Item 1332,Stationery,F-03-01-01,4,85.57,HOLD
SKU-01333,Accessories Item 1333,Accessories,B-01-01-01,6,30.56,AVAILABLE
SKU-01334,Electronics Item 1334,Electronics,F-04-03-02,1,50.74,AVAILABLE
SKU-01335,Fitness Item 1335,Fitness,D-02-01-01,7,62.09,AVAILABLE
SKU-01336,Toys Item 1336,Toys,A-07-01-02,12,132.04,AVAILABLE
SKU-01337,Kitchen Item 1337,Kitchen,E-05-05-02,13,43.47,AVAILABLE
SKU-01338,Beauty Item 1338,Beauty,F-09-04-02,14,122.17,AVAILABLE
SKU-01339,Fitness Item 1339,Fitness,C-03-02-02,5,218.26,AVAILABLE
SKU-01340,Fitness Item 1340,Fitness,F-03-01-01,6,152.91,AVAILABLE
SKU-01341,Stationery Item 1341,Stationery,F-06-01-01,23,172.78,AVAILABLE
SKU-01342,Stationery Item 1342,Stationery,A-01-04-02,5,114.2,HOLD
SKU-01343,Stationery Item 1343,Stationery,F-08-03-02,11,228.02,HOLD
SKU-01344,Toys Item 1344,Toys,F-01-03-02,19,14.58,AVAILABLE
SKU-01345,Accessories Item 1345,Accessories,E-10-05-02,12,176.58,AVAILABLE
SKU-01346,Fitness Item 1346,Fitness,B-09-05-01,14,66.04,HOLD
SKU-01347,Toys Item 1347,Toys,E-03-01-02,30,166.47,AVAILABLE
SKU-01348,Fitness Item 1348,Fitness,A-05-04-01,8,221.96,AVAILABLE
SKU-01349,Accessories Item 1349,Accessories,F-09-05-01,10,168.33,AVAILABLE
SKU-01350,Stationery Item 1350,Stationery,F-05-01-01,14,248.14,AVAILABLE
SKU-01351,Kitchen Item 1351,Kitchen,A-09-02-01,25,30.78,AVAILABLE
SKU-01352,Fitness Item 1352,Fitness,E-10-02-02,6,66.93,AVAILABLE
SKU-01353,Toys Item 1353,Toys,A-03-05-01,3,161.52,HOLD
SKU-01354,Fitness Item 1354,Fitness,D-08-03-02,24,102.84,AVAILABLE
SKU-01355,Fitness Item 1355,Fitness,A-04-05-02,1,66.4,AVAILABLE
SKU-01356,Kitchen Item 1356,Kitchen,F-01-05-01,16,118.03,AVAILABLE
SKU-01357,Stationery Item 1357,Stationery,E-09-01-01,5,120.34,AVAILABLE
SKU-01358,Beauty Item 1358,Beauty,B-09-02-01,27,9.43,AVAILABLE
SKU-01359,Beauty Item 1359,Beauty,D-03-02-01,4,135.99,HOLD
SKU-01360,Beauty Item 1360,Beauty,A-09-02-02,22,192.08,AVAILABLE
SKU-01361,Beauty Item 1361,Beauty,E-09-02-02,12,48.6,AVAILABLE
SKU-01362,Stationery Item 1362,Stationery,E-09-03-01,23,16.7,AVAILABLE
SKU-01363,Fitness Item 1363,Fitness,D-04-04-02,15,17.84,AVAILABLE
SKU-01364,Electronics Item 1364,Electronics,E-02-03-01,25,54.43,AVAILABLE
SKU-01365,Kitchen Item 1365,Kitchen,C-07-01-01,7,27.39,HOLD
SKU-01366,Electronics Item 1366,Electronics,A-02-03-02,11,206.03,AVAILABLE
SKU-01367,Stationery Item 1367,Stationery,B-01-02-02,26,209.67,AVAILABLE
SKU-01368,Beauty Item 1368,Beauty,A-05-04-02,14,130.56,AVAILABLE
SKU-01369,Kitchen Item 1369,Kitchen,C-01-03-02,20,55.74,HOLD
SKU-01370,Fitness Item 1370,Fitness,B-03-05-02,8,57.38,AVAILABLE
SKU-01371,Kitchen Item 1371,Kitchen,B-09-03-02,1,103.52,AVAILABLE
SKU-01372,Electronics Item 1372,Electronics,E-03-04-01,7,117.4,AVAILABLE
SKU-01373,Accessories Item 1373,Accessories,E-01-03-02,2,21.5,AVAILABLE
SKU-01374,Fitness Item 1374,Fitness,D-04-01-01,25,151.72,AVAILABLE
SKU-01375,Beauty Item 1375,Beauty,C-08-03-01,4,151.97,HOLD
SKU-01376,Beauty Item 1376,Beauty,D-07-03-01,6,160.66,AVAILABLE
SKU-01377,Toys Item 1377,Toys,A-08-02-01,11,9.32,HOLD
SKU-01378,Fitness Item 1378,Fitness,F-06-05-02,21,186.74,AVAILABLE
SKU-01379,Stationery Item 1379,Stationery,A-03-02-01,20,190.94,AVAILABLE
SKU-01380,Accessories Item 1380,Accessories,C-06-05-01,24,109.98,AVAILABLE
SKU-01381,Home Item 1381,Home,A-07-03-01,5,96.76,AVAILABLE
SKU-01382,Stationery Item 1382,Stationery,B-07-02-01,13,55.07,AVAILABLE
SKU-01383,Stationery Item 1383,Stationery,E-09-04-01,24,219.95,AVAILABLE
SKU-01384,Accessories Item 1384,Accessories,D-05-05-01,21,197.81,AVAILABLE
SKU-01385,Fitness Item 1385,Fitness,D-02-03-02,25,10.8,AVAILABLE
SKU-01386,Kitchen Item 1386,Kitchen,C-07-03-02,7,137.13,AVAILABLE
SKU-01387,Stationery Item 1387,Stationery,E-02-05-01,17,83.8,HOLD
SKU-01388,Electronics Item 1388,Electronics,A-07-05-02,28,125.45,AVAILABLE
SKU-01389,Electronics Item 1389,Electronics,B-06-01-01,7,35.76,AVAILABLE
SKU-01390,Stationery Item 1390,Stationery,C-06-04-02,17,24.15,HOLD
SKU-01391,Accessories Item 1391,Accessories,B-08-04-01,24,53.4,HOLD
SKU-01392,Beauty Item 1392,Beauty,C-08-01-02,10,74.91,HOLD
SKU-01393,Stationery Item 1393,Stationery,C-10-05-01,28,196.42,AVAILABLE
SKU-01394,Kitchen Item 1394,Kitchen,E-04-04-01,13,46.1,HOLD
SKU-01395,Fitness Item 1395,Fitness,F-06-02-02,20,185.06,AVAILABLE
SKU-01396,Toys Item 1396,Toys,A-03-01-02,25,98.45,AVAILABLE
SKU-01397,Accessories Item 1397,Accessories,F-09-05-01,5,140.45,AVAILABLE
SKU-01398,Accessories Item 1398,Accessories,E-02-04-02,15,79.93,AVAILABLE
SKU-01399,Fitness Item 1399,Fitness,F-03-04-01,3,86.64,HOLD
SKU-01400,Stationery Item 1400,Stationery,B-07-03-02,30,51.46,AVAILABLE
SKU-01401,Kitchen Item 1401,Kitchen,F-04-05-01,13,231.79,HOLD
SKU-01402,Kitchen Item 1402,Kitchen,E-03-01-02,16,80.41,AVAILABLE
SKU-01403,Fitness Item 1403,Fitness,A-05-01-01,30,35.5,AVAILABLE
SKU-01404,Stationery Item 1404,Stationery,E-08-04-02,9,193.96,AVAILABLE
SKU-01405,Toys Item 1405,Toys,E-01-03-02,23,19.14,HOLD
SKU-01406,Fitness Item 1406,Fitness,C-07-05-02,8,122.04,AVAILABLE
SKU-01407,Electronics Item 1407,Electronics,B-06-05-01,9,153.33,AVAILABLE
SKU-01408,Accessories Item 1408,Accessories,C-08-01-01,20,146.69,AVAILABLE
SKU-01409,Electronics Item 1409,Electronics,B-03-03-02,25,27.61,HOLD
SKU-01410,Fitness Item 1410,Fitness,A-09-04-01,17,227.94,HOLD
SKU-01411,Beauty Item 1411,Beauty,E-07-04-01,9,174.5,HOLD
SKU-01412,Accessories Item 1412,Accessories,E-06-01-01,25,219.72,AVAILABLE
SKU-01413,Home Item 1413,Home,D-08-04-01,27,39.96,AVAILABLE
SKU-01414,Fitness Item 1414,Fitness,D-04-04-02,1,246.82,HOLD
SKU-01415,Electronics Item 1415,Electronics,B-01-03-01,3,194.57,HOLD
SKU-01416,Fitness Item 1416,Fitness,D-02-03-02,24,110.58,AVAILABLE
SKU-01417,Kitchen Item 1417,Kitchen,C-01-01-02,23,37.91,HOLD
SKU-01418,Beauty Item 1418,Beauty,F-06-01-01,4,115.41,AVAILABLE
SKU-01419,Beauty Item 1419,Beauty,C-02-04-01,2,188.73,AVAILABLE
SKU-01420,Accessories Item 1420,Accessories,E-05-04-02,15,158.58,AVAILABLE
SKU-01421,Beauty Item 1421,Beauty,A-09-03-02,10,26.0,AVAILABLE
SKU-01422,Accessories Item 1422,Accessories,A-07-05-01,11,12.27,AVAILABLE
SKU-01423,Toys Item 1423,Toys,F-04-01-01,22,191.33,AVAILABLE
SKU-01424,Electronics Item 1424,Electronics,C-10-01-01,25,239.03,AVAILABLE
SKU-01425,Home Item 1425,Home,C-03-05-01,17,198.99,HOLD
SKU-01426,Accessories Item 1426,Accessories,F-04-01-02,16,190.44,HOLD
SKU-01427,Kitchen Item 1427,Kitchen,E-01-04-02,22,223.09,AVAILABLE
SKU-01428,Stationery Item 1428,Stationery,D-10-04-01,22,102.63,AVAILABLE
SKU-01429,Kitchen Item 1429,Kitchen,D-07-02-01,26,29.54,HOLD
SKU-01430,Fitness Item 1430,Fitness,B-05-05-01,1,152.47,AVAILABLE
SKU-01431,Stationery Item 1431,Stationery,E-01-03-02,15,156.5,HOLD
SKU-01432,Fitness Item 1432,Fitness,C-01-02-02,1,246.61,AVAILABLE
SKU-01433,Electronics Item 1433,Electronics,D-10-03-02,28,16.21,AVAILABLE
SKU-01434,Toys Item 1434,Toys,C-06-03-01,20,123.71,AVAILABLE
SKU-01435,Kitchen Item 1435,Kitchen,E-07-04-02,30,235.66,HOLD
SKU-01436,Home Item 1436,Home,E-03-02-01,10,153.76,AVAILABLE
SKU-01437,Electronics Item 1437,Electronics,B-04-04-01,16,200.22,AVAILABLE
SKU-01438,Toys Item 1438,Toys,B-09-01-01,29,114.34,AVAILABLE
SKU-01439,Toys Item 1439,Toys,F-10-01-02,8,64.62,AVAILABLE
SKU-01440,Home Item 1440,Home,B-02-03-01,14,248.37,AVAILABLE
SKU-01441,Beauty Item 1441,Beauty,D-06-04-02,29,98.96,AVAILABLE
SKU-01442,Stationery Item 1442,Stationery,C-09-01-01,22,121.69,AVAILABLE
SKU-01443,Beauty Item 1443,Beauty,F-09-03-02,21,182.73,AVAILABLE
SKU-01444,Kitchen Item 1444,Kitchen,C-05-03-01,30,146.11,AVAILABLE
SKU-01445,Kitchen Item 1445,Kitchen,E-02-03-01,30,180.77,HOLD
SKU-01446,Fitness Item 1446,Fitness,C-06-02-02,8,68.48,AVAILABLE
SKU-01447,Home Item 1447,Home,B-03-01-01,3,88.36,AVAILABLE
SKU-01448,Home Item 1448,Home,E-01-03-01,5,214.07,HOLD
SKU-01449,Electronics Item 1449,Electronics,D-05-01-02,2,149.56,AVAILABLE
SKU-01450,Fitness Item 1450,Fitness,E-07-02-01,11,193.96,AVAILABLE
SKU-01451,Stationery Item 1451,Stationery,B-02-03-02,13,7.25,HOLD
SKU-01452,Kitchen Item 1452,Kitchen,B-06-03-01,27,236.01,AVAILABLE
SKU-01453,Toys Item 1453,Toys,E-10-05-01,5,152.36,AVAILABLE
SKU-01454,Electronics Item 1454,Electronics,D-06-01-01,10,128.08,AVAILABLE
SKU-01455,Accessories Item 1455,Accessories,F-03-02-02,21,208.03,HOLD
SKU-01456,Accessories Item 1456,Accessories,E-02-02-02,2,245.38,AVAILABLE
SKU-01457,Beauty Item 1457,Beauty,C-03-04-02,28,184.5,AVAILABLE
SKU-01458,Electronics Item 1458,Electronics,B-10-03-01,28,124.44,HOLD
SKU-01459,Accessories Item 1459,Accessories,B-08-01-01,1,139.25,AVAILABLE
SKU-01460,Fitness Item 1460,Fitness,F-02-05-01,12,190.64,HOLD
SKU-01461,Home Item 1461,Home,F-08-04-02,24,74.34,AVAILABLE
SKU-01462,Fitness Item 1462,Fitness,B-01-03-01,5,84.24,AVAILABLE
SKU-01463,Accessories Item 1463,Accessories,F-01-01-01,21,45.11,AVAILABLE
SKU-01464,Toys Item 1464,Toys,F-03-05-01,10,224.82,AVAILABLE
SKU-01465,Stationery Item 1465,Stationery,C-02-01-02,24,164.55,AVAILABLE
SKU-01466,Home Item 1466,Home,B-06-05-01,13,237.85,HOLD
SKU-01467,Beauty Item 1467,Beauty,A-07-01-01,4,92.12,HOLD
SKU-01468,Beauty Item 1468,Beauty,A-06-04-01,4,245.17,AVAILABLE
SKU-01469,Fitness Item 1469,Fitness,B-06-05-02,21,182.02,AVAILABLE
SKU-01470,Electronics Item 1470,Electronics,B-03-04-02,8,102.18,AVAILABLE
SKU-01471,Beauty Item 1471,Beauty,E-02-02-01,25,174.49,AVAILABLE
SKU-01472,Toys Item 1472,Toys,E-02-05-02,9,159.92,HOLD
SKU-01473,Kitchen Item 1473,Kitchen,A-02-02-01,4,33.57,AVAILABLE
SKU-01474,Toys Item 1474,Toys,F-06-04-02,8,10.64,HOLD
SKU-01475,Accessories Item 1475,Accessories,B-01-01-02,26,150.26,HOLD
SKU-01476,Toys Item 1476,Toys,E-08-03-01,10,145.0,AVAILABLE
SKU-01477,Kitchen Item 1477,Kitchen,A-07-05-01,23,227.68,AVAILABLE
SKU-01478,Fitness Item 1478,Fitness,A-03-01-02,13,141.23,HOLD
SKU-01479,Home Item 1479,Home,F-07-05-01,27,148.26,AVAILABLE
SKU-01480,Stationery Item 1480,Stationery,B-03-04-01,6,216.19,AVAILABLE
SKU-01481,Electronics Item 1481,Electronics,E-09-05-02,26,82.0,AVAILABLE
SKU-01482,Beauty Item 1482,Beauty,C-03-02-02,21,44.5,AVAILABLE
SKU-01483,Electronics Item 1483,Electronics,A-10-01-01,4,129.01,AVAILABLE
SKU-01484,Beauty Item 1484,Beauty,E-07-02-01,22,5.02,AVAILABLE
SKU-01485,Electronics Item 1485,Electronics,F-07-05-01,29,196.79,HOLD
SKU-01486,Beauty Item 1486,Beauty,F-04-04-02,23,81.67,AVAILABLE
SKU-01487,Stationery Item 1487,Stationery,B-01-04-01,22,205.84,AVAILABLE
SKU-01488,Electronics Item 1488,Electronics,C-01-02-02,5,78.43,AVAILABLE
SKU-01489,Beauty Item 1489,Beauty,C-04-03-01,19,92.97,AVAILABLE
SKU-01490,Fitness Item 1490,Fitness,A-08-05-02,18,67.47,HOLD
SKU-01491,Beauty Item 1491,Beauty,E-04-05-01,15,25.4,AVAILABLE
SKU-01492,Fitness Item 1492,Fitness,B-06-02-01,18,54.92,AVAILABLE
SKU-01493,Stationery Item 1493,Stationery,E-01-05-02,19,166.04,AVAILABLE
SKU-01494,Fitness Item 1494,Fitness,B-07-03-01,11,248.15,HOLD
SKU-01495,Fitness Item 1495,Fitness,A-03-04-02,20,65.64,AVAILABLE
SKU-01496,Home Item 1496,Home,F-09-02-01,4,172.57,HOLD
SKU-01497,Home Item 1497,Home,D-07-01-01,21,26.8,AVAILABLE
SKU-01498,Accessories Item 1498,Accessories,B-06-04-01,28,200.53,AVAILABLE
SKU-01499,Electronics Item 1499,Electronics,B-01-03-02,13,244.97,AVAILABLE
SKU-01500,Fitness Item 1500,Fitness,B-02-02-01,26,231.78,AVAILABLE
SKU-01501,Accessories Item 1501,Accessories,F-04-04-01,4,134.6,AVAILABLE
SKU-01502,Accessories Item 1502,Accessories,B-01-04-01,29,16.75,AVAILABLE
SKU-01503,Fitness Item 1503,Fitness,B-10-04-01,12,202.49,HOLD
SKU-01504,Toys Item 1504,Toys,B-04-04-01,9,7.33,AVAILABLE
SKU-01505,Beauty Item 1505,Beauty,B-06-02-01,13,144.05,AVAILABLE
SKU-01506,Electronics Item 1506,Electronics,E-01-04-02,23,195.49,HOLD
SKU-01507,Toys Item 1507,Toys,B-10-05-01,15,246.63,HOLD
SKU-01508,Accessories Item 1508,Accessories,D-01-02-01,14,132.55,AVAILABLE
SKU-01509,Accessories Item 1509,Accessories,A-10-02-02,10,104.6,AVAILABLE
SKU-01510,Home Item 1510,Home,A-09-03-02,3,183.84,AVAILABLE
SKU-01511,Beauty Item 1511,Beauty,A-07-01-02,3,187.14,HOLD
SKU-01512,Electronics Item 1512,Electronics,E-07-02-02,22,129.63,AVAILABLE
SKU-01513,Toys Item 1513,Toys,F-05-03-02,17,172.85,AVAILABLE
SKU-01514,Fitness Item 1514,Fitness,A-02-03-02,20,51.6,AVAILABLE
SKU-01515,Fitness Item 1515,Fitness,F-09-03-02,24,89.54,AVAILABLE
SKU-01516,Toys Item 1516,Toys,B-09-01-01,22,232.9,AVAILABLE
SKU-01517,Beauty Item 1517,Beauty,A-08-05-02,12,210.66,AVAILABLE
SKU-01518,Electronics Item 1518,Electronics,E-07-01-02,16,97.88,AVAILABLE
SKU-01519,Home Item 1519,Home,D-08-01-01,30,171.37,AVAILABLE
SKU-01520,Accessories Item 1520,Accessories,D-03-05-01,16,76.92,AVAILABLE
SKU-01521,Electronics Item 1521,Electronics,E-04-02-01,7,231.15,AVAILABLE
SKU-01522,Toys Item 1522,Toys,F-04-02-02,2,92.16,HOLD
SKU-01523,Kitchen Item 1523,Kitchen,D-03-04-02,12,31.26,AVAILABLE
SKU-01524,Beauty Item 1524,Beauty,E-05-01-01,12,7.17,HOLD
SKU-01525,Toys Item 1525,Toys,C-02-02-02,3,134.63,AVAILABLE
SKU-01526,Fitness Item 1526,Fitness,B-04-02-01,30,124.42,AVAILABLE
SKU-01527,Accessories Item 1527,Accessories,C-05-04-01,16,101.86,AVAILABLE
SKU-01528,Kitchen Item 1528,Kitchen,E-07-04-02,29,49.63,AVAILABLE
SKU-01529,Home Item 1529,Home,E-09-01-02,22,210.64,AVAILABLE
SKU-01530,Beauty Item 1530,Beauty,D-09-05-01,24,111.32,AVAILABLE
SKU-01531,Stationery Item 1531,Stationery,B-02-05-02,7,74.8,AVAILABLE
SKU-01532,Fitness Item 1532,Fitness,E-07-01-01,24,86.15,AVAILABLE
SKU-01533,Beauty Item 1533,Beauty,C-02-03-01,16,240.13,AVAILABLE
SKU-01534,Home Item 1534,Home,E-07-01-01,16,139.78,AVAILABLE
SKU-01535,Kitchen Item 1535,Kitchen,E-04-05-01,17,182.87,HOLD
SKU-01536,Beauty Item 1536,Beauty,B-02-05-01,4,199.21,AVAILABLE
SKU-01537,Beauty Item 1537,Beauty,D-08-04-01,17,8.34,AVAILABLE
SKU-01538,Electronics Item 1538,Electronics,D-08-03-01,14,244.23,AVAILABLE
SKU-01539,Fitness Item 1539,Fitness,F-03-03-02,10,74.14,AVAILABLE
SKU-01540,Fitness Item 1540,Fitness,C-08-01-01,20,42.36,AVAILABLE
SKU-01541,Stationery Item 1541,Stationery,D-01-04-02,25,33.18,AVAILABLE
SKU-01542,Stationery Item 1542,Stationery,E-07-05-02,7,121.1,AVAILABLE
SKU-01543,Beauty Item 1543,Beauty,C-01-03-01,28,149.84,AVAILABLE
SKU-01544,Stationery Item 1544,Stationery,B-03-05-02,5,103.31,AVAILABLE
SKU-01545,Stationery Item 1545,Stationery,B-06-04-01,14,9.33,AVAILABLE
SKU-01546,Home Item 1546,Home,A-06-03-02,13,104.79,AVAILABLE
SKU-01547,Stationery Item 1547,Stationery,C-05-01-02,11,109.39,AVAILABLE
SKU-01548,Fitness Item 1548,Fitness,A-06-03-02,10,31.96,AVAILABLE
SKU-01549,Accessories Item 1549,Accessories,D-09-03-02,23,107.43,AVAILABLE
SKU-01550,Electronics Item 1550,Electronics,B-10-04-02,2,5.13,AVAILABLE
SKU-01551,Stationery Item 1551,Stationery,D-02-02-01,16,73.64,AVAILABLE
SKU-01552,Fitness Item 1552,Fitness,C-01-01-01,9,237.34,AVAILABLE
SKU-01553,Kitchen Item 1553,Kitchen,D-04-02-02,4,28.74,AVAILABLE
SKU-01554,Beauty Item 1554,Beauty,D-07-02-02,12,186.62,AVAILABLE
SKU-01555,Kitchen Item 1555,Kitchen,C-06-05-02,21,72.61,HOLD
SKU-01556,Home Item 1556,Home,B-02-03-01,5,159.24,AVAILABLE
SKU-01557,Electronics Item 1557,Electronics,C-01-04-01,7,177.64,AVAILABLE
SKU-01558,Home Item 1558,Home,F-10-04-02,20,89.01,HOLD
SKU-01559,Stationery Item 1559,Stationery,F-09-03-01,24,42.65,AVAILABLE
SKU-01560,Stationery Item 1560,Stationery,E-06-04-02,18,179.34,AVAILABLE
SKU-01561,Kitchen Item 1561,Kitchen,E-10-01-02,21,180.74,HOLD
SKU-01562,Home Item 1562,Home,F-03-05-01,14,133.32,AVAILABLE
SKU-01563,Beauty Item 1563,Beauty,D-01-01-01,23,242.03,AVAILABLE
SKU-01564,Electronics Item 1564,Electronics,A-07-03-02,26,243.26,AVAILABLE
SKU-01565,Fitness Item 1565,Fitness,F-05-01-02,22,135.46,AVAILABLE
SKU-01566,Beauty Item 1566,Beauty,E-09-01-01,25,129.77,HOLD
SKU-01567,Fitness Item 1567,Fitness,C-10-05-01,7,50.1,AVAILABLE
SKU-01568,Stationery Item 1568,Stationery,A-02-01-01,29,232.51,HOLD
SKU-01569,Accessories Item 1569,Accessories,D-04-02-01,28,58.98,AVAILABLE
SKU-01570,Home Item 1570,Home,B-09-02-02,8,16.18,AVAILABLE
SKU-01571,Accessories Item 1571,Accessories,A-05-01-02,21,41.29,AVAILABLE
SKU-01572,Beauty Item 1572,Beauty,C-10-03-01,28,198.7,AVAILABLE
SKU-01573,Stationery Item 1573,Stationery,F-09-03-02,4,5.34,AVAILABLE
SKU-01574,Kitchen Item 1574,Kitchen,D-06-03-02,3,236.87,AVAILABLE
SKU-01575,Beauty Item 1575,Beauty,E-05-04-02,29,154.81,AVAILABLE
SKU-01576,Electronics Item 1576,Electronics,A-02-01-02,27,92.09,AVAILABLE
SKU-01577,Beauty Item 1577,Beauty,C-08-05-02,1,136.66,AVAILABLE
SKU-01578,Fitness Item 1578,Fitness,C-09-01-01,28,158.43,AVAILABLE
SKU-01579,Toys Item 1579,Toys,C-04-05-02,11,70.85,HOLD
SKU-01580,Beauty Item 1580,Beauty,E-09-05-01,8,183.8,HOLD
SKU-01581,Kitchen Item 1581,Kitchen,B-06-05-01,29,122.36,HOLD
SKU-01582,Beauty Item 1582,Beauty,F-01-02-01,6,204.82,AVAILABLE
SKU-01583,Stationery Item 1583,Stationery,F-04-04-02,24,49.2,AVAILABLE
SKU-01584,Electronics Item 1584,Electronics,D-04-05-02,6,221.89,HOLD
SKU-01585,Stationery Item 1585,Stationery,A-08-03-01,5,22.65,AVAILABLE
SKU-01586,Toys Item 1586,Toys,E-05-01-02,4,182.46,AVAILABLE
SKU-01587,Electronics Item 1587,Electronics,B-01-04-02,13,99.08,AVAILABLE
SKU-01588,Electronics Item 1588,Electronics,A-05-04-01,5,65.84,AVAILABLE
SKU-01589,Accessories Item 1589,Accessories,B-06-02-01,21,151.91,AVAILABLE
SKU-01590,Home Item 1590,Home,F-10-02-02,24,205.47,AVAILABLE
SKU-01591,Stationery Item 1591,Stationery,B-05-05-01,16,191.12,HOLD
SKU-01592,Beauty Item 1592,Beauty,D-04-04-01,11,122.33,AVAILABLE
SKU-01593,Electronics Item 1593,Electronics,F-10-03-01,23,70.53,AVAILABLE
SKU-01594,Electronics Item 1594,Electronics,A-05-04-02,4,138.44,AVAILABLE
SKU-01595,Fitness Item 1595,Fitness,B-06-01-02,1,228.48,AVAILABLE
SKU-01596,Stationery Item 1596,Stationery,E-07-04-01,13,41.11,AVAILABLE
SKU-01597,Stationery Item 1597,Stationery,E-03-01-02,22,221.63,AVAILABLE
SKU-01598,Toys Item 1598,Toys,B-09-01-02,4,60.01,AVAILABLE
SKU-01599,Kitchen Item 1599,Kitchen,A-09-02-01,20,86.76,AVAILABLE
SKU-01600,Home Item 1600,Home,A-05-04-01,20,42.02,HOLD
SKU-01601,Kitchen Item 1601,Kitchen,B-10-04-01,22,109.18,AVAILABLE
SKU-01602,Accessories Item 1602,Accessories,D-09-01-02,29,30.46,HOLD
SKU-01603,Kitchen Item 1603,Kitchen,C-09-05-02,26,227.21,AVAILABLE
SKU-01604,Electronics Item 1604,Electronics,B-06-05-02,25,165.68,AVAILABLE
SKU-01605,Beauty Item 1605,Beauty,E-03-04-02,15,181.73,HOLD
SKU-01606,Home Item 1606,Home,B-03-01-02,19,109.73,AVAILABLE
SKU-01607,Beauty Item 1607,Beauty,A-10-04-02,11,248.72,AVAILABLE
SKU-01608,Fitness Item 1608,Fitness,D-09-04-02,11,126.08,HOLD
SKU-01609,Fitness Item 1609,Fitness,D-07-03-02,5,201.52,AVAILABLE
SKU-01610,Fitness Item 1610,Fitness,E-06-04-02,18,126.79,HOLD
SKU-01611,Stationery Item 1611,Stationery,E-03-01-02,3,147.34,HOLD
SKU-01612,Stationery Item 1612,Stationery,A-10-02-02,8,93.62,AVAILABLE
SKU-01613,Electronics Item 1613,Electronics,D-10-05-02,18,121.11,AVAILABLE
SKU-01614,Home Item 1614,Home,A-07-03-01,30,90.59,AVAILABLE
SKU-01615,Accessories Item 1615,Accessories,F-01-02-02,5,209.64,HOLD
SKU-01616,Stationery Item 1616,Stationery,C-03-04-02,27,60.02,AVAILABLE
SKU-01617,Home Item 1617,Home,B-06-02-01,13,184.6,HOLD
SKU-01618,Kitchen Item 1618,Kitchen,A-06-05-01,23,30.97,AVAILABLE
SKU-01619,Toys Item 1619,Toys,B-07-05-01,1,40.99,AVAILABLE
SKU-01620,Home Item 1620,Home,C-07-04-02,3,8.06,HOLD
SKU-01621,Beauty Item 1621,Beauty,B-10-04-02,16,187.17,AVAILABLE
SKU-01622,Toys Item 1622,Toys,E-06-01-01,24,87.65,AVAILABLE
SKU-01623,Accessories Item 1623,Accessories,B-02-05-02,5,19.7,AVAILABLE
SKU-01624,Beauty Item 1624,Beauty,F-06-01-02,6,7.66,HOLD
SKU-01625,Toys Item 1625,Toys,C-09-01-02,30,145.16,AVAILABLE
SKU-01626,Stationery Item 1626,Stationery,E-07-02-01,30,43.42,AVAILABLE
SKU-01627,Fitness Item 1627,Fitness,B-04-03-01,24,56.91,AVAILABLE
SKU-01628,Stationery Item 1628,Stationery,E-04-01-01,6,206.51,AVAILABLE
SKU-01629,Toys Item 1629,Toys,F-03-02-01,11,164.91,HOLD
SKU-01630,Fitness Item 1630,Fitness,B-08-04-01,2,201.82,HOLD
SKU-01631,Stationery Item 1631,Stationery,C-10-03-01,4,30.58,AVAILABLE
SKU-01632,Kitchen Item 1632,Kitchen,A-03-05-02,8,74.14,AVAILABLE
SKU-01633,Home Item 1633,Home,C-03-05-01,20,7.69,AVAILABLE
SKU-01634,Stationery Item 1634,Stationery,C-02-04-02,21,232.65,AVAILABLE
SKU-01635,Accessories Item 1635,Accessories,A-10-01-02,19,143.38,HOLD
SKU-01636,Electronics Item 1636,Electronics,A-06-02-01,11,27.84,AVAILABLE
SKU-01637,Electronics Item 1637,Electronics,D-10-01-02,25,74.19,HOLD
SKU-01638,Stationery Item 1638,Stationery,D-05-03-02,25,100.71,AVAILABLE
SKU-01639,Beauty Item 1639,Beauty,B-01-03-01,11,104.79,AVAILABLE
SKU-01640,Beauty Item 1640,Beauty,A-03-03-02,19,200.04,HOLD
SKU-01641,Electronics Item 1641,Electronics,D-02-04-02,6,42.13,HOLD
SKU-01642,Home Item 1642,Home,B-01-01-01,23,61.73,AVAILABLE
SKU-01643,Beauty Item 1643,Beauty,B-08-01-02,17,131.49,AVAILABLE
SKU-01644,Toys Item 1644,Toys,B-05-01-01,11,76.26,HOLD
SKU-01645,Electronics Item 1645,Electronics,E-03-03-01,8,56.16,AVAILABLE
SKU-01646,Beauty Item 1646,Beauty,F-05-03-02,4,202.16,AVAILABLE
SKU-01647,Accessories Item 1647,Accessories,F-10-05-01,28,242.39,AVAILABLE
SKU-01648,Toys Item 1648,Toys,B-01-01-02,15,81.86,AVAILABLE
SKU-01649,Beauty Item 1649,Beauty,A-08-02-01,9,146.25,AVAILABLE
SKU-01650,Home Item 1650,Home,A-08-03-02,6,179.11,HOLD
SKU-01651,Accessories Item 1651,Accessories,F-02-05-01,9,191.97,HOLD
SKU-01652,Beauty Item 1652,Beauty,B-04-02-01,19,124.62,AVAILABLE
SKU-01653,Accessories Item 1653,Accessories,E-04-05-02,14,214.97,AVAILABLE
SKU-01654,Toys Item 1654,Toys,E-01-02-02,17,211.98,AVAILABLE
SKU-01655,Kitchen Item 1655,Kitchen,A-09-05-02,22,106.23,HOLD
SKU-01656,Accessories Item 1656,Accessories,A-05-03-02,20,244.47,AVAILABLE
SKU-01657,Stationery Item 1657,Stationery,A-01-05-01,5,214.0,AVAILABLE
SKU-01658,Fitness Item 1658,Fitness,B-07-05-02,19,102.82,AVAILABLE
SKU-01659,Stationery Item 1659,Stationery,E-03-03-02,28,118.26,AVAILABLE
SKU-01660,Kitchen Item 1660,Kitchen,F-02-01-02,15,162.41,HOLD
SKU-01661,Home Item 1661,Home,A-10-01-02,6,184.29,HOLD
SKU-01662,Fitness Item 1662,Fitness,C-02-03-02,13,85.54,AVAILABLE
SKU-01663,Kitchen Item 1663,Kitchen,F-04-01-02,7,177.06,HOLD
SKU-01664,Home Item 1664,Home,D-01-03-02,15,14.38,AVAILABLE
SKU-01665,Toys Item 1665,Toys,B-06-04-01,21,57.3,AVAILABLE
SKU-01666,Fitness Item 1666,Fitness,A-07-04-01,30,203.09,HOLD
SKU-01667,Toys Item 1667,Toys,C-04-01-01,2,56.82,AVAILABLE
SKU-01668,Fitness Item 1668,Fitness,C-10-03-01,9,160.74,AVAILABLE
SKU-01669,Beauty Item 1669,Beauty,A-08-02-02,9,104.24,AVAILABLE
SKU-01670,Toys Item 1670,Toys,E-06-05-01,17,57.46,AVAILABLE
SKU-01671,Beauty Item 1671,Beauty,A-06-05-01,3,224.26,HOLD
SKU-01672,Kitchen Item 1672,Kitchen,D-03-04-01,6,53.66,HOLD
SKU-01673,Toys Item 1673,Toys,F-03-01-01,18,173.76,AVAILABLE
SKU-01674,Fitness Item 1674,Fitness,D-09-05-02,30,174.76,HOLD
SKU-01675,Electronics Item 1675,Electronics,C-02-03-01,3,182.07,AVAILABLE
SKU-01676,Kitchen Item 1676,Kitchen,D-05-04-02,1,41.87,HOLD
SKU-01677,Beauty Item 1677,Beauty,F-05-04-02,28,82.52,HOLD
SKU-01678,Accessories Item 1678,Accessories,F-08-01-01,24,5.9,HOLD
SKU-01679,Beauty Item 1679,Beauty,E-10-02-01,21,242.52,AVAILABLE
SKU-01680,Electronics Item 1680,Electronics,C-04-04-01,24,244.86,HOLD
SKU-01681,Beauty Item 1681,Beauty,E-02-03-01,7,90.28,AVAILABLE
SKU-01682,Electronics Item 1682,Electronics,E-01-04-02,27,94.13,AVAILABLE
SKU-01683,Accessories Item 1683,Accessories,F-06-01-01,27,217.6,HOLD
SKU-01684,Toys Item 1684,Toys,E-06-02-01,14,91.17,HOLD
SKU-01685,Kitchen Item 1685,Kitchen,B-03-02-01,30,48.07,HOLD
SKU-01686,Kitchen Item 1686,Kitchen,B-10-01-02,18,150.75,HOLD
SKU-01687,Fitness Item 1687,Fitness,D-02-01-02,28,166.6,HOLD
SKU-01688,Accessories Item 1688,Accessories,B-01-04-01,3,202.46,AVAILABLE
SKU-01689,Home Item 1689,Home,A-02-04-02,20,233.46,AVAILABLE
SKU-01690,Toys Item 1690,Toys,F-10-03-02,4,160.21,AVAILABLE
SKU-01691,Accessories Item 1691,Accessories,E-06-05-02,7,59.61,HOLD
SKU-01692,Fitness Item 1692,Fitness,B-03-02-02,7,214.8,AVAILABLE
SKU-01693,Kitchen Item 1693,Kitchen,F-01-05-01,14,227.46,HOLD
SKU-01694,Electronics Item 1694,Electronics,E-02-01-02,26,59.86,AVAILABLE
SKU-01695,Accessories Item 1695,Accessories,C-09-05-01,10,210.43,HOLD
SKU-01696,Stationery Item 1696,Stationery,A-01-03-01,29,227.72,AVAILABLE
SKU-01697,Electronics Item 1697,Electronics,A-03-04-02,5,198.67,AVAILABLE
SKU-01698,Kitchen Item 1698,Kitchen,B-09-02-01,19,248.24,AVAILABLE
SKU-01699,Fitness Item 1699,Fitness,C-01-05-01,20,162.89,AVAILABLE
SKU-01700,Fitness Item 1700,Fitness,B-04-04-02,21,100.65,AVAILABLE
SKU-01701,Fitness Item 1701,Fitness,D-05-05-01,17,43.82,AVAILABLE
SKU-01702,Home Item 1702,Home,B-04-03-02,17,34.0,HOLD
SKU-01703,Accessories Item 1703,Accessories,B-07-05-02,11,54.92,AVAILABLE
SKU-01704,Electronics Item 1704,Electronics,E-08-05-02,1,159.08,AVAILABLE
SKU-01705,Electronics Item 1705,Electronics,F-10-03-01,30,243.24,HOLD
SKU-01706,Electronics Item 1706,Electronics,B-04-05-02,15,160.44,AVAILABLE
SKU-01707,Beauty Item 1707,Beauty,C-07-01-02,21,224.99,AVAILABLE
SKU-01708,Stationery Item 1708,Stationery,F-09-04-01,27,65.09,HOLD
SKU-01709,Accessories Item 1709,Accessories,A-06-03-02,9,25.33,AVAILABLE
SKU-01710,Electronics Item 1710,Electronics,B-02-01-01,4,117.49,AVAILABLE
SKU-01711,Home Item 1711,Home,B-06-01-02,10,69.19,AVAILABLE
SKU-01712,Home Item 1712,Home,A-09-02-02,16,211.93,AVAILABLE
SKU-01713,Fitness Item 1713,Fitness,B-01-05-01,16,199.88,HOLD
SKU-01714,Home Item 1714,Home,F-04-02-01,21,23.7,HOLD
SKU-01715,Fitness Item 1715,Fitness,D-05-03-01,21,227.53,AVAILABLE
SKU-01716,Beauty Item 1716,Beauty,D-03-04-02,1,226.39,AVAILABLE
SKU-01717,Home Item 1717,Home,D-08-03-02,12,123.56,AVAILABLE
SKU-01718,Beauty Item 1718,Beauty,F-08-01-02,24,67.35,AVAILABLE
SKU-01719,Stationery Item 1719,Stationery,A-04-01-02,18,10.64,AVAILABLE
SKU-01720,Stationery Item 1720,Stationery,E-01-01-02,4,225.15,AVAILABLE
SKU-01721,Kitchen Item 1721,Kitchen,B-05-04-02,8,25.44,AVAILABLE
SKU-01722,Accessories Item 1722,Accessories,D-01-01-01,16,53.81,AVAILABLE
SKU-01723,Kitchen Item 1723,Kitchen,D-03-02-01,15,187.57,HOLD
SKU-01724,Fitness Item 1724,Fitness,F-07-01-01,13,230.98,AVAILABLE
SKU-01725,Beauty Item 1725,Beauty,C-02-02-02,22,212.28,AVAILABLE
SKU-01726,Fitness Item 1726,Fitness,B-02-01-01,19,199.32,AVAILABLE
SKU-01727,Beauty Item 1727,Beauty,C-03-02-01,24,124.52,HOLD
SKU-01728,Fitness Item 1728,Fitness,C-10-05-01,27,83.09,AVAILABLE
SKU-01729,Fitness Item 1729,Fitness,E-07-05-02,7,143.95,AVAILABLE
SKU-01730,Home Item 1730,Home,E-10-02-01,6,222.92,AVAILABLE
SKU-01731,Fitness Item 1731,Fitness,D-03-01-01,20,207.54,AVAILABLE
SKU-01732,Fitness Item 1732,Fitness,A-04-01-02,4,49.08,AVAILABLE
SKU-01733,Fitness Item 1733,Fitness,C-01-01-02,12,65.1,AVAILABLE
SKU-01734,Kitchen Item 1734,Kitchen,E-01-05-01,5,195.98,AVAILABLE
SKU-01735,Electronics Item 1735,Electronics,D-05-05-02,23,7.67,AVAILABLE
SKU-01736,Stationery Item 1736,Stationery,F-01-05-02,19,199.83,AVAILABLE
SKU-01737,Home Item 1737,Home,E-03-02-01,10,152.44,AVAILABLE
SKU-01738,Home Item 1738,Home,D-01-03-01,23,153.94,AVAILABLE
SKU-01739,Fitness Item 1739,Fitness,E-08-03-02,11,204.28,AVAILABLE
SKU-01740,Stationery Item 1740,Stationery,A-06-02-02,26,126.01,AVAILABLE
SKU-01741,Accessories Item 1741,Accessories,E-07-01-01,4,35.4,AVAILABLE
SKU-01742,Kitchen Item 1742,Kitchen,E-03-01-01,8,146.22,AVAILABLE
SKU-01743,Electronics Item 1743,Electronics,A-01-03-01,30,118.13,AVAILABLE
SKU-01744,Fitness Item 1744,Fitness,A-04-05-01,29,135.7,AVAILABLE
SKU-01745,Kitchen Item 1745,Kitchen,A-02-04-02,3,120.12,HOLD
SKU-01746,Accessories Item 1746,Accessories,D-01-01-02,11,189.65,HOLD
SKU-01747,Home Item 1747,Home,D-05-02-02,16,155.02,HOLD
SKU-01748,Accessories Item 1748,Accessories,E-10-04-02,16,212.92,AVAILABLE
SKU-01749,Kitchen Item 1749,Kitchen,B-02-01-01,1,59.88,AVAILABLE
SKU-01750,Beauty Item 1750,Beauty,B-02-02-01,11,216.04,HOLD
SKU-01751,Stationery Item 1751,Stationery,B-09-02-01,3,51.83,AVAILABLE
SKU-01752,Electronics Item 1752,Electronics,A-06-04-01,9,221.41,AVAILABLE
SKU-01753,Home Item 1753,Home,A-06-02-01,10,23.39,AVAILABLE
SKU-01754,Fitness Item 1754,Fitness,C-10-03-01,23,46.73,AVAILABLE
SKU-01755,Toys Item 1755,Toys,B-03-05-01,5,83.24,AVAILABLE
SKU-01756,Fitness Item 1756,Fitness,E-09-05-02,22,34.98,AVAILABLE
SKU-01757,Toys Item 1757,Toys,F-04-04-01,9,83.87,HOLD
SKU-01758,Stationery Item 1758,Stationery,A-10-05-02,9,192.72,AVAILABLE
SKU-01759,Kitchen Item 1759,Kitchen,C-07-03-02,22,163.55,AVAILABLE
SKU-01760,Home Item 1760,Home,A-08-05-02,16,19.77,AVAILABLE
SKU-01761,Stationery Item 1761,Stationery,F-02-02-02,27,99.34,HOLD
SKU-01762,Home Item 1762,Home,D-08-02-01,7,204.43,AVAILABLE
SKU-01763,Accessories Item 1763,Accessories,E-10-04-01,21,42.73,AVAILABLE
SKU-01764,Beauty Item 1764,Beauty,C-04-05-01,30,94.09,HOLD
SKU-01765,Stationery Item 1765,Stationery,E-04-05-01,7,21.82,HOLD
SKU-01766,Beauty Item 1766,Beauty,D-04-04-01,28,146.42,AVAILABLE
SKU-01767,Beauty Item 1767,Beauty,F-01-03-01,29,31.26,AVAILABLE
SKU-01768,Stationery Item 1768,Stationery,A-02-04-02,29,117.91,AVAILABLE
SKU-01769,Electronics Item 1769,Electronics,F-03-01-02,22,135.07,AVAILABLE
SKU-01770,Accessories Item 1770,Accessories,B-03-04-02,30,139.82,AVAILABLE
SKU-01771,Fitness Item 1771,Fitness,C-03-05-02,5,102.25,HOLD
SKU-01772,Kitchen Item 1772,Kitchen,A-06-04-02,15,71.78,AVAILABLE
SKU-01773,Electronics Item 1773,Electronics,E-02-05-02,24,232.36,AVAILABLE
SKU-01774,Accessories Item 1774,Accessories,C-01-03-01,13,48.28,AVAILABLE
SKU-01775,Toys Item 1775,Toys,F-07-05-01,14,31.75,AVAILABLE
SKU-01776,Stationery Item 1776,Stationery,B-02-05-02,8,33.22,AVAILABLE
SKU-01777,Accessories Item 1777,Accessories,C-07-01-01,3,135.37,AVAILABLE
SKU-01778,Stationery Item 1778,Stationery,E-05-02-02,13,101.26,AVAILABLE
SKU-01779,Accessories Item 1779,Accessories,F-05-02-01,7,46.9,AVAILABLE
SKU-01780,Kitchen Item 1780,Kitchen,D-02-03-01,23,151.1,AVAILABLE
SKU-01781,Home Item 1781,Home,C-01-01-01,17,227.41,HOLD
SKU-01782,Accessories Item 1782,Accessories,C-07-01-01,6,82.2,AVAILABLE
SKU-01783,Beauty Item 1783,Beauty,C-01-02-01,11,225.47,AVAILABLE
SKU-01784,Electronics Item 1784,Electronics,F-02-05-02,14,86.84,AVAILABLE
SKU-01785,Accessories Item 1785,Accessories,A-09-02-01,6,171.4,AVAILABLE
SKU-01786,Kitchen Item 1786,Kitchen,F-02-05-02,19,5.25,AVAILABLE
SKU-01787,Toys Item 1787,Toys,B-02-05-01,2,205.64,AVAILABLE
SKU-01788,Stationery Item 1788,Stationery,F-08-03-01,17,45.99,AVAILABLE
SKU-01789,Home Item 1789,Home,B-01-04-02,10,201.95,AVAILABLE
SKU-01790,Toys Item 1790,Toys,F-04-04-02,24,90.94,AVAILABLE
SKU-01791,Toys Item 1791,Toys,C-08-04-01,12,117.39,AVAILABLE
SKU-01792,Accessories Item 1792,Accessories,D-07-03-02,29,131.87,HOLD
SKU-01793,Home Item 1793,Home,C-10-03-01,22,132.23,AVAILABLE
SKU-01794,Beauty Item 1794,Beauty,E-05-05-02,28,58.96,AVAILABLE
SKU-01795,Kitchen Item 1795,Kitchen,F-05-03-02,1,64.87,HOLD
SKU-01796,Kitchen Item 1796,Kitchen,C-03-02-02,24,26.87,HOLD
SKU-01797,Home Item 1797,Home,D-01-01-01,29,158.59,HOLD
SKU-01798,Beauty Item 1798,Beauty,C-09-05-02,30,171.37,AVAILABLE
SKU-01799,Fitness Item 1799,Fitness,E-06-04-01,9,80.78,AVAILABLE
SKU-01800,Kitchen Item 1800,Kitchen,B-04-01-02,14,199.86,AVAILABLE
SKU-01801,Accessories Item 1801,Accessories,B-02-05-01,1,127.24,AVAILABLE
SKU-01802,Toys Item 1802,Toys,B-07-01-01,17,241.83,AVAILABLE
SKU-01803,Accessories Item 1803,Accessories,F-04-02-01,10,20.83,AVAILABLE
SKU-01804,Electronics Item 1804,Electronics,E-10-04-01,2,58.24,AVAILABLE
SKU-01805,Electronics Item 1805,Electronics,F-04-03-02,10,6.25,AVAILABLE
SKU-01806,Electronics Item 1806,Electronics,A-06-03-01,9,38.74,AVAILABLE
SKU-01807,Beauty Item 1807,Beauty,A-10-02-01,23,71.31,AVAILABLE
SKU-01808,Fitness Item 1808,Fitness,A-09-04-01,10,58.62,HOLD
SKU-01809,Kitchen Item 1809,Kitchen,C-08-01-02,26,171.23,HOLD
SKU-01810,Fitness Item 1810,Fitness,E-04-04-02,29,29.04,AVAILABLE
SKU-01811,Accessories Item 1811,Accessories,D-05-01-02,6,143.16,AVAILABLE
SKU-01812,Beauty Item 1812,Beauty,C-02-03-02,9,38.24,AVAILABLE
SKU-01813,Accessories Item 1813,Accessories,D-04-03-01,3,77.85,HOLD
SKU-01814,Beauty Item 1814,Beauty,E-02-02-01,26,219.6,HOLD
SKU-01815,Home Item 1815,Home,B-05-04-02,17,113.27,AVAILABLE
SKU-01816,Kitchen Item 1816,Kitchen,F-02-02-02,12,109.78,HOLD
SKU-01817,Fitness Item 1817,Fitness,F-01-03-01,1,228.58,AVAILABLE
SKU-01818,Fitness Item 1818,Fitness,A-10-03-02,25,39.44,AVAILABLE
SKU-01819,Stationery Item 1819,Stationery,F-07-01-01,12,36.18,AVAILABLE
SKU-01820,Electronics Item 1820,Electronics,E-04-01-02,5,103.72,AVAILABLE
SKU-01821,Toys Item 1821,Toys,F-07-04-02,15,210.6,AVAILABLE
SKU-01822,Electronics Item 1822,Electronics,C-10-03-01,27,246.61,AVAILABLE
SKU-01823,Kitchen Item 1823,Kitchen,B-01-03-01,27,76.19,HOLD
SKU-01824,Kitchen Item 1824,Kitchen,A-07-03-02,4,186.42,AVAILABLE
SKU-01825,Stationery Item 1825,Stationery,F-07-03-01,5,142.7,HOLD
SKU-01826,Beauty Item 1826,Beauty,C-05-02-02,29,170.54,AVAILABLE
SKU-01827,Accessories Item 1827,Accessories,D-05-01-02,24,247.34,AVAILABLE
SKU-01828,Toys Item 1828,Toys,C-02-04-01,4,21.45,AVAILABLE
SKU-01829,Home Item 1829,Home,F-07-05-02,4,65.57,AVAILABLE
SKU-01830,Toys Item 1830,Toys,A-03-04-01,27,128.92,HOLD
SKU-01831,Electronics Item 1831,Electronics,B-04-01-01,10,104.12,AVAILABLE
SKU-01832,Stationery Item 1832,Stationery,F-10-04-02,9,206.31,HOLD
SKU-01833,Home Item 1833,Home,E-08-02-01,5,160.87,AVAILABLE
SKU-01834,Beauty Item 1834,Beauty,C-07-02-01,6,130.32,AVAILABLE
SKU-01835,Toys Item 1835,Toys,F-03-03-02,10,75.92,AVAILABLE
SKU-01836,Toys Item 1836,Toys,E-01-03-01,22,72.42,HOLD
SKU-01837,Home Item 1837,Home,F-01-05-01,14,204.31,AVAILABLE
SKU-01838,Electronics Item 1838,Electronics,D-02-01-01,15,34.43,HOLD
SKU-01839,Electronics Item 1839,Electronics,D-04-02-01,2,163.05,HOLD
SKU-01840,Electronics Item 1840,Electronics,D-09-05-02,5,119.64,HOLD
SKU-01841,Accessories Item 1841,Accessories,A-02-01-01,6,92.65,AVAILABLE
SKU-01842,Kitchen Item 1842,Kitchen,F-08-03-01,13,130.7,AVAILABLE
SKU-01843,Beauty Item 1843,Beauty,D-09-04-01,21,181.21,AVAILABLE
SKU-01844,Toys Item 1844,Toys,B-05-05-02,9,197.32,AVAILABLE
SKU-01845,Fitness Item 1845,Fitness,A-08-02-01,30,210.63,HOLD
SKU-01846,Fitness Item 1846,Fitness,F-02-04-02,20,166.45,AVAILABLE
SKU-01847,Beauty Item 1847,Beauty,D-06-03-01,19,239.02,AVAILABLE
SKU-01848,Fitness Item 1848,Fitness,A-08-02-01,2,12.23,AVAILABLE
SKU-01849,Stationery Item 1849,Stationery,B-01-02-02,22,31.02,HOLD
SKU-01850,Kitchen Item 1850,Kitchen,C-06-02-01,25,203.1,AVAILABLE
SKU-01851,Home Item 1851,Home,B-09-04-01,24,223.66,HOLD
SKU-01852,Home Item 1852,Home,A-07-04-01,20,66.37,AVAILABLE
SKU-01853,Home Item 1853,Home,E-09-03-01,25,96.71,AVAILABLE
SKU-01854,Beauty Item 1854,Beauty,D-06-01-02,4,176.19,HOLD
SKU-01855,Beauty Item 1855,Beauty,C-02-03-02,7,66.86,HOLD
SKU-01856,Accessories Item 1856,Accessories,C-05-03-02,7,186.83,HOLD
SKU-01857,Stationery Item 1857,Stationery,A-10-02-01,19,10.94,AVAILABLE
SKU-01858,Stationery Item 1858,Stationery,A-04-03-02,26,39.44,AVAILABLE
SKU-01859,Kitchen Item 1859,Kitchen,E-05-04-01,19,138.91,AVAILABLE
SKU-01860,Kitchen Item 1860,Kitchen,C-01-01-01,22,183.84,HOLD
SKU-01861,Stationery Item 1861,Stationery,C-03-03-01,19,207.76,AVAILABLE
SKU-01862,Kitchen Item 1862,Kitchen,B-05-04-02,26,21.45,HOLD
SKU-01863,Fitness Item 1863,Fitness,A-08-03-02,19,24.15,AVAILABLE
SKU-01864,Home Item 1864,Home,B-03-04-01,16,61.49,AVAILABLE
SKU-01865,Electronics Item 1865,Electronics,C-05-03-01,27,235.45,AVAILABLE
SKU-01866,Fitness Item 1866,Fitness,D-10-02-02,3,218.75,AVAILABLE
SKU-01867,Accessories Item 1867,Accessories,A-08-05-02,18,145.96,AVAILABLE
SKU-01868,Fitness Item 1868,Fitness,A-07-01-02,18,175.89,AVAILABLE
SKU-01869,Toys Item 1869,Toys,C-09-04-02,21,12.34,AVAILABLE
SKU-01870,Fitness Item 1870,Fitness,C-09-03-02,7,86.96,AVAILABLE
SKU-01871,Beauty Item 1871,Beauty,C-03-01-02,18,205.11,AVAILABLE
SKU-01872,Electronics Item 1872,Electronics,C-06-04-02,16,22.86,AVAILABLE
SKU-01873,Kitchen Item 1873,Kitchen,A-08-03-02,14,151.55,AVAILABLE
SKU-01874,Toys Item 1874,Toys,B-04-05-01,9,182.22,AVAILABLE
SKU-01875,Electronics Item 1875,Electronics,F-05-02-02,17,60.19,AVAILABLE
SKU-01876,Fitness Item 1876,Fitness,F-03-02-02,10,196.48,AVAILABLE
SKU-01877,Electronics Item 1877,Electronics,A-06-05-02,1,194.54,AVAILABLE
SKU-01878,Fitness Item 1878,Fitness,A-02-05-02,18,123.13,HOLD
SKU-01879,Fitness Item 1879,Fitness,B-04-03-01,14,176.83,AVAILABLE
SKU-01880,Home Item 1880,Home,E-09-01-01,4,224.8,AVAILABLE
SKU-01881,Kitchen Item 1881,Kitchen,C-01-05-02,11,111.95,AVAILABLE
SKU-01882,Stationery Item 1882,Stationery,C-06-02-01,3,149.21,AVAILABLE
SKU-01883,Fitness Item 1883,Fitness,F-09-04-02,19,16.22,AVAILABLE
SKU-01884,Stationery Item 1884,Stationery,A-07-01-02,3,18.88,HOLD
SKU-01885,Beauty Item 1885,Beauty,D-01-05-02,2,81.96,AVAILABLE
SKU-01886,Accessories Item 1886,Accessories,B-04-05-01,20,102.47,AVAILABLE
SKU-01887,Home Item 1887,Home,A-09-02-01,9,234.9,AVAILABLE
SKU-01888,Toys Item 1888,Toys,D-10-01-02,29,229.2,AVAILABLE
SKU-01889,Toys Item 1889,Toys,D-04-01-02,12,196.15,AVAILABLE
SKU-01890,Stationery Item 1890,Stationery,F-08-04-01,29,70.55,AVAILABLE
SKU-01891,Electronics Item 1891,Electronics,D-08-05-01,29,105.65,HOLD
SKU-01892,Accessories Item 1892,Accessories,A-09-03-01,7,228.45,AVAILABLE
SKU-01893,Accessories Item 1893,Accessories,C-03-04-02,4,96.24,AVAILABLE
SKU-01894,Electronics Item 1894,Electronics,C-06-03-02,23,112.87,HOLD
SKU-01895,Home Item 1895,Home,A-03-02-01,16,209.9,AVAILABLE
SKU-01896,Accessories Item 1896,Accessories,E-03-01-02,10,207.66,AVAILABLE
SKU-01897,Electronics Item 1897,Electronics,D-01-03-02,28,154.39,HOLD
SKU-01898,Electronics Item 1898,Electronics,E-02-05-02,13,113.78,AVAILABLE
SKU-01899,Stationery Item 1899,Stationery,E-02-04-01,6,166.68,AVAILABLE
SKU-01900,Accessories Item 1900,Accessories,A-04-02-02,18,191.93,AVAILABLE
SKU-01901,Kitchen Item 1901,Kitchen,C-09-04-01,26,189.56,AVAILABLE
SKU-01902,Electronics Item 1902,Electronics,D-08-02-02,24,208.16,HOLD
SKU-01903,Fitness Item 1903,Fitness,A-07-01-02,26,31.76,HOLD
SKU-01904,Accessories Item 1904,Accessories,F-09-03-02,15,108.84,AVAILABLE
SKU-01905,Beauty Item 1905,Beauty,E-02-05-01,15,187.68,AVAILABLE
SKU-01906,Beauty Item 1906,Beauty,A-02-04-01,9,200.9,AVAILABLE
SKU-01907,Home Item 1907,Home,C-08-02-01,25,137.99,AVAILABLE
SKU-01908,Fitness Item 1908,Fitness,A-05-01-01,20,72.2,AVAILABLE
SKU-01909,Accessories Item 1909,Accessories,A-02-02-02,4,80.19,AVAILABLE
SKU-01910,Accessories Item 1910,Accessories,B-10-03-01,15,118.37,HOLD
SKU-01911,Electronics Item 1911,Electronics,F-02-01-02,2,241.64,HOLD
SKU-01912,Stationery Item 1912,Stationery,E-05-04-02,2,146.99,AVAILABLE
SKU-01913,Accessories Item 1913,Accessories,D-05-03-01,3,112.91,AVAILABLE
SKU-01914,Accessories Item 1914,Accessories,C-09-02-02,28,126.26,AVAILABLE
SKU-01915,Beauty Item 1915,Beauty,B-06-04-02,28,156.4,AVAILABLE
SKU-01916,Stationery Item 1916,Stationery,B-03-02-02,21,14.43,HOLD
SKU-01917,Kitchen Item 1917,Kitchen,A-05-03-01,18,180.75,AVAILABLE
SKU-01918,Accessories Item 1918,Accessories,C-09-01-01,1,171.21,AVAILABLE
SKU-01919,Electronics Item 1919,Electronics,C-06-03-02,12,31.75,HOLD
SKU-01920,Home Item 1920,Home,F-06-05-02,3,63.06,AVAILABLE
SKU-01921,Kitchen Item 1921,Kitchen,E-06-03-01,3,162.26,AVAILABLE
SKU-01922,Beauty Item 1922,Beauty,A-03-04-01,11,153.71,AVAILABLE
SKU-01923,Kitchen Item 1923,Kitchen,E-05-04-01,29,164.73,HOLD
SKU-01924,Accessories Item 1924,Accessories,A-04-02-01,6,95.23,AVAILABLE
SKU-01925,Beauty Item 1925,Beauty,A-03-04-02,4,154.21,AVAILABLE
SKU-01926,Kitchen Item 1926,Kitchen,C-04-02-01,13,208.53,AVAILABLE
SKU-01927,Beauty Item 1927,Beauty,E-02-05-01,25,249.47,AVAILABLE
SKU-01928,Home Item 1928,Home,C-05-03-01,19,128.36,HOLD
SKU-01929,Home Item 1929,Home,F-08-04-02,26,17.6,HOLD
SKU-01930,Toys Item 1930,Toys,D-05-04-02,9,52.78,AVAILABLE
SKU-01931,Stationery Item 1931,Stationery,D-06-05-02,8,200.76,AVAILABLE
SKU-01932,Stationery Item 1932,Stationery,E-10-05-01,11,188.31,AVAILABLE
SKU-01933,Stationery Item 1933,Stationery,E-09-04-02,24,239.61,HOLD
SKU-01934,Kitchen Item 1934,Kitchen,A-09-03-02,12,142.31,AVAILABLE
SKU-01935,Kitchen Item 1935,Kitchen,F-03-05-02,20,61.44,HOLD
SKU-01936,Stationery Item 1936,Stationery,B-04-03-01,30,136.72,HOLD
SKU-01937,Beauty Item 1937,Beauty,C-09-03-01,26,75.29,AVAILABLE
SKU-01938,Home Item 1938,Home,A-09-04-02,14,108.15,AVAILABLE
SKU-01939,Toys Item 1939,Toys,C-02-02-02,29,49.08,HOLD
SKU-01940,Electronics Item 1940,Electronics,B-08-05-01,4,107.56,HOLD
SKU-01941,Home Item 1941,Home,B-04-03-02,28,13.35,HOLD
SKU-01942,Electronics Item 1942,Electronics,B-08-05-01,3,37.43,HOLD
SKU-01943,Fitness Item 1943,Fitness,D-09-05-01,5,103.57,AVAILABLE
SKU-01944,Accessories Item 1944,Accessories,B-03-04-02,11,224.87,AVAILABLE
SKU-01945,Home Item 1945,Home,A-05-05-01,3,185.99,AVAILABLE
SKU-01946,Toys Item 1946,Toys,E-05-04-02,21,115.19,HOLD
SKU-01947,Accessories Item 1947,Accessories,F-03-02-01,23,37.98,AVAILABLE
SKU-01948,Home Item 1948,Home,B-07-02-01,29,6.91,AVAILABLE
SKU-01949,Toys Item 1949,Toys,E-02-04-01,11,112.45,AVAILABLE
SKU-01950,Home Item 1950,Home,C-06-02-01,10,125.86,AVAILABLE
SKU-01951,Fitness Item 1951,Fitness,D-02-02-01,11,99.1,AVAILABLE
SKU-01952,Beauty Item 1952,Beauty,A-05-03-01,27,236.54,AVAILABLE
SKU-01953,Fitness Item 1953,Fitness,F-07-05-01,9,145.91,AVAILABLE
SKU-01954,Home Item 1954,Home,D-09-01-01,10,45.57,AVAILABLE
SKU-01955,Accessories Item 1955,Accessories,F-04-02-01,15,59.79,AVAILABLE
SKU-01956,Accessories Item 1956,Accessories,C-09-02-02,20,189.6,AVAILABLE
SKU-01957,Accessories Item 1957,Accessories,B-06-01-01,4,55.68,AVAILABLE
SKU-01958,Electronics Item 1958,Electronics,A-05-01-02,29,137.26,AVAILABLE
SKU-01959,Electronics Item 1959,Electronics,F-04-03-02,27,206.49,AVAILABLE
SKU-01960,Stationery Item 1960,Stationery,D-01-05-01,19,109.49,HOLD
SKU-01961,Beauty Item 1961,Beauty,E-10-04-01,10,229.91,AVAILABLE
SKU-01962,Toys Item 1962,Toys,E-08-02-01,16,69.45,AVAILABLE
SKU-01963,Accessories Item 1963,Accessories,B-03-03-02,12,201.89,AVAILABLE
SKU-01964,Home Item 1964,Home,D-06-04-02,6,129.23,AVAILABLE
SKU-01965,Toys Item 1965,Toys,F-07-01-02,22,195.38,AVAILABLE
SKU-01966,Electronics Item 1966,Electronics,E-08-02-02,4,233.43,AVAILABLE
SKU-01967,Stationery Item 1967,Stationery,A-04-04-02,21,158.68,AVAILABLE
SKU-01968,Beauty Item 1968,Beauty,E-02-02-02,28,236.07,AVAILABLE
SKU-01969,Accessories Item 1969,Accessories,F-02-03-02,5,123.7,AVAILABLE
SKU-01970,Toys Item 1970,Toys,D-01-05-02,5,53.65,AVAILABLE
SKU-01971,Stationery Item 1971,Stationery,A-01-02-02,14,21.48,AVAILABLE
SKU-01972,Beauty Item 1972,Beauty,A-05-01-01,14,173.56,HOLD
SKU-01973,Stationery Item 1973,Stationery,D-09-02-01,16,134.96,AVAILABLE
SKU-01974,Accessories Item 1974,Accessories,C-06-02-01,29,76.57,HOLD
SKU-01975,Toys Item 1975,Toys,E-04-01-01,20,92.5,HOLD
SKU-01976,Accessories Item 1976,Accessories,B-01-02-02,8,32.53,AVAILABLE
SKU-01977,Fitness Item 1977,Fitness,E-09-05-02,11,65.61,HOLD
SKU-01978,Home Item 1978,Home,B-09-05-02,15,239.3,AVAILABLE
SKU-01979,Kitchen Item 1979,Kitchen,E-04-04-01,23,36.37,HOLD
SKU-01980,Toys Item 1980,Toys,E-06-01-01,22,62.54,AVAILABLE
SKU-01981,Accessories Item 1981,Accessories,F-06-03-02,7,223.0,HOLD
SKU-01982,Electronics Item 1982,Electronics,D-06-02-02,9,170.37,HOLD
SKU-01983,Fitness Item 1983,Fitness,E-09-03-01,14,102.68,AVAILABLE
SKU-01984,Accessories Item 1984,Accessories,F-04-01-02,24,58.64,AVAILABLE
SKU-01985,Accessories Item 1985,Accessories,E-10-01-01,14,59.22,AVAILABLE
SKU-01986,Stationery Item 1986,Stationery,B-02-05-01,20,154.63,AVAILABLE
SKU-01987,Electronics Item 1987,Electronics,A-03-02-01,26,97.9,AVAILABLE
SKU-01988,Kitchen Item 1988,Kitchen,A-07-04-02,21,17.06,AVAILABLE
SKU-01989,Kitchen Item 1989,Kitchen,F-09-04-01,7,246.38,HOLD
SKU-01990,Stationery Item 1990,Stationery,D-02-04-02,26,44.54,AVAILABLE
SKU-01991,Kitchen Item 1991,Kitchen,E-06-02-01,7,140.47,AVAILABLE
SKU-01992,Electronics Item 1992,Electronics,A-04-04-02,28,9.91,AVAILABLE
SKU-01993,Fitness Item 1993,Fitness,F-04-01-01,2,43.45,AVAILABLE
SKU-01994,Electronics Item 1994,Electronics,C-06-01-01,21,194.24,AVAILABLE
SKU-01995,Electronics Item 1995,Electronics,C-10-05-01,24,35.29,HOLD
SKU-01996,Fitness Item 1996,Fitness,B-05-01-01,27,186.43,AVAILABLE
SKU-01997,Home Item 1997,Home,A-09-02-01,3,128.6,HOLD
SKU-01998,Electronics Item 1998,Electronics,A-02-04-01,24,208.41,AVAILABLE
SKU-01999,Home Item 1999,Home,E-03-05-02,7,208.71,AVAILABLE
SKU-02000,Kitchen Item 2000,Kitchen,E-07-03-01,17,187.15,AVAILABLE
