failure_id,timestamp,order_id,sku,expected_location,failure_reason,urgency,scenario
PF-000245,2026-09-01 08:00:01,ORD-002205,SKU-00478,A-08-04-02,LOCATION_BLOCKED,NORMAL,NORMAL
PF-000394,2026-09-01 08:00:37,ORD-004422,SKU-01551,D-02-02-01,WRONG_LOCATION,HIGH,NORMAL
PF-002927,2026-09-01 08:03:03,ORD-000960,SKU-00385,E-06-05-02,NOT_FOUND,NORMAL,NORMAL
PF-002441,2026-09-01 08:03:24,ORD-001830,SKU-01250,C-06-03-01,QUANTITY_MISMATCH,NORMAL,NORMAL
PF-000062,2026-09-01 08:04:40,ORD-004462,SKU-01845,A-08-02-01,NOT_FOUND,NORMAL,NORMAL
PF-001808,2026-09-01 08:05:13,ORD-000405,SKU-01317,F-10-04-02,QUANTITY_MISMATCH,NORMAL,NORMAL
PF-000863,2026-09-01 08:06:23,ORD-001039,SKU-00923,A-09-02-01,LOCATION_BLOCKED,NORMAL,NORMAL
PF-001532,2026-09-01 08:06:24,ORD-001946,SKU-00605,A-10-04-02,WRONG_LOCATION,NORMAL,NORMAL
PF-002045,2026-09-01 08:07:16,ORD-002889,SKU-01910,B-10-03-01,WRONG_LOCATION,NORMAL,NORMAL
PF-000520,2026-09-01 08:07:56,ORD-002113,SKU-00830,E-10-01-02,QUANTITY_MISMATCH,HIGH,NORMAL
PF-000315,2026-09-01 08:08:08,ORD-004608,SKU-00625,F-10-02-02,LOCATION_BLOCKED,HIGH,NORMAL
PF-000304,2026-09-01 08:08:10,ORD-000049,SKU-01000,B-06-02-01,WRONG_LOCATION,NORMAL,NORMAL
PF-000552,2026-09-01 08:08:53,ORD-002114,SKU-01099,C-09-04-02,EMPTY_BIN,HIGH,NORMAL
PF-002950,2026-09-01 08:11:58,ORD-002038,SKU-00071,D-03-05-02,EMPTY_BIN,HIGH,NORMAL
PF-002873,2026-09-01 08:11:59,ORD-003983,SKU-01094,E-01-04-02,NOT_FOUND,NORMAL,NORMAL
PF-001314,2026-09-01 08:12:00,ORD-002050,SKU-00438,C-08-02-02,EMPTY_BIN,HIGH,NORMAL
PF-000114,2026-09-01 08:12:16,ORD-002900,SKU-00788,F-04-02-01,NOT_FOUND,URGENT,NORMAL
PF-001624,2026-09-01 08:13:57,ORD-004311,SKU-01511,A-07-01-02,EMPTY_BIN,HIGH,NORMAL
PF-002078,2026-09-01 08:13:59,ORD-002990,SKU-01241,D-06-02-01,EMPTY_BIN,NORMAL,NORMAL
PF-001113,2026-09-01 08:15:18,ORD-004546,SKU-01445,E-02-03-01,NOT_FOUND,HIGH,NORMAL
PF-001716,2026-09-01 08:15:49,ORD-000347,SKU-00237,C-05-02-02,LOCATION_BLOCKED,HIGH,NORMAL
PF-002538,2026-09-01 08:16:43,ORD-002116,SKU-01416,D-02-03-02,LOCATION_BLOCKED,NORMAL,NORMAL
PF-002955,2026-09-01 08:17:48,ORD-001887,SKU-00430,E-04-04-01,EMPTY_BIN,HIGH,NORMAL
PF-000853,2026-09-01 08:17:59,ORD-002361,SKU-01536,B-02-05-01,QUANTITY_MISMATCH,URGENT,NORMAL
PF-002648,2026-09-01 08:18:03,ORD-003143,SKU-00886,E-01-01-01,LOCATION_BLOCKED,HIGH,NORMAL
PF-002054,2026-09-01 08:18:10,ORD-004606,SKU-01790,F-04-04-02,WRONG_LOCATION,URGENT,NORMAL
PF-000600,2026-09-01 08:19:44,ORD-004139,SKU-01252,C-02-01-02,QUANTITY_MISMATCH,NORMAL,NORMAL
PF-000831,2026-09-01 08:20:14,ORD-000783,SKU-00078,E-01-04-02,EMPTY_BIN,NORMAL,NORMAL
PF-001397,2026-09-01 08:20:23,ORD-000164,SKU-01405,E-01-03-02,NOT_FOUND,NORMAL,NORMAL
PF-002126,2026-09-01 08:21:01,ORD-003919,SKU-00932,B-06-05-01,LOCATION_BLOCKED,HIGH,NORMAL
PF-002380,2026-09-01 08:21:43,ORD-001208,SKU-00901,F-01-03-02,EMPTY_BIN,HIGH,NORMAL
PF-002557,2026-09-01 08:22:43,ORD-001304,SKU-01995,C-10-05-01,LOCATION_BLOCKED,NORMAL,NORMAL
PF-002187,2026-09-01 08:23:04,ORD-000888,SKU-01159,E-06-03-01,EMPTY_BIN,NORMAL,NORMAL
PF-001129,2026-09-01 08:23:20,ORD-001276,SKU-01086,E-06-04-02,QUANTITY_MISMATCH,URGENT,NORMAL
PF-000699,2026-09-01 08:23:46,ORD-000859,SKU-00410,F-05-02-01,EMPTY_BIN,NORMAL,NORMAL
PF-002723,2026-09-01 08:24:09,ORD-003120,SKU-01419,C-02-04-01,WRONG_LOCATION,HIGH,NORMAL
PF-000801,2026-09-01 08:24:18,ORD-000966,SKU-01144,F-02-05-02,NOT_FOUND,HIGH,NORMAL
PF-002414,2026-09-01 08:25:19,ORD-000972,SKU-00624,C-08-02-02,EMPTY_BIN,URGENT,NORMAL
PF-002977,2026-09-01 08:25:33,ORD-003342,SKU-00981,A-05-03-02,WRONG_LOCATION,URGENT,NORMAL
PF-000789,2026-09-01 08:25:39,ORD-003178,SKU-00530,B-08-01-02,QUANTITY_MISMATCH,HIGH,NORMAL
PF-000765,2026-09-01 08:26:01,ORD-003938,SKU-01688,B-01-04-01,WRONG_LOCATION,NORMAL,NORMAL
PF-000443,2026-09-01 08:29:26,ORD-000010,SKU-00916,B-05-04-02,NOT_FOUND,NORMAL,NORMAL
PF-001519,2026-09-01 08:30:25,ORD-002875,SKU-01723,D-03-02-01,QUANTITY_MISMATCH,NORMAL,NORMAL
PF-001802,2026-09-01 08:31:26,ORD-001178,SKU-00937,F-09-03-01,NOT_FOUND,HIGH,NORMAL
PF-000549,2026-09-01 08:31:30,ORD-002700,SKU-00059,A-09-04-01,LOCATION_BLOCKED,NORMAL,NORMAL
PF-000641,2026-09-01 08:32:16,ORD-003925,SKU-00496,A-07-04-02,WRONG_LOCATION,URGENT,NORMAL
PF-002468,2026-09-01 08:32:28,ORD-003081,SKU-01389,B-06-01-01,QUANTITY_MISMATCH,HIGH,NORMAL
PF-000131,2026-09-01 08:32:42,ORD-000233,SKU-00292,F-05-02-02,QUANTITY_MISMATCH,NORMAL,NORMAL
PF-000232,2026-09-01 08:34:40,ORD-004678,SKU-00722,E-10-02-01,LOCATION_BLOCKED,URGENT,NORMAL
PF-000104,2026-09-01 08:34:42,ORD-002653,SKU-00557,C-05-01-02,LOCATION_BLOCKED,NORMAL,NORMAL
PF-002674,2026-09-01 08:35:18,ORD-003971,SKU-01717,D-08-03-02,EMPTY_BIN,NORMAL,NORMAL
PF-000332,2026-09-01 08:35:26,ORD-004786,SKU-00322,A-08-01-02,WRONG_LOCATION,HIGH,NORMAL
PF-001383,2026-09-01 08:36:04,ORD-000393,SKU-01249,C-01-04-02,EMPTY_BIN,NORMAL,NORMAL
PF-001005,2026-09-01 08:38:00,ORD-000314,SKU-00334,E-09-03-01,WRONG_LOCATION,NORMAL,NORMAL
PF-000078,2026-09-01 08:38:44,ORD-004026,SKU-01651,F-02-05-01,LOCATION_BLOCKED,HIGH,NORMAL
PF-001560,2026-09-01 08:40:26,ORD-000863,SKU-00401,B-08-05-01,QUANTITY_MISMATCH,NORMAL,NORMAL
PF-002646,2026-09-01 08:42:33,ORD-003257,SKU-00721,B-08-03-02,NOT_FOUND,URGENT,NORMAL
PF-000424,2026-09-01 08:43:42,ORD-002067,SKU-01639,B-01-03-01,QUANTITY_MISMATCH,NORMAL,NORMAL
PF-000651,2026-09-01 08:43:44,ORD-003266,SKU-00272,D-10-03-01,NOT_FOUND,NORMAL,NORMAL
PF-001862,2026-09-01 08:45:12,ORD-004587,SKU-00836,E-06-01-01,QUANTITY_MISMATCH,NORMAL,NORMAL
PF-002995,2026-09-01 08:45:45,ORD-001379,SKU-00419,E-10-03-02,NOT_FOUND,NORMAL,NORMAL
PF-001588,2026-09-01 08:46:01,ORD-001357,SKU-00101,B-02-03-02,NOT_FOUND,URGENT,NORMAL
PF-000804,2026-09-01 08:47:14,ORD-000648,SKU-01510,A-09-03-02,QUANTITY_MISMATCH,NORMAL,NORMAL
PF-001527,2026-09-01 08:49:18,ORD-000421,SKU-01904,F-09-03-02,LOCATION_BLOCKED,NORMAL,NORMAL
PF-000219,2026-09-01 08:50:20,ORD-001233,SKU-01079,F-01-03-02,EMPTY_BIN,NORMAL,NORMAL
PF-000067,2026-09-01 08:50:36,ORD-000842,SKU-01468,A-06-04-01,WRONG_LOCATION,NORMAL,NORMAL
PF-001922,2026-09-01 08:51:41,ORD-002251,SKU-01069,B-01-04-02,EMPTY_BIN,URGENT,NORMAL
PF-001670,2026-09-01 08:53:09,ORD-001525,SKU-00878,F-03-01-02,NOT_FOUND,NORMAL,NORMAL
PF-000624,2026-09-01 08:54:11,ORD-002749,SKU-00126,B-05-05-01,LOCATION_BLOCKED,NORMAL,NORMAL
PF-001693,2026-09-01 08:54:27,ORD-001650,SKU-01418,F-06-01-01,LOCATION_BLOCKED,HIGH,NORMAL
PF-001816,2026-09-01 08:56:16,ORD-000109,SKU-00415,B-02-01-01,EMPTY_BIN,NORMAL,NORMAL
PF-001966,2026-09-01 08:56:25,ORD-000090,SKU-00185,B-06-01-02,NOT_FOUND,NORMAL,NORMAL
PF-001740,2026-09-01 08:57:20,ORD-003430,SKU-01047,F-04-01-02,LOCATION_BLOCKED,URGENT,NORMAL
PF-002725,2026-09-01 08:58:45,ORD-003892,SKU-01434,C-06-03-01,LOCATION_BLOCKED,HIGH,NORMAL
PF-001010,2026-09-01 08:59:33,ORD-004064,SKU-00632,D-06-02-02,QUANTITY_MISMATCH,NORMAL,NORMAL
PF-000018,2026-09-01 09:00:01,ORD-001505,SKU-00601,B-02-05-02,WRONG_LOCATION,NORMAL,NORMAL
PF-000717,2026-09-01 09:00:20,ORD-000279,SKU-01937,C-09-03-01,QUANTITY_MISMATCH,HIGH,NORMAL
PF-001774,2026-09-01 09:01:38,ORD-000912,SKU-01438,B-09-01-01,NOT_FOUND,URGENT,NORMAL
PF-000858,2026-09-01 09:02:26,ORD-002136,SKU-00979,B-04-03-01,QUANTITY_MISMATCH,URGENT,NORMAL
PF-002007,2026-09-01 09:02:33,ORD-002199,SKU-00671,B-03-01-02,NOT_FOUND,NORMAL,NORMAL
PF-000192,2026-09-01 09:03:42,ORD-000716,SKU-01018,E-02-03-01,NOT_FOUND,NORMAL,NORMAL
PF-001469,2026-09-01 09:04:07,ORD-003236,SKU-00488,B-05-05-02,QUANTITY_MISMATCH,URGENT,NORMAL
PF-002284,2026-09-01 09:07:17,ORD-003591,SKU-00112,D-03-05-01,QUANTITY_MISMATCH,HIGH,NORMAL
PF-000398,2026-09-01 09:11:01,ORD-003805,SKU-00351,D-03-04-02,EMPTY_BIN,HIGH,NORMAL
PF-000437,2026-09-01 09:11:06,ORD-001237,SKU-01403,A-05-01-01,NOT_FOUND,NORMAL,NORMAL
PF-001290,2026-09-01 09:12:05,ORD-003812,SKU-00306,D-03-04-01,NOT_FOUND,URGENT,NORMAL
PF-001301,2026-09-01 09:14:08,ORD-002558,SKU-00813,A-06-04-02,EMPTY_BIN,HIGH,NORMAL
PF-001450,2026-09-01 09:14:19,ORD-002389,SKU-00309,B-01-03-01,EMPTY_BIN,NORMAL,NORMAL
PF-001266,2026-09-01 09:14:27,ORD-003322,SKU-01767,F-01-03-01,EMPTY_BIN,NORMAL,NORMAL
PF-000133,2026-09-01 09:14:49,ORD-000969,SKU-00921,E-10-03-01,LOCATION_BLOCKED,NORMAL,NORMAL
PF-002388,2026-09-01 09:16:12,ORD-000666,SKU-00317,C-06-04-02,WRONG_LOCATION,URGENT,NORMAL
PF-000319,2026-09-01 09:16:31,ORD-004492,SKU-00502,D-08-04-02,WRONG_LOCATION,NORMAL,NORMAL
PF-001114,2026-09-01 09:17:47,ORD-004223,SKU-00377,F-07-05-02,NOT_FOUND,HIGH,NORMAL
PF-001733,2026-09-01 09:19:28,ORD-001498,SKU-00457,E-03-02-02,NOT_FOUND,HIGH,NORMAL
PF-000035,2026-09-01 09:19:47,ORD-003732,SKU-00666,B-06-05-01,LOCATION_BLOCKED,NORMAL,NORMAL
PF-000087,2026-09-01 09:19:59,ORD-003739,SKU-00230,E-10-05-01,EMPTY_BIN,NORMAL,NORMAL
PF-000793,2026-09-01 09:20:58,ORD-002027,SKU-00823,A-10-01-01,EMPTY_BIN,HIGH,NORMAL
PF-000483,2026-09-01 09:22:29,ORD-003028,SKU-00940,F-02-05-02,NOT_FOUND,NORMAL,NORMAL
PF-002268,2026-09-01 09:22:45,ORD-000506,SKU-00495,D-10-03-01,QUANTITY_MISMATCH,NORMAL,NORMAL
PF-001274,2026-09-01 09:23:16,ORD-002609,SKU-01584,D-04-05-02,EMPTY_BIN,URGENT,NORMAL
PF-002816,2026-09-01 09:23:19,ORD-003420,SKU-00965,B-05-03-01,LOCATION_BLOCKED,URGENT,NORMAL
PF-002073,2026-09-01 09:24:04,ORD-004280,SKU-00299,E-10-03-01,WRONG_LOCATION,NORMAL,NORMAL
PF-001036,2026-09-01 09:24:14,ORD-002924,SKU-01008,A-03-05-01,EMPTY_BIN,HIGH,NORMAL
PF-001956,2026-09-01 09:25:46,ORD-001710,SKU-00768,B-03-04-01,LOCATION_BLOCKED,NORMAL,NORMAL
PF-002314,2026-09-01 09:25:52,ORD-003160,SKU-00892,C-02-03-02,WRONG_LOCATION,NORMAL,NORMAL
PF-001579,2026-09-01 09:27:08,ORD-000315,SKU-00468,A-08-04-02,QUANTITY_MISMATCH,HIGH,NORMAL
PF-002880,2026-09-01 09:27:13,ORD-000186,SKU-00419,E-10-03-02,NOT_FOUND,NORMAL,NORMAL
PF-002255,2026-09-01 09:27:24,ORD-003036,SKU-00917,C-03-04-01,EMPTY_BIN,URGENT,NORMAL
PF-001425,2026-09-01 09:29:30,ORD-000441,SKU-01370,B-03-05-02,NOT_FOUND,URGENT,NORMAL
PF-001088,2026-09-01 09:29:32,ORD-000138,SKU-01030,D-03-05-01,QUANTITY_MISMATCH,URGENT,NORMAL
PF-002357,2026-09-01 09:30:07,ORD-000013,SKU-00251,D-06-04-02,WRONG_LOCATION,NORMAL,NORMAL
PF-002304,2026-09-01 09:32:24,ORD-004969,SKU-01472,E-02-05-02,EMPTY_BIN,URGENT,NORMAL
PF-002589,2026-09-01 09:33:44,ORD-004737,SKU-00565,B-10-03-02,EMPTY_BIN,NORMAL,NORMAL
PF-002683,2026-09-01 09:34:28,ORD-001086,SKU-01988,A-07-04-02,LOCATION_BLOCKED,URGENT,NORMAL
PF-000264,2026-09-01 09:38:58,ORD-004910,SKU-00554,F-10-02-01,NOT_FOUND,HIGH,NORMAL
PF-002002,2026-09-01 09:39:04,ORD-004716,SKU-00303,A-04-02-01,EMPTY_BIN,NORMAL,NORMAL
PF-002450,2026-09-01 09:39:58,ORD-003829,SKU-01596,E-07-04-01,WRONG_LOCATION,NORMAL,NORMAL
PF-001166,2026-09-01 09:41:48,ORD-002976,SKU-00563,E-01-02-01,QUANTITY_MISMATCH,NORMAL,NORMAL
PF-001972,2026-09-01 09:45:49,ORD-004452,SKU-00848,B-02-01-01,WRONG_LOCATION,URGENT,NORMAL
PF-002990,2026-09-01 09:46:04,ORD-003846,SKU-00021,D-08-04-02,LOCATION_BLOCKED,NORMAL,NORMAL
PF-001700,2026-09-01 09:46:28,ORD-001907,SKU-00126,B-05-05-01,NOT_FOUND,NORMAL,NORMAL
PF-000724,2026-09-01 09:49:11,ORD-003478,SKU-00561,D-06-04-01,EMPTY_BIN,NORMAL,NORMAL
PF-001632,2026-09-01 09:51:34,ORD-001275,SKU-01238,A-10-04-01,LOCATION_BLOCKED,NORMAL,NORMAL
PF-002763,2026-09-01 09:51:35,ORD-001572,SKU-00862,F-09-03-01,QUANTITY_MISMATCH,NORMAL,NORMAL
PF-002349,2026-09-01 09:52:29,ORD-003565,SKU-00968,B-10-05-01,NOT_FOUND,URGENT,NORMAL
PF-000945,2026-09-01 09:57:48,ORD-002822,SKU-00431,B-05-04-02,EMPTY_BIN,URGENT,NORMAL
PF-002360,2026-09-01 09:58:06,ORD-004216,SKU-00301,D-08-03-01,LOCATION_BLOCKED,NORMAL,NORMAL
PF-002477,2026-09-01 09:59:29,ORD-004018,SKU-01202,F-08-02-01,QUANTITY_MISMATCH,NORMAL,NORMAL
PF-002882,2026-09-01 10:02:11,ORD-000271,SKU-00485,D-10-03-02,WRONG_LOCATION,HIGH,NORMAL
PF-000349,2026-09-01 10:02:22,ORD-002515,SKU-01873,A-08-03-02,EMPTY_BIN,URGENT,NORMAL
PF-000152,2026-09-01 10:03:27,ORD-002199,SKU-01609,D-07-03-02,WRONG_LOCATION,URGENT,NORMAL
PF-002536,2026-09-01 10:03:28,ORD-004639,SKU-01568,A-02-01-01,NOT_FOUND,NORMAL,NORMAL
PF-000763,2026-09-01 10:05:20,ORD-001267,SKU-01892,A-09-03-01,LOCATION_BLOCKED,NORMAL,NORMAL
PF-000899,2026-09-01 10:05:42,ORD-003298,SKU-01574,D-06-03-02,QUANTITY_MISMATCH,NORMAL,NORMAL
PF-000033,2026-09-01 10:06:53,ORD-002330,SKU-01155,F-02-02-02,NOT_FOUND,URGENT,NORMAL
PF-002656,2026-09-01 10:08:31,ORD-004241,SKU-00313,E-09-05-01,QUANTITY_MISMATCH,NORMAL,NORMAL
PF-002991,2026-09-01 10:13:07,ORD-004344,SKU-01714,F-04-02-01,LOCATION_BLOCKED,HIGH,NORMAL
PF-001505,2026-09-01 10:13:36,ORD-000543,SKU-01101,E-09-02-01,LOCATION_BLOCKED,NORMAL,NORMAL
PF-001739,2026-09-01 10:14:13,ORD-003547,SKU-00949,D-04-04-02,LOCATION_BLOCKED,NORMAL,NORMAL
PF-002353,2026-09-01 10:14:18,ORD-003618,SKU-01409,B-03-03-02,EMPTY_BIN,HIGH,NORMAL
PF-000629,2026-09-01 10:15:19,ORD-000147,SKU-00156,E-08-02-01,WRONG_LOCATION,HIGH,NORMAL
PF-002884,2026-09-01 10:15:41,ORD-004700,SKU-00627,F-09-01-01,NOT_FOUND,NORMAL,NORMAL
PF-001779,2026-09-01 10:15:56,ORD-001486,SKU-01719,A-04-01-02,WRONG_LOCATION,NORMAL,NORMAL
PF-000467,2026-09-01 10:16:30,ORD-001223,SKU-00270,A-10-02-02,QUANTITY_MISMATCH,HIGH,NORMAL
PF-001384,2026-09-01 10:17:27,ORD-003076,SKU-01628,E-04-01-01,QUANTITY_MISMATCH,NORMAL,NORMAL
PF-001214,2026-09-01 10:18:35,ORD-000479,SKU-00832,D-07-04-02,EMPTY_BIN,HIGH,NORMAL
PF-001616,2026-09-01 10:20:37,ORD-001332,SKU-01185,B-08-01-01,NOT_FOUND,HIGH,NORMAL
PF-001854,2026-09-01 10:23:25,ORD-004797,SKU-01038,A-03-01-01,EMPTY_BIN,HIGH,NORMAL
PF-002766,2026-09-01 10:26:06,ORD-004529,SKU-00015,F-08-03-02,EMPTY_BIN,NORMAL,NORMAL
PF-000345,2026-09-01 10:27:46,ORD-003370,SKU-01914,C-09-02-02,WRONG_LOCATION,NORMAL,NORMAL
PF-002311,2026-09-01 10:31:00,ORD-000178,SKU-00840,C-01-01-01,LOCATION_BLOCKED,NORMAL,NORMAL
PF-000320,2026-09-01 10:32:23,ORD-000262,SKU-01668,C-10-03-01,LOCATION_BLOCKED,NORMAL,NORMAL
PF-000896,2026-09-01 10:34:17,ORD-000677,SKU-00677,A-02-03-02,EMPTY_BIN,URGENT,NORMAL
PF-002739,2026-09-01 10:34:36,ORD-002285,SKU-01804,E-10-04-01,EMPTY_BIN,NORMAL,NORMAL
PF-002795,2026-09-01 10:34:40,ORD-000919,SKU-01006,B-04-01-02,LOCATION_BLOCKED,URGENT,NORMAL
PF-000272,2026-09-01 10:35:10,ORD-001383,SKU-00444,E-01-03-01,QUANTITY_MISMATCH,NORMAL,NORMAL
PF-001882,2026-09-01 10:37:12,ORD-000614,SKU-00990,C-01-01-01,QUANTITY_MISMATCH,URGENT,NORMAL
PF-001725,2026-09-01 10:38:28,ORD-003187,SKU-01265,C-08-02-02,WRONG_LOCATION,NORMAL,NORMAL
PF-001431,2026-09-01 10:38:31,ORD-004339,SKU-01651,F-02-05-01,LOCATION_BLOCKED,URGENT,NORMAL
PF-002396,2026-09-01 10:38:47,ORD-000339,SKU-00179,E-07-04-02,EMPTY_BIN,NORMAL,NORMAL
PF-002158,2026-09-01 10:40:36,ORD-004464,SKU-01775,F-07-05-01,LOCATION_BLOCKED,HIGH,NORMAL
PF-001971,2026-09-01 10:41:28,ORD-000323,SKU-00640,A-07-02-01,WRONG_LOCATION,HIGH,NORMAL
PF-000184,2026-09-01 10:43:39,ORD-002570,SKU-00053,A-07-02-01,EMPTY_BIN,NORMAL,NORMAL
PF-002189,2026-09-01 10:44:09,ORD-001679,SKU-00404,B-04-05-02,EMPTY_BIN,NORMAL,NORMAL
PF-002864,2026-09-01 10:44:34,ORD-003392,SKU-01026,A-03-01-02,EMPTY_BIN,NORMAL,NORMAL
PF-001728,2026-09-01 10:44:59,ORD-001075,SKU-00447,E-07-04-02,EMPTY_BIN,HIGH,NORMAL
PF-002425,2026-09-01 10:46:18,ORD-004562,SKU-00789,B-01-03-01,QUANTITY_MISMATCH,NORMAL,NORMAL
PF-001838,2026-09-01 10:46:39,ORD-000333,SKU-01644,B-05-01-01,QUANTITY_MISMATCH,HIGH,NORMAL
PF-002404,2026-09-01 10:47:53,ORD-004122,SKU-01096,B-05-01-02,LOCATION_BLOCKED,URGENT,NORMAL
PF-001061,2026-09-01 10:49:37,ORD-001543,SKU-00913,D-07-04-02,EMPTY_BIN,NORMAL,NORMAL
PF-001103,2026-09-01 10:49:56,ORD-001956,SKU-01328,C-05-03-02,EMPTY_BIN,NORMAL,NORMAL
PF-002047,2026-09-01 10:50:13,ORD-002444,SKU-01272,B-01-02-02,WRONG_LOCATION,NORMAL,NORMAL
PF-000843,2026-09-01 10:52:42,ORD-003239,SKU-00482,D-06-05-02,NOT_FOUND,URGENT,NORMAL
PF-000069,2026-09-01 10:55:43,ORD-004208,SKU-00090,B-07-02-02,WRONG_LOCATION,NORMAL,NORMAL
PF-001033,2026-09-01 10:55:53,ORD-003603,SKU-00724,B-07-01-01,LOCATION_BLOCKED,NORMAL,NORMAL
PF-002083,2026-09-01 10:57:42,ORD-004439,SKU-01553,D-04-02-02,LOCATION_BLOCKED,URGENT,NORMAL
PF-000250,2026-09-01 10:58:36,ORD-003772,SKU-01387,E-02-05-01,WRONG_LOCATION,NORMAL,NORMAL
PF-002028,2026-09-01 10:59:12,ORD-003243,SKU-00184,D-06-02-01,EMPTY_BIN,NORMAL,NORMAL
PF-000208,2026-09-01 10:59:32,ORD-003496,SKU-00914,B-02-05-02,NOT_FOUND,NORMAL,NORMAL
PF-000838,2026-09-01 11:02:14,ORD-004692,SKU-01551,D-02-02-01,EMPTY_BIN,URGENT,NORMAL
PF-001039,2026-09-01 11:03:13,ORD-004008,SKU-00218,F-05-05-02,NOT_FOUND,HIGH,NORMAL
PF-000238,2026-09-01 11:03:58,ORD-003586,SKU-01216,A-03-01-01,NOT_FOUND,URGENT,NORMAL
PF-001259,2026-09-01 11:04:06,ORD-000463,SKU-00382,A-06-02-01,WRONG_LOCATION,HIGH,NORMAL
PF-002068,2026-09-01 11:05:01,ORD-003565,SKU-01533,C-02-03-01,NOT_FOUND,HIGH,NORMAL
PF-000959,2026-09-01 11:06:11,ORD-000409,SKU-00511,B-09-02-01,QUANTITY_MISMATCH,HIGH,NORMAL
PF-000434,2026-09-01 11:06:19,ORD-003954,SKU-00048,A-09-04-02,NOT_FOUND,URGENT,NORMAL
PF-002618,2026-09-01 11:06:37,ORD-003030,SKU-00116,F-04-04-02,EMPTY_BIN,HIGH,NORMAL
PF-000678,2026-09-01 11:07:16,ORD-002282,SKU-00199,A-10-05-01,EMPTY_BIN,URGENT,NORMAL
PF-002547,2026-09-01 11:07:42,ORD-002427,SKU-00152,A-08-01-02,NOT_FOUND,NORMAL,NORMAL
PF-000075,2026-09-01 11:10:20,ORD-003937,SKU-00560,A-01-05-01,LOCATION_BLOCKED,NORMAL,NORMAL
PF-001453,2026-09-01 11:12:13,ORD-000291,SKU-01511,A-07-01-02,NOT_FOUND,URGENT,NORMAL
PF-000877,2026-09-01 11:12:39,ORD-001828,SKU-01534,E-07-01-01,LOCATION_BLOCKED,NORMAL,NORMAL
PF-001160,2026-09-01 11:12:44,ORD-001860,SKU-00949,D-04-04-02,LOCATION_BLOCKED,NORMAL,NORMAL
PF-001489,2026-09-01 11:13:43,ORD-004927,SKU-01659,E-03-03-02,NOT_FOUND,NORMAL,NORMAL
PF-001872,2026-09-01 11:13:57,ORD-003335,SKU-01703,B-07-05-02,WRONG_LOCATION,NORMAL,NORMAL
PF-002143,2026-09-01 11:13:59,ORD-004085,SKU-00723,E-02-03-02,NOT_FOUND,URGENT,NORMAL
PF-000551,2026-09-01 11:13:59,ORD-004146,SKU-00396,B-03-03-01,LOCATION_BLOCKED,HIGH,NORMAL
PF-002701,2026-09-01 11:14:00,ORD-001369,SKU-00670,A-08-04-01,LOCATION_BLOCKED,NORMAL,NORMAL
PF-000979,2026-09-01 11:14:47,ORD-001074,SKU-01509,A-10-02-02,EMPTY_BIN,URGENT,NORMAL
PF-000189,2026-09-01 11:15:40,ORD-000464,SKU-01653,E-04-05-02,NOT_FOUND,URGENT,NORMAL
PF-001753,2026-09-01 11:15:59,ORD-004875,SKU-01330,B-07-03-01,EMPTY_BIN,NORMAL,NORMAL
PF-000682,2026-09-01 11:18:04,ORD-000015,SKU-01553,D-04-02-02,WRONG_LOCATION,HIGH,NORMAL
PF-001240,2026-09-01 11:18:09,ORD-001456,SKU-01098,D-01-04-02,QUANTITY_MISMATCH,NORMAL,NORMAL
PF-002558,2026-09-01 11:18:17,ORD-003147,SKU-01287,C-04-05-01,QUANTITY_MISMATCH,URGENT,NORMAL
PF-001204,2026-09-01 11:18:19,ORD-002564,SKU-00633,F-08-02-01,EMPTY_BIN,URGENT,NORMAL
PF-002161,2026-09-01 11:19:03,ORD-000754,SKU-00226,F-05-02-02,LOCATION_BLOCKED,URGENT,NORMAL
PF-000760,2026-09-01 11:22:04,ORD-002825,SKU-01946,E-05-04-02,LOCATION_BLOCKED,URGENT,NORMAL
PF-000337,2026-09-01 11:22:22,ORD-004202,SKU-00751,B-07-04-01,WRONG_LOCATION,NORMAL,NORMAL
PF-001936,2026-09-01 11:22:28,ORD-000857,SKU-01128,B-06-05-02,EMPTY_BIN,HIGH,NORMAL
PF-001627,2026-09-01 11:23:12,ORD-004971,SKU-01947,F-03-02-01,WRONG_LOCATION,NORMAL,NORMAL
PF-000261,2026-09-01 11:23:49,ORD-002899,SKU-00739,A-07-02-01,NOT_FOUND,NORMAL,NORMAL
PF-001236,2026-09-01 11:24:07,ORD-000035,SKU-01389,B-06-01-01,WRONG_LOCATION,URGENT,NORMAL
PF-002521,2026-09-01 11:24:56,ORD-001384,SKU-00154,F-07-03-01,EMPTY_BIN,URGENT,NORMAL
PF-002362,2026-09-01 11:26:36,ORD-003322,SKU-00440,C-05-03-01,QUANTITY_MISMATCH,NORMAL,NORMAL
PF-002422,2026-09-01 11:26:43,ORD-003065,SKU-01762,D-08-02-01,NOT_FOUND,HIGH,NORMAL
PF-000908,2026-09-01 11:27:04,ORD-002875,SKU-00244,D-07-04-02,NOT_FOUND,NORMAL,NORMAL
PF-001572,2026-09-01 11:27:49,ORD-001233,SKU-00304,B-07-04-02,QUANTITY_MISMATCH,URGENT,NORMAL
PF-002072,2026-09-01 11:27:55,ORD-003597,SKU-00172,A-04-03-01,LOCATION_BLOCKED,NORMAL,NORMAL
PF-001424,2026-09-01 11:31:26,ORD-004344,SKU-01460,F-02-05-01,WRONG_LOCATION,HIGH,NORMAL
PF-001968,2026-09-01 11:31:35,ORD-000213,SKU-00938,F-05-04-02,NOT_FOUND,NORMAL,NORMAL
PF-000510,2026-09-01 11:32:57,ORD-002199,SKU-00635,A-04-02-02,WRONG_LOCATION,URGENT,NORMAL
PF-000336,2026-09-01 11:33:42,ORD-003092,SKU-00241,F-01-05-01,NOT_FOUND,NORMAL,NORMAL
PF-001101,2026-09-01 11:34:00,ORD-003580,SKU-01767,F-01-03-01,QUANTITY_MISMATCH,HIGH,NORMAL
PF-002613,2026-09-01 11:37:33,ORD-003941,SKU-01694,E-02-01-02,NOT_FOUND,NORMAL,NORMAL
PF-001137,2026-09-01 11:39:44,ORD-000386,SKU-00579,E-04-02-02,EMPTY_BIN,NORMAL,NORMAL
PF-001887,2026-09-01 11:40:12,ORD-000914,SKU-00463,B-07-03-01,QUANTITY_MISMATCH,URGENT,NORMAL
PF-001379,2026-09-01 11:40:18,ORD-001702,SKU-01839,D-04-02-01,EMPTY_BIN,URGENT,NORMAL
PF-002491,2026-09-01 11:44:21,ORD-001876,SKU-01402,E-03-01-02,QUANTITY_MISMATCH,NORMAL,NORMAL
PF-002735,2026-09-01 11:44:40,ORD-002382,SKU-00039,F-07-02-02,QUANTITY_MISMATCH,NORMAL,NORMAL
PF-001407,2026-09-01 11:45:06,ORD-000244,SKU-01699,C-01-05-01,EMPTY_BIN,NORMAL,NORMAL
PF-000323,2026-09-01 11:45:07,ORD-002983,SKU-01742,E-03-01-01,NOT_FOUND,NORMAL,NORMAL
PF-001158,2026-09-01 11:45:13,ORD-003382,SKU-00196,B-07-05-02,NOT_FOUND,URGENT,NORMAL
PF-002774,2026-09-01 11:45:19,ORD-003451,SKU-00524,C-09-03-02,EMPTY_BIN,HIGH,NORMAL
PF-000147,2026-09-01 11:45:43,ORD-003750,SKU-01423,F-04-01-01,EMPTY_BIN,HIGH,NORMAL
PF-000431,2026-09-01 11:45:52,ORD-004748,SKU-00390,F-03-04-01,LOCATION_BLOCKED,URGENT,NORMAL
PF-000638,2026-09-01 11:46:18,ORD-001648,SKU-00911,E-03-02-01,QUANTITY_MISMATCH,URGENT,NORMAL
PF-001804,2026-09-01 11:47:39,ORD-000919,SKU-00269,F-05-04-01,LOCATION_BLOCKED,NORMAL,NORMAL
PF-000334,2026-09-01 11:47:43,ORD-003921,SKU-00609,F-10-03-01,QUANTITY_MISMATCH,URGENT,NORMAL
PF-002205,2026-09-01 11:52:35,ORD-002640,SKU-00321,C-02-04-02,EMPTY_BIN,URGENT,NORMAL
PF-001013,2026-09-01 11:53:14,ORD-001242,SKU-00304,B-07-04-02,EMPTY_BIN,HIGH,NORMAL
PF-000509,2026-09-01 11:53:15,ORD-001646,SKU-01710,B-02-01-01,EMPTY_BIN,HIGH,NORMAL
PF-001497,2026-09-01 11:53:25,ORD-003708,SKU-01739,E-08-03-02,EMPTY_BIN,NORMAL,NORMAL
PF-002091,2026-09-01 11:54:31,ORD-003784,SKU-00415,B-02-01-01,QUANTITY_MISMATCH,HIGH,NORMAL
PF-000940,2026-09-01 11:55:05,ORD-001594,SKU-00013,C-03-01-01,EMPTY_BIN,NORMAL,NORMAL
PF-000243,2026-09-01 11:55:13,ORD-003516,SKU-00901,F-01-03-02,WRONG_LOCATION,URGENT,NORMAL
PF-000465,2026-09-01 11:59:55,ORD-000653,SKU-01573,F-09-03-02,QUANTITY_MISMATCH,URGENT,NORMAL
PF-001590,2026-09-01 12:02:56,ORD-002801,SKU-00807,F-05-04-01,QUANTITY_MISMATCH,NORMAL,NORMAL
PF-001257,2026-09-01 12:03:34,ORD-004677,SKU-01220,C-09-01-01,NOT_FOUND,HIGH,NORMAL
PF-001405,2026-09-01 12:03:43,ORD-000877,SKU-01087,D-02-04-02,WRONG_LOCATION,HIGH,NORMAL
PF-000632,2026-09-01 12:04:33,ORD-003305,SKU-01902,D-08-02-02,QUANTITY_MISMATCH,NORMAL,NORMAL
PF-001879,2026-09-01 12:06:11,ORD-001199,SKU-01759,C-07-03-02,NOT_FOUND,NORMAL,NORMAL
PF-001269,2026-09-01 12:07:39,ORD-003073,SKU-01595,B-06-01-02,WRONG_LOCATION,NORMAL,NORMAL
PF-001984,2026-09-01 12:07:46,ORD-002081,SKU-00780,E-10-04-01,NOT_FOUND,NORMAL,NORMAL
PF-000295,2026-09-01 12:08:03,ORD-003228,SKU-00511,B-09-02-01,EMPTY_BIN,URGENT,NORMAL
PF-000258,2026-09-01 12:08:32,ORD-002737,SKU-00497,F-07-04-02,WRONG_LOCATION,NORMAL,NORMAL
PF-001108,2026-09-01 12:08:52,ORD-002487,SKU-01400,B-07-03-02,EMPTY_BIN,NORMAL,NORMAL
PF-000935,2026-09-01 12:11:02,ORD-000208,SKU-00283,D-08-02-01,WRONG_LOCATION,NORMAL,NORMAL
PF-001921,2026-09-01 12:13:34,ORD-004508,SKU-00126,B-05-05-01,WRONG_LOCATION,HIGH,NORMAL
PF-002040,2026-09-01 12:13:48,ORD-002320,SKU-01364,E-02-03-01,WRONG_LOCATION,HIGH,NORMAL
PF-000812,2026-09-01 12:14:38,ORD-004838,SKU-01519,D-08-01-01,EMPTY_BIN,HIGH,NORMAL
PF-000374,2026-09-01 12:18:33,ORD-001229,SKU-01580,E-09-05-01,EMPTY_BIN,NORMAL,NORMAL
PF-001666,2026-09-01 12:18:51,ORD-000393,SKU-01166,F-01-01-01,EMPTY_BIN,URGENT,NORMAL
PF-000224,2026-09-01 12:19:52,ORD-003378,SKU-00038,B-09-05-01,NOT_FOUND,NORMAL,NORMAL
PF-001100,2026-09-01 12:20:03,ORD-000937,SKU-01959,F-04-03-02,WRONG_LOCATION,HIGH,NORMAL
PF-002445,2026-09-01 12:22:44,ORD-001038,SKU-01584,D-04-05-02,LOCATION_BLOCKED,NORMAL,NORMAL
PF-000839,2026-09-01 12:23:02,ORD-000314,SKU-01222,D-04-04-01,LOCATION_BLOCKED,NORMAL,NORMAL
PF-002600,2026-09-01 12:26:41,ORD-000399,SKU-01527,C-05-04-01,QUANTITY_MISMATCH,HIGH,NORMAL
PF-002331,2026-09-01 12:26:52,ORD-003675,SKU-01520,D-03-05-01,EMPTY_BIN,NORMAL,NORMAL
PF-000456,2026-09-01 12:26:54,ORD-001289,SKU-01376,D-07-03-01,EMPTY_BIN,HIGH,NORMAL
PF-001401,2026-09-01 12:27:00,ORD-003276,SKU-01873,A-08-03-02,EMPTY_BIN,NORMAL,NORMAL
PF-000653,2026-09-01 12:29:14,ORD-002563,SKU-00948,E-03-02-02,QUANTITY_MISMATCH,NORMAL,NORMAL
PF-001766,2026-09-01 12:29:44,ORD-002575,SKU-01095,C-09-03-01,EMPTY_BIN,NORMAL,NORMAL
PF-000537,2026-09-01 12:30:47,ORD-003059,SKU-00064,C-01-03-01,QUANTITY_MISMATCH,NORMAL,NORMAL
PF-001812,2026-09-01 12:31:04,ORD-000235,SKU-01947,F-03-02-01,LOCATION_BLOCKED,NORMAL,NORMAL
PF-000518,2026-09-01 12:31:20,ORD-000729,SKU-01884,A-07-01-02,EMPTY_BIN,URGENT,NORMAL
PF-000013,2026-09-01 12:31:21,ORD-003145,SKU-01961,E-10-04-01,LOCATION_BLOCKED,NORMAL,NORMAL
PF-001533,2026-09-01 12:31:40,ORD-002147,SKU-01325,E-06-04-01,LOCATION_BLOCKED,HIGH,NORMAL
PF-002479,2026-09-01 12:32:37,ORD-000919,SKU-01011,F-06-02-01,QUANTITY_MISMATCH,NORMAL,NORMAL
PF-001421,2026-09-01 12:32:58,ORD-004418,SKU-00136,D-01-04-02,NOT_FOUND,HIGH,NORMAL
PF-001017,2026-09-01 12:33:27,ORD-003963,SKU-00924,F-05-02-02,LOCATION_BLOCKED,NORMAL,NORMAL
PF-000526,2026-09-01 12:36:32,ORD-001888,SKU-01951,D-02-02-01,EMPTY_BIN,HIGH,NORMAL
PF-000700,2026-09-01 12:38:04,ORD-004647,SKU-01879,B-04-03-01,WRONG_LOCATION,URGENT,NORMAL
PF-002058,2026-09-01 12:39:11,ORD-003662,SKU-01141,B-03-01-01,QUANTITY_MISMATCH,HIGH,NORMAL
PF-000972,2026-09-01 12:41:31,ORD-001776,SKU-01194,A-09-04-02,LOCATION_BLOCKED,HIGH,NORMAL
PF-001991,2026-09-01 12:42:55,ORD-002138,SKU-01584,D-04-05-02,EMPTY_BIN,NORMAL,NORMAL
PF-001254,2026-09-01 12:45:05,ORD-003659,SKU-00305,E-05-05-01,NOT_FOUND,HIGH,NORMAL
PF-002399,2026-09-01 12:46:31,ORD-002492,SKU-01060,B-06-03-01,QUANTITY_MISMATCH,URGENT,NORMAL
PF-000252,2026-09-01 12:47:01,ORD-001180,SKU-00607,F-01-04-01,LOCATION_BLOCKED,NORMAL,NORMAL
PF-002751,2026-09-01 12:47:17,ORD-000827,SKU-00316,A-07-03-02,NOT_FOUND,HIGH,NORMAL
PF-002815,2026-09-01 12:47:17,ORD-003674,SKU-00719,E-06-02-01,NOT_FOUND,NORMAL,NORMAL
PF-000584,2026-09-01 12:47:22,ORD-000914,SKU-01978,B-09-05-02,WRONG_LOCATION,NORMAL,NORMAL
PF-001698,2026-09-01 12:52:03,ORD-004311,SKU-00106,A-02-01-01,NOT_FOUND,HIGH,NORMAL
PF-001951,2026-09-01 12:52:08,ORD-002540,SKU-01532,E-07-01-01,WRONG_LOCATION,NORMAL,NORMAL
PF-001964,2026-09-01 12:52:44,ORD-002211,SKU-01804,E-10-04-01,EMPTY_BIN,URGENT,NORMAL
PF-000576,2026-09-01 12:53:35,ORD-001842,SKU-00979,B-04-03-01,EMPTY_BIN,HIGH,NORMAL
PF-001639,2026-09-01 12:54:19,ORD-002545,SKU-00720,C-02-04-02,EMPTY_BIN,HIGH,NORMAL
PF-001738,2026-09-01 12:55:48,ORD-000357,SKU-00671,B-03-01-02,WRONG_LOCATION,NORMAL,NORMAL
PF-001811,2026-09-01 12:56:52,ORD-004281,SKU-01327,F-05-04-02,LOCATION_BLOCKED,NORMAL,NORMAL
PF-002655,2026-09-01 12:57:30,ORD-000142,SKU-00151,D-09-01-02,QUANTITY_MISMATCH,HIGH,NORMAL
PF-001304,2026-09-01 12:58:20,ORD-000475,SKU-01264,A-03-05-02,EMPTY_BIN,HIGH,NORMAL
PF-002481,2026-09-01 12:59:52,ORD-003367,SKU-01333,B-01-01-01,LOCATION_BLOCKED,HIGH,NORMAL
PF-001194,2026-09-01 13:00:04,ORD-003682,SKU-00446,B-09-03-02,QUANTITY_MISMATCH,URGENT,NORMAL
PF-001025,2026-09-01 13:00:58,ORD-004946,SKU-00011,C-07-03-02,LOCATION_BLOCKED,URGENT,NORMAL
PF-002992,2026-09-01 13:01:03,ORD-002673,SKU-01006,B-04-01-02,QUANTITY_MISMATCH,NORMAL,NORMAL
PF-001256,2026-09-01 13:05:14,ORD-002201,SKU-00998,B-10-03-01,LOCATION_BLOCKED,NORMAL,NORMAL
PF-000713,2026-09-01 13:08:22,ORD-002985,SKU-01511,A-07-01-02,QUANTITY_MISMATCH,NORMAL,NORMAL
PF-001594,2026-09-01 13:08:56,ORD-003671,SKU-01495,A-03-04-02,EMPTY_BIN,HIGH,NORMAL
PF-001067,2026-09-01 13:10:39,ORD-001501,SKU-01016,B-02-05-01,EMPTY_BIN,URGENT,NORMAL
PF-001677,2026-09-01 13:12:15,ORD-004227,SKU-01817,F-01-03-01,WRONG_LOCATION,URGENT,NORMAL
PF-002379,2026-09-01 13:12:21,ORD-002421,SKU-01439,F-10-01-02,LOCATION_BLOCKED,NORMAL,NORMAL
PF-000267,2026-09-01 13:12:45,ORD-002995,SKU-01877,A-06-05-02,QUANTITY_MISMATCH,URGENT,NORMAL
PF-002386,2026-09-01 13:14:15,ORD-003999,SKU-00463,B-07-03-01,NOT_FOUND,HIGH,NORMAL
PF-000557,2026-09-01 13:15:29,ORD-002427,SKU-00498,E-10-04-02,NOT_FOUND,NORMAL,NORMAL
PF-002895,2026-09-01 13:17:21,ORD-003674,SKU-01892,A-09-03-01,LOCATION_BLOCKED,URGENT,NORMAL
PF-000395,2026-09-01 13:17:59,ORD-001058,SKU-01359,D-03-02-01,WRONG_LOCATION,HIGH,NORMAL
PF-002164,2026-09-01 13:18:20,ORD-004463,SKU-00945,D-01-03-01,NOT_FOUND,NORMAL,NORMAL
PF-001871,2026-09-01 13:18:28,ORD-004661,SKU-00550,B-10-05-01,LOCATION_BLOCKED,NORMAL,NORMAL
PF-002501,2026-09-01 13:21:35,ORD-002301,SKU-00409,A-06-05-01,LOCATION_BLOCKED,NORMAL,NORMAL
PF-001814,2026-09-01 13:22:03,ORD-000848,SKU-01972,A-05-01-01,EMPTY_BIN,NORMAL,NORMAL
PF-000647,2026-09-01 13:22:46,ORD-004987,SKU-01282,A-07-01-02,LOCATION_BLOCKED,URGENT,NORMAL
PF-001784,2026-09-01 13:23:00,ORD-003426,SKU-00657,A-09-02-02,LOCATION_BLOCKED,NORMAL,NORMAL
PF-000695,2026-09-01 13:24:02,ORD-003738,SKU-00083,C-07-03-02,WRONG_LOCATION,HIGH,NORMAL
PF-001907,2026-09-01 13:24:38,ORD-000748,SKU-00769,A-02-04-01,QUANTITY_MISMATCH,URGENT,NORMAL
PF-000771,2026-09-01 13:25:49,ORD-000268,SKU-01279,B-04-04-01,QUANTITY_MISMATCH,NORMAL,NORMAL
PF-001792,2026-09-01 13:26:02,ORD-004821,SKU-01873,A-08-03-02,EMPTY_BIN,HIGH,NORMAL
PF-002727,2026-09-01 13:27:10,ORD-002556,SKU-01493,E-01-05-02,EMPTY_BIN,URGENT,NORMAL
PF-002891,2026-09-01 13:27:15,ORD-004739,SKU-00069,F-06-01-02,QUANTITY_MISMATCH,NORMAL,NORMAL
PF-001894,2026-09-01 13:27:35,ORD-000681,SKU-00703,C-06-01-02,EMPTY_BIN,NORMAL,NORMAL
PF-002172,2026-09-01 13:28:02,ORD-001500,SKU-01205,C-04-02-01,LOCATION_BLOCKED,URGENT,NORMAL
PF-000769,2026-09-01 13:28:37,ORD-000862,SKU-01986,B-02-05-01,EMPTY_BIN,NORMAL,NORMAL
PF-000870,2026-09-01 13:30:56,ORD-001925,SKU-01448,E-01-03-01,NOT_FOUND,HIGH,NORMAL
PF-001385,2026-09-01 13:31:05,ORD-003895,SKU-01984,F-04-01-02,QUANTITY_MISMATCH,NORMAL,NORMAL
PF-002317,2026-09-01 13:31:22,ORD-002373,SKU-01357,E-09-01-01,NOT_FOUND,NORMAL,NORMAL
PF-001724,2026-09-01 13:31:29,ORD-004428,SKU-01719,A-04-01-02,QUANTITY_MISMATCH,HIGH,NORMAL
PF-001123,2026-09-01 13:31:30,ORD-000260,SKU-01717,D-08-03-02,QUANTITY_MISMATCH,HIGH,NORMAL
PF-001785,2026-09-01 13:32:04,ORD-001883,SKU-01962,E-08-02-01,WRONG_LOCATION,URGENT,NORMAL
PF-000750,2026-09-01 13:32:21,ORD-000092,SKU-01757,F-04-04-01,QUANTITY_MISMATCH,HIGH,NORMAL
PF-000409,2026-09-01 13:33:11,ORD-004060,SKU-00170,F-04-05-01,EMPTY_BIN,NORMAL,NORMAL
PF-001910,2026-09-01 13:33:46,ORD-003540,SKU-00928,E-06-01-01,LOCATION_BLOCKED,NORMAL,NORMAL
PF-000244,2026-09-01 13:34:46,ORD-000091,SKU-01467,A-07-01-01,EMPTY_BIN,URGENT,NORMAL
PF-001839,2026-09-01 13:35:11,ORD-004720,SKU-00838,A-03-03-02,EMPTY_BIN,NORMAL,NORMAL
PF-002114,2026-09-01 13:36:06,ORD-000194,SKU-00345,C-05-03-02,QUANTITY_MISMATCH,NORMAL,NORMAL
PF-002963,2026-09-01 13:36:37,ORD-000772,SKU-00677,A-02-03-02,NOT_FOUND,NORMAL,NORMAL
PF-002156,2026-09-01 13:37:22,ORD-003194,SKU-01383,E-09-04-01,NOT_FOUND,URGENT,NORMAL
PF-002383,2026-09-01 13:37:48,ORD-003411,SKU-00184,D-06-02-01,QUANTITY_MISMATCH,NORMAL,NORMAL
PF-001209,2026-09-01 13:38:33,ORD-001153,SKU-00965,B-05-03-01,QUANTITY_MISMATCH,URGENT,NORMAL
PF-000620,2026-09-01 13:38:59,ORD-002612,SKU-01662,C-02-03-02,EMPTY_BIN,NORMAL,NORMAL
PF-000595,2026-09-01 13:40:21,ORD-000914,SKU-00337,F-08-02-02,EMPTY_BIN,NORMAL,NORMAL
PF-000912,2026-09-01 13:41:19,ORD-004307,SKU-01801,B-02-05-01,NOT_FOUND,URGENT,NORMAL
PF-000270,2026-09-01 13:42:42,ORD-002221,SKU-01219,E-08-05-02,WRONG_LOCATION,URGENT,NORMAL
PF-002184,2026-09-01 13:42:48,ORD-004752,SKU-00770,F-10-02-02,LOCATION_BLOCKED,NORMAL,NORMAL
PF-000715,2026-09-01 13:44:12,ORD-004938,SKU-01587,B-01-04-02,NOT_FOUND,URGENT,NORMAL
PF-002771,2026-09-01 13:45:24,ORD-000644,SKU-01927,E-02-05-01,EMPTY_BIN,NORMAL,NORMAL
PF-002931,2026-09-01 13:46:21,ORD-004478,SKU-00648,E-06-01-02,NOT_FOUND,NORMAL,NORMAL
PF-000071,2026-09-01 13:47:06,ORD-003273,SKU-00737,A-07-05-02,NOT_FOUND,NORMAL,NORMAL
PF-000380,2026-09-01 13:48:37,ORD-004591,SKU-01591,B-05-05-01,NOT_FOUND,URGENT,NORMAL
PF-000160,2026-09-01 13:49:06,ORD-000461,SKU-01081,A-10-04-01,LOCATION_BLOCKED,NORMAL,NORMAL
PF-002449,2026-09-01 13:49:21,ORD-002005,SKU-00372,E-03-01-01,NOT_FOUND,NORMAL,NORMAL
PF-002858,2026-09-01 13:50:06,ORD-002771,SKU-01596,E-07-04-01,EMPTY_BIN,URGENT,NORMAL
PF-000041,2026-09-01 13:50:14,ORD-002803,SKU-00100,A-02-05-01,WRONG_LOCATION,NORMAL,NORMAL
PF-001003,2026-09-01 13:50:33,ORD-004001,SKU-01041,F-08-01-02,NOT_FOUND,NORMAL,NORMAL
PF-000675,2026-09-01 13:51:10,ORD-000976,SKU-00146,A-02-01-02,QUANTITY_MISMATCH,URGENT,NORMAL
PF-000178,2026-09-01 13:53:33,ORD-001705,SKU-01096,B-05-01-02,EMPTY_BIN,URGENT,NORMAL
PF-002260,2026-09-01 13:53:34,ORD-002546,SKU-00866,A-03-01-01,QUANTITY_MISMATCH,NORMAL,NORMAL
PF-001451,2026-09-01 13:55:21,ORD-001896,SKU-00315,B-01-03-01,NOT_FOUND,NORMAL,NORMAL
PF-000325,2026-09-01 13:57:29,ORD-000956,SKU-01659,E-03-03-02,QUANTITY_MISMATCH,NORMAL,NORMAL
PF-000063,2026-09-01 13:57:35,ORD-004826,SKU-00569,F-04-02-01,QUANTITY_MISMATCH,URGENT,NORMAL
PF-000840,2026-09-01 13:58:11,ORD-000944,SKU-00805,E-07-03-01,QUANTITY_MISMATCH,HIGH,NORMAL
PF-000212,2026-09-01 13:58:15,ORD-002429,SKU-00668,B-04-05-02,WRONG_LOCATION,NORMAL,NORMAL
PF-000194,2026-09-01 14:00:03,ORD-000544,SKU-01119,D-02-01-02,NOT_FOUND,NORMAL,NORMAL
PF-000918,2026-09-01 14:03:21,ORD-003535,SKU-00307,B-07-03-01,WRONG_LOCATION,HIGH,NORMAL
PF-002571,2026-09-01 14:03:35,ORD-002433,SKU-00263,A-08-05-02,QUANTITY_MISMATCH,NORMAL,NORMAL
PF-002466,2026-09-01 14:05:46,ORD-002013,SKU-01494,B-07-03-01,LOCATION_BLOCKED,URGENT,NORMAL
PF-002299,2026-09-01 14:07:28,ORD-004593,SKU-00739,A-07-02-01,NOT_FOUND,NORMAL,NORMAL
PF-000146,2026-09-01 14:08:07,ORD-004366,SKU-00003,A-05-05-01,LOCATION_BLOCKED,NORMAL,NORMAL
PF-001875,2026-09-01 14:08:16,ORD-003469,SKU-01681,E-02-03-01,WRONG_LOCATION,NORMAL,NORMAL
PF-000136,2026-09-01 14:10:07,ORD-002330,SKU-01664,D-01-03-02,WRONG_LOCATION,NORMAL,NORMAL
PF-001014,2026-09-01 14:10:12,ORD-002417,SKU-00277,C-04-05-01,WRONG_LOCATION,URGENT,NORMAL
PF-001595,2026-09-01 14:10:15,ORD-004020,SKU-01587,B-01-04-02,WRONG_LOCATION,NORMAL,NORMAL
PF-000969,2026-09-01 14:10:18,ORD-000686,SKU-00827,F-01-05-01,WRONG_LOCATION,NORMAL,NORMAL
PF-000680,2026-09-01 14:10:35,ORD-004514,SKU-01901,C-09-04-01,QUANTITY_MISMATCH,NORMAL,NORMAL
PF-000942,2026-09-01 14:10:37,ORD-004226,SKU-01877,A-06-05-02,WRONG_LOCATION,NORMAL,NORMAL
PF-001481,2026-09-01 14:11:00,ORD-000715,SKU-00864,B-03-04-02,LOCATION_BLOCKED,URGENT,NORMAL
PF-001334,2026-09-01 14:11:16,ORD-004123,SKU-00870,C-02-05-01,EMPTY_BIN,HIGH,NORMAL
PF-002908,2026-09-01 14:11:49,ORD-004622,SKU-01989,F-09-04-01,NOT_FOUND,NORMAL,NORMAL
PF-002102,2026-09-01 14:15:06,ORD-000323,SKU-01568,A-02-01-01,NOT_FOUND,HIGH,NORMAL
PF-001470,2026-09-01 14:17:01,ORD-001453,SKU-01964,D-06-04-02,LOCATION_BLOCKED,NORMAL,NORMAL
PF-002495,2026-09-01 14:18:00,ORD-004600,SKU-01941,B-04-03-02,NOT_FOUND,NORMAL,NORMAL
PF-002001,2026-09-01 14:19:51,ORD-002714,SKU-00890,C-02-03-01,EMPTY_BIN,HIGH,NORMAL
PF-002037,2026-09-01 14:20:58,ORD-002162,SKU-00287,B-05-03-02,EMPTY_BIN,NORMAL,NORMAL
PF-002662,2026-09-01 14:20:59,ORD-000319,SKU-00595,D-03-05-01,EMPTY_BIN,NORMAL,NORMAL
PF-002354,2026-09-01 14:21:29,ORD-000092,SKU-00009,C-09-05-02,WRONG_LOCATION,NORMAL,NORMAL
PF-000656,2026-09-01 14:21:55,ORD-002215,SKU-00151,D-09-01-02,WRONG_LOCATION,URGENT,NORMAL
PF-001715,2026-09-01 14:22:39,ORD-000856,SKU-01627,B-04-03-01,WRONG_LOCATION,NORMAL,NORMAL
PF-002719,2026-09-01 14:22:52,ORD-001326,SKU-00963,B-03-05-01,WRONG_LOCATION,NORMAL,NORMAL
PF-001308,2026-09-01 14:23:23,ORD-004947,SKU-00218,F-05-05-02,EMPTY_BIN,HIGH,NORMAL
PF-002303,2026-09-01 14:26:56,ORD-004724,SKU-00692,C-09-01-01,LOCATION_BLOCKED,NORMAL,NORMAL
PF-000057,2026-09-01 14:27:57,ORD-000383,SKU-01482,C-03-02-02,WRONG_LOCATION,URGENT,NORMAL
PF-002162,2026-09-01 14:28:15,ORD-000489,SKU-01977,E-09-05-02,LOCATION_BLOCKED,NORMAL,NORMAL
PF-001718,2026-09-01 14:28:42,ORD-004950,SKU-00925,E-06-03-02,QUANTITY_MISMATCH,URGENT,NORMAL
PF-002240,2026-09-01 14:29:06,ORD-004813,SKU-00928,E-06-01-01,NOT_FOUND,NORMAL,NORMAL
PF-002429,2026-09-01 14:29:07,ORD-002741,SKU-01706,B-04-05-02,LOCATION_BLOCKED,HIGH,NORMAL
PF-001327,2026-09-01 14:30:05,ORD-002951,SKU-00045,D-03-02-02,EMPTY_BIN,HIGH,NORMAL
PF-002878,2026-09-01 14:31:19,ORD-001480,SKU-00362,C-09-03-01,LOCATION_BLOCKED,HIGH,NORMAL
PF-001721,2026-09-01 14:31:29,ORD-002759,SKU-00927,C-01-03-01,WRONG_LOCATION,NORMAL,NORMAL
PF-002746,2026-09-01 14:33:05,ORD-002545,SKU-01718,F-08-01-02,NOT_FOUND,NORMAL,NORMAL
PF-002359,2026-09-01 14:36:06,ORD-001967,SKU-00517,F-08-01-02,EMPTY_BIN,URGENT,NORMAL
PF-000074,2026-09-01 14:36:19,ORD-001642,SKU-00368,D-07-03-01,LOCATION_BLOCKED,NORMAL,NORMAL
PF-000174,2026-09-01 14:36:45,ORD-001940,SKU-01282,A-07-01-02,EMPTY_BIN,NORMAL,NORMAL
PF-001245,2026-09-01 14:37:20,ORD-003029,SKU-01300,E-07-05-02,WRONG_LOCATION,NORMAL,NORMAL
PF-001074,2026-09-01 14:39:21,ORD-004076,SKU-00288,D-05-04-02,LOCATION_BLOCKED,HIGH,NORMAL
PF-002778,2026-09-01 14:39:22,ORD-002474,SKU-01834,C-07-02-01,QUANTITY_MISMATCH,NORMAL,NORMAL
PF-002860,2026-09-01 14:39:40,ORD-002885,SKU-00494,E-09-05-01,LOCATION_BLOCKED,NORMAL,NORMAL
PF-000799,2026-09-01 14:39:53,ORD-002295,SKU-01802,B-07-01-01,LOCATION_BLOCKED,URGENT,NORMAL
PF-001437,2026-09-01 14:40:08,ORD-003521,SKU-00613,E-03-04-01,QUANTITY_MISMATCH,NORMAL,NORMAL
PF-002192,2026-09-01 14:42:20,ORD-002771,SKU-01605,E-03-04-02,QUANTITY_MISMATCH,HIGH,NORMAL
PF-001183,2026-09-01 14:42:23,ORD-002196,SKU-00496,A-07-04-02,NOT_FOUND,URGENT,NORMAL
PF-000952,2026-09-01 14:43:06,ORD-002385,SKU-00246,F-04-05-01,NOT_FOUND,NORMAL,NORMAL
PF-002892,2026-09-01 14:44:00,ORD-000264,SKU-01026,A-03-01-02,LOCATION_BLOCKED,NORMAL,NORMAL
PF-000954,2026-09-01 14:44:20,ORD-004521,SKU-00855,E-04-05-02,LOCATION_BLOCKED,NORMAL,NORMAL
PF-002175,2026-09-01 14:46:00,ORD-003141,SKU-01250,C-06-03-01,EMPTY_BIN,NORMAL,NORMAL
PF-001032,2026-09-01 14:47:12,ORD-002229,SKU-00678,E-10-02-01,EMPTY_BIN,NORMAL,NORMAL
PF-002954,2026-09-01 14:47:20,ORD-003662,SKU-01007,A-04-01-02,WRONG_LOCATION,HIGH,NORMAL
PF-001369,2026-09-01 14:48:39,ORD-004293,SKU-01471,E-02-02-01,QUANTITY_MISMATCH,HIGH,NORMAL
PF-002836,2026-09-01 14:48:56,ORD-003986,SKU-00009,C-09-05-02,WRONG_LOCATION,NORMAL,NORMAL
PF-002517,2026-09-01 14:49:43,ORD-004409,SKU-00833,E-03-05-02,EMPTY_BIN,NORMAL,NORMAL
PF-000083,2026-09-01 14:50:03,ORD-004046,SKU-00891,B-02-05-01,WRONG_LOCATION,NORMAL,NORMAL
PF-000452,2026-09-01 14:51:01,ORD-000162,SKU-00553,B-02-03-02,NOT_FOUND,NORMAL,NORMAL
PF-000210,2026-09-01 14:55:06,ORD-002356,SKU-00942,B-05-05-01,EMPTY_BIN,HIGH,NORMAL
PF-000725,2026-09-01 14:56:16,ORD-002691,SKU-00644,D-10-02-02,NOT_FOUND,URGENT,NORMAL
PF-000527,2026-09-01 14:56:26,ORD-003126,SKU-01581,B-06-05-01,QUANTITY_MISMATCH,NORMAL,NORMAL
PF-000810,2026-09-01 14:57:01,ORD-001098,SKU-00993,B-02-05-01,EMPTY_BIN,HIGH,NORMAL
PF-000587,2026-09-01 14:57:35,ORD-000149,SKU-01257,A-01-02-01,LOCATION_BLOCKED,URGENT,NORMAL
PF-000970,2026-09-01 14:57:37,ORD-004913,SKU-01835,F-03-03-02,NOT_FOUND,HIGH,NORMAL
PF-000733,2026-09-01 14:57:57,ORD-001649,SKU-00287,B-05-03-02,WRONG_LOCATION,NORMAL,NORMAL
PF-001336,2026-09-01 15:00:12,ORD-000417,SKU-00104,C-07-04-01,EMPTY_BIN,HIGH,NORMAL
PF-002623,2026-09-01 15:02:24,ORD-000083,SKU-00267,D-09-05-01,WRONG_LOCATION,URGENT,NORMAL
PF-002556,2026-09-01 15:02:33,ORD-002451,SKU-00551,C-02-03-02,EMPTY_BIN,NORMAL,NORMAL
PF-000458,2026-09-01 15:02:40,ORD-003234,SKU-01876,F-03-02-02,QUANTITY_MISMATCH,NORMAL,NORMAL
PF-000997,2026-09-01 15:06:35,ORD-000491,SKU-01134,A-09-05-02,LOCATION_BLOCKED,URGENT,NORMAL
PF-000999,2026-09-01 15:08:09,ORD-004535,SKU-00950,E-09-04-01,LOCATION_BLOCKED,HIGH,NORMAL
PF-002680,2026-09-01 15:09:37,ORD-004056,SKU-01632,A-03-05-02,LOCATION_BLOCKED,NORMAL,NORMAL
PF-001789,2026-09-01 15:10:31,ORD-004004,SKU-01935,F-03-05-02,WRONG_LOCATION,NORMAL,NORMAL
PF-001925,2026-09-01 15:10:42,ORD-000090,SKU-01793,C-10-03-01,WRONG_LOCATION,URGENT,NORMAL
PF-000965,2026-09-01 15:11:32,ORD-000212,SKU-01756,E-09-05-02,WRONG_LOCATION,NORMAL,NORMAL
PF-001040,2026-09-01 15:12:16,ORD-004822,SKU-02000,E-07-03-01,WRONG_LOCATION,NORMAL,NORMAL
PF-000922,2026-09-01 15:13:46,ORD-003199,SKU-01221,D-02-02-01,WRONG_LOCATION,HIGH,NORMAL
PF-002669,2026-09-01 15:13:54,ORD-003829,SKU-00128,F-03-05-02,QUANTITY_MISMATCH,HIGH,NORMAL
PF-001896,2026-09-01 15:15:07,ORD-001095,SKU-00750,F-02-05-02,QUANTITY_MISMATCH,NORMAL,NORMAL
PF-002603,2026-09-01 15:15:41,ORD-004338,SKU-00582,B-08-05-01,WRONG_LOCATION,HIGH,NORMAL
PF-002633,2026-09-01 15:15:53,ORD-002532,SKU-00250,B-04-05-02,LOCATION_BLOCKED,HIGH,NORMAL
PF-000930,2026-09-01 15:16:24,ORD-003917,SKU-01040,F-09-02-02,WRONG_LOCATION,NORMAL,NORMAL
PF-000798,2026-09-01 15:17:18,ORD-004595,SKU-00633,F-08-02-01,QUANTITY_MISMATCH,URGENT,NORMAL
PF-002427,2026-09-01 15:17:28,ORD-001292,SKU-01766,D-04-04-01,LOCATION_BLOCKED,NORMAL,NORMAL
PF-000251,2026-09-01 15:17:44,ORD-000234,SKU-00037,A-02-03-02,NOT_FOUND,NORMAL,NORMAL
PF-000247,2026-09-01 15:18:41,ORD-003861,SKU-01776,B-02-05-02,QUANTITY_MISMATCH,HIGH,NORMAL
PF-002916,2026-09-01 15:19:23,ORD-000793,SKU-00392,A-10-04-02,QUANTITY_MISMATCH,URGENT,NORMAL
PF-002245,2026-09-01 15:19:31,ORD-000619,SKU-00729,E-05-05-01,LOCATION_BLOCKED,HIGH,NORMAL
PF-000410,2026-09-01 15:20:00,ORD-003485,SKU-00827,F-01-05-01,EMPTY_BIN,HIGH,NORMAL
PF-001232,2026-09-01 15:20:16,ORD-000312,SKU-00481,A-08-03-01,NOT_FOUND,URGENT,NORMAL
PF-000268,2026-09-01 15:21:17,ORD-003860,SKU-00911,E-03-02-01,NOT_FOUND,URGENT,NORMAL
PF-000324,2026-09-01 15:21:40,ORD-004811,SKU-00869,B-03-02-01,QUANTITY_MISMATCH,NORMAL,NORMAL
PF-001196,2026-09-01 15:23:05,ORD-003499,SKU-01841,A-02-01-01,WRONG_LOCATION,URGENT,NORMAL
PF-002812,2026-09-01 15:23:09,ORD-004854,SKU-00020,B-04-01-01,QUANTITY_MISMATCH,NORMAL,NORMAL
PF-001562,2026-09-01 15:23:22,ORD-002638,SKU-01010,F-02-01-02,LOCATION_BLOCKED,NORMAL,NORMAL
PF-000494,2026-09-01 15:23:51,ORD-001926,SKU-00539,A-10-04-02,EMPTY_BIN,HIGH,NORMAL
PF-000689,2026-09-01 15:25:26,ORD-003207,SKU-00775,D-10-01-01,QUANTITY_MISMATCH,URGENT,NORMAL
PF-001023,2026-09-01 15:25:42,ORD-000653,SKU-01292,A-04-01-02,EMPTY_BIN,NORMAL,NORMAL
PF-000371,2026-09-01 15:28:00,ORD-002292,SKU-01326,B-05-05-01,LOCATION_BLOCKED,URGENT,NORMAL
PF-001027,2026-09-01 15:31:46,ORD-002861,SKU-00487,B-02-04-02,EMPTY_BIN,URGENT,NORMAL
PF-001062,2026-09-01 15:31:50,ORD-001004,SKU-00598,C-04-05-02,NOT_FOUND,NORMAL,NORMAL
PF-001741,2026-09-01 15:32:02,ORD-001596,SKU-00705,E-02-01-01,LOCATION_BLOCKED,URGENT,NORMAL
PF-001597,2026-09-01 15:32:19,ORD-000993,SKU-00719,E-06-02-01,QUANTITY_MISMATCH,HIGH,NORMAL
PF-002608,2026-09-01 15:34:43,ORD-003228,SKU-01790,F-04-04-02,QUANTITY_MISMATCH,NORMAL,NORMAL
PF-002679,2026-09-01 15:35:25,ORD-000005,SKU-00991,D-09-05-02,NOT_FOUND,URGENT,NORMAL
PF-000150,2026-09-01 15:36:47,ORD-002695,SKU-00365,E-06-02-01,WRONG_LOCATION,URGENT,NORMAL
PF-000348,2026-09-01 15:41:18,ORD-003465,SKU-00658,F-04-02-02,QUANTITY_MISMATCH,HIGH,NORMAL
PF-001701,2026-09-01 15:41:56,ORD-000644,SKU-00610,A-02-02-02,EMPTY_BIN,URGENT,NORMAL
PF-000157,2026-09-01 15:43:31,ORD-000035,SKU-01077,E-02-03-01,QUANTITY_MISMATCH,URGENT,NORMAL
PF-000009,2026-09-01 15:43:36,ORD-004850,SKU-01358,B-09-02-01,WRONG_LOCATION,URGENT,NORMAL
PF-000200,2026-09-01 15:44:10,ORD-000056,SKU-00802,E-06-04-01,EMPTY_BIN,NORMAL,NORMAL
PF-002903,2026-09-01 15:44:44,ORD-004251,SKU-01114,E-10-03-02,QUANTITY_MISMATCH,NORMAL,NORMAL
PF-001927,2026-09-01 15:45:15,ORD-004182,SKU-00841,D-03-02-01,EMPTY_BIN,HIGH,NORMAL
PF-000176,2026-09-01 15:45:22,ORD-004914,SKU-00947,D-10-04-01,WRONG_LOCATION,NORMAL,NORMAL
PF-001419,2026-09-01 15:45:23,ORD-003224,SKU-01566,E-09-01-01,QUANTITY_MISMATCH,NORMAL,NORMAL
PF-001128,2026-09-01 15:49:06,ORD-003952,SKU-01117,E-04-04-02,LOCATION_BLOCKED,HIGH,NORMAL
PF-000854,2026-09-01 15:49:35,ORD-002869,SKU-01978,B-09-05-02,QUANTITY_MISMATCH,NORMAL,NORMAL
PF-002845,2026-09-01 15:51:37,ORD-000265,SKU-01289,E-02-02-01,NOT_FOUND,NORMAL,NORMAL
PF-002333,2026-09-01 15:51:53,ORD-002016,SKU-01363,D-04-04-02,LOCATION_BLOCKED,NORMAL,NORMAL
PF-002935,2026-09-01 15:52:26,ORD-004235,SKU-01395,F-06-02-02,QUANTITY_MISMATCH,URGENT,NORMAL
PF-002256,2026-09-01 15:52:53,ORD-000156,SKU-00962,F-03-04-01,WRONG_LOCATION,NORMAL,NORMAL
PF-001649,2026-09-01 15:53:03,ORD-004048,SKU-00103,E-04-03-02,QUANTITY_MISMATCH,URGENT,NORMAL
PF-002287,2026-09-01 15:54:29,ORD-004230,SKU-01794,E-05-05-02,NOT_FOUND,NORMAL,NORMAL
PF-002127,2026-09-01 15:55:03,ORD-004288,SKU-00013,C-03-01-01,NOT_FOUND,HIGH,NORMAL
PF-000805,2026-09-01 15:55:13,ORD-000328,SKU-00687,F-04-01-01,QUANTITY_MISMATCH,HIGH,NORMAL
PF-002593,2026-09-01 15:55:30,ORD-004587,SKU-01929,F-08-04-02,LOCATION_BLOCKED,NORMAL,NORMAL
PF-000543,2026-09-01 15:56:30,ORD-002579,SKU-00649,F-10-04-01,LOCATION_BLOCKED,URGENT,NORMAL
PF-002150,2026-09-01 15:57:18,ORD-003433,SKU-00256,B-07-05-01,EMPTY_BIN,NORMAL,NORMAL
PF-001488,2026-09-01 16:00:16,ORD-000465,SKU-00850,E-03-04-02,NOT_FOUND,NORMAL,NORMAL
PF-002738,2026-09-01 16:00:27,ORD-003664,SKU-01237,F-06-05-01,QUANTITY_MISMATCH,URGENT,NORMAL
PF-001434,2026-09-01 16:02:46,ORD-001951,SKU-01801,B-02-05-01,WRONG_LOCATION,NORMAL,NORMAL
PF-002671,2026-09-01 16:03:01,ORD-002705,SKU-01396,A-03-01-02,QUANTITY_MISMATCH,HIGH,NORMAL
PF-000528,2026-09-01 16:04:53,ORD-004205,SKU-01252,C-02-01-02,WRONG_LOCATION,NORMAL,NORMAL
PF-002044,2026-09-01 16:06:28,ORD-002949,SKU-00120,D-05-04-02,LOCATION_BLOCKED,URGENT,NORMAL
PF-002960,2026-09-01 16:07:23,ORD-002904,SKU-01965,F-07-01-02,LOCATION_BLOCKED,NORMAL,NORMAL
PF-002238,2026-09-01 16:07:55,ORD-000002,SKU-01351,A-09-02-01,EMPTY_BIN,NORMAL,NORMAL
PF-001485,2026-09-01 16:08:39,ORD-000264,SKU-00586,B-04-03-02,NOT_FOUND,NORMAL,NORMAL
PF-002846,2026-09-01 16:08:54,ORD-000451,SKU-00053,A-07-02-01,NOT_FOUND,URGENT,NORMAL
PF-001479,2026-09-01 16:10:17,ORD-001497,SKU-01168,D-10-05-01,EMPTY_BIN,NORMAL,NORMAL
PF-001050,2026-09-01 16:10:20,ORD-003982,SKU-01916,B-03-02-02,NOT_FOUND,NORMAL,NORMAL
PF-001844,2026-09-01 16:10:39,ORD-003919,SKU-00720,C-02-04-02,WRONG_LOCATION,NORMAL,NORMAL
PF-000718,2026-09-01 16:10:41,ORD-000891,SKU-00911,E-03-02-01,QUANTITY_MISMATCH,NORMAL,NORMAL
PF-001525,2026-09-01 16:10:41,ORD-004320,SKU-01355,A-04-05-02,EMPTY_BIN,NORMAL,NORMAL
PF-002236,2026-09-01 16:12:41,ORD-001658,SKU-01497,D-07-01-01,EMPTY_BIN,NORMAL,NORMAL
PF-000949,2026-09-01 16:14:29,ORD-001253,SKU-01320,D-03-05-01,QUANTITY_MISMATCH,NORMAL,NORMAL
PF-001508,2026-09-01 16:14:40,ORD-002701,SKU-00683,F-01-05-02,WRONG_LOCATION,HIGH,NORMAL
PF-000664,2026-09-01 16:14:43,ORD-004729,SKU-00495,D-10-03-01,WRONG_LOCATION,NORMAL,NORMAL
PF-000113,2026-09-01 16:16:10,ORD-001295,SKU-01951,D-02-02-01,LOCATION_BLOCKED,HIGH,NORMAL
PF-002847,2026-09-01 16:16:27,ORD-003418,SKU-00403,B-10-04-01,EMPTY_BIN,NORMAL,NORMAL
PF-002862,2026-09-01 16:18:56,ORD-001041,SKU-00279,A-03-05-02,LOCATION_BLOCKED,HIGH,NORMAL
PF-001007,2026-09-01 16:19:32,ORD-003901,SKU-01622,E-06-01-01,WRONG_LOCATION,URGENT,NORMAL
PF-002668,2026-09-01 16:20:47,ORD-000002,SKU-01895,A-03-02-01,WRONG_LOCATION,HIGH,NORMAL
PF-001320,2026-09-01 16:21:31,ORD-002527,SKU-00836,E-06-01-01,WRONG_LOCATION,URGENT,NORMAL
PF-001357,2026-09-01 16:21:50,ORD-000397,SKU-01485,F-07-05-01,WRONG_LOCATION,URGENT,NORMAL
PF-002169,2026-09-01 16:21:57,ORD-001501,SKU-01571,A-05-01-02,EMPTY_BIN,NORMAL,NORMAL
PF-001376,2026-09-01 16:21:59,ORD-003002,SKU-01431,E-01-03-02,WRONG_LOCATION,NORMAL,NORMAL
PF-002265,2026-09-01 16:22:16,ORD-004609,SKU-00040,B-05-05-02,NOT_FOUND,NORMAL,NORMAL
PF-000824,2026-09-01 16:22:56,ORD-003632,SKU-00302,F-10-05-01,LOCATION_BLOCKED,HIGH,NORMAL
PF-002160,2026-09-01 16:23:37,ORD-002525,SKU-00081,C-03-03-02,LOCATION_BLOCKED,NORMAL,NORMAL
PF-002084,2026-09-01 16:24:28,ORD-002744,SKU-01553,D-04-02-02,LOCATION_BLOCKED,NORMAL,NORMAL
PF-001776,2026-09-01 16:24:35,ORD-000653,SKU-00653,A-03-02-02,QUANTITY_MISMATCH,HIGH,NORMAL
PF-001803,2026-09-01 16:26:14,ORD-002647,SKU-01518,E-07-01-02,WRONG_LOCATION,NORMAL,NORMAL
PF-001947,2026-09-01 16:28:09,ORD-003600,SKU-00587,A-04-04-01,LOCATION_BLOCKED,HIGH,NORMAL
PF-000120,2026-09-01 16:29:51,ORD-001030,SKU-00550,B-10-05-01,NOT_FOUND,NORMAL,NORMAL
PF-002692,2026-09-01 16:30:45,ORD-000779,SKU-01715,D-05-03-01,QUANTITY_MISMATCH,NORMAL,NORMAL
PF-001524,2026-09-01 16:30:51,ORD-004123,SKU-01846,F-02-04-02,LOCATION_BLOCKED,HIGH,NORMAL
PF-000821,2026-09-01 16:30:52,ORD-001624,SKU-01400,B-07-03-02,NOT_FOUND,URGENT,NORMAL
PF-000135,2026-09-01 16:30:53,ORD-000655,SKU-01547,C-05-01-02,LOCATION_BLOCKED,NORMAL,NORMAL
PF-000441,2026-09-01 16:31:12,ORD-001539,SKU-01325,E-06-04-01,WRONG_LOCATION,URGENT,NORMAL
PF-000381,2026-09-01 16:31:19,ORD-003647,SKU-00314,C-05-04-01,LOCATION_BLOCKED,NORMAL,NORMAL
PF-002131,2026-09-01 16:31:50,ORD-001406,SKU-00580,E-06-02-01,QUANTITY_MISMATCH,NORMAL,NORMAL
PF-000387,2026-09-01 16:32:49,ORD-003597,SKU-01171,C-07-05-01,WRONG_LOCATION,HIGH,NORMAL
PF-001688,2026-09-01 16:33:48,ORD-000043,SKU-00114,A-06-04-02,NOT_FOUND,HIGH,NORMAL
PF-002488,2026-09-01 16:34:49,ORD-003600,SKU-00849,A-03-01-01,EMPTY_BIN,NORMAL,NORMAL
PF-001044,2026-09-01 16:35:15,ORD-002902,SKU-01569,D-04-02-01,EMPTY_BIN,NORMAL,NORMAL
PF-001593,2026-09-01 16:36:36,ORD-000772,SKU-00848,B-02-01-01,EMPTY_BIN,HIGH,NORMAL
PF-001388,2026-09-01 16:36:39,ORD-003124,SKU-01300,E-07-05-02,QUANTITY_MISMATCH,NORMAL,NORMAL
PF-001177,2026-09-01 16:36:55,ORD-001703,SKU-00455,B-03-02-02,WRONG_LOCATION,NORMAL,NORMAL
PF-002634,2026-09-01 16:37:59,ORD-001536,SKU-01477,A-07-05-01,LOCATION_BLOCKED,HIGH,NORMAL
PF-001999,2026-09-01 16:38:24,ORD-004288,SKU-01418,F-06-01-01,NOT_FOUND,NORMAL,NORMAL
PF-001591,2026-09-01 16:39:12,ORD-003630,SKU-01204,E-07-01-01,NOT_FOUND,URGENT,NORMAL
PF-002146,2026-09-01 16:40:30,ORD-001998,SKU-00868,B-01-03-01,WRONG_LOCATION,NORMAL,NORMAL
PF-002103,2026-09-01 16:41:22,ORD-000923,SKU-01907,C-08-02-01,NOT_FOUND,NORMAL,NORMAL
PF-002183,2026-09-01 16:42:30,ORD-004629,SKU-01268,A-10-01-02,EMPTY_BIN,NORMAL,NORMAL
PF-001084,2026-09-01 16:42:59,ORD-003467,SKU-00548,C-08-01-02,LOCATION_BLOCKED,NORMAL,NORMAL
PF-000660,2026-09-01 16:43:18,ORD-004152,SKU-01769,F-03-01-02,LOCATION_BLOCKED,NORMAL,NORMAL
PF-002752,2026-09-01 16:45:03,ORD-004216,SKU-00660,A-07-01-01,WRONG_LOCATION,NORMAL,NORMAL
PF-002779,2026-09-01 16:45:08,ORD-001850,SKU-00958,C-05-03-01,LOCATION_BLOCKED,NORMAL,NORMAL
PF-001185,2026-09-01 16:45:16,ORD-000907,SKU-01984,F-04-01-02,EMPTY_BIN,NORMAL,NORMAL
PF-000515,2026-09-01 16:47:49,ORD-000177,SKU-00037,A-02-03-02,QUANTITY_MISMATCH,HIGH,NORMAL
PF-000482,2026-09-01 16:48:37,ORD-003278,SKU-01821,F-07-04-02,QUANTITY_MISMATCH,HIGH,NORMAL
PF-000708,2026-09-01 16:48:48,ORD-000678,SKU-01221,D-02-02-01,EMPTY_BIN,NORMAL,NORMAL
PF-002460,2026-09-01 16:49:49,ORD-000070,SKU-01587,B-01-04-02,QUANTITY_MISMATCH,HIGH,NORMAL
PF-000506,2026-09-01 16:50:43,ORD-002318,SKU-00338,C-02-04-01,EMPTY_BIN,URGENT,NORMAL
PF-001053,2026-09-01 16:51:35,ORD-003255,SKU-01575,E-05-04-02,WRONG_LOCATION,NORMAL,NORMAL
PF-000871,2026-09-01 16:52:38,ORD-003679,SKU-00843,B-08-02-01,QUANTITY_MISMATCH,URGENT,NORMAL
PF-001042,2026-09-01 16:54:06,ORD-002578,SKU-00888,B-07-05-01,WRONG_LOCATION,NORMAL,NORMAL
PF-000643,2026-09-01 16:54:08,ORD-000452,SKU-01848,A-08-02-01,WRONG_LOCATION,NORMAL,NORMAL
PF-000662,2026-09-01 16:54:49,ORD-001477,SKU-01858,A-04-03-02,WRONG_LOCATION,NORMAL,NORMAL
PF-001772,2026-09-01 16:57:38,ORD-004177,SKU-00725,E-06-05-01,WRONG_LOCATION,URGENT,NORMAL
PF-002518,2026-09-01 16:59:44,ORD-001585,SKU-01642,B-01-01-01,NOT_FOUND,NORMAL,NORMAL
PF-001868,2026-09-01 16:59:59,ORD-001373,SKU-00115,E-04-03-02,QUANTITY_MISMATCH,NORMAL,NORMAL
PF-001723,2026-09-01 17:00:11,ORD-000574,SKU-01333,B-01-01-01,QUANTITY_MISMATCH,NORMAL,NORMAL
PF-002307,2026-09-01 17:01:20,ORD-001634,SKU-01982,D-06-02-02,EMPTY_BIN,URGENT,NORMAL
PF-002135,2026-09-01 17:01:54,ORD-003933,SKU-00664,A-06-03-01,LOCATION_BLOCKED,URGENT,NORMAL
PF-001172,2026-09-01 17:03:02,ORD-004603,SKU-00077,C-08-05-01,LOCATION_BLOCKED,NORMAL,NORMAL
PF-000110,2026-09-01 17:03:24,ORD-002907,SKU-00299,E-10-03-01,LOCATION_BLOCKED,URGENT,NORMAL
PF-001355,2026-09-01 17:04:00,ORD-001942,SKU-00861,E-03-04-01,NOT_FOUND,NORMAL,NORMAL
PF-002232,2026-09-01 17:05:27,ORD-003447,SKU-01967,A-04-04-02,LOCATION_BLOCKED,NORMAL,NORMAL
PF-000691,2026-09-01 17:05:44,ORD-002539,SKU-00204,E-02-05-02,QUANTITY_MISMATCH,HIGH,NORMAL
PF-001806,2026-09-01 17:06:00,ORD-001510,SKU-00330,D-07-05-02,NOT_FOUND,NORMAL,NORMAL
PF-001744,2026-09-01 17:06:14,ORD-001873,SKU-01425,C-03-05-01,WRONG_LOCATION,URGENT,NORMAL
PF-001291,2026-09-01 17:07:48,ORD-003734,SKU-01506,E-01-04-02,LOCATION_BLOCKED,HIGH,NORMAL
PF-000023,2026-09-01 17:09:00,ORD-003194,SKU-01340,F-03-01-01,WRONG_LOCATION,HIGH,NORMAL
PF-001775,2026-09-01 17:09:50,ORD-001463,SKU-00123,A-03-04-02,LOCATION_BLOCKED,URGENT,NORMAL
PF-002667,2026-09-01 17:10:46,ORD-004712,SKU-00638,C-03-03-02,WRONG_LOCATION,HIGH,NORMAL
PF-002341,2026-09-01 17:10:53,ORD-000283,SKU-01018,E-02-03-01,EMPTY_BIN,NORMAL,NORMAL
PF-002857,2026-09-01 17:15:11,ORD-004734,SKU-01244,F-09-05-02,QUANTITY_MISMATCH,HIGH,NORMAL
PF-000480,2026-09-01 17:16:59,ORD-003695,SKU-01239,E-08-02-01,EMPTY_BIN,URGENT,NORMAL
PF-000072,2026-09-01 17:17:15,ORD-003969,SKU-00873,A-07-04-02,QUANTITY_MISMATCH,HIGH,NORMAL
PF-000290,2026-09-01 17:18:20,ORD-000934,SKU-01307,C-03-03-01,NOT_FOUND,URGENT,NORMAL
PF-001674,2026-09-01 17:18:55,ORD-000173,SKU-01380,C-06-05-01,NOT_FOUND,NORMAL,NORMAL
PF-001710,2026-09-01 17:19:24,ORD-002934,SKU-00007,F-03-01-01,NOT_FOUND,NORMAL,NORMAL
PF-000221,2026-09-01 17:19:34,ORD-000938,SKU-01076,C-02-03-01,EMPTY_BIN,HIGH,NORMAL
PF-000495,2026-09-01 17:19:53,ORD-001584,SKU-01173,D-10-04-01,QUANTITY_MISMATCH,HIGH,NORMAL
PF-002973,2026-09-01 17:20:18,ORD-002931,SKU-01218,A-05-05-01,QUANTITY_MISMATCH,NORMAL,NORMAL
PF-000256,2026-09-01 17:22:08,ORD-000446,SKU-01217,A-10-01-01,WRONG_LOCATION,NORMAL,NORMAL
PF-001657,2026-09-01 17:22:23,ORD-003041,SKU-01943,D-09-05-01,LOCATION_BLOCKED,HIGH,NORMAL
PF-002338,2026-09-01 17:22:29,ORD-003615,SKU-01740,A-06-02-02,NOT_FOUND,URGENT,NORMAL
PF-002788,2026-09-01 17:22:59,ORD-003783,SKU-00929,F-08-05-02,NOT_FOUND,URGENT,NORMAL
PF-002523,2026-09-01 17:23:15,ORD-003973,SKU-01057,D-01-01-02,QUANTITY_MISMATCH,NORMAL,NORMAL
PF-000669,2026-09-01 17:26:13,ORD-004107,SKU-00857,D-02-04-01,EMPTY_BIN,HIGH,NORMAL
PF-000464,2026-09-01 17:27:02,ORD-002112,SKU-00846,B-10-02-01,EMPTY_BIN,URGENT,NORMAL
PF-000269,2026-09-01 17:27:04,ORD-003422,SKU-00703,C-06-01-02,QUANTITY_MISMATCH,NORMAL,NORMAL
PF-001438,2026-09-01 17:28:49,ORD-002015,SKU-01707,C-07-01-02,WRONG_LOCATION,NORMAL,NORMAL
PF-000262,2026-09-01 17:29:11,ORD-001204,SKU-00459,A-05-04-01,EMPTY_BIN,NORMAL,NORMAL
PF-000207,2026-09-01 17:31:09,ORD-002814,SKU-01515,F-09-03-02,EMPTY_BIN,URGENT,NORMAL
PF-002821,2026-09-01 17:31:58,ORD-000754,SKU-00742,F-05-02-02,QUANTITY_MISMATCH,URGENT,NORMAL
PF-001494,2026-09-01 17:32:27,ORD-004745,SKU-01586,E-05-01-02,LOCATION_BLOCKED,NORMAL,NORMAL
PF-002769,2026-09-01 17:32:57,ORD-003635,SKU-01171,C-07-05-01,EMPTY_BIN,NORMAL,NORMAL
PF-001893,2026-09-01 17:33:50,ORD-000719,SKU-01991,E-06-02-01,LOCATION_BLOCKED,NORMAL,NORMAL
PF-002809,2026-09-01 17:33:58,ORD-004395,SKU-00548,C-08-01-02,LOCATION_BLOCKED,NORMAL,NORMAL
PF-000478,2026-09-01 17:34:47,ORD-003809,SKU-02000,E-07-03-01,QUANTITY_MISMATCH,HIGH,NORMAL
PF-000619,2026-09-01 17:36:05,ORD-001330,SKU-01765,E-04-05-01,QUANTITY_MISMATCH,NORMAL,NORMAL
PF-002560,2026-09-01 17:39:09,ORD-003655,SKU-01893,C-03-04-02,QUANTITY_MISMATCH,HIGH,NORMAL
PF-001932,2026-09-01 17:39:10,ORD-003445,SKU-00867,B-04-05-02,WRONG_LOCATION,NORMAL,NORMAL
PF-001386,2026-09-01 17:39:21,ORD-001249,SKU-00354,E-05-02-01,LOCATION_BLOCKED,NORMAL,NORMAL
PF-001119,2026-09-01 17:40:02,ORD-001179,SKU-01465,C-02-01-02,WRONG_LOCATION,NORMAL,NORMAL
PF-001517,2026-09-01 17:42:36,ORD-003770,SKU-00252,C-02-05-01,LOCATION_BLOCKED,URGENT,NORMAL
PF-001478,2026-09-01 17:43:24,ORD-003048,SKU-00909,F-01-04-01,QUANTITY_MISMATCH,HIGH,NORMAL
PF-001749,2026-09-01 17:43:58,ORD-004628,SKU-01470,B-03-04-02,LOCATION_BLOCKED,NORMAL,NORMAL
PF-002157,2026-09-01 17:43:58,ORD-001478,SKU-01502,B-01-04-01,EMPTY_BIN,URGENT,NORMAL
PF-001449,2026-09-01 17:45:11,ORD-000635,SKU-01500,B-02-02-01,EMPTY_BIN,NORMAL,NORMAL
PF-001612,2026-09-01 17:45:21,ORD-000306,SKU-00125,C-07-03-02,QUANTITY_MISMATCH,NORMAL,NORMAL
PF-001155,2026-09-01 17:45:48,ORD-004176,SKU-01963,B-03-03-02,LOCATION_BLOCKED,NORMAL,NORMAL
PF-002969,2026-09-01 17:46:16,ORD-002952,SKU-01623,B-02-05-02,EMPTY_BIN,NORMAL,NORMAL
PF-001167,2026-09-01 17:46:33,ORD-003466,SKU-00602,F-04-05-01,QUANTITY_MISMATCH,NORMAL,NORMAL
PF-000914,2026-09-01 17:47:29,ORD-003067,SKU-00989,C-04-01-02,QUANTITY_MISMATCH,HIGH,NORMAL
PF-002554,2026-09-01 17:48:29,ORD-003319,SKU-00324,B-03-01-02,WRONG_LOCATION,NORMAL,NORMAL
PF-002804,2026-09-01 17:49:20,ORD-001531,SKU-01107,B-09-01-01,NOT_FOUND,HIGH,NORMAL
PF-002393,2026-09-01 17:49:52,ORD-001047,SKU-00423,B-03-05-02,EMPTY_BIN,URGENT,NORMAL
PF-002031,2026-09-01 17:51:16,ORD-004585,SKU-01840,D-09-05-02,WRONG_LOCATION,HIGH,NORMAL
PF-001746,2026-09-01 17:52:39,ORD-004687,SKU-01091,A-08-04-02,NOT_FOUND,NORMAL,NORMAL
PF-000352,2026-09-01 17:53:04,ORD-001838,SKU-00441,F-06-05-02,LOCATION_BLOCKED,URGENT,NORMAL
PF-001931,2026-09-01 17:54:02,ORD-000652,SKU-00990,C-01-01-01,LOCATION_BLOCKED,NORMAL,NORMAL
PF-002631,2026-09-01 17:54:09,ORD-000746,SKU-01414,D-04-04-02,WRONG_LOCATION,NORMAL,NORMAL
PF-000227,2026-09-01 17:55:42,ORD-001818,SKU-00266,F-05-02-02,WRONG_LOCATION,URGENT,NORMAL
PF-002345,2026-09-01 17:56:45,ORD-004380,SKU-01648,B-01-01-02,NOT_FOUND,NORMAL,NORMAL
PF-002132,2026-09-01 17:57:35,ORD-001623,SKU-01278,C-01-01-02,LOCATION_BLOCKED,URGENT,NORMAL
PF-001570,2026-09-01 17:58:43,ORD-000832,SKU-00416,D-04-02-02,NOT_FOUND,NORMAL,NORMAL
PF-000341,2026-09-01 17:59:29,ORD-004789,SKU-00817,F-02-05-01,NOT_FOUND,HIGH,NORMAL
PF-000890,2026-09-01 17:59:47,ORD-002967,SKU-00168,A-06-04-02,LOCATION_BLOCKED,NORMAL,NORMAL
PF-000462,2026-09-01 18:02:03,ORD-001924,SKU-01114,E-10-03-02,WRONG_LOCATION,NORMAL,NORMAL
PF-002511,2026-09-01 18:04:25,ORD-000254,SKU-00903,A-01-03-02,WRONG_LOCATION,NORMAL,NORMAL
PF-000338,2026-09-01 18:04:50,ORD-001162,SKU-01243,A-02-01-01,EMPTY_BIN,NORMAL,NORMAL
PF-002747,2026-09-01 18:04:51,ORD-002293,SKU-00946,F-07-01-01,QUANTITY_MISMATCH,URGENT,NORMAL
PF-000582,2026-09-01 18:06:05,ORD-000264,SKU-00588,F-02-02-01,NOT_FOUND,NORMAL,NORMAL
PF-002266,2026-09-01 18:06:27,ORD-001770,SKU-01493,E-01-05-02,EMPTY_BIN,NORMAL,NORMAL
PF-000807,2026-09-01 18:08:09,ORD-003675,SKU-00640,A-07-02-01,QUANTITY_MISMATCH,NORMAL,NORMAL
PF-001340,2026-09-01 18:09:29,ORD-001033,SKU-01804,E-10-04-01,EMPTY_BIN,HIGH,NORMAL
PF-000426,2026-09-01 18:09:40,ORD-000985,SKU-01125,F-01-04-01,EMPTY_BIN,HIGH,NORMAL
PF-002520,2026-09-01 18:09:42,ORD-003993,SKU-01668,C-10-03-01,QUANTITY_MISMATCH,URGENT,NORMAL
PF-000958,2026-09-01 18:12:22,ORD-002686,SKU-01841,A-02-01-01,NOT_FOUND,NORMAL,NORMAL
PF-000312,2026-09-01 18:12:30,ORD-003274,SKU-01706,B-04-05-02,EMPTY_BIN,NORMAL,NORMAL
PF-000776,2026-09-01 18:12:54,ORD-002505,SKU-00750,F-02-05-02,LOCATION_BLOCKED,HIGH,NORMAL
PF-000563,2026-09-01 18:13:13,ORD-001221,SKU-00578,D-08-03-02,LOCATION_BLOCKED,URGENT,NORMAL
PF-001942,2026-09-01 18:13:38,ORD-004160,SKU-01330,B-07-03-01,NOT_FOUND,NORMAL,NORMAL
PF-000209,2026-09-01 18:14:10,ORD-003200,SKU-00166,C-01-01-02,NOT_FOUND,URGENT,NORMAL
PF-000317,2026-09-01 18:14:53,ORD-003386,SKU-01227,F-06-04-01,EMPTY_BIN,NORMAL,NORMAL
PF-001538,2026-09-01 18:15:13,ORD-002006,SKU-00211,D-04-01-01,WRONG_LOCATION,NORMAL,NORMAL
PF-000924,2026-09-01 18:15:14,ORD-000462,SKU-01544,B-03-05-02,NOT_FOUND,HIGH,NORMAL
PF-001081,2026-09-01 18:15:27,ORD-000045,SKU-01139,F-04-02-01,WRONG_LOCATION,NORMAL,NORMAL
PF-000791,2026-09-01 18:15:38,ORD-003117,SKU-00267,D-09-05-01,NOT_FOUND,NORMAL,NORMAL
PF-001952,2026-09-01 18:16:49,ORD-000204,SKU-01369,C-01-03-02,WRONG_LOCATION,URGENT,NORMAL
PF-002859,2026-09-01 18:17:25,ORD-004194,SKU-01021,E-02-04-02,NOT_FOUND,URGENT,NORMAL
PF-002094,2026-09-01 18:17:36,ORD-000269,SKU-00136,D-01-04-02,NOT_FOUND,NORMAL,NORMAL
PF-000459,2026-09-01 18:18:52,ORD-002278,SKU-00532,A-07-05-01,NOT_FOUND,NORMAL,NORMAL
PF-002525,2026-09-01 18:19:53,ORD-003132,SKU-00222,E-08-05-02,EMPTY_BIN,NORMAL,NORMAL
PF-002734,2026-09-01 18:20:29,ORD-002477,SKU-00509,B-08-05-01,EMPTY_BIN,NORMAL,NORMAL
PF-002594,2026-09-01 18:21:06,ORD-002385,SKU-01732,A-04-01-02,WRONG_LOCATION,NORMAL,NORMAL
PF-000012,2026-09-01 18:24:50,ORD-002182,SKU-01220,C-09-01-01,QUANTITY_MISMATCH,NORMAL,NORMAL
PF-001522,2026-09-01 18:25:17,ORD-004792,SKU-00500,E-02-02-02,QUANTITY_MISMATCH,URGENT,NORMAL
PF-002159,2026-09-01 18:25:27,ORD-000333,SKU-01985,E-10-01-01,LOCATION_BLOCKED,NORMAL,NORMAL
PF-000944,2026-09-01 18:25:44,ORD-001633,SKU-00992,B-03-01-02,WRONG_LOCATION,URGENT,NORMAL
PF-000716,2026-09-01 18:25:50,ORD-004430,SKU-00157,E-07-05-02,EMPTY_BIN,URGENT,NORMAL
PF-001938,2026-09-01 18:26:08,ORD-004685,SKU-00582,B-08-05-01,LOCATION_BLOCKED,NORMAL,NORMAL
PF-002106,2026-09-01 18:26:22,ORD-004769,SKU-00515,B-01-02-02,EMPTY_BIN,NORMAL,NORMAL
PF-000855,2026-09-01 18:26:33,ORD-001528,SKU-00214,D-10-04-01,NOT_FOUND,URGENT,NORMAL
PF-001855,2026-09-01 18:27:10,ORD-001994,SKU-00355,F-05-03-02,WRONG_LOCATION,NORMAL,NORMAL
PF-001078,2026-09-01 18:27:22,ORD-004876,SKU-00760,C-02-04-02,EMPTY_BIN,NORMAL,NORMAL
PF-000130,2026-09-01 18:27:27,ORD-004524,SKU-01724,F-07-01-01,WRONG_LOCATION,URGENT,NORMAL
PF-002993,2026-09-01 18:29:44,ORD-000771,SKU-00352,D-01-02-02,LOCATION_BLOCKED,URGENT,NORMAL
PF-001888,2026-09-01 18:30:17,ORD-003661,SKU-00702,C-01-02-02,WRONG_LOCATION,HIGH,NORMAL
PF-002592,2026-09-01 18:30:39,ORD-001296,SKU-01522,F-04-02-02,WRONG_LOCATION,NORMAL,NORMAL
PF-002856,2026-09-01 18:31:56,ORD-003003,SKU-00044,D-04-04-01,QUANTITY_MISMATCH,NORMAL,NORMAL
PF-002643,2026-09-01 18:33:30,ORD-003650,SKU-01361,E-09-02-02,EMPTY_BIN,URGENT,NORMAL
PF-002588,2026-09-01 18:33:55,ORD-004169,SKU-01096,B-05-01-02,QUANTITY_MISMATCH,HIGH,NORMAL
PF-000065,2026-09-01 18:34:09,ORD-003113,SKU-00071,D-03-05-02,EMPTY_BIN,URGENT,NORMAL
PF-000222,2026-09-01 18:34:46,ORD-004263,SKU-01526,B-04-02-01,EMPTY_BIN,HIGH,NORMAL
PF-000149,2026-09-01 18:35:04,ORD-000773,SKU-01816,F-02-02-02,EMPTY_BIN,NORMAL,NORMAL
PF-001396,2026-09-01 18:35:11,ORD-002191,SKU-00763,C-03-02-01,LOCATION_BLOCKED,NORMAL,NORMAL
PF-001452,2026-09-01 18:35:47,ORD-000589,SKU-01549,D-09-03-02,WRONG_LOCATION,HIGH,NORMAL
PF-002138,2026-09-01 18:36:52,ORD-001284,SKU-00064,C-01-03-01,EMPTY_BIN,NORMAL,NORMAL
PF-001163,2026-09-01 18:39:36,ORD-001587,SKU-01090,C-03-05-02,QUANTITY_MISMATCH,NORMAL,NORMAL
PF-001598,2026-09-01 18:39:36,ORD-002035,SKU-01302,A-06-04-02,WRONG_LOCATION,NORMAL,NORMAL
PF-001897,2026-09-01 18:41:58,ORD-002609,SKU-00476,B-10-05-02,EMPTY_BIN,NORMAL,NORMAL
PF-001079,2026-09-01 18:42:58,ORD-001253,SKU-00274,D-05-05-02,LOCATION_BLOCKED,URGENT,NORMAL
PF-000773,2026-09-01 18:43:26,ORD-002314,SKU-01993,F-04-01-01,NOT_FOUND,NORMAL,NORMAL
PF-002985,2026-09-01 18:44:40,ORD-002980,SKU-00521,C-01-03-01,WRONG_LOCATION,NORMAL,NORMAL
PF-002452,2026-09-01 18:45:26,ORD-004334,SKU-01958,A-05-01-02,LOCATION_BLOCKED,HIGH,NORMAL
PF-000988,2026-09-01 18:45:53,ORD-002887,SKU-01647,F-10-05-01,QUANTITY_MISMATCH,HIGH,NORMAL
PF-002957,2026-09-01 18:46:08,ORD-003380,SKU-01715,D-05-03-01,QUANTITY_MISMATCH,NORMAL,NORMAL
PF-000951,2026-09-01 18:47:23,ORD-002192,SKU-01367,B-01-02-02,EMPTY_BIN,URGENT,NORMAL
PF-000096,2026-09-01 18:47:26,ORD-003601,SKU-01661,A-10-01-02,NOT_FOUND,NORMAL,NORMAL
PF-001976,2026-09-01 18:48:49,ORD-000857,SKU-00066,C-03-02-02,QUANTITY_MISMATCH,NORMAL,NORMAL
PF-000887,2026-09-01 18:49:04,ORD-001154,SKU-01847,D-06-03-01,EMPTY_BIN,NORMAL,NORMAL
PF-002395,2026-09-01 18:49:21,ORD-004951,SKU-00095,A-08-05-02,EMPTY_BIN,NORMAL,NORMAL
PF-002220,2026-09-01 18:52:58,ORD-004283,SKU-00509,B-08-05-01,LOCATION_BLOCKED,NORMAL,NORMAL
PF-000607,2026-09-01 18:53:34,ORD-004489,SKU-01643,B-08-01-02,EMPTY_BIN,NORMAL,NORMAL
PF-002033,2026-09-01 18:53:36,ORD-000982,SKU-00157,E-07-05-02,QUANTITY_MISMATCH,NORMAL,NORMAL
PF-001149,2026-09-01 18:56:37,ORD-004011,SKU-00341,A-04-02-01,EMPTY_BIN,URGENT,NORMAL
PF-000103,2026-09-01 18:59:47,ORD-004651,SKU-00443,A-02-03-01,EMPTY_BIN,HIGH,NORMAL
PF-000390,2026-09-01 19:02:28,ORD-000262,SKU-00109,A-06-01-01,QUANTITY_MISMATCH,NORMAL,NORMAL
PF-001035,2026-09-01 19:03:28,ORD-001203,SKU-01333,B-01-01-01,NOT_FOUND,URGENT,NORMAL
PF-002852,2026-09-01 19:04:09,ORD-004593,SKU-01792,D-07-03-02,QUANTITY_MISMATCH,NORMAL,NORMAL
PF-000737,2026-09-01 19:07:22,ORD-003048,SKU-00251,D-06-04-02,QUANTITY_MISMATCH,URGENT,NORMAL
PF-000053,2026-09-01 19:07:31,ORD-001411,SKU-00167,F-04-04-01,LOCATION_BLOCKED,HIGH,NORMAL
PF-001329,2026-09-01 19:07:50,ORD-002942,SKU-00269,F-05-04-01,EMPTY_BIN,NORMAL,NORMAL
PF-000504,2026-09-01 19:09:10,ORD-001375,SKU-01731,D-03-01-01,QUANTITY_MISMATCH,URGENT,NORMAL
PF-000327,2026-09-01 19:09:11,ORD-001918,SKU-00289,B-09-05-01,LOCATION_BLOCKED,HIGH,NORMAL
PF-000196,2026-09-01 19:10:23,ORD-004898,SKU-01685,B-03-02-01,WRONG_LOCATION,URGENT,NORMAL
PF-001846,2026-09-01 19:10:46,ORD-003412,SKU-00812,F-02-04-02,NOT_FOUND,NORMAL,NORMAL
PF-001373,2026-09-01 19:11:11,ORD-003730,SKU-01140,D-04-01-02,QUANTITY_MISMATCH,NORMAL,NORMAL
PF-001134,2026-09-01 19:11:47,ORD-003080,SKU-00525,E-04-03-02,WRONG_LOCATION,NORMAL,NORMAL
PF-002211,2026-09-01 19:11:49,ORD-004965,SKU-00402,B-02-01-02,QUANTITY_MISMATCH,NORMAL,NORMAL
PF-002572,2026-09-01 19:12:34,ORD-002385,SKU-00833,E-03-05-02,WRONG_LOCATION,URGENT,NORMAL
PF-002246,2026-09-01 19:13:16,ORD-004465,SKU-00192,D-08-03-02,QUANTITY_MISMATCH,URGENT,NORMAL
PF-001295,2026-09-01 19:13:48,ORD-002701,SKU-00940,F-02-05-02,EMPTY_BIN,HIGH,NORMAL
PF-000092,2026-09-01 19:14:05,ORD-003497,SKU-00512,F-06-05-02,NOT_FOUND,HIGH,NORMAL
PF-001188,2026-09-01 19:15:04,ORD-002544,SKU-01083,B-03-04-02,WRONG_LOCATION,NORMAL,NORMAL
PF-002673,2026-09-01 19:17:50,ORD-001375,SKU-00399,D-08-03-01,LOCATION_BLOCKED,NORMAL,NORMAL
PF-002649,2026-09-01 19:20:01,ORD-001385,SKU-00864,B-03-04-02,NOT_FOUND,NORMAL,NORMAL
PF-000353,2026-09-01 19:20:33,ORD-004205,SKU-01544,B-03-05-02,NOT_FOUND,NORMAL,NORMAL
PF-001545,2026-09-01 19:21:29,ORD-000728,SKU-01570,B-09-02-02,WRONG_LOCATION,HIGH,NORMAL
PF-001967,2026-09-01 19:21:51,ORD-003513,SKU-00389,E-05-05-01,EMPTY_BIN,NORMAL,NORMAL
PF-002726,2026-09-01 19:22:18,ORD-002964,SKU-00059,A-09-04-01,WRONG_LOCATION,NORMAL,NORMAL
PF-000521,2026-09-01 19:24:46,ORD-001296,SKU-00185,B-06-01-02,LOCATION_BLOCKED,URGENT,NORMAL
PF-000016,2026-09-01 19:24:52,ORD-004596,SKU-00543,B-03-03-02,WRONG_LOCATION,NORMAL,NORMAL
PF-002329,2026-09-01 19:24:53,ORD-004493,SKU-01763,E-10-04-01,EMPTY_BIN,NORMAL,NORMAL
PF-002678,2026-09-01 19:25:08,ORD-003890,SKU-00227,E-01-05-01,NOT_FOUND,NORMAL,NORMAL
PF-002817,2026-09-01 19:27:17,ORD-003503,SKU-01270,D-04-01-01,LOCATION_BLOCKED,HIGH,NORMAL
PF-002551,2026-09-01 19:27:18,ORD-000646,SKU-01174,C-05-05-01,EMPTY_BIN,HIGH,NORMAL
PF-000503,2026-09-01 19:27:20,ORD-000322,SKU-00441,F-06-05-02,QUANTITY_MISMATCH,HIGH,NORMAL
PF-002472,2026-09-01 19:28:49,ORD-002557,SKU-01168,D-10-05-01,WRONG_LOCATION,NORMAL,NORMAL
PF-002777,2026-09-01 19:28:56,ORD-004894,SKU-01351,A-09-02-01,QUANTITY_MISMATCH,HIGH,NORMAL
PF-000613,2026-09-01 19:29:27,ORD-000619,SKU-01978,B-09-05-02,QUANTITY_MISMATCH,HIGH,NORMAL
PF-000449,2026-09-01 19:30:20,ORD-002448,SKU-00289,B-09-05-01,EMPTY_BIN,NORMAL,NORMAL
PF-002014,2026-09-01 19:31:19,ORD-001599,SKU-00731,C-01-01-01,LOCATION_BLOCKED,NORMAL,NORMAL
PF-000850,2026-09-01 19:32:44,ORD-000765,SKU-01601,B-10-04-01,WRONG_LOCATION,NORMAL,NORMAL
PF-002235,2026-09-01 19:33:43,ORD-004021,SKU-01845,A-08-02-01,LOCATION_BLOCKED,URGENT,NORMAL
PF-000080,2026-09-01 19:34:03,ORD-000859,SKU-00074,F-09-05-01,WRONG_LOCATION,NORMAL,NORMAL
PF-002576,2026-09-01 19:35:03,ORD-003156,SKU-00839,B-03-05-01,WRONG_LOCATION,NORMAL,NORMAL
PF-002767,2026-09-01 19:36:04,ORD-000135,SKU-00616,C-04-04-01,LOCATION_BLOCKED,URGENT,NORMAL
PF-001227,2026-09-01 19:37:38,ORD-001757,SKU-00943,E-05-01-01,EMPTY_BIN,NORMAL,NORMAL
PF-001348,2026-09-01 19:37:46,ORD-002701,SKU-01292,A-04-01-02,WRONG_LOCATION,URGENT,NORMAL
PF-000730,2026-09-01 19:38:35,ORD-003691,SKU-00964,B-08-02-02,NOT_FOUND,NORMAL,NORMAL
PF-000569,2026-09-01 19:38:37,ORD-001637,SKU-01431,E-01-03-02,LOCATION_BLOCKED,NORMAL,NORMAL
PF-000946,2026-09-01 19:39:03,ORD-002461,SKU-01408,C-08-01-01,LOCATION_BLOCKED,URGENT,NORMAL
PF-000440,2026-09-01 19:40:14,ORD-002420,SKU-00316,A-07-03-02,WRONG_LOCATION,URGENT,NORMAL
PF-002731,2026-09-01 19:40:47,ORD-004180,SKU-00112,D-03-05-01,WRONG_LOCATION,NORMAL,NORMAL
PF-000300,2026-09-01 19:42:39,ORD-001342,SKU-01287,C-04-05-01,WRONG_LOCATION,URGENT,NORMAL
PF-001906,2026-09-01 19:42:45,ORD-004734,SKU-00829,B-06-03-01,WRONG_LOCATION,NORMAL,NORMAL
PF-001046,2026-09-01 19:42:57,ORD-001699,SKU-00516,B-01-01-01,QUANTITY_MISMATCH,URGENT,NORMAL
PF-001417,2026-09-01 19:43:00,ORD-000584,SKU-00817,F-02-05-01,EMPTY_BIN,NORMAL,NORMAL
PF-002343,2026-09-01 19:44:40,ORD-002681,SKU-00432,C-04-03-02,WRONG_LOCATION,HIGH,NORMAL
PF-002914,2026-09-01 19:45:09,ORD-000637,SKU-00044,D-04-04-01,EMPTY_BIN,URGENT,NORMAL
PF-002590,2026-09-01 19:47:22,ORD-001931,SKU-00021,D-08-04-02,WRONG_LOCATION,NORMAL,NORMAL
PF-000156,2026-09-01 19:47:36,ORD-004767,SKU-00229,C-09-04-02,EMPTY_BIN,URGENT,NORMAL
PF-000642,2026-09-01 19:48:24,ORD-004239,SKU-01359,D-03-02-01,QUANTITY_MISMATCH,NORMAL,NORMAL
PF-000663,2026-09-01 19:49:08,ORD-001127,SKU-00910,E-01-04-02,NOT_FOUND,URGENT,NORMAL
PF-000775,2026-09-01 19:49:32,ORD-002412,SKU-01202,F-08-02-01,LOCATION_BLOCKED,URGENT,NORMAL
PF-002624,2026-09-01 19:49:59,ORD-002995,SKU-01675,C-02-03-01,WRONG_LOCATION,NORMAL,NORMAL
PF-002615,2026-09-01 19:50:41,ORD-002178,SKU-00085,F-02-01-02,LOCATION_BLOCKED,HIGH,NORMAL
PF-001239,2026-09-01 19:50:58,ORD-001349,SKU-01387,E-02-05-01,QUANTITY_MISMATCH,NORMAL,NORMAL
PF-000305,2026-09-01 19:51:29,ORD-002113,SKU-01717,D-08-03-02,LOCATION_BLOCKED,URGENT,NORMAL
PF-002996,2026-09-01 19:53:10,ORD-002825,SKU-00305,E-05-05-01,NOT_FOUND,HIGH,NORMAL
PF-002412,2026-09-01 19:55:45,ORD-001347,SKU-01439,F-10-01-02,LOCATION_BLOCKED,NORMAL,NORMAL
PF-000601,2026-09-01 19:57:14,ORD-004725,SKU-01147,D-07-03-02,WRONG_LOCATION,URGENT,NORMAL
PF-000302,2026-09-01 19:57:23,ORD-001399,SKU-01558,F-10-04-02,EMPTY_BIN,NORMAL,NORMAL
PF-001611,2026-09-01 19:58:33,ORD-003691,SKU-00506,F-03-03-01,WRONG_LOCATION,NORMAL,NORMAL
PF-001602,2026-09-01 20:00:04,ORD-000882,SKU-01356,F-01-05-01,EMPTY_BIN,NORMAL,NORMAL
PF-000214,2026-09-01 20:00:41,ORD-004589,SKU-01714,F-04-02-01,QUANTITY_MISMATCH,NORMAL,NORMAL
PF-002124,2026-09-01 20:00:59,ORD-004656,SKU-01229,F-03-05-02,WRONG_LOCATION,NORMAL,NORMAL
PF-002942,2026-09-01 20:01:00,ORD-003326,SKU-00247,B-01-01-01,LOCATION_BLOCKED,URGENT,NORMAL
PF-000239,2026-09-01 20:02:29,ORD-000655,SKU-00732,B-06-03-01,WRONG_LOCATION,URGENT,NORMAL
PF-000674,2026-09-01 20:02:48,ORD-002649,SKU-01419,C-02-04-01,EMPTY_BIN,NORMAL,NORMAL
PF-002559,2026-09-01 20:03:13,ORD-001921,SKU-01454,D-06-01-01,LOCATION_BLOCKED,NORMAL,NORMAL
PF-001353,2026-09-01 20:03:16,ORD-003573,SKU-01351,A-09-02-01,QUANTITY_MISMATCH,URGENT,NORMAL
PF-001539,2026-09-01 20:03:33,ORD-004662,SKU-00197,D-10-04-01,NOT_FOUND,NORMAL,NORMAL
PF-000161,2026-09-01 20:04:33,ORD-001576,SKU-01581,B-06-05-01,WRONG_LOCATION,NORMAL,NORMAL
PF-000491,2026-09-01 20:05:07,ORD-001170,SKU-00588,F-02-02-01,EMPTY_BIN,NORMAL,NORMAL
PF-001107,2026-09-01 20:05:20,ORD-001374,SKU-00462,B-02-01-02,QUANTITY_MISMATCH,NORMAL,NORMAL
PF-002790,2026-09-01 20:05:53,ORD-003810,SKU-00664,A-06-03-01,NOT_FOUND,NORMAL,NORMAL
PF-001751,2026-09-01 20:06:36,ORD-001221,SKU-00836,E-06-01-01,NOT_FOUND,NORMAL,NORMAL
PF-002244,2026-09-01 20:06:37,ORD-002828,SKU-00949,D-04-04-02,WRONG_LOCATION,NORMAL,NORMAL
PF-002710,2026-09-01 20:08:01,ORD-001193,SKU-01010,F-02-01-02,LOCATION_BLOCKED,NORMAL,NORMAL
PF-000119,2026-09-01 20:08:45,ORD-000715,SKU-00230,E-10-05-01,LOCATION_BLOCKED,HIGH,NORMAL
PF-000405,2026-09-01 20:08:56,ORD-003022,SKU-00594,D-02-02-02,QUANTITY_MISMATCH,NORMAL,NORMAL
PF-000818,2026-09-01 20:09:15,ORD-003701,SKU-00707,A-02-04-01,LOCATION_BLOCKED,URGENT,NORMAL
PF-002621,2026-09-01 20:09:41,ORD-004601,SKU-01059,F-10-04-01,NOT_FOUND,NORMAL,NORMAL
PF-001041,2026-09-01 20:09:51,ORD-000712,SKU-01741,E-07-01-01,NOT_FOUND,NORMAL,NORMAL
PF-001102,2026-09-01 20:10:01,ORD-000159,SKU-00139,E-05-04-02,NOT_FOUND,URGENT,NORMAL
PF-002309,2026-09-01 20:10:35,ORD-001399,SKU-00788,F-04-02-01,WRONG_LOCATION,NORMAL,NORMAL
PF-001147,2026-09-01 20:13:16,ORD-004373,SKU-01935,F-03-05-02,EMPTY_BIN,URGENT,NORMAL
PF-000867,2026-09-01 20:13:41,ORD-001399,SKU-00088,D-05-02-02,WRONG_LOCATION,HIGH,NORMAL
PF-002637,2026-09-01 20:14:41,ORD-003390,SKU-00744,A-01-01-02,WRONG_LOCATION,NORMAL,NORMAL
PF-000470,2026-09-01 20:16:57,ORD-004771,SKU-01046,A-03-05-02,QUANTITY_MISMATCH,HIGH,NORMAL
PF-002909,2026-09-01 20:17:07,ORD-004053,SKU-00768,B-03-04-01,LOCATION_BLOCKED,NORMAL,NORMAL
PF-001726,2026-09-01 20:17:29,ORD-000321,SKU-01696,A-01-03-01,QUANTITY_MISMATCH,NORMAL,NORMAL
PF-000476,2026-09-01 20:17:41,ORD-000201,SKU-01156,D-10-03-02,WRONG_LOCATION,NORMAL,NORMAL
PF-002922,2026-09-01 20:18:57,ORD-003153,SKU-00127,A-07-04-02,NOT_FOUND,NORMAL,NORMAL
PF-000727,2026-09-01 20:19:31,ORD-000096,SKU-01010,F-02-01-02,QUANTITY_MISMATCH,NORMAL,NORMAL
PF-000019,2026-09-01 20:21:02,ORD-003316,SKU-01502,B-01-04-01,NOT_FOUND,NORMAL,NORMAL
PF-001378,2026-09-01 20:21:12,ORD-001614,SKU-00307,B-07-03-01,NOT_FOUND,HIGH,NORMAL
PF-002442,2026-09-01 20:21:54,ORD-002737,SKU-01893,C-03-04-02,LOCATION_BLOCKED,HIGH,NORMAL
PF-001663,2026-09-01 20:25:55,ORD-002353,SKU-00944,A-10-05-02,NOT_FOUND,NORMAL,NORMAL
PF-001818,2026-09-01 20:28:43,ORD-002979,SKU-01775,F-07-05-01,NOT_FOUND,HIGH,NORMAL
PF-002459,2026-09-01 20:28:46,ORD-004637,SKU-01060,B-06-03-01,EMPTY_BIN,NORMAL,NORMAL
PF-001343,2026-09-01 20:29:45,ORD-004174,SKU-00965,B-05-03-01,LOCATION_BLOCKED,NORMAL,NORMAL
PF-002943,2026-09-01 20:30:58,ORD-000996,SKU-01915,B-06-04-02,LOCATION_BLOCKED,HIGH,NORMAL
PF-001496,2026-09-01 20:31:23,ORD-001390,SKU-01801,B-02-05-01,NOT_FOUND,URGENT,NORMAL
PF-000355,2026-09-01 20:31:28,ORD-004191,SKU-01987,A-03-02-01,WRONG_LOCATION,HIGH,NORMAL
PF-001018,2026-09-01 20:33:18,ORD-004412,SKU-01193,D-10-04-01,WRONG_LOCATION,URGENT,NORMAL
PF-000993,2026-09-01 20:34:38,ORD-000607,SKU-01184,C-04-01-01,WRONG_LOCATION,NORMAL,NORMAL
PF-001412,2026-09-01 20:35:00,ORD-000101,SKU-01574,D-06-03-02,EMPTY_BIN,URGENT,NORMAL
PF-000292,2026-09-01 20:36:04,ORD-002407,SKU-00727,C-08-04-01,WRONG_LOCATION,NORMAL,NORMAL
PF-000205,2026-09-01 20:36:06,ORD-002615,SKU-00252,C-02-05-01,LOCATION_BLOCKED,URGENT,NORMAL
PF-001089,2026-09-01 20:36:41,ORD-002723,SKU-01902,D-08-02-02,LOCATION_BLOCKED,URGENT,NORMAL
PF-002403,2026-09-01 20:37:14,ORD-003078,SKU-01992,A-04-04-02,WRONG_LOCATION,NORMAL,NORMAL
PF-000193,2026-09-01 20:37:17,ORD-004224,SKU-01771,C-03-05-02,EMPTY_BIN,NORMAL,NORMAL
PF-000566,2026-09-01 20:39:48,ORD-002812,SKU-00491,B-06-05-02,WRONG_LOCATION,HIGH,NORMAL
PF-001037,2026-09-01 20:40:01,ORD-000047,SKU-00633,F-08-02-01,EMPTY_BIN,URGENT,NORMAL
PF-000093,2026-09-01 20:40:57,ORD-000893,SKU-01641,D-02-04-02,QUANTITY_MISMATCH,NORMAL,NORMAL
PF-002254,2026-09-01 20:41:47,ORD-001596,SKU-00974,E-06-04-01,QUANTITY_MISMATCH,URGENT,NORMAL
PF-000829,2026-09-01 20:42:08,ORD-002322,SKU-00478,A-08-04-02,NOT_FOUND,NORMAL,NORMAL
PF-001992,2026-09-01 20:43:14,ORD-001239,SKU-00430,E-04-04-01,EMPTY_BIN,NORMAL,NORMAL
PF-000728,2026-09-01 20:43:27,ORD-000610,SKU-00183,B-04-03-02,NOT_FOUND,NORMAL,NORMAL
PF-000559,2026-09-01 20:43:55,ORD-003608,SKU-01497,D-07-01-01,NOT_FOUND,NORMAL,NORMAL
PF-002071,2026-09-01 20:44:50,ORD-004515,SKU-00794,C-02-01-02,LOCATION_BLOCKED,NORMAL,NORMAL
PF-002645,2026-09-01 20:47:20,ORD-000561,SKU-01685,B-03-02-01,QUANTITY_MISMATCH,NORMAL,NORMAL
PF-001605,2026-09-01 20:47:40,ORD-000179,SKU-01369,C-01-03-02,LOCATION_BLOCKED,HIGH,NORMAL
PF-000612,2026-09-01 20:48:21,ORD-001957,SKU-01853,E-09-03-01,WRONG_LOCATION,NORMAL,NORMAL
PF-002340,2026-09-01 20:49:08,ORD-004020,SKU-00394,F-01-05-01,EMPTY_BIN,NORMAL,NORMAL
PF-000757,2026-09-01 20:51:11,ORD-003364,SKU-01010,F-02-01-02,LOCATION_BLOCKED,NORMAL,NORMAL
PF-001985,2026-09-01 20:51:24,ORD-003285,SKU-01396,A-03-01-02,LOCATION_BLOCKED,NORMAL,NORMAL
PF-002677,2026-09-01 20:52:32,ORD-001414,SKU-01337,E-05-05-02,WRONG_LOCATION,URGENT,NORMAL
PF-002840,2026-09-01 20:54:09,ORD-004805,SKU-01479,F-07-05-01,NOT_FOUND,HIGH,NORMAL
PF-002635,2026-09-01 20:54:43,ORD-001279,SKU-01245,E-09-04-02,QUANTITY_MISMATCH,URGENT,NORMAL
PF-001330,2026-09-01 20:54:46,ORD-000736,SKU-01253,F-05-05-01,QUANTITY_MISMATCH,URGENT,NORMAL
PF-000744,2026-09-01 20:55:22,ORD-000697,SKU-01256,C-01-04-02,WRONG_LOCATION,HIGH,NORMAL
PF-000385,2026-09-01 20:56:40,ORD-001588,SKU-01586,E-05-01-02,WRONG_LOCATION,NORMAL,NORMAL
PF-000003,2026-09-01 20:56:51,ORD-003221,SKU-00947,D-10-04-01,EMPTY_BIN,HIGH,NORMAL
PF-002020,2026-09-01 20:57:47,ORD-002870,SKU-00589,B-05-03-01,EMPTY_BIN,URGENT,NORMAL
PF-001439,2026-09-01 20:57:55,ORD-004487,SKU-00015,F-08-03-02,QUANTITY_MISMATCH,HIGH,NORMAL
PF-001247,2026-09-01 21:01:32,ORD-004413,SKU-00526,E-01-04-02,LOCATION_BLOCKED,URGENT,NORMAL
PF-001880,2026-09-01 21:01:39,ORD-004830,SKU-01874,B-04-05-01,LOCATION_BLOCKED,HIGH,NORMAL
PF-001415,2026-09-01 21:01:43,ORD-004984,SKU-00542,F-06-03-01,LOCATION_BLOCKED,NORMAL,NORMAL
PF-000881,2026-09-01 21:02:20,ORD-004212,SKU-00480,B-04-04-02,EMPTY_BIN,URGENT,NORMAL
PF-001484,2026-09-01 21:02:37,ORD-001677,SKU-01731,D-03-01-01,EMPTY_BIN,URGENT,NORMAL
PF-000241,2026-09-01 21:02:54,ORD-003732,SKU-01511,A-07-01-02,LOCATION_BLOCKED,HIGH,NORMAL
PF-002368,2026-09-01 21:03:02,ORD-004113,SKU-01230,C-10-02-02,WRONG_LOCATION,URGENT,NORMAL
PF-001090,2026-09-01 21:03:21,ORD-000886,SKU-00239,D-06-05-01,WRONG_LOCATION,NORMAL,NORMAL
PF-002407,2026-09-01 21:03:40,ORD-002675,SKU-00301,D-08-03-01,QUANTITY_MISMATCH,NORMAL,NORMAL
PF-000623,2026-09-01 21:05:15,ORD-000304,SKU-00699,A-08-02-01,WRONG_LOCATION,HIGH,NORMAL
PF-002959,2026-09-01 21:05:28,ORD-000512,SKU-00808,F-10-04-02,WRONG_LOCATION,URGENT,NORMAL
PF-001773,2026-09-01 21:07:05,ORD-004795,SKU-00154,F-07-03-01,LOCATION_BLOCKED,NORMAL,NORMAL
PF-000869,2026-09-01 21:07:40,ORD-003635,SKU-01335,D-02-01-01,QUANTITY_MISMATCH,NORMAL,NORMAL
PF-002663,2026-09-01 21:08:33,ORD-002665,SKU-00635,A-04-02-02,QUANTITY_MISMATCH,HIGH,NORMAL
PF-002387,2026-09-01 21:08:50,ORD-004331,SKU-00642,C-06-01-02,QUANTITY_MISMATCH,NORMAL,NORMAL
PF-000909,2026-09-01 21:09:55,ORD-000237,SKU-00143,D-10-03-02,QUANTITY_MISMATCH,NORMAL,NORMAL
PF-001954,2026-09-01 21:10:05,ORD-002099,SKU-01567,C-10-05-01,QUANTITY_MISMATCH,URGENT,NORMAL
PF-001064,2026-09-01 21:10:17,ORD-004688,SKU-00885,F-05-03-02,WRONG_LOCATION,URGENT,NORMAL
PF-002698,2026-09-01 21:10:59,ORD-003613,SKU-00972,E-06-01-01,EMPTY_BIN,NORMAL,NORMAL
PF-002163,2026-09-01 21:13:39,ORD-003430,SKU-00981,A-05-03-02,QUANTITY_MISMATCH,URGENT,NORMAL
PF-000893,2026-09-01 21:15:41,ORD-001750,SKU-01474,F-06-04-02,QUANTITY_MISMATCH,HIGH,NORMAL
PF-000493,2026-09-01 21:16:26,ORD-003164,SKU-01617,B-06-02-01,LOCATION_BLOCKED,NORMAL,NORMAL
PF-001117,2026-09-01 21:16:29,ORD-001747,SKU-01058,F-09-03-01,NOT_FOUND,HIGH,NORMAL
PF-002839,2026-09-01 21:16:53,ORD-003801,SKU-01376,D-07-03-01,LOCATION_BLOCKED,URGENT,NORMAL
PF-002506,2026-09-01 21:19:47,ORD-002923,SKU-00374,A-01-03-01,WRONG_LOCATION,HIGH,NORMAL
PF-000900,2026-09-01 21:20:27,ORD-003884,SKU-01111,E-02-01-01,WRONG_LOCATION,HIGH,NORMAL
PF-000618,2026-09-01 21:22:45,ORD-004653,SKU-00583,F-10-05-02,WRONG_LOCATION,NORMAL,NORMAL
PF-001472,2026-09-01 21:23:36,ORD-000223,SKU-01664,D-01-03-02,LOCATION_BLOCKED,URGENT,NORMAL
PF-002081,2026-09-01 21:24:00,ORD-002658,SKU-01848,A-08-02-01,WRONG_LOCATION,URGENT,NORMAL
PF-002364,2026-09-01 21:24:25,ORD-000116,SKU-00553,B-02-03-02,EMPTY_BIN,URGENT,NORMAL
PF-001433,2026-09-01 21:24:59,ORD-002367,SKU-00309,B-01-03-01,EMPTY_BIN,HIGH,NORMAL
PF-002896,2026-09-01 21:26:05,ORD-004546,SKU-00250,B-04-05-02,EMPTY_BIN,NORMAL,NORMAL
PF-001319,2026-09-01 21:28:29,ORD-004993,SKU-01775,F-07-05-01,QUANTITY_MISMATCH,NORMAL,NORMAL
PF-001223,2026-09-01 21:29:11,ORD-000098,SKU-01889,D-04-01-02,LOCATION_BLOCKED,NORMAL,NORMAL
PF-002406,2026-09-01 21:30:10,ORD-000029,SKU-01056,E-07-02-01,QUANTITY_MISMATCH,HIGH,NORMAL
PF-001705,2026-09-01 21:30:51,ORD-000691,SKU-00334,E-09-03-01,WRONG_LOCATION,HIGH,NORMAL
PF-001416,2026-09-01 21:31:56,ORD-000177,SKU-01738,D-01-03-01,EMPTY_BIN,NORMAL,NORMAL
PF-000162,2026-09-01 21:32:48,ORD-001760,SKU-00196,B-07-05-02,QUANTITY_MISMATCH,HIGH,NORMAL
PF-001920,2026-09-01 21:33:30,ORD-002465,SKU-01422,A-07-05-01,QUANTITY_MISMATCH,URGENT,NORMAL
PF-002050,2026-09-01 21:34:17,ORD-002902,SKU-01503,B-10-04-01,QUANTITY_MISMATCH,NORMAL,NORMAL
PF-002871,2026-09-01 21:34:52,ORD-002794,SKU-01950,C-06-02-01,QUANTITY_MISMATCH,NORMAL,NORMAL
PF-001596,2026-09-01 21:37:22,ORD-001172,SKU-01036,E-08-02-02,QUANTITY_MISMATCH,NORMAL,NORMAL
PF-002222,2026-09-01 21:38:23,ORD-003114,SKU-00697,B-05-04-02,WRONG_LOCATION,NORMAL,NORMAL
PF-002410,2026-09-01 21:38:47,ORD-000747,SKU-00275,F-02-04-02,EMPTY_BIN,NORMAL,NORMAL
PF-002913,2026-09-01 21:39:34,ORD-003141,SKU-01899,E-02-04-01,EMPTY_BIN,URGENT,NORMAL
PF-000229,2026-09-01 21:40:13,ORD-001608,SKU-01713,B-01-05-01,NOT_FOUND,URGENT,NORMAL
PF-000447,2026-09-01 21:40:23,ORD-004529,SKU-01523,D-03-04-02,LOCATION_BLOCKED,NORMAL,NORMAL
PF-000986,2026-09-01 21:40:29,ORD-001072,SKU-00333,C-10-02-02,EMPTY_BIN,NORMAL,NORMAL
PF-001219,2026-09-01 21:41:03,ORD-004273,SKU-00235,C-05-03-01,QUANTITY_MISMATCH,URGENT,NORMAL
PF-000500,2026-09-01 21:41:35,ORD-004688,SKU-00995,D-02-01-01,QUANTITY_MISMATCH,NORMAL,NORMAL
PF-000359,2026-09-01 21:43:29,ORD-004937,SKU-00877,B-10-03-01,LOCATION_BLOCKED,NORMAL,NORMAL
PF-002086,2026-09-01 21:44:36,ORD-001541,SKU-00276,B-01-04-02,EMPTY_BIN,HIGH,NORMAL
PF-002676,2026-09-01 21:45:21,ORD-004909,SKU-01507,B-10-05-01,NOT_FOUND,NORMAL,NORMAL
PF-002537,2026-09-01 21:46:04,ORD-000004,SKU-00845,B-10-02-01,QUANTITY_MISMATCH,HIGH,NORMAL
PF-000891,2026-09-01 21:47:49,ORD-004751,SKU-01546,A-06-03-02,QUANTITY_MISMATCH,NORMAL,NORMAL
PF-000170,2026-09-01 21:48:42,ORD-002780,SKU-01788,F-08-03-01,NOT_FOUND,URGENT,NORMAL
PF-001132,2026-09-01 21:49:05,ORD-004159,SKU-00904,F-06-02-01,NOT_FOUND,HIGH,NORMAL
PF-001535,2026-09-01 21:49:38,ORD-004920,SKU-00937,F-09-03-01,QUANTITY_MISMATCH,NORMAL,NORMAL
PF-000676,2026-09-01 21:49:42,ORD-003241,SKU-01465,C-02-01-02,QUANTITY_MISMATCH,HIGH,NORMAL
PF-001722,2026-09-01 21:49:50,ORD-004836,SKU-01295,A-03-02-01,QUANTITY_MISMATCH,NORMAL,NORMAL
PF-000594,2026-09-01 21:50:28,ORD-001527,SKU-00676,A-06-05-01,QUANTITY_MISMATCH,NORMAL,NORMAL
PF-002243,2026-09-01 21:52:20,ORD-004800,SKU-00168,A-06-04-02,LOCATION_BLOCKED,NORMAL,NORMAL
PF-000783,2026-09-01 21:52:53,ORD-002637,SKU-00037,A-02-03-02,WRONG_LOCATION,NORMAL,NORMAL
PF-001955,2026-09-01 21:54:37,ORD-001181,SKU-01230,C-10-02-02,NOT_FOUND,URGENT,NORMAL
PF-001400,2026-09-01 21:54:56,ORD-001710,SKU-01557,C-01-04-01,EMPTY_BIN,NORMAL,NORMAL
PF-000111,2026-09-01 21:57:24,ORD-003277,SKU-01581,B-06-05-01,WRONG_LOCATION,NORMAL,NORMAL
PF-002437,2026-09-01 21:57:41,ORD-003661,SKU-00958,C-05-03-01,QUANTITY_MISMATCH,URGENT,NORMAL
PF-000299,2026-09-01 21:58:07,ORD-001702,SKU-00689,C-08-01-01,WRONG_LOCATION,URGENT,NORMAL
PF-000151,2026-09-01 21:58:20,ORD-000874,SKU-01696,A-01-03-01,WRONG_LOCATION,HIGH,NORMAL
PF-000399,2026-09-01 21:59:26,ORD-002687,SKU-01242,B-05-02-01,EMPTY_BIN,NORMAL,NORMAL
PF-000181,2026-09-01 21:59:29,ORD-004150,SKU-01048,C-02-04-02,WRONG_LOCATION,URGENT,NORMAL
PF-001145,2026-09-01 22:01:00,ORD-000031,SKU-00516,B-01-01-01,LOCATION_BLOCKED,NORMAL,NORMAL
PF-002953,2026-09-01 22:02:43,ORD-003481,SKU-01983,E-09-03-01,LOCATION_BLOCKED,URGENT,NORMAL
PF-000490,2026-09-01 22:03:01,ORD-002350,SKU-01804,E-10-04-01,EMPTY_BIN,NORMAL,NORMAL
PF-002409,2026-09-01 22:03:49,ORD-000560,SKU-00021,D-08-04-02,NOT_FOUND,URGENT,NORMAL
PF-001747,2026-09-01 22:03:50,ORD-004246,SKU-00238,A-08-02-02,LOCATION_BLOCKED,NORMAL,NORMAL
PF-000548,2026-09-01 22:04:04,ORD-000713,SKU-01451,B-02-03-02,LOCATION_BLOCKED,NORMAL,NORMAL
PF-002262,2026-09-01 22:04:22,ORD-003222,SKU-01855,C-02-03-02,NOT_FOUND,NORMAL,NORMAL
PF-001509,2026-09-01 22:04:29,ORD-002589,SKU-00857,D-02-04-01,NOT_FOUND,NORMAL,NORMAL
PF-002628,2026-09-01 22:04:57,ORD-000981,SKU-00005,D-05-05-02,LOCATION_BLOCKED,NORMAL,NORMAL
PF-002689,2026-09-01 22:05:06,ORD-003162,SKU-01444,C-05-03-01,EMPTY_BIN,HIGH,NORMAL
PF-001730,2026-09-01 22:05:38,ORD-000583,SKU-01304,B-08-05-02,LOCATION_BLOCKED,HIGH,NORMAL
PF-002286,2026-09-01 22:06:21,ORD-001759,SKU-01572,C-10-03-01,NOT_FOUND,URGENT,NORMAL
PF-001178,2026-09-01 22:06:22,ORD-004833,SKU-01622,E-06-01-01,WRONG_LOCATION,NORMAL,NORMAL
PF-002144,2026-09-01 22:07:31,ORD-003771,SKU-00755,E-02-02-01,NOT_FOUND,NORMAL,NORMAL
PF-000803,2026-09-01 22:08:00,ORD-000614,SKU-00205,A-08-02-02,WRONG_LOCATION,NORMAL,NORMAL
PF-001331,2026-09-01 22:10:48,ORD-004363,SKU-01749,B-02-01-01,NOT_FOUND,HIGH,NORMAL
PF-000977,2026-09-01 22:11:14,ORD-003747,SKU-01880,E-09-01-01,LOCATION_BLOCKED,NORMAL,NORMAL
PF-001613,2026-09-01 22:11:16,ORD-002450,SKU-00111,B-06-02-02,NOT_FOUND,NORMAL,NORMAL
PF-000283,2026-09-01 22:12:00,ORD-004655,SKU-01322,C-05-05-01,NOT_FOUND,NORMAL,NORMAL
PF-001849,2026-09-01 22:14:30,ORD-002552,SKU-00661,E-06-03-02,QUANTITY_MISMATCH,NORMAL,NORMAL
PF-000497,2026-09-01 22:15:32,ORD-004803,SKU-01772,A-06-04-02,LOCATION_BLOCKED,NORMAL,NORMAL
PF-002690,2026-09-01 22:15:56,ORD-001496,SKU-01035,C-03-04-01,WRONG_LOCATION,NORMAL,NORMAL
PF-000433,2026-09-01 22:17:11,ORD-002223,SKU-01998,A-02-04-01,WRONG_LOCATION,HIGH,NORMAL
PF-002930,2026-09-01 22:17:17,ORD-003287,SKU-00602,F-04-05-01,NOT_FOUND,NORMAL,NORMAL
PF-001011,2026-09-01 22:17:23,ORD-000862,SKU-00955,B-09-05-01,WRONG_LOCATION,HIGH,NORMAL
PF-001788,2026-09-01 22:17:30,ORD-004331,SKU-00075,B-06-02-02,LOCATION_BLOCKED,NORMAL,NORMAL
PF-000190,2026-09-01 22:18:22,ORD-004525,SKU-01265,C-08-02-02,LOCATION_BLOCKED,NORMAL,NORMAL
PF-000732,2026-09-01 22:18:38,ORD-002466,SKU-00229,C-09-04-02,LOCATION_BLOCKED,URGENT,NORMAL
PF-000570,2026-09-01 22:19:36,ORD-003186,SKU-00824,E-06-01-02,QUANTITY_MISMATCH,URGENT,NORMAL
PF-000841,2026-09-01 22:23:34,ORD-003899,SKU-01816,F-02-02-02,QUANTITY_MISMATCH,HIGH,NORMAL
PF-000182,2026-09-01 22:23:34,ORD-000992,SKU-00515,B-01-02-02,EMPTY_BIN,HIGH,NORMAL
PF-001923,2026-09-01 22:24:48,ORD-003957,SKU-01711,B-06-01-02,NOT_FOUND,NORMAL,NORMAL
PF-002660,2026-09-01 22:26:35,ORD-001644,SKU-00555,F-04-05-02,WRONG_LOCATION,NORMAL,NORMAL
PF-002917,2026-09-01 22:26:39,ORD-002580,SKU-01688,B-01-04-01,WRONG_LOCATION,HIGH,NORMAL
PF-002199,2026-09-01 22:27:22,ORD-001418,SKU-00223,C-07-04-02,NOT_FOUND,NORMAL,NORMAL
PF-000331,2026-09-01 22:27:54,ORD-002294,SKU-00543,B-03-03-02,WRONG_LOCATION,URGENT,NORMAL
PF-002193,2026-09-01 22:30:25,ORD-000827,SKU-01133,F-01-03-02,EMPTY_BIN,NORMAL,NORMAL
PF-001395,2026-09-01 22:33:45,ORD-001778,SKU-01777,C-07-01-01,EMPTY_BIN,URGENT,NORMAL
PF-000177,2026-09-01 22:35:39,ORD-003927,SKU-01696,A-01-03-01,EMPTY_BIN,HIGH,NORMAL
PF-002578,2026-09-01 22:35:54,ORD-001604,SKU-00518,C-05-05-02,LOCATION_BLOCKED,URGENT,NORMAL
PF-001133,2026-09-01 22:37:53,ORD-001660,SKU-00649,F-10-04-01,WRONG_LOCATION,NORMAL,NORMAL
PF-000040,2026-09-01 22:38:25,ORD-001674,SKU-01274,D-08-01-02,WRONG_LOCATION,NORMAL,NORMAL
PF-000204,2026-09-01 22:39:01,ORD-000258,SKU-01720,E-01-01-02,QUANTITY_MISMATCH,NORMAL,NORMAL
PF-000168,2026-09-01 22:40:02,ORD-000193,SKU-01825,F-07-03-01,EMPTY_BIN,HIGH,NORMAL
PF-002005,2026-09-01 22:41:56,ORD-004694,SKU-01215,F-03-01-02,QUANTITY_MISMATCH,URGENT,NORMAL
PF-002237,2026-09-01 22:43:26,ORD-000558,SKU-01333,B-01-01-01,EMPTY_BIN,NORMAL,NORMAL
PF-001190,2026-09-01 22:43:57,ORD-000640,SKU-00720,C-02-04-02,NOT_FOUND,HIGH,NORMAL
PF-002313,2026-09-01 22:44:00,ORD-000197,SKU-00447,E-07-04-02,LOCATION_BLOCKED,URGENT,NORMAL
PF-001048,2026-09-01 22:44:54,ORD-000758,SKU-01857,A-10-02-01,EMPTY_BIN,NORMAL,NORMAL
PF-002016,2026-09-01 22:45:48,ORD-001864,SKU-01441,D-06-04-02,QUANTITY_MISMATCH,HIGH,NORMAL
PF-001793,2026-09-01 22:46:29,ORD-002371,SKU-01328,C-05-03-02,LOCATION_BLOCKED,NORMAL,NORMAL
PF-002105,2026-09-01 22:47:12,ORD-004174,SKU-00711,E-04-02-01,QUANTITY_MISMATCH,URGENT,NORMAL
PF-002231,2026-09-01 22:47:15,ORD-001713,SKU-00229,C-09-04-02,WRONG_LOCATION,HIGH,NORMAL
PF-000800,2026-09-01 22:47:59,ORD-000768,SKU-01159,E-06-03-01,WRONG_LOCATION,URGENT,NORMAL
PF-002486,2026-09-01 22:50:29,ORD-002974,SKU-00408,C-08-01-02,EMPTY_BIN,NORMAL,NORMAL
PF-002614,2026-09-01 22:51:13,ORD-003557,SKU-01286,B-02-02-01,LOCATION_BLOCKED,NORMAL,NORMAL
PF-002202,2026-09-01 22:51:46,ORD-003961,SKU-01345,E-10-05-02,EMPTY_BIN,NORMAL,NORMAL
PF-000389,2026-09-01 22:52:01,ORD-002115,SKU-00463,B-07-03-01,EMPTY_BIN,URGENT,NORMAL
PF-001406,2026-09-01 22:53:09,ORD-000463,SKU-00167,F-04-04-01,QUANTITY_MISMATCH,NORMAL,NORMAL
PF-001473,2026-09-01 22:53:20,ORD-002622,SKU-00764,A-01-03-01,LOCATION_BLOCKED,URGENT,NORMAL
PF-001095,2026-09-01 22:56:34,ORD-001664,SKU-00571,F-03-01-02,EMPTY_BIN,NORMAL,NORMAL
PF-001989,2026-09-01 22:57:20,ORD-004639,SKU-00052,A-06-05-02,WRONG_LOCATION,NORMAL,NORMAL
PF-002328,2026-09-01 22:57:44,ORD-000525,SKU-01810,E-04-04-02,EMPTY_BIN,NORMAL,NORMAL
PF-000844,2026-09-01 22:57:46,ORD-001508,SKU-00097,A-02-01-01,LOCATION_BLOCKED,NORMAL,NORMAL
PF-001584,2026-09-01 22:57:52,ORD-003574,SKU-00073,E-06-03-02,QUANTITY_MISMATCH,HIGH,NORMAL
PF-001176,2026-09-01 22:58:55,ORD-002285,SKU-01440,B-02-03-01,QUANTITY_MISMATCH,NORMAL,NORMAL
PF-002294,2026-09-01 22:58:58,ORD-002607,SKU-00190,E-07-05-02,EMPTY_BIN,URGENT,NORMAL
PF-002166,2026-09-01 22:59:48,ORD-000806,SKU-00110,B-10-03-01,LOCATION_BLOCKED,NORMAL,NORMAL
PF-002292,2026-09-01 23:00:36,ORD-000894,SKU-00698,B-06-03-01,NOT_FOUND,NORMAL,NORMAL
PF-002834,2026-09-01 23:01:05,ORD-000355,SKU-01997,A-09-02-01,LOCATION_BLOCKED,URGENT,NORMAL
PF-000764,2026-09-01 23:02:01,ORD-003294,SKU-01457,C-03-04-02,QUANTITY_MISMATCH,HIGH,NORMAL
PF-002098,2026-09-01 23:04:07,ORD-004207,SKU-01162,D-07-05-02,QUANTITY_MISMATCH,NORMAL,NORMAL
PF-001859,2026-09-01 23:04:41,ORD-000042,SKU-00666,B-06-05-01,LOCATION_BLOCKED,NORMAL,NORMAL
PF-000420,2026-09-01 23:05:22,ORD-002708,SKU-01413,D-08-04-01,WRONG_LOCATION,HIGH,NORMAL
PF-001521,2026-09-01 23:06:41,ORD-002483,SKU-01162,D-07-05-02,EMPTY_BIN,HIGH,NORMAL
PF-000925,2026-09-01 23:07:48,ORD-002003,SKU-01531,B-02-05-02,NOT_FOUND,URGENT,NORMAL
PF-000369,2026-09-01 23:08:21,ORD-002233,SKU-00547,D-05-04-01,NOT_FOUND,NORMAL,NORMAL
PF-001833,2026-09-01 23:09:36,ORD-002441,SKU-01349,F-09-05-01,NOT_FOUND,HIGH,NORMAL
PF-001577,2026-09-01 23:12:06,ORD-004654,SKU-01762,D-08-02-01,WRONG_LOCATION,NORMAL,NORMAL
PF-000610,2026-09-01 23:12:36,ORD-003966,SKU-00153,D-08-03-02,LOCATION_BLOCKED,NORMAL,NORMAL
PF-002213,2026-09-01 23:13:58,ORD-001713,SKU-00590,F-08-02-02,WRONG_LOCATION,NORMAL,NORMAL
PF-001165,2026-09-01 23:14:00,ORD-000453,SKU-01650,A-08-03-02,QUANTITY_MISMATCH,HIGH,NORMAL
PF-001377,2026-09-01 23:14:34,ORD-001557,SKU-01032,C-09-05-02,WRONG_LOCATION,NORMAL,NORMAL
PF-000088,2026-09-01 23:15:24,ORD-003452,SKU-00695,C-07-02-01,WRONG_LOCATION,URGENT,NORMAL
PF-001217,2026-09-01 23:16:19,ORD-002630,SKU-01815,B-05-04-02,NOT_FOUND,URGENT,NORMAL
PF-000575,2026-09-01 23:17:36,ORD-002862,SKU-01769,F-03-01-02,EMPTY_BIN,NORMAL,NORMAL
PF-001856,2026-09-01 23:17:37,ORD-001882,SKU-00578,D-08-03-02,EMPTY_BIN,URGENT,NORMAL
PF-002269,2026-09-01 23:17:50,ORD-000013,SKU-00918,D-09-04-02,NOT_FOUND,URGENT,NORMAL
PF-001959,2026-09-01 23:18:03,ORD-001602,SKU-00749,B-09-05-01,EMPTY_BIN,URGENT,NORMAL
PF-001121,2026-09-01 23:18:56,ORD-004398,SKU-00205,A-08-02-02,QUANTITY_MISMATCH,URGENT,NORMAL
PF-000906,2026-09-01 23:19:13,ORD-000191,SKU-01296,D-08-01-01,QUANTITY_MISMATCH,HIGH,NORMAL
PF-001265,2026-09-01 23:21:14,ORD-001845,SKU-00926,D-09-01-01,QUANTITY_MISMATCH,NORMAL,NORMAL
PF-001801,2026-09-01 23:21:43,ORD-004543,SKU-00421,B-02-03-01,QUANTITY_MISMATCH,URGENT,NORMAL
PF-000397,2026-09-01 23:22:20,ORD-000443,SKU-00689,C-08-01-01,NOT_FOUND,HIGH,NORMAL
PF-000288,2026-09-01 23:23:09,ORD-004353,SKU-00974,E-06-04-01,NOT_FOUND,URGENT,NORMAL
PF-002740,2026-09-01 23:23:23,ORD-001100,SKU-01417,C-01-01-02,WRONG_LOCATION,URGENT,NORMAL
PF-000027,2026-09-01 23:24:56,ORD-000789,SKU-01706,B-04-05-02,EMPTY_BIN,HIGH,NORMAL
PF-000366,2026-09-01 23:25:10,ORD-001972,SKU-00074,F-09-05-01,QUANTITY_MISMATCH,NORMAL,NORMAL
PF-001258,2026-09-01 23:28:13,ORD-004697,SKU-00073,E-06-03-02,NOT_FOUND,HIGH,NORMAL
PF-001853,2026-09-01 23:29:09,ORD-001122,SKU-01180,D-08-04-01,LOCATION_BLOCKED,HIGH,NORMAL
PF-001363,2026-09-01 23:29:12,ORD-000831,SKU-01095,C-09-03-01,NOT_FOUND,HIGH,NORMAL
PF-000778,2026-09-01 23:29:24,ORD-000092,SKU-00852,E-08-04-02,EMPTY_BIN,NORMAL,NORMAL
PF-002017,2026-09-01 23:30:01,ORD-004264,SKU-01345,E-10-05-02,WRONG_LOCATION,URGENT,NORMAL
PF-002137,2026-09-01 23:30:20,ORD-000454,SKU-01685,B-03-02-01,NOT_FOUND,HIGH,NORMAL
PF-002216,2026-09-01 23:30:38,ORD-001640,SKU-01343,F-08-03-02,NOT_FOUND,URGENT,NORMAL
PF-002214,2026-09-01 23:30:53,ORD-000044,SKU-00992,B-03-01-02,QUANTITY_MISMATCH,URGENT,NORMAL
PF-000217,2026-09-01 23:31:15,ORD-002539,SKU-01088,E-01-04-01,QUANTITY_MISMATCH,HIGH,NORMAL
PF-002602,2026-09-01 23:32:04,ORD-004274,SKU-01363,D-04-04-02,NOT_FOUND,NORMAL,NORMAL
PF-001621,2026-09-01 23:32:25,ORD-001518,SKU-01905,E-02-05-01,QUANTITY_MISMATCH,NORMAL,NORMAL
PF-000310,2026-09-01 23:33:38,ORD-001381,SKU-01711,B-06-01-02,NOT_FOUND,NORMAL,NORMAL
PF-002787,2026-09-01 23:33:53,ORD-003935,SKU-01003,D-01-03-02,LOCATION_BLOCKED,HIGH,NORMAL
PF-000179,2026-09-01 23:35:16,ORD-004718,SKU-01522,F-04-02-02,LOCATION_BLOCKED,URGENT,NORMAL
PF-000404,2026-09-01 23:37:40,ORD-002088,SKU-00101,B-02-03-02,EMPTY_BIN,NORMAL,NORMAL
PF-002499,2026-09-01 23:38:13,ORD-000762,SKU-00612,F-01-02-02,QUANTITY_MISMATCH,NORMAL,NORMAL
PF-000823,2026-09-01 23:38:34,ORD-004882,SKU-01194,A-09-04-02,LOCATION_BLOCKED,NORMAL,NORMAL
PF-001242,2026-09-01 23:38:36,ORD-002434,SKU-00448,C-08-05-01,EMPTY_BIN,NORMAL,NORMAL
PF-000779,2026-09-01 23:43:27,ORD-001707,SKU-01734,E-01-05-01,NOT_FOUND,HIGH,NORMAL
PF-002088,2026-09-01 23:45:19,ORD-002960,SKU-01011,F-06-02-01,QUANTITY_MISMATCH,URGENT,NORMAL
PF-002665,2026-09-01 23:46:04,ORD-003928,SKU-01308,E-04-03-01,NOT_FOUND,URGENT,NORMAL
PF-001748,2026-09-01 23:46:17,ORD-004642,SKU-00322,A-08-01-02,EMPTY_BIN,URGENT,NORMAL
PF-002392,2026-09-01 23:46:22,ORD-004423,SKU-01992,A-04-04-02,LOCATION_BLOCKED,NORMAL,NORMAL
PF-001541,2026-09-01 23:48:31,ORD-004741,SKU-00531,B-06-03-01,EMPTY_BIN,NORMAL,NORMAL
PF-002444,2026-09-01 23:49:50,ORD-004000,SKU-01993,F-04-01-01,WRONG_LOCATION,NORMAL,NORMAL
PF-001215,2026-09-01 23:50:22,ORD-001161,SKU-01844,B-05-05-02,WRONG_LOCATION,HIGH,NORMAL
PF-002484,2026-09-01 23:52:04,ORD-003658,SKU-01801,B-02-05-01,LOCATION_BLOCKED,NORMAL,NORMAL
PF-000885,2026-09-01 23:53:14,ORD-001544,SKU-00383,B-03-03-01,LOCATION_BLOCKED,HIGH,NORMAL
PF-002653,2026-09-01 23:54:27,ORD-003365,SKU-00457,E-03-02-02,EMPTY_BIN,HIGH,NORMAL
PF-000589,2026-09-01 23:55:06,ORD-000145,SKU-00731,C-01-01-01,WRONG_LOCATION,HIGH,NORMAL
PF-000259,2026-09-01 23:55:47,ORD-000556,SKU-01220,C-09-01-01,QUANTITY_MISMATCH,HIGH,NORMAL
PF-000485,2026-09-01 23:55:50,ORD-000654,SKU-00883,F-01-05-01,WRONG_LOCATION,NORMAL,NORMAL
PF-002981,2026-09-01 23:56:53,ORD-004243,SKU-00696,E-10-01-02,LOCATION_BLOCKED,URGENT,NORMAL
PF-002535,2026-09-01 23:57:16,ORD-001024,SKU-00480,B-04-04-02,WRONG_LOCATION,HIGH,NORMAL
PF-002290,2026-09-01 23:57:23,ORD-001845,SKU-00256,B-07-05-01,LOCATION_BLOCKED,NORMAL,NORMAL
PF-001056,2026-09-01 23:57:37,ORD-004293,SKU-01377,A-08-02-01,WRONG_LOCATION,NORMAL,NORMAL
PF-002546,2026-09-01 23:57:42,ORD-002759,SKU-01744,A-04-05-01,WRONG_LOCATION,URGENT,NORMAL
PF-002339,2026-09-01 23:59:21,ORD-002117,SKU-00904,F-06-02-01,EMPTY_BIN,NORMAL,NORMAL
PF-000122,2026-09-01 23:59:38,ORD-001694,SKU-00928,E-06-01-01,QUANTITY_MISMATCH,HIGH,NORMAL
PF-001022,2026-09-02 00:00:31,ORD-003218,SKU-00519,B-01-03-02,QUANTITY_MISMATCH,HIGH,NORMAL
PF-002046,2026-09-02 00:00:51,ORD-002501,SKU-01266,A-06-05-01,WRONG_LOCATION,NORMAL,NORMAL
PF-000454,2026-09-02 00:01:34,ORD-003893,SKU-00911,E-03-02-01,NOT_FOUND,URGENT,NORMAL
PF-002370,2026-09-02 00:02:36,ORD-002323,SKU-00916,B-05-04-02,NOT_FOUND,URGENT,NORMAL
PF-001442,2026-09-02 00:02:45,ORD-001095,SKU-00269,F-05-04-01,WRONG_LOCATION,URGENT,NORMAL
PF-001502,2026-09-02 00:02:54,ORD-003724,SKU-00217,A-05-01-02,QUANTITY_MISMATCH,NORMAL,NORMAL
PF-001768,2026-09-02 00:03:08,ORD-000038,SKU-01337,E-05-05-02,NOT_FOUND,NORMAL,NORMAL
PF-002783,2026-09-02 00:04:42,ORD-001690,SKU-01577,C-08-05-02,WRONG_LOCATION,NORMAL,NORMAL
PF-000719,2026-09-02 00:04:48,ORD-000775,SKU-00657,A-09-02-02,WRONG_LOCATION,NORMAL,NORMAL
PF-001904,2026-09-02 00:05:42,ORD-003050,SKU-00046,F-03-02-02,QUANTITY_MISMATCH,NORMAL,NORMAL
PF-002961,2026-09-02 00:06:00,ORD-004035,SKU-00087,F-02-03-01,WRONG_LOCATION,NORMAL,NORMAL
PF-001640,2026-09-02 00:06:05,ORD-004187,SKU-00236,A-09-02-02,EMPTY_BIN,NORMAL,NORMAL
PF-002940,2026-09-02 00:06:11,ORD-001099,SKU-00885,F-05-03-02,EMPTY_BIN,URGENT,NORMAL
PF-002962,2026-09-02 00:07:08,ORD-000472,SKU-01523,D-03-04-02,EMPTY_BIN,NORMAL,NORMAL
PF-001554,2026-09-02 00:09:12,ORD-002889,SKU-00950,E-09-04-01,LOCATION_BLOCKED,NORMAL,NORMAL
PF-GT-002,2026-09-02 00:10:00,ORD-GT-002,SKU-00002,B-06-02-02,WRONG_LOCATION,NORMAL,NORMAL
PF-002113,2026-09-02 00:10:14,ORD-004592,SKU-00071,D-03-05-02,WRONG_LOCATION,NORMAL,NORMAL
PF-001986,2026-09-02 00:13:11,ORD-002032,SKU-00990,C-01-01-01,NOT_FOUND,URGENT,NORMAL
PF-001867,2026-09-02 00:14:34,ORD-001497,SKU-00693,C-05-03-02,WRONG_LOCATION,NORMAL,NORMAL
PF-002212,2026-09-02 00:15:56,ORD-003165,SKU-01498,B-06-04-01,NOT_FOUND,HIGH,NORMAL
PF-001150,2026-09-02 00:16:24,ORD-003776,SKU-00894,E-10-04-02,LOCATION_BLOCKED,NORMAL,NORMAL
PF-000496,2026-09-02 00:17:41,ORD-003402,SKU-00977,D-04-02-02,EMPTY_BIN,NORMAL,NORMAL
PF-002924,2026-09-02 00:18:46,ORD-002635,SKU-01138,A-02-03-01,EMPTY_BIN,NORMAL,NORMAL
PF-002305,2026-09-02 00:19:07,ORD-004161,SKU-00504,B-07-01-01,NOT_FOUND,NORMAL,NORMAL
PF-002270,2026-09-02 00:20:18,ORD-004204,SKU-00578,D-08-03-02,QUANTITY_MISMATCH,HIGH,NORMAL
PF-001324,2026-09-02 00:20:25,ORD-000005,SKU-01284,D-08-02-02,NOT_FOUND,NORMAL,NORMAL
PF-002490,2026-09-02 00:20:32,ORD-002474,SKU-00489,A-09-01-01,QUANTITY_MISMATCH,NORMAL,NORMAL
PF-001885,2026-09-02 00:20:46,ORD-004434,SKU-01073,A-09-05-01,NOT_FOUND,NORMAL,NORMAL
PF-001845,2026-09-02 00:21:24,ORD-000262,SKU-00474,D-04-03-01,EMPTY_BIN,HIGH,NORMAL
PF-002419,2026-09-02 00:21:37,ORD-001061,SKU-01845,A-08-02-01,LOCATION_BLOCKED,URGENT,NORMAL
PF-001694,2026-09-02 00:22:12,ORD-003561,SKU-01123,E-07-02-01,QUANTITY_MISMATCH,NORMAL,NORMAL
PF-002582,2026-09-02 00:22:45,ORD-002415,SKU-00106,A-02-01-01,WRONG_LOCATION,NORMAL,NORMAL
PF-002851,2026-09-02 00:22:51,ORD-001088,SKU-01735,D-05-05-02,NOT_FOUND,HIGH,NORMAL
PF-002650,2026-09-02 00:22:51,ORD-002082,SKU-00661,E-06-03-02,NOT_FOUND,NORMAL,NORMAL
PF-000852,2026-09-02 00:23:32,ORD-000824,SKU-01508,D-01-02-01,WRONG_LOCATION,NORMAL,NORMAL
PF-001365,2026-09-02 00:23:37,ORD-004623,SKU-00911,E-03-02-01,NOT_FOUND,HIGH,NORMAL
PF-001016,2026-09-02 00:23:42,ORD-001373,SKU-00862,F-09-03-01,QUANTITY_MISMATCH,URGENT,NORMAL
PF-000008,2026-09-02 00:23:42,ORD-000141,SKU-00164,D-04-03-01,QUANTITY_MISMATCH,NORMAL,NORMAL
PF-001131,2026-09-02 00:26:11,ORD-004293,SKU-00713,F-07-05-01,LOCATION_BLOCKED,HIGH,NORMAL
PF-002042,2026-09-02 00:27:21,ORD-002994,SKU-01506,E-01-04-02,QUANTITY_MISMATCH,HIGH,NORMAL
PF-001778,2026-09-02 00:27:38,ORD-003991,SKU-00756,C-01-02-01,EMPTY_BIN,NORMAL,NORMAL
PF-001210,2026-09-02 00:28:35,ORD-004824,SKU-01954,D-09-01-01,NOT_FOUND,URGENT,NORMAL
PF-000213,2026-09-02 00:29:29,ORD-000513,SKU-00762,D-06-05-01,EMPTY_BIN,HIGH,NORMAL
PF-002524,2026-09-02 00:30:36,ORD-002195,SKU-00222,E-08-05-02,LOCATION_BLOCKED,NORMAL,NORMAL
PF-000577,2026-09-02 00:31:38,ORD-003153,SKU-01199,F-07-01-02,LOCATION_BLOCKED,HIGH,NORMAL
PF-001919,2026-09-02 00:33:53,ORD-002678,SKU-01138,A-02-03-01,LOCATION_BLOCKED,HIGH,NORMAL
PF-002848,2026-09-02 00:34:25,ORD-000593,SKU-00242,F-10-04-02,NOT_FOUND,NORMAL,NORMAL
PF-002069,2026-09-02 00:35:38,ORD-002304,SKU-01046,A-03-05-02,EMPTY_BIN,NORMAL,NORMAL
PF-001038,2026-09-02 00:35:49,ORD-002312,SKU-00915,E-01-02-02,LOCATION_BLOCKED,URGENT,NORMAL
PF-000640,2026-09-02 00:36:23,ORD-001907,SKU-00011,C-07-03-02,LOCATION_BLOCKED,NORMAL,NORMAL
PF-002250,2026-09-02 00:36:43,ORD-001377,SKU-01216,A-03-01-01,QUANTITY_MISMATCH,HIGH,NORMAL
PF-001002,2026-09-02 00:37:18,ORD-003284,SKU-01777,C-07-01-01,LOCATION_BLOCKED,NORMAL,NORMAL
PF-002709,2026-09-02 00:39:19,ORD-001028,SKU-01686,B-10-01-02,WRONG_LOCATION,URGENT,NORMAL
PF-002263,2026-09-02 00:39:19,ORD-000806,SKU-00120,D-05-04-02,QUANTITY_MISMATCH,NORMAL,NORMAL
PF-000082,2026-09-02 00:39:53,ORD-004948,SKU-00271,F-08-03-02,QUANTITY_MISMATCH,NORMAL,NORMAL
PF-001870,2026-09-02 00:40:01,ORD-000361,SKU-01922,A-03-04-01,NOT_FOUND,URGENT,NORMAL
PF-002564,2026-09-02 00:41:45,ORD-003490,SKU-00893,F-04-01-01,LOCATION_BLOCKED,URGENT,NORMAL
PF-000215,2026-09-02 00:43:04,ORD-001642,SKU-01997,A-09-02-01,NOT_FOUND,URGENT,NORMAL
PF-002682,2026-09-02 00:43:14,ORD-003515,SKU-01502,B-01-04-01,LOCATION_BLOCKED,URGENT,NORMAL
PF-002467,2026-09-02 00:43:18,ORD-000628,SKU-01056,E-07-02-01,QUANTITY_MISMATCH,URGENT,NORMAL
PF-000368,2026-09-02 00:43:57,ORD-001880,SKU-01640,A-03-03-02,EMPTY_BIN,HIGH,NORMAL
PF-002853,2026-09-02 00:44:32,ORD-004688,SKU-01076,C-02-03-01,QUANTITY_MISMATCH,URGENT,NORMAL
PF-001915,2026-09-02 00:45:09,ORD-000257,SKU-01330,B-07-03-01,NOT_FOUND,HIGH,NORMAL
PF-001174,2026-09-02 00:46:54,ORD-004615,SKU-01674,D-09-05-02,NOT_FOUND,HIGH,NORMAL
PF-001760,2026-09-02 00:49:22,ORD-000420,SKU-01285,D-07-04-02,QUANTITY_MISMATCH,NORMAL,NORMAL
PF-002497,2026-09-02 00:50:37,ORD-002049,SKU-00274,D-05-05-02,QUANTITY_MISMATCH,HIGH,NORMAL
PF-001930,2026-09-02 00:51:15,ORD-002929,SKU-00712,E-10-03-01,WRONG_LOCATION,NORMAL,NORMAL
PF-001224,2026-09-02 00:53:15,ORD-001520,SKU-00804,E-08-05-02,QUANTITY_MISMATCH,URGENT,NORMAL
PF-000938,2026-09-02 00:53:18,ORD-002385,SKU-01890,F-08-04-01,NOT_FOUND,NORMAL,NORMAL
PF-000902,2026-09-02 00:53:33,ORD-002019,SKU-00273,F-06-01-01,QUANTITY_MISMATCH,NORMAL,NORMAL
PF-000298,2026-09-02 00:55:31,ORD-004500,SKU-01729,E-07-05-02,LOCATION_BLOCKED,URGENT,NORMAL
PF-002687,2026-09-02 00:57:27,ORD-004975,SKU-00804,E-08-05-02,WRONG_LOCATION,NORMAL,NORMAL
PF-002251,2026-09-02 00:58:14,ORD-000872,SKU-00475,E-06-01-02,NOT_FOUND,HIGH,NORMAL
PF-001850,2026-09-02 01:01:32,ORD-001506,SKU-01399,F-03-04-01,NOT_FOUND,URGENT,NORMAL
PF-000475,2026-09-02 01:01:46,ORD-000066,SKU-01085,C-03-02-02,NOT_FOUND,NORMAL,NORMAL
PF-001341,2026-09-02 01:01:49,ORD-000398,SKU-00965,B-05-03-01,EMPTY_BIN,NORMAL,NORMAL
PF-002415,2026-09-02 01:02:15,ORD-002869,SKU-00093,B-09-01-01,EMPTY_BIN,URGENT,NORMAL
PF-000356,2026-09-02 01:02:40,ORD-000760,SKU-00800,E-05-03-01,NOT_FOUND,HIGH,NORMAL
PF-000519,2026-09-02 01:05:18,ORD-002847,SKU-01422,A-07-05-01,EMPTY_BIN,NORMAL,NORMAL
PF-002227,2026-09-02 01:06:55,ORD-004665,SKU-00735,D-10-03-02,WRONG_LOCATION,NORMAL,NORMAL
PF-002230,2026-09-02 01:07:15,ORD-001201,SKU-00940,F-02-05-02,QUANTITY_MISMATCH,URGENT,NORMAL
PF-001543,2026-09-02 01:07:30,ORD-001757,SKU-00958,C-05-03-01,NOT_FOUND,NORMAL,NORMAL
PF-002975,2026-09-02 01:10:11,ORD-004414,SKU-00318,F-06-01-01,LOCATION_BLOCKED,NORMAL,NORMAL
PF-000047,2026-09-02 01:10:22,ORD-004125,SKU-00122,A-10-02-02,NOT_FOUND,HIGH,NORMAL
PF-001374,2026-09-02 01:10:38,ORD-000110,SKU-01209,F-06-02-01,WRONG_LOCATION,URGENT,NORMAL
PF-000720,2026-09-02 01:10:43,ORD-003823,SKU-00740,D-02-03-01,WRONG_LOCATION,NORMAL,NORMAL
PF-002776,2026-09-02 01:11:32,ORD-001770,SKU-01626,E-07-02-01,EMPTY_BIN,NORMAL,NORMAL
PF-002928,2026-09-02 01:11:42,ORD-004210,SKU-00749,B-09-05-01,LOCATION_BLOCKED,HIGH,NORMAL
PF-001461,2026-09-02 01:12:45,ORD-002456,SKU-00144,C-08-01-02,LOCATION_BLOCKED,HIGH,NORMAL
PF-000339,2026-09-02 01:16:26,ORD-004429,SKU-00611,E-09-03-02,QUANTITY_MISMATCH,URGENT,NORMAL
PF-002447,2026-09-02 01:16:44,ORD-004411,SKU-01367,B-01-02-02,EMPTY_BIN,NORMAL,NORMAL
PF-002542,2026-09-02 01:19:16,ORD-003363,SKU-00714,F-07-03-01,WRONG_LOCATION,URGENT,NORMAL
PF-002626,2026-09-02 01:19:34,ORD-001827,SKU-01150,A-07-03-02,LOCATION_BLOCKED,NORMAL,NORMAL
PF-002352,2026-09-02 01:20:17,ORD-002279,SKU-00344,A-03-05-02,QUANTITY_MISMATCH,NORMAL,NORMAL
PF-000291,2026-09-02 01:20:46,ORD-003887,SKU-00467,F-09-03-02,QUANTITY_MISMATCH,HIGH,NORMAL
PF-000379,2026-09-02 01:22:37,ORD-000995,SKU-00452,F-06-02-02,LOCATION_BLOCKED,HIGH,NORMAL
PF-000628,2026-09-02 01:23:28,ORD-004110,SKU-00149,B-03-03-01,NOT_FOUND,HIGH,NORMAL
PF-000039,2026-09-02 01:23:49,ORD-002596,SKU-00109,A-06-01-01,LOCATION_BLOCKED,URGENT,NORMAL
PF-002048,2026-09-02 01:24:58,ORD-002578,SKU-00073,E-06-03-02,QUANTITY_MISMATCH,URGENT,NORMAL
PF-002711,2026-09-02 01:27:53,ORD-003972,SKU-00768,B-03-04-01,NOT_FOUND,NORMAL,NORMAL
PF-001713,2026-09-02 01:28:06,ORD-004216,SKU-01846,F-02-04-02,NOT_FOUND,NORMAL,NORMAL
PF-001979,2026-09-02 01:29:12,ORD-000140,SKU-01483,A-10-01-01,NOT_FOUND,NORMAL,NORMAL
PF-000636,2026-09-02 01:29:53,ORD-000001,SKU-01328,C-05-03-02,LOCATION_BLOCKED,HIGH,NORMAL
PF-000249,2026-09-02 01:30:07,ORD-003117,SKU-01386,C-07-03-02,NOT_FOUND,URGENT,NORMAL
PF-001869,2026-09-02 01:31:09,ORD-000759,SKU-00606,E-06-05-02,QUANTITY_MISMATCH,HIGH,NORMAL
PF-002219,2026-09-02 01:35:16,ORD-004708,SKU-00426,F-05-04-01,EMPTY_BIN,URGENT,NORMAL
PF-000659,2026-09-02 01:35:34,ORD-003824,SKU-01420,E-05-04-02,QUANTITY_MISMATCH,NORMAL,NORMAL
PF-001819,2026-09-02 01:36:11,ORD-000255,SKU-00041,C-09-03-02,EMPTY_BIN,HIGH,NORMAL
PF-000073,2026-09-02 01:36:36,ORD-001801,SKU-01916,B-03-02-02,LOCATION_BLOCKED,URGENT,NORMAL
PF-001709,2026-09-02 01:36:44,ORD-004134,SKU-00985,B-06-04-01,QUANTITY_MISMATCH,URGENT,NORMAL
PF-002168,2026-09-02 01:37:04,ORD-002627,SKU-01973,D-09-02-01,QUANTITY_MISMATCH,HIGH,NORMAL
PF-001205,2026-09-02 01:37:38,ORD-003932,SKU-01995,C-10-05-01,QUANTITY_MISMATCH,NORMAL,NORMAL
PF-000145,2026-09-02 01:38:44,ORD-003415,SKU-00451,D-05-05-01,QUANTITY_MISMATCH,URGENT,NORMAL
PF-000343,2026-09-02 01:40:07,ORD-004740,SKU-00570,B-01-04-01,NOT_FOUND,NORMAL,NORMAL
PF-000064,2026-09-02 01:40:28,ORD-004970,SKU-01344,F-01-03-02,QUANTITY_MISMATCH,NORMAL,NORMAL
PF-002226,2026-09-02 01:41:42,ORD-004114,SKU-00503,E-09-02-01,QUANTITY_MISMATCH,NORMAL,NORMAL
PF-002012,2026-09-02 01:42:49,ORD-004020,SKU-00333,C-10-02-02,NOT_FOUND,NORMAL,NORMAL
PF-001075,2026-09-02 01:44:36,ORD-002156,SKU-00063,C-06-01-01,EMPTY_BIN,NORMAL,NORMAL
PF-002921,2026-09-02 01:44:38,ORD-003423,SKU-00628,E-10-04-01,QUANTITY_MISMATCH,NORMAL,NORMAL
PF-001742,2026-09-02 01:46:06,ORD-002350,SKU-01256,C-01-04-02,EMPTY_BIN,HIGH,NORMAL
PF-000976,2026-09-02 01:46:56,ORD-001224,SKU-01454,D-06-01-01,QUANTITY_MISMATCH,NORMAL,NORMAL
PF-000084,2026-09-02 01:47:06,ORD-003631,SKU-00238,A-08-02-02,EMPTY_BIN,NORMAL,NORMAL
PF-001028,2026-09-02 01:47:58,ORD-004435,SKU-01761,F-02-02-02,NOT_FOUND,HIGH,NORMAL
PF-002306,2026-09-02 01:49:16,ORD-004574,SKU-01109,A-09-02-01,EMPTY_BIN,URGENT,NORMAL
PF-001813,2026-09-02 01:50:16,ORD-001061,SKU-01090,C-03-05-02,WRONG_LOCATION,NORMAL,NORMAL
PF-001824,2026-09-02 01:50:50,ORD-003623,SKU-00326,C-09-05-01,WRONG_LOCATION,NORMAL,NORMAL
PF-002775,2026-09-02 01:52:26,ORD-002014,SKU-00177,C-09-04-02,QUANTITY_MISMATCH,HIGH,NORMAL
PF-002496,2026-09-02 01:55:54,ORD-000731,SKU-00752,E-06-02-01,NOT_FOUND,HIGH,NORMAL
PF-000085,2026-09-02 01:56:28,ORD-002278,SKU-00506,F-03-03-01,EMPTY_BIN,NORMAL,NORMAL
PF-002402,2026-09-02 02:00:58,ORD-001935,SKU-00735,D-10-03-02,LOCATION_BLOCKED,HIGH,NORMAL
PF-002174,2026-09-02 02:01:15,ORD-000904,SKU-01770,B-03-04-02,NOT_FOUND,NORMAL,NORMAL
PF-002854,2026-09-02 02:03:15,ORD-001915,SKU-00226,F-05-02-02,EMPTY_BIN,URGENT,NORMAL
PF-001965,2026-09-02 02:04:16,ORD-002975,SKU-01698,B-09-02-01,QUANTITY_MISMATCH,HIGH,NORMAL
PF-000961,2026-09-02 02:04:42,ORD-000779,SKU-00264,B-04-04-02,EMPTY_BIN,HIGH,NORMAL
PF-002894,2026-09-02 02:06:23,ORD-004085,SKU-00080,C-01-02-02,NOT_FOUND,URGENT,NORMAL
PF-002111,2026-09-02 02:07:16,ORD-003055,SKU-00911,E-03-02-01,EMPTY_BIN,NORMAL,NORMAL
PF-001271,2026-09-02 02:07:20,ORD-004860,SKU-01541,D-01-04-02,QUANTITY_MISMATCH,NORMAL,NORMAL
PF-000634,2026-09-02 02:07:45,ORD-002423,SKU-00489,A-09-01-01,WRONG_LOCATION,NORMAL,NORMAL
PF-000982,2026-09-02 02:08:21,ORD-000971,SKU-01704,E-08-05-02,EMPTY_BIN,NORMAL,NORMAL
PF-001073,2026-09-02 02:08:45,ORD-003752,SKU-01963,B-03-03-02,QUANTITY_MISMATCH,NORMAL,NORMAL
PF-GT-001,2026-09-02 02:10:00,ORD-GT-001,SKU-00001,B-04-04-02,NOT_FOUND,HIGH,NORMAL
PF-002061,2026-09-02 02:12:34,ORD-002345,SKU-01904,F-09-03-02,LOCATION_BLOCKED,URGENT,NORMAL
PF-002920,2026-09-02 02:12:34,ORD-000408,SKU-01120,D-03-04-02,EMPTY_BIN,NORMAL,NORMAL
PF-001152,2026-09-02 02:12:56,ORD-000747,SKU-01388,A-07-05-02,WRONG_LOCATION,NORMAL,NORMAL
PF-000956,2026-09-02 02:13:26,ORD-002426,SKU-00425,B-04-02-01,NOT_FOUND,NORMAL,NORMAL
PF-000372,2026-09-02 02:13:54,ORD-000225,SKU-00043,D-10-03-02,EMPTY_BIN,NORMAL,NORMAL
PF-001352,2026-09-02 02:14:27,ORD-000637,SKU-01195,C-04-01-02,NOT_FOUND,NORMAL,NORMAL
PF-002694,2026-09-02 02:16:54,ORD-004108,SKU-01777,C-07-01-01,EMPTY_BIN,NORMAL,NORMAL
PF-002355,2026-09-02 02:18:13,ORD-003523,SKU-00538,E-05-03-01,LOCATION_BLOCKED,HIGH,NORMAL
PF-002607,2026-09-02 02:18:29,ORD-000964,SKU-01346,B-09-05-01,EMPTY_BIN,NORMAL,NORMAL
PF-001706,2026-09-02 02:18:50,ORD-003215,SKU-00871,B-03-05-02,WRONG_LOCATION,URGENT,NORMAL
PF-002337,2026-09-02 02:18:55,ORD-002876,SKU-01207,F-03-04-01,LOCATION_BLOCKED,NORMAL,NORMAL
PF-000648,2026-09-02 02:18:57,ORD-000420,SKU-00923,A-09-02-01,WRONG_LOCATION,NORMAL,NORMAL
PF-001356,2026-09-02 02:19:46,ORD-002326,SKU-01081,A-10-04-01,WRONG_LOCATION,HIGH,NORMAL
PF-000661,2026-09-02 02:21:16,ORD-001331,SKU-00238,A-08-02-02,NOT_FOUND,HIGH,NORMAL
PF-001795,2026-09-02 02:21:49,ORD-002450,SKU-00106,A-02-01-01,EMPTY_BIN,NORMAL,NORMAL
PF-000758,2026-09-02 02:22:42,ORD-001316,SKU-01349,F-09-05-01,EMPTY_BIN,NORMAL,NORMAL
PF-002384,2026-09-02 02:23:18,ORD-001259,SKU-00297,F-04-05-02,WRONG_LOCATION,HIGH,NORMAL
PF-000428,2026-09-02 02:25:36,ORD-001688,SKU-00043,D-10-03-02,EMPTY_BIN,NORMAL,NORMAL
PF-000966,2026-09-02 02:25:39,ORD-002798,SKU-00736,E-01-03-02,NOT_FOUND,URGENT,NORMAL
PF-000743,2026-09-02 02:25:50,ORD-000985,SKU-01820,E-04-01-02,QUANTITY_MISMATCH,NORMAL,NORMAL
PF-001504,2026-09-02 02:29:13,ORD-003809,SKU-01726,B-02-01-01,EMPTY_BIN,HIGH,NORMAL
PF-000042,2026-09-02 02:29:26,ORD-000724,SKU-00807,F-05-04-01,WRONG_LOCATION,URGENT,NORMAL
PF-000847,2026-09-02 02:30:59,ORD-000130,SKU-01099,C-09-04-02,QUANTITY_MISMATCH,NORMAL,NORMAL
PF-000095,2026-09-02 02:32:38,ORD-004580,SKU-01368,A-05-04-02,QUANTITY_MISMATCH,NORMAL,NORMAL
PF-000650,2026-09-02 02:32:41,ORD-000678,SKU-01279,B-04-04-01,WRONG_LOCATION,NORMAL,NORMAL
PF-001447,2026-09-02 02:33:44,ORD-000452,SKU-00088,D-05-02-02,EMPTY_BIN,HIGH,NORMAL
PF-001662,2026-09-02 02:33:55,ORD-001582,SKU-00321,C-02-04-02,QUANTITY_MISMATCH,NORMAL,NORMAL
PF-001900,2026-09-02 02:35:12,ORD-004082,SKU-01997,A-09-02-01,NOT_FOUND,NORMAL,NORMAL
PF-000688,2026-09-02 02:35:28,ORD-001759,SKU-00867,B-04-05-02,QUANTITY_MISMATCH,NORMAL,NORMAL
PF-001941,2026-09-02 02:36:16,ORD-003069,SKU-01514,A-02-03-02,LOCATION_BLOCKED,URGENT,NORMAL
PF-000983,2026-09-02 02:36:55,ORD-001784,SKU-01076,C-02-03-01,NOT_FOUND,HIGH,NORMAL
PF-001815,2026-09-02 02:37:44,ORD-003794,SKU-01329,D-06-04-01,EMPTY_BIN,URGENT,NORMAL
PF-000400,2026-09-02 02:37:47,ORD-002530,SKU-00395,D-02-04-02,WRONG_LOCATION,NORMAL,NORMAL
PF-002063,2026-09-02 02:38:06,ORD-004403,SKU-00464,A-10-02-02,WRONG_LOCATION,NORMAL,NORMAL
PF-002196,2026-09-02 02:39:34,ORD-002199,SKU-01127,F-02-02-02,NOT_FOUND,URGENT,NORMAL
PF-001105,2026-09-02 02:40:22,ORD-002314,SKU-00010,F-03-03-02,LOCATION_BLOCKED,URGENT,NORMAL
PF-002919,2026-09-02 02:40:27,ORD-003940,SKU-01188,A-06-01-02,LOCATION_BLOCKED,HIGH,NORMAL
PF-002706,2026-09-02 02:42:36,ORD-002967,SKU-01038,A-03-01-01,NOT_FOUND,NORMAL,NORMAL
PF-001946,2026-09-02 02:42:45,ORD-000595,SKU-01301,F-09-04-01,EMPTY_BIN,NORMAL,NORMAL
PF-000579,2026-09-02 02:43:39,ORD-002983,SKU-00345,C-05-03-02,NOT_FOUND,NORMAL,NORMAL
PF-002065,2026-09-02 02:45:08,ORD-002403,SKU-00043,D-10-03-02,QUANTITY_MISMATCH,HIGH,NORMAL
PF-001765,2026-09-02 02:46:18,ORD-001349,SKU-00309,B-01-03-01,QUANTITY_MISMATCH,URGENT,NORMAL
PF-001284,2026-09-02 02:46:23,ORD-000233,SKU-00204,E-02-05-02,LOCATION_BLOCKED,NORMAL,NORMAL
PF-000538,2026-09-02 02:47:03,ORD-003707,SKU-00681,F-08-04-01,WRONG_LOCATION,NORMAL,NORMAL
PF-002281,2026-09-02 02:47:59,ORD-003756,SKU-00160,B-03-02-01,EMPTY_BIN,URGENT,NORMAL
PF-001394,2026-09-02 02:48:53,ORD-004301,SKU-01585,A-08-03-01,WRONG_LOCATION,NORMAL,NORMAL
PF-000746,2026-09-02 02:49:08,ORD-000923,SKU-00592,D-04-04-02,LOCATION_BLOCKED,NORMAL,NORMAL
PF-002744,2026-09-02 02:49:23,ORD-002818,SKU-01041,F-08-01-02,WRONG_LOCATION,URGENT,NORMAL
PF-000107,2026-09-02 02:49:28,ORD-000416,SKU-01700,B-04-04-02,QUANTITY_MISMATCH,HIGH,NORMAL
PF-001404,2026-09-02 02:50:41,ORD-002918,SKU-01951,D-02-02-01,WRONG_LOCATION,HIGH,NORMAL
PF-002385,2026-09-02 02:50:56,ORD-001600,SKU-01991,E-06-02-01,LOCATION_BLOCKED,HIGH,NORMAL
PF-002586,2026-09-02 02:51:20,ORD-001586,SKU-00935,E-09-02-02,QUANTITY_MISMATCH,URGENT,NORMAL
PF-001125,2026-09-02 02:51:25,ORD-004805,SKU-01059,F-10-04-01,NOT_FOUND,HIGH,NORMAL
PF-002803,2026-09-02 02:52:11,ORD-001439,SKU-01479,F-07-05-01,QUANTITY_MISMATCH,URGENT,NORMAL
PF-001244,2026-09-02 02:53:09,ORD-003214,SKU-01120,D-03-04-02,NOT_FOUND,NORMAL,NORMAL
PF-002423,2026-09-02 02:54:26,ORD-000385,SKU-00664,A-06-03-01,QUANTITY_MISMATCH,HIGH,NORMAL
PF-000672,2026-09-02 02:55:42,ORD-001543,SKU-00848,B-02-01-01,QUANTITY_MISMATCH,NORMAL,NORMAL
PF-002579,2026-09-02 02:56:26,ORD-004407,SKU-01120,D-03-04-02,NOT_FOUND,URGENT,NORMAL
PF-001260,2026-09-02 02:57:53,ORD-000864,SKU-01171,C-07-05-01,LOCATION_BLOCKED,NORMAL,NORMAL
PF-002361,2026-09-02 02:58:33,ORD-000263,SKU-01415,B-01-03-01,WRONG_LOCATION,HIGH,NORMAL
PF-001702,2026-09-02 02:59:15,ORD-004049,SKU-01261,A-01-03-02,NOT_FOUND,HIGH,NORMAL
PF-000626,2026-09-02 03:00:32,ORD-000932,SKU-00251,D-06-04-02,LOCATION_BLOCKED,URGENT,NORMAL
PF-002181,2026-09-02 03:00:55,ORD-000306,SKU-00867,B-04-05-02,QUANTITY_MISMATCH,HIGH,NORMAL
PF-002276,2026-09-02 03:01:19,ORD-001472,SKU-01736,F-01-05-02,NOT_FOUND,URGENT,NORMAL
PF-002503,2026-09-02 03:02:22,ORD-002901,SKU-01294,C-02-01-02,QUANTITY_MISMATCH,HIGH,NORMAL
PF-002039,2026-09-02 03:02:35,ORD-003169,SKU-01566,E-09-01-01,QUANTITY_MISMATCH,URGENT,NORMAL
PF-000785,2026-09-02 03:03:16,ORD-000109,SKU-00451,D-05-05-01,WRONG_LOCATION,HIGH,NORMAL
PF-002067,2026-09-02 03:06:05,ORD-004485,SKU-00563,E-01-02-01,WRONG_LOCATION,NORMAL,NORMAL
PF-000508,2026-09-02 03:06:09,ORD-003794,SKU-01331,C-03-01-02,LOCATION_BLOCKED,URGENT,NORMAL
PF-000968,2026-09-02 03:06:33,ORD-003562,SKU-00993,B-02-05-01,EMPTY_BIN,HIGH,NORMAL
PF-001667,2026-09-02 03:07:51,ORD-000966,SKU-01812,C-02-03-02,QUANTITY_MISMATCH,NORMAL,NORMAL
PF-000722,2026-09-02 03:08:13,ORD-000493,SKU-01034,C-10-05-02,WRONG_LOCATION,NORMAL,NORMAL
PF-002552,2026-09-02 03:08:29,ORD-002668,SKU-01620,C-07-04-02,NOT_FOUND,URGENT,NORMAL
PF-000171,2026-09-02 03:11:05,ORD-003856,SKU-01719,A-04-01-02,EMPTY_BIN,NORMAL,NORMAL
PF-001771,2026-09-02 03:11:34,ORD-001040,SKU-00221,F-09-04-02,LOCATION_BLOCKED,NORMAL,NORMAL
PF-001285,2026-09-02 03:12:07,ORD-000796,SKU-00062,F-01-04-01,WRONG_LOCATION,HIGH,NORMAL
PF-000350,2026-09-02 03:14:19,ORD-002338,SKU-00687,F-04-01-01,EMPTY_BIN,NORMAL,NORMAL
PF-001360,2026-09-02 03:16:54,ORD-002087,SKU-00300,A-03-01-02,LOCATION_BLOCKED,NORMAL,NORMAL
PF-002865,2026-09-02 03:17:30,ORD-000274,SKU-01477,A-07-05-01,WRONG_LOCATION,NORMAL,NORMAL
PF-002867,2026-09-02 03:19:23,ORD-003350,SKU-01920,F-06-05-02,EMPTY_BIN,HIGH,NORMAL
PF-001058,2026-09-02 03:19:44,ORD-000912,SKU-00524,C-09-03-02,EMPTY_BIN,NORMAL,NORMAL
PF-000501,2026-09-02 03:19:48,ORD-001113,SKU-00596,A-01-04-02,EMPTY_BIN,URGENT,NORMAL
PF-001714,2026-09-02 03:20:00,ORD-002001,SKU-01959,F-04-03-02,LOCATION_BLOCKED,NORMAL,NORMAL
PF-001231,2026-09-02 03:20:01,ORD-003624,SKU-01671,A-06-05-01,QUANTITY_MISMATCH,URGENT,NORMAL
PF-000561,2026-09-02 03:20:32,ORD-004827,SKU-00735,D-10-03-02,LOCATION_BLOCKED,NORMAL,NORMAL
PF-002748,2026-09-02 03:21:20,ORD-004722,SKU-00012,A-03-01-01,WRONG_LOCATION,URGENT,NORMAL
PF-001960,2026-09-02 03:21:34,ORD-002170,SKU-01392,C-08-01-02,LOCATION_BLOCKED,URGENT,NORMAL
PF-001200,2026-09-02 03:21:54,ORD-001631,SKU-01360,A-09-02-02,QUANTITY_MISMATCH,HIGH,NORMAL
PF-001516,2026-09-02 03:23:59,ORD-004904,SKU-00129,F-05-02-01,QUANTITY_MISMATCH,NORMAL,NORMAL
PF-001592,2026-09-02 03:24:56,ORD-003030,SKU-01170,B-04-01-02,WRONG_LOCATION,HIGH,NORMAL
PF-002326,2026-09-02 03:25:43,ORD-003016,SKU-01338,F-09-04-02,WRONG_LOCATION,NORMAL,NORMAL
PF-002059,2026-09-02 03:27:11,ORD-001937,SKU-01571,A-05-01-02,EMPTY_BIN,NORMAL,NORMAL
PF-000474,2026-09-02 03:28:46,ORD-004020,SKU-01419,C-02-04-01,QUANTITY_MISMATCH,NORMAL,NORMAL
PF-000572,2026-09-02 03:29:40,ORD-003083,SKU-01167,A-05-03-01,QUANTITY_MISMATCH,NORMAL,NORMAL
PF-000362,2026-09-02 03:33:34,ORD-000815,SKU-00833,E-03-05-02,WRONG_LOCATION,NORMAL,NORMAL
PF-002253,2026-09-02 03:34:00,ORD-003105,SKU-00152,A-08-01-02,QUANTITY_MISMATCH,NORMAL,NORMAL
PF-002619,2026-09-02 03:35:00,ORD-002997,SKU-00884,A-06-04-02,EMPTY_BIN,HIGH,NORMAL
PF-001898,2026-09-02 03:35:11,ORD-004524,SKU-00582,B-08-05-01,WRONG_LOCATION,NORMAL,NORMAL
PF-002805,2026-09-02 03:37:59,ORD-002556,SKU-01359,D-03-02-01,EMPTY_BIN,URGENT,NORMAL
PF-001810,2026-09-02 03:38:30,ORD-004998,SKU-00710,E-07-04-01,NOT_FOUND,NORMAL,NORMAL
PF-001197,2026-09-02 03:38:33,ORD-003767,SKU-01931,D-06-05-02,NOT_FOUND,NORMAL,NORMAL
PF-002335,2026-09-02 03:39:14,ORD-001370,SKU-00885,F-05-03-02,NOT_FOUND,NORMAL,NORMAL
PF-000316,2026-09-02 03:39:47,ORD-000722,SKU-00370,F-04-04-01,EMPTY_BIN,HIGH,NORMAL
PF-002531,2026-09-02 03:40:54,ORD-003501,SKU-01993,F-04-01-01,QUANTITY_MISMATCH,NORMAL,NORMAL
PF-000654,2026-09-02 03:42:51,ORD-001021,SKU-01831,B-04-01-01,EMPTY_BIN,NORMAL,NORMAL
PF-002938,2026-09-02 03:43:31,ORD-004976,SKU-00994,A-05-02-01,LOCATION_BLOCKED,HIGH,NORMAL
PF-002129,2026-09-02 03:44:13,ORD-000707,SKU-01826,C-05-02-02,NOT_FOUND,NORMAL,NORMAL
PF-002507,2026-09-02 03:44:17,ORD-000154,SKU-01289,E-02-02-01,LOCATION_BLOCKED,URGENT,NORMAL
PF-000242,2026-09-02 03:45:39,ORD-001633,SKU-01765,E-04-05-01,NOT_FOUND,HIGH,NORMAL
PF-002483,2026-09-02 03:45:53,ORD-002932,SKU-01165,F-07-02-02,NOT_FOUND,NORMAL,NORMAL
PF-001313,2026-09-02 03:46:08,ORD-001990,SKU-01908,A-05-01-01,WRONG_LOCATION,NORMAL,NORMAL
PF-000055,2026-09-02 03:47:11,ORD-003384,SKU-01881,C-01-05-02,NOT_FOUND,NORMAL,NORMAL
PF-001696,2026-09-02 03:47:11,ORD-003890,SKU-00048,A-09-04-02,EMPTY_BIN,NORMAL,NORMAL
PF-001465,2026-09-02 03:48:07,ORD-003577,SKU-01508,D-01-02-01,EMPTY_BIN,URGENT,NORMAL
PF-000677,2026-09-02 03:49:24,ORD-000029,SKU-00694,A-10-02-02,LOCATION_BLOCKED,NORMAL,NORMAL
PF-002563,2026-09-02 03:49:38,ORD-000915,SKU-01939,C-02-02-02,WRONG_LOCATION,NORMAL,NORMAL
PF-002201,2026-09-02 03:51:27,ORD-002403,SKU-00942,B-05-05-01,LOCATION_BLOCKED,URGENT,NORMAL
PF-001019,2026-09-02 03:54:19,ORD-001474,SKU-01584,D-04-05-02,QUANTITY_MISMATCH,NORMAL,NORMAL
PF-001203,2026-09-02 03:55:45,ORD-000701,SKU-00003,A-05-05-01,WRONG_LOCATION,NORMAL,NORMAL
PF-001847,2026-09-02 03:55:46,ORD-004126,SKU-00654,B-01-01-02,QUANTITY_MISMATCH,URGENT,NORMAL
PF-000005,2026-09-02 03:56:30,ORD-001086,SKU-01309,E-02-01-02,NOT_FOUND,URGENT,NORMAL
PF-001638,2026-09-02 03:56:44,ORD-003922,SKU-01313,C-10-05-02,QUANTITY_MISMATCH,NORMAL,NORMAL
PF-000286,2026-09-02 03:57:12,ORD-000146,SKU-00523,E-05-04-02,EMPTY_BIN,HIGH,NORMAL
PF-002151,2026-09-02 03:57:50,ORD-004061,SKU-00797,D-03-02-01,WRONG_LOCATION,HIGH,NORMAL
PF-002785,2026-09-02 03:58:33,ORD-000127,SKU-00856,F-09-03-02,NOT_FOUND,HIGH,NORMAL
PF-002057,2026-09-02 04:01:18,ORD-000657,SKU-01505,B-06-02-01,LOCATION_BLOCKED,URGENT,NORMAL
PF-000406,2026-09-02 04:01:49,ORD-003294,SKU-01044,E-06-01-02,QUANTITY_MISMATCH,URGENT,NORMAL
PF-000237,2026-09-02 04:02:37,ORD-004606,SKU-01653,E-04-05-02,NOT_FOUND,URGENT,NORMAL
PF-001656,2026-09-02 04:03:28,ORD-001718,SKU-01467,A-07-01-01,QUANTITY_MISMATCH,NORMAL,NORMAL
PF-000201,2026-09-02 04:04:19,ORD-004690,SKU-00271,F-08-03-02,QUANTITY_MISMATCH,NORMAL,NORMAL
PF-001644,2026-09-02 04:06:53,ORD-004965,SKU-01991,E-06-02-01,NOT_FOUND,HIGH,NORMAL
PF-002377,2026-09-02 04:07:48,ORD-004468,SKU-01328,C-05-03-02,EMPTY_BIN,URGENT,NORMAL
PF-001601,2026-09-02 04:08:36,ORD-000510,SKU-00283,D-08-02-01,NOT_FOUND,URGENT,NORMAL
PF-001902,2026-09-02 04:09:18,ORD-004435,SKU-00880,B-10-03-02,EMPTY_BIN,NORMAL,NORMAL
PF-001116,2026-09-02 04:09:37,ORD-001253,SKU-00217,A-05-01-02,LOCATION_BLOCKED,HIGH,NORMAL
PF-002283,2026-09-02 04:12:13,ORD-002105,SKU-00913,D-07-04-02,EMPTY_BIN,NORMAL,NORMAL
PF-001110,2026-09-02 04:12:33,ORD-002980,SKU-00880,B-10-03-02,WRONG_LOCATION,URGENT,NORMAL
PF-002267,2026-09-02 04:13:58,ORD-004470,SKU-01987,A-03-02-01,WRONG_LOCATION,URGENT,NORMAL
PF-000739,2026-09-02 04:14:03,ORD-002277,SKU-01039,C-04-01-01,LOCATION_BLOCKED,NORMAL,NORMAL
PF-001685,2026-09-02 04:14:12,ORD-004823,SKU-00461,A-08-01-01,QUANTITY_MISMATCH,NORMAL,NORMAL
PF-002475,2026-09-02 04:16:23,ORD-004374,SKU-01965,F-07-01-02,LOCATION_BLOCKED,NORMAL,NORMAL
PF-000477,2026-09-02 04:17:59,ORD-002170,SKU-00321,C-02-04-02,LOCATION_BLOCKED,HIGH,NORMAL
PF-000411,2026-09-02 04:18:02,ORD-001395,SKU-01094,E-01-04-02,NOT_FOUND,URGENT,NORMAL
PF-001015,2026-09-02 04:19:36,ORD-004436,SKU-00129,F-05-02-01,WRONG_LOCATION,NORMAL,NORMAL
PF-000301,2026-09-02 04:20:24,ORD-002222,SKU-00054,E-04-03-01,EMPTY_BIN,URGENT,NORMAL
PF-001335,2026-09-02 04:23:59,ORD-000473,SKU-01541,D-01-04-02,EMPTY_BIN,NORMAL,NORMAL
PF-001072,2026-09-02 04:24:03,ORD-003201,SKU-00768,B-03-04-01,LOCATION_BLOCKED,NORMAL,NORMAL
PF-000128,2026-09-02 04:24:54,ORD-000673,SKU-01185,B-08-01-01,WRONG_LOCATION,URGENT,NORMAL
PF-002801,2026-09-02 04:25:10,ORD-003665,SKU-01514,A-02-03-02,QUANTITY_MISMATCH,URGENT,NORMAL
PF-000335,2026-09-02 04:25:34,ORD-002439,SKU-01519,D-08-01-01,WRONG_LOCATION,NORMAL,NORMAL
PF-001403,2026-09-02 04:26:59,ORD-000862,SKU-00847,C-04-04-01,NOT_FOUND,NORMAL,NORMAL
PF-001675,2026-09-02 04:27:03,ORD-001273,SKU-01451,B-02-03-02,QUANTITY_MISMATCH,NORMAL,NORMAL
PF-000225,2026-09-02 04:27:33,ORD-000406,SKU-00942,B-05-05-01,EMPTY_BIN,NORMAL,NORMAL
PF-001642,2026-09-02 04:27:48,ORD-002418,SKU-01221,D-02-02-01,WRONG_LOCATION,URGENT,NORMAL
PF-001892,2026-09-02 04:31:18,ORD-004417,SKU-01526,B-04-02-01,QUANTITY_MISMATCH,URGENT,NORMAL
PF-000950,2026-09-02 04:32:56,ORD-001293,SKU-01578,C-09-01-01,QUANTITY_MISMATCH,URGENT,NORMAL
PF-001822,2026-09-02 04:33:22,ORD-001910,SKU-01033,A-10-05-02,QUANTITY_MISMATCH,NORMAL,NORMAL
PF-001660,2026-09-02 04:34:13,ORD-000231,SKU-00425,B-04-02-01,NOT_FOUND,URGENT,NORMAL
PF-000604,2026-09-02 04:34:27,ORD-002030,SKU-01189,D-03-04-02,QUANTITY_MISMATCH,NORMAL,NORMAL
PF-000811,2026-09-02 04:34:44,ORD-004987,SKU-00686,E-02-04-02,WRONG_LOCATION,URGENT,NORMAL
PF-002390,2026-09-02 04:34:45,ORD-001686,SKU-00149,B-03-03-01,EMPTY_BIN,NORMAL,NORMAL
PF-002149,2026-09-02 04:36:26,ORD-000057,SKU-00439,F-10-02-01,LOCATION_BLOCKED,URGENT,NORMAL
PF-000926,2026-09-02 04:37:37,ORD-000093,SKU-01545,B-06-04-01,NOT_FOUND,URGENT,NORMAL
PF-001370,2026-09-02 04:37:44,ORD-000176,SKU-01000,B-06-02-01,QUANTITY_MISMATCH,HIGH,NORMAL
PF-000090,2026-09-02 04:37:44,ORD-003546,SKU-00309,B-01-03-01,LOCATION_BLOCKED,HIGH,NORMAL
PF-000862,2026-09-02 04:37:55,ORD-003918,SKU-00927,C-01-03-01,WRONG_LOCATION,NORMAL,NORMAL
PF-001278,2026-09-02 04:38:40,ORD-001092,SKU-00446,B-09-03-02,WRONG_LOCATION,HIGH,NORMAL
PF-000842,2026-09-02 04:38:48,ORD-003434,SKU-00985,B-06-04-01,EMPTY_BIN,HIGH,NORMAL
PF-000533,2026-09-02 04:39:13,ORD-003891,SKU-01202,F-08-02-01,LOCATION_BLOCKED,HIGH,NORMAL
PF-002470,2026-09-02 04:40:33,ORD-004178,SKU-00159,F-09-04-02,WRONG_LOCATION,HIGH,NORMAL
PF-001070,2026-09-02 04:42:24,ORD-003991,SKU-01827,D-05-01-02,NOT_FOUND,HIGH,NORMAL
PF-001994,2026-09-02 04:43:39,ORD-001034,SKU-01110,A-03-04-02,WRONG_LOCATION,NORMAL,NORMAL
PF-001692,2026-09-02 04:43:55,ORD-001188,SKU-00768,B-03-04-01,LOCATION_BLOCKED,HIGH,NORMAL
PF-000622,2026-09-02 04:44:02,ORD-004526,SKU-00449,B-07-03-01,NOT_FOUND,NORMAL,NORMAL
PF-000048,2026-09-02 04:45:42,ORD-004881,SKU-01805,F-04-03-02,EMPTY_BIN,NORMAL,NORMAL
PF-000026,2026-09-02 04:46:43,ORD-004334,SKU-00480,B-04-04-02,QUANTITY_MISMATCH,HIGH,NORMAL
PF-000740,2026-09-02 04:46:51,ORD-001288,SKU-00852,E-08-04-02,EMPTY_BIN,NORMAL,NORMAL
PF-000529,2026-09-02 04:48:06,ORD-000999,SKU-01831,B-04-01-01,EMPTY_BIN,HIGH,NORMAL
PF-000423,2026-09-02 04:48:57,ORD-000973,SKU-01381,A-07-03-01,QUANTITY_MISMATCH,HIGH,NORMAL
PF-001831,2026-09-02 04:49:01,ORD-003051,SKU-00625,F-10-02-02,EMPTY_BIN,URGENT,NORMAL
PF-002813,2026-09-02 04:50:36,ORD-001021,SKU-01515,F-09-03-02,QUANTITY_MISMATCH,URGENT,NORMAL
PF-002773,2026-09-02 04:51:17,ORD-002663,SKU-01866,D-10-02-02,EMPTY_BIN,URGENT,NORMAL
PF-000666,2026-09-02 04:51:35,ORD-002096,SKU-00296,E-03-02-02,EMPTY_BIN,NORMAL,NORMAL
PF-002948,2026-09-02 04:52:14,ORD-002716,SKU-01516,B-09-01-01,QUANTITY_MISMATCH,HIGH,NORMAL
PF-002371,2026-09-02 04:52:43,ORD-001497,SKU-00815,D-09-04-02,QUANTITY_MISMATCH,NORMAL,NORMAL
PF-000749,2026-09-02 04:52:55,ORD-004495,SKU-01817,F-01-03-01,LOCATION_BLOCKED,URGENT,NORMAL
PF-001202,2026-09-02 04:55:31,ORD-003271,SKU-00934,B-08-02-01,EMPTY_BIN,HIGH,NORMAL
PF-000736,2026-09-02 04:56:54,ORD-003065,SKU-01023,D-05-02-01,WRONG_LOCATION,NORMAL,NORMAL
PF-001622,2026-09-02 04:57:02,ORD-003002,SKU-01260,A-06-01-02,WRONG_LOCATION,NORMAL,NORMAL
PF-001026,2026-09-02 04:57:20,ORD-000193,SKU-00933,F-09-04-01,QUANTITY_MISMATCH,NORMAL,NORMAL
PF-001411,2026-09-02 04:58:54,ORD-002507,SKU-00174,B-03-02-01,QUANTITY_MISMATCH,NORMAL,NORMAL
PF-000667,2026-09-02 05:01:19,ORD-000185,SKU-00533,E-03-01-02,EMPTY_BIN,NORMAL,NORMAL
PF-002666,2026-09-02 05:01:28,ORD-000303,SKU-00326,C-09-05-01,QUANTITY_MISMATCH,NORMAL,NORMAL
PF-002433,2026-09-02 05:01:34,ORD-004675,SKU-01969,F-02-03-02,LOCATION_BLOCKED,HIGH,NORMAL
PF-001650,2026-09-02 05:01:39,ORD-004942,SKU-00932,B-06-05-01,QUANTITY_MISMATCH,HIGH,NORMAL
PF-000197,2026-09-02 05:01:40,ORD-003470,SKU-01318,D-04-01-02,LOCATION_BLOCKED,HIGH,NORMAL
PF-002312,2026-09-02 05:02:20,ORD-002983,SKU-00955,B-09-05-01,LOCATION_BLOCKED,NORMAL,NORMAL
PF-001001,2026-09-02 05:02:48,ORD-002584,SKU-01098,D-01-04-02,EMPTY_BIN,HIGH,NORMAL
PF-001292,2026-09-02 05:04:24,ORD-003989,SKU-00224,A-06-05-02,WRONG_LOCATION,NORMAL,NORMAL
PF-GT-005,2026-09-02 05:05:00,ORD-GT-005,SKU-00005,D-05-05-02,EMPTY_BIN,HIGH,NORMAL
PF-001926,2026-09-02 05:05:18,ORD-004410,SKU-01747,D-05-02-02,WRONG_LOCATION,NORMAL,NORMAL
PF-001703,2026-09-02 05:05:41,ORD-000466,SKU-01896,E-03-01-02,LOCATION_BLOCKED,HIGH,NORMAL
PF-002478,2026-09-02 05:05:53,ORD-002908,SKU-00917,C-03-04-01,QUANTITY_MISMATCH,HIGH,NORMAL
PF-000248,2026-09-02 05:07:53,ORD-002298,SKU-00502,D-08-04-02,NOT_FOUND,NORMAL,NORMAL
PF-000445,2026-09-02 05:09:46,ORD-001963,SKU-00644,D-10-02-02,WRONG_LOCATION,NORMAL,NORMAL
PF-000928,2026-09-02 05:11:19,ORD-004620,SKU-01310,D-03-02-02,QUANTITY_MISMATCH,URGENT,NORMAL
PF-001608,2026-09-02 05:11:29,ORD-001980,SKU-01596,E-07-04-01,EMPTY_BIN,NORMAL,NORMAL
PF-001349,2026-09-02 05:12:57,ORD-002412,SKU-01638,D-05-03-02,WRONG_LOCATION,HIGH,NORMAL
PF-000532,2026-09-02 05:13:07,ORD-001713,SKU-00870,C-02-05-01,EMPTY_BIN,URGENT,NORMAL
PF-001604,2026-09-02 05:14:57,ORD-001425,SKU-00021,D-08-04-02,QUANTITY_MISMATCH,NORMAL,NORMAL
PF-001757,2026-09-02 05:16:52,ORD-003259,SKU-00816,D-04-02-02,EMPTY_BIN,URGENT,NORMAL
PF-000586,2026-09-02 05:18:00,ORD-002513,SKU-00953,C-03-03-01,NOT_FOUND,HIGH,NORMAL
PF-001109,2026-09-02 05:19:50,ORD-000729,SKU-00045,D-03-02-02,EMPTY_BIN,NORMAL,NORMAL
PF-002374,2026-09-02 05:20:42,ORD-001642,SKU-00095,A-08-05-02,LOCATION_BLOCKED,NORMAL,NORMAL
PF-000655,2026-09-02 05:20:44,ORD-004119,SKU-00964,B-08-02-02,LOCATION_BLOCKED,HIGH,NORMAL
PF-001673,2026-09-02 05:21:28,ORD-003655,SKU-01061,A-03-02-01,LOCATION_BLOCKED,NORMAL,NORMAL
PF-001372,2026-09-02 05:22:44,ORD-002751,SKU-00908,F-01-02-01,LOCATION_BLOCKED,HIGH,NORMAL
PF-000015,2026-09-02 05:23:41,ORD-001657,SKU-00251,D-06-04-02,LOCATION_BLOCKED,NORMAL,NORMAL
PF-002139,2026-09-02 05:25:35,ORD-000598,SKU-00039,F-07-02-02,EMPTY_BIN,HIGH,NORMAL
PF-001392,2026-09-02 05:32:02,ORD-004323,SKU-00472,B-06-02-02,EMPTY_BIN,NORMAL,NORMAL
PF-000556,2026-09-02 05:32:04,ORD-002651,SKU-00946,F-07-01-01,LOCATION_BLOCKED,NORMAL,NORMAL
PF-002194,2026-09-02 05:32:12,ORD-000628,SKU-00562,F-10-05-02,WRONG_LOCATION,URGENT,NORMAL
PF-000346,2026-09-02 05:32:25,ORD-000343,SKU-00777,E-10-05-01,EMPTY_BIN,NORMAL,NORMAL
PF-001826,2026-09-02 05:32:26,ORD-002671,SKU-00957,D-04-01-02,NOT_FOUND,NORMAL,NORMAL
PF-000234,2026-09-02 05:36:25,ORD-001651,SKU-01011,F-06-02-01,NOT_FOUND,URGENT,NORMAL
PF-001387,2026-09-02 05:37:45,ORD-002329,SKU-01920,F-06-05-02,EMPTY_BIN,HIGH,NORMAL
PF-001542,2026-09-02 05:38:24,ORD-004652,SKU-01363,D-04-04-02,QUANTITY_MISMATCH,URGENT,NORMAL
PF-001381,2026-09-02 05:38:46,ORD-003565,SKU-01627,B-04-03-01,QUANTITY_MISMATCH,NORMAL,NORMAL
PF-000127,2026-09-02 05:39:41,ORD-004642,SKU-00689,C-08-01-01,EMPTY_BIN,NORMAL,NORMAL
PF-000307,2026-09-02 05:40:38,ORD-004978,SKU-01052,A-10-04-02,WRONG_LOCATION,NORMAL,NORMAL
PF-001464,2026-09-02 05:41:38,ORD-003852,SKU-00722,E-10-02-01,NOT_FOUND,NORMAL,NORMAL
PF-000752,2026-09-02 05:42:23,ORD-003235,SKU-00085,F-02-01-02,WRONG_LOCATION,NORMAL,NORMAL
PF-000848,2026-09-02 05:42:26,ORD-004698,SKU-01218,A-05-05-01,LOCATION_BLOCKED,NORMAL,NORMAL
PF-001953,2026-09-02 05:42:59,ORD-003304,SKU-01895,A-03-02-01,EMPTY_BIN,HIGH,NORMAL
PF-002544,2026-09-02 05:43:16,ORD-004632,SKU-00696,E-10-01-02,NOT_FOUND,NORMAL,NORMAL
PF-000574,2026-09-02 05:43:33,ORD-002648,SKU-01190,C-06-04-02,EMPTY_BIN,URGENT,NORMAL
PF-001142,2026-09-02 05:43:41,ORD-001160,SKU-00592,D-04-04-02,LOCATION_BLOCKED,NORMAL,NORMAL
PF-000333,2026-09-02 05:43:49,ORD-001462,SKU-01912,E-05-04-02,QUANTITY_MISMATCH,HIGH,NORMAL
PF-002910,2026-09-02 05:44:02,ORD-003483,SKU-00349,C-08-03-02,QUANTITY_MISMATCH,HIGH,NORMAL
PF-002100,2026-09-02 05:46:35,ORD-003884,SKU-01137,E-08-03-01,NOT_FOUND,URGENT,NORMAL
PF-000957,2026-09-02 05:46:37,ORD-000105,SKU-01617,B-06-02-01,NOT_FOUND,HIGH,NORMAL
PF-001911,2026-09-02 05:46:57,ORD-000184,SKU-01368,A-05-04-02,WRONG_LOCATION,NORMAL,NORMAL
PF-001367,2026-09-02 05:47:21,ORD-004479,SKU-01717,D-08-03-02,WRONG_LOCATION,URGENT,NORMAL
PF-000344,2026-09-02 05:47:23,ORD-002989,SKU-00089,A-02-04-02,NOT_FOUND,HIGH,NORMAL
PF-002764,2026-09-02 05:47:39,ORD-003323,SKU-00111,B-06-02-02,LOCATION_BLOCKED,NORMAL,NORMAL
PF-000865,2026-09-02 05:48:25,ORD-003584,SKU-01507,B-10-05-01,EMPTY_BIN,NORMAL,NORMAL
PF-000550,2026-09-02 05:49:30,ORD-003264,SKU-01033,A-10-05-02,LOCATION_BLOCKED,HIGH,NORMAL
PF-002527,2026-09-02 05:49:41,ORD-000225,SKU-01992,A-04-04-02,QUANTITY_MISMATCH,URGENT,NORMAL
PF-000488,2026-09-02 05:52:40,ORD-000598,SKU-01310,D-03-02-02,EMPTY_BIN,URGENT,NORMAL
PF-000745,2026-09-02 05:54:34,ORD-000342,SKU-00006,F-06-03-02,LOCATION_BLOCKED,URGENT,NORMAL
PF-000761,2026-09-02 05:55:32,ORD-004795,SKU-01718,F-08-01-02,LOCATION_BLOCKED,HIGH,NORMAL
PF-000580,2026-09-02 05:55:54,ORD-000245,SKU-01468,A-06-04-01,NOT_FOUND,URGENT,NORMAL
PF-000384,2026-09-02 05:56:07,ORD-000577,SKU-01363,D-04-04-02,QUANTITY_MISMATCH,NORMAL,NORMAL
PF-000608,2026-09-02 05:57:11,ORD-004214,SKU-00593,A-02-01-02,QUANTITY_MISMATCH,URGENT,NORMAL
PF-002534,2026-09-02 05:57:11,ORD-001170,SKU-01070,D-09-04-01,EMPTY_BIN,NORMAL,NORMAL
PF-000888,2026-09-02 05:57:30,ORD-002395,SKU-01036,E-08-02-02,LOCATION_BLOCKED,NORMAL,NORMAL
PF-000617,2026-09-02 05:58:42,ORD-004361,SKU-01754,C-10-03-01,EMPTY_BIN,NORMAL,NORMAL
PF-001083,2026-09-02 05:59:04,ORD-001569,SKU-00166,C-01-01-02,NOT_FOUND,NORMAL,NORMAL
PF-001918,2026-09-02 05:59:44,ORD-002230,SKU-00178,B-03-04-01,WRONG_LOCATION,NORMAL,NORMAL
PF-000030,2026-09-02 06:00:48,ORD-004128,SKU-00947,D-10-04-01,NOT_FOUND,NORMAL,NORMAL
PF-002074,2026-09-02 06:00:53,ORD-000883,SKU-00813,A-06-04-02,QUANTITY_MISMATCH,HIGH,NORMAL
PF-000780,2026-09-02 06:01:33,ORD-000965,SKU-00635,A-04-02-02,EMPTY_BIN,NORMAL,NORMAL
PF-000375,2026-09-02 06:01:57,ORD-004248,SKU-01658,B-07-05-02,QUANTITY_MISMATCH,NORMAL,NORMAL
PF-002842,2026-09-02 06:02:44,ORD-002610,SKU-00026,A-06-04-01,QUANTITY_MISMATCH,NORMAL,NORMAL
PF-000639,2026-09-02 06:03:09,ORD-003972,SKU-01267,E-09-01-02,LOCATION_BLOCKED,NORMAL,NORMAL
PF-000786,2026-09-02 06:06:49,ORD-002735,SKU-00273,F-06-01-01,EMPTY_BIN,URGENT,NORMAL
PF-002543,2026-09-02 06:07:52,ORD-001990,SKU-00565,B-10-03-02,EMPTY_BIN,NORMAL,NORMAL
PF-002702,2026-09-02 06:08:53,ORD-001618,SKU-00598,C-04-05-02,NOT_FOUND,URGENT,NORMAL
PF-001589,2026-09-02 06:09:14,ORD-002005,SKU-01510,A-09-03-02,EMPTY_BIN,NORMAL,NORMAL
PF-000696,2026-09-02 06:10:01,ORD-003545,SKU-00292,F-05-02-02,LOCATION_BLOCKED,URGENT,NORMAL
PF-001432,2026-09-02 06:11:24,ORD-003572,SKU-01769,F-03-01-02,LOCATION_BLOCKED,URGENT,NORMAL
PF-002439,2026-09-02 06:11:26,ORD-002000,SKU-01378,F-06-05-02,WRONG_LOCATION,NORMAL,NORMAL
PF-001104,2026-09-02 06:11:49,ORD-002521,SKU-00030,F-09-03-02,QUANTITY_MISMATCH,HIGH,NORMAL
PF-000451,2026-09-02 06:11:50,ORD-001297,SKU-01557,C-01-04-01,EMPTY_BIN,NORMAL,NORMAL
PF-002424,2026-09-02 06:13:11,ORD-001698,SKU-01765,E-04-05-01,WRONG_LOCATION,NORMAL,NORMAL
PF-000967,2026-09-02 06:13:18,ORD-004802,SKU-01872,C-06-04-02,NOT_FOUND,URGENT,NORMAL
PF-001487,2026-09-02 06:13:19,ORD-002462,SKU-01806,A-06-03-01,EMPTY_BIN,HIGH,NORMAL
PF-002056,2026-09-02 06:14:04,ORD-002881,SKU-01452,B-06-03-01,LOCATION_BLOCKED,NORMAL,NORMAL
PF-002806,2026-09-02 06:14:05,ORD-004023,SKU-00462,B-02-01-02,WRONG_LOCATION,NORMAL,NORMAL
PF-000275,2026-09-02 06:14:18,ORD-003678,SKU-00813,A-06-04-02,NOT_FOUND,URGENT,NORMAL
PF-001326,2026-09-02 06:14:53,ORD-003650,SKU-00812,F-02-04-02,QUANTITY_MISMATCH,HIGH,NORMAL
PF-002514,2026-09-02 06:14:58,ORD-000510,SKU-01541,D-01-04-02,WRONG_LOCATION,URGENT,NORMAL
PF-002090,2026-09-02 06:16:40,ORD-004935,SKU-00939,B-07-04-01,NOT_FOUND,URGENT,NORMAL
PF-002115,2026-09-02 06:17:04,ORD-001203,SKU-01765,E-04-05-01,LOCATION_BLOCKED,HIGH,NORMAL
PF-002566,2026-09-02 06:17:12,ORD-003492,SKU-00135,F-04-04-02,WRONG_LOCATION,NORMAL,NORMAL
PF-000571,2026-09-02 06:22:19,ORD-001989,SKU-01440,B-02-03-01,WRONG_LOCATION,NORMAL,NORMAL
PF-000583,2026-09-02 06:23:02,ORD-004732,SKU-00599,D-02-01-02,LOCATION_BLOCKED,HIGH,NORMAL
PF-001823,2026-09-02 06:25:08,ORD-000838,SKU-00063,C-06-01-01,NOT_FOUND,NORMAL,NORMAL
PF-000832,2026-09-02 06:26:15,ORD-004392,SKU-01408,C-08-01-01,WRONG_LOCATION,NORMAL,NORMAL
PF-001279,2026-09-02 06:26:42,ORD-001168,SKU-00219,F-09-04-02,WRONG_LOCATION,HIGH,NORMAL
PF-002819,2026-09-02 06:26:57,ORD-000518,SKU-00500,E-02-02-02,NOT_FOUND,NORMAL,NORMAL
PF-002530,2026-09-02 06:29:26,ORD-002565,SKU-01623,B-02-05-02,LOCATION_BLOCKED,HIGH,NORMAL
PF-002296,2026-09-02 06:30:04,ORD-001072,SKU-01080,E-04-05-02,NOT_FOUND,HIGH,NORMAL
PF-002241,2026-09-02 06:30:35,ORD-001906,SKU-00441,F-06-05-02,NOT_FOUND,URGENT,NORMAL
PF-002644,2026-09-02 06:30:59,ORD-002377,SKU-00821,E-09-05-02,NOT_FOUND,NORMAL,NORMAL
PF-001523,2026-09-02 06:32:20,ORD-001736,SKU-01933,E-09-04-02,NOT_FOUND,NORMAL,NORMAL
PF-001030,2026-09-02 06:32:49,ORD-003040,SKU-01339,C-03-02-02,QUANTITY_MISMATCH,NORMAL,NORMAL
PF-002695,2026-09-02 06:37:19,ORD-004673,SKU-00919,A-06-05-01,EMPTY_BIN,NORMAL,NORMAL
PF-002810,2026-09-02 06:39:14,ORD-004813,SKU-01551,D-02-02-01,WRONG_LOCATION,NORMAL,NORMAL
PF-000907,2026-09-02 06:39:53,ORD-002805,SKU-00939,B-07-04-01,LOCATION_BLOCKED,NORMAL,NORMAL
PF-000137,2026-09-02 06:40:41,ORD-000925,SKU-01862,B-05-04-02,NOT_FOUND,HIGH,NORMAL
PF-002191,2026-09-02 06:45:23,ORD-004322,SKU-01517,A-08-05-02,LOCATION_BLOCKED,URGENT,NORMAL
PF-000211,2026-09-02 06:45:26,ORD-004510,SKU-01609,D-07-03-02,QUANTITY_MISMATCH,HIGH,NORMAL
PF-002000,2026-09-02 06:46:02,ORD-003520,SKU-01590,F-10-02-02,QUANTITY_MISMATCH,NORMAL,NORMAL
PF-000139,2026-09-02 06:48:02,ORD-004133,SKU-00145,E-04-05-01,WRONG_LOCATION,URGENT,NORMAL
PF-002332,2026-09-02 06:48:56,ORD-002797,SKU-00213,E-03-02-02,WRONG_LOCATION,HIGH,NORMAL
PF-001691,2026-09-02 06:49:02,ORD-003406,SKU-00091,F-05-04-02,LOCATION_BLOCKED,NORMAL,NORMAL
PF-001264,2026-09-02 06:50:12,ORD-004201,SKU-01410,A-09-04-01,QUANTITY_MISMATCH,NORMAL,NORMAL
PF-001480,2026-09-02 06:50:50,ORD-001608,SKU-00064,C-01-03-01,WRONG_LOCATION,URGENT,NORMAL
PF-000453,2026-09-02 06:51:27,ORD-000521,SKU-01814,E-02-02-01,EMPTY_BIN,NORMAL,NORMAL
PF-002758,2026-09-02 06:52:30,ORD-004905,SKU-00875,B-05-02-01,EMPTY_BIN,NORMAL,NORMAL
PF-001065,2026-09-02 06:54:14,ORD-003200,SKU-01718,F-08-01-02,EMPTY_BIN,HIGH,NORMAL
PF-001565,2026-09-02 06:55:31,ORD-003164,SKU-00272,D-10-03-01,EMPTY_BIN,URGENT,NORMAL
PF-002729,2026-09-02 06:56:27,ORD-004991,SKU-00335,F-07-03-01,NOT_FOUND,NORMAL,NORMAL
PF-002179,2026-09-02 06:57:16,ORD-004607,SKU-01850,C-06-02-01,LOCATION_BLOCKED,HIGH,NORMAL
PF-000693,2026-09-02 06:57:31,ORD-000584,SKU-00706,B-05-04-01,NOT_FOUND,HIGH,NORMAL
PF-001645,2026-09-02 06:58:11,ORD-001297,SKU-01586,E-05-01-02,LOCATION_BLOCKED,NORMAL,NORMAL
PF-001781,2026-09-02 06:58:52,ORD-002305,SKU-01563,D-01-01-01,NOT_FOUND,NORMAL,NORMAL
PF-000681,2026-09-02 07:03:54,ORD-001650,SKU-00358,F-06-03-02,LOCATION_BLOCKED,NORMAL,NORMAL
PF-000367,2026-09-02 07:07:39,ORD-004817,SKU-00239,D-06-05-01,QUANTITY_MISMATCH,HIGH,NORMAL
PF-000671,2026-09-02 07:07:54,ORD-003618,SKU-00810,F-08-04-01,QUANTITY_MISMATCH,HIGH,NORMAL
PF-001719,2026-09-02 07:10:45,ORD-001927,SKU-00536,A-04-04-02,NOT_FOUND,HIGH,NORMAL
PF-000534,2026-09-02 07:11:04,ORD-002972,SKU-00536,A-04-04-02,EMPTY_BIN,NORMAL,NORMAL
PF-002782,2026-09-02 07:11:52,ORD-003234,SKU-00417,D-08-02-02,EMPTY_BIN,NORMAL,NORMAL
PF-000293,2026-09-02 07:12:00,ORD-003490,SKU-01576,A-02-01-02,WRONG_LOCATION,NORMAL,NORMAL
PF-001799,2026-09-02 07:12:03,ORD-003917,SKU-00968,B-10-05-01,WRONG_LOCATION,NORMAL,NORMAL
PF-002096,2026-09-02 07:12:42,ORD-003196,SKU-00939,B-07-04-01,EMPTY_BIN,NORMAL,NORMAL
PF-002297,2026-09-02 07:14:05,ORD-002786,SKU-00712,E-10-03-01,WRONG_LOCATION,HIGH,NORMAL
PF-001055,2026-09-02 07:14:38,ORD-000328,SKU-01992,A-04-04-02,NOT_FOUND,HIGH,NORMAL
PF-000086,2026-09-02 07:15:05,ORD-002468,SKU-00038,B-09-05-01,EMPTY_BIN,NORMAL,NORMAL
PF-001468,2026-09-02 07:15:27,ORD-003027,SKU-00496,A-07-04-02,EMPTY_BIN,NORMAL,NORMAL
PF-000903,2026-09-02 07:15:57,ORD-002019,SKU-01618,A-06-05-01,NOT_FOUND,NORMAL,NORMAL
PF-001216,2026-09-02 07:18:34,ORD-003594,SKU-01837,F-01-05-01,QUANTITY_MISMATCH,NORMAL,NORMAL
PF-002828,2026-09-02 07:18:46,ORD-002443,SKU-00740,D-02-03-01,QUANTITY_MISMATCH,NORMAL,NORMAL
PF-000830,2026-09-02 07:19:00,ORD-002336,SKU-00642,C-06-01-02,LOCATION_BLOCKED,URGENT,NORMAL
PF-000562,2026-09-02 07:21:32,ORD-001654,SKU-01858,A-04-03-02,EMPTY_BIN,URGENT,NORMAL
PF-002757,2026-09-02 07:25:02,ORD-002759,SKU-01363,D-04-04-02,QUANTITY_MISMATCH,NORMAL,NORMAL
PF-000126,2026-09-02 07:26:06,ORD-002842,SKU-00700,D-05-05-01,EMPTY_BIN,NORMAL,NORMAL
PF-002008,2026-09-02 07:26:53,ORD-003294,SKU-00937,F-09-03-01,EMPTY_BIN,HIGH,NORMAL
PF-001230,2026-09-02 07:28:03,ORD-003862,SKU-01591,B-05-05-01,QUANTITY_MISMATCH,HIGH,NORMAL
PF-000407,2026-09-02 07:28:06,ORD-000640,SKU-01093,C-08-04-01,QUANTITY_MISMATCH,URGENT,NORMAL
PF-002830,2026-09-02 07:28:58,ORD-001057,SKU-01822,C-10-03-01,WRONG_LOCATION,URGENT,NORMAL
PF-001630,2026-09-02 07:29:03,ORD-004607,SKU-01171,C-07-05-01,WRONG_LOCATION,NORMAL,NORMAL
PF-001557,2026-09-02 07:30:42,ORD-004780,SKU-01927,E-02-05-01,WRONG_LOCATION,NORMAL,NORMAL
PF-000947,2026-09-02 07:31:05,ORD-002347,SKU-00948,E-03-02-02,LOCATION_BLOCKED,NORMAL,NORMAL
PF-000438,2026-09-02 07:32:25,ORD-001516,SKU-00273,F-06-01-01,LOCATION_BLOCKED,HIGH,NORMAL
PF-001510,2026-09-02 07:33:31,ORD-004677,SKU-01624,F-06-01-02,EMPTY_BIN,NORMAL,NORMAL
PF-001499,2026-09-02 07:33:45,ORD-003820,SKU-00393,C-06-01-02,QUANTITY_MISMATCH,NORMAL,NORMAL
PF-000866,2026-09-02 07:35:04,ORD-000872,SKU-01507,B-10-05-01,NOT_FOUND,NORMAL,NORMAL
PF-002651,2026-09-02 07:35:40,ORD-004900,SKU-01942,B-08-05-01,QUANTITY_MISMATCH,NORMAL,NORMAL
PF-001606,2026-09-02 07:38:33,ORD-002802,SKU-00593,A-02-01-02,QUANTITY_MISMATCH,HIGH,NORMAL
PF-000825,2026-09-02 07:38:52,ORD-003469,SKU-01151,C-10-02-01,QUANTITY_MISMATCH,HIGH,NORMAL
PF-002204,2026-09-02 07:39:35,ORD-002977,SKU-01749,B-02-01-01,LOCATION_BLOCKED,NORMAL,NORMAL
PF-000154,2026-09-02 07:41:02,ORD-003581,SKU-00099,A-02-02-02,EMPTY_BIN,URGENT,NORMAL
PF-001248,2026-09-02 07:41:34,ORD-004208,SKU-01148,F-05-02-01,EMPTY_BIN,NORMAL,NORMAL
PF-000164,2026-09-02 07:42:17,ORD-004287,SKU-00654,B-01-01-02,NOT_FOUND,URGENT,NORMAL
PF-000432,2026-09-02 07:42:51,ORD-003534,SKU-01004,D-10-01-01,QUANTITY_MISMATCH,NORMAL,NORMAL
PF-001857,2026-09-02 07:42:57,ORD-003339,SKU-01389,B-06-01-01,WRONG_LOCATION,NORMAL,NORMAL
PF-000738,2026-09-02 07:45:22,ORD-000043,SKU-00130,B-05-03-01,NOT_FOUND,URGENT,NORMAL
PF-002027,2026-09-02 07:45:57,ORD-000330,SKU-01857,A-10-02-01,WRONG_LOCATION,NORMAL,NORMAL
PF-000112,2026-09-02 07:47:05,ORD-000229,SKU-01238,A-10-04-01,QUANTITY_MISMATCH,NORMAL,NORMAL
PF-002130,2026-09-02 07:47:24,ORD-000055,SKU-00852,E-08-04-02,QUANTITY_MISMATCH,NORMAL,NORMAL
PF-002907,2026-09-02 07:48:24,ORD-002466,SKU-00895,C-01-05-02,WRONG_LOCATION,URGENT,NORMAL
PF-000100,2026-09-02 07:50:00,ORD-001688,SKU-01196,C-09-05-01,LOCATION_BLOCKED,NORMAL,NORMAL
PF-001924,2026-09-02 07:51:38,ORD-003249,SKU-01051,D-03-04-02,LOCATION_BLOCKED,NORMAL,NORMAL
PF-001020,2026-09-02 07:52:00,ORD-003665,SKU-00762,D-06-05-01,NOT_FOUND,NORMAL,NORMAL
PF-001410,2026-09-02 07:52:22,ORD-003058,SKU-01608,D-09-04-02,WRONG_LOCATION,NORMAL,NORMAL
PF-000435,2026-09-02 07:52:31,ORD-001407,SKU-01520,D-03-05-01,WRONG_LOCATION,URGENT,NORMAL
PF-001422,2026-09-02 07:52:34,ORD-002897,SKU-01395,F-06-02-02,NOT_FOUND,URGENT,NORMAL
PF-002869,2026-09-02 07:53:40,ORD-001990,SKU-00715,D-02-05-01,QUANTITY_MISMATCH,HIGH,NORMAL
PF-002170,2026-09-02 07:54:42,ORD-004071,SKU-00037,A-02-03-02,QUANTITY_MISMATCH,NORMAL,NORMAL
PF-001514,2026-09-02 07:56:16,ORD-004573,SKU-01966,E-08-02-02,WRONG_LOCATION,URGENT,NORMAL
PF-001658,2026-09-02 07:56:25,ORD-001481,SKU-01092,C-06-03-02,WRONG_LOCATION,NORMAL,NORMAL
PF-001338,2026-09-02 07:57:13,ORD-002734,SKU-00192,D-08-03-02,LOCATION_BLOCKED,NORMAL,NORMAL
PF-001998,2026-09-02 07:58:39,ORD-001012,SKU-00940,F-02-05-02,NOT_FOUND,NORMAL,NORMAL
PF-000051,2026-09-02 08:01:08,ORD-001550,SKU-01129,F-08-02-01,EMPTY_BIN,URGENT,NORMAL
PF-000418,2026-09-02 08:01:10,ORD-004501,SKU-00585,D-04-05-01,LOCATION_BLOCKED,NORMAL,NORMAL
PF-001684,2026-09-02 08:02:26,ORD-001023,SKU-01074,D-06-01-01,LOCATION_BLOCKED,NORMAL,NORMAL
PF-002248,2026-09-02 08:02:54,ORD-001653,SKU-00892,C-02-03-02,NOT_FOUND,URGENT,NORMAL
PF-000679,2026-09-02 08:03:07,ORD-001503,SKU-00599,D-02-01-02,QUANTITY_MISMATCH,HIGH,NORMAL
PF-002630,2026-09-02 08:04:48,ORD-000440,SKU-00440,C-05-03-01,WRONG_LOCATION,NORMAL,NORMAL
PF-002609,2026-09-02 08:04:50,ORD-000374,SKU-01259,F-07-04-02,QUANTITY_MISMATCH,NORMAL,NORMAL
PF-002085,2026-09-02 08:06:49,ORD-000386,SKU-00123,A-03-04-02,QUANTITY_MISMATCH,NORMAL,NORMAL
PF-002638,2026-09-02 08:06:49,ORD-004985,SKU-00223,C-07-04-02,EMPTY_BIN,NORMAL,NORMAL
PF-001368,2026-09-02 08:07:03,ORD-004254,SKU-00842,D-01-02-02,QUANTITY_MISMATCH,NORMAL,NORMAL
PF-001780,2026-09-02 08:08:55,ORD-001894,SKU-00689,C-08-01-01,LOCATION_BLOCKED,URGENT,NORMAL
PF-002797,2026-09-02 08:09:33,ORD-000593,SKU-00971,A-02-03-01,WRONG_LOCATION,NORMAL,NORMAL
PF-000134,2026-09-02 08:10:16,ORD-000649,SKU-01040,F-09-02-02,NOT_FOUND,HIGH,NORMAL
PF-002686,2026-09-02 08:10:17,ORD-003502,SKU-01711,B-06-01-02,QUANTITY_MISMATCH,HIGH,NORMAL
PF-002026,2026-09-02 08:12:10,ORD-001526,SKU-00296,E-03-02-02,LOCATION_BLOCKED,HIGH,NORMAL
PF-001578,2026-09-02 08:13:01,ORD-003503,SKU-01338,F-09-04-02,LOCATION_BLOCKED,HIGH,NORMAL
PF-002264,2026-09-02 08:14:55,ORD-001651,SKU-01400,B-07-03-02,EMPTY_BIN,URGENT,NORMAL
PF-000020,2026-09-02 08:15:24,ORD-002526,SKU-00106,A-02-01-01,EMPTY_BIN,HIGH,NORMAL
PF-000540,2026-09-02 08:15:36,ORD-004662,SKU-00582,B-08-05-01,LOCATION_BLOCKED,URGENT,NORMAL
PF-000386,2026-09-02 08:16:59,ORD-001021,SKU-01585,A-08-03-01,EMPTY_BIN,URGENT,NORMAL
PF-000328,2026-09-02 08:17:40,ORD-002431,SKU-01705,F-10-03-01,QUANTITY_MISMATCH,URGENT,NORMAL
PF-002041,2026-09-02 08:20:36,ORD-002027,SKU-01246,E-03-03-01,EMPTY_BIN,HIGH,NORMAL
PF-000163,2026-09-02 08:20:58,ORD-000747,SKU-00354,E-05-02-01,NOT_FOUND,URGENT,NORMAL
PF-001069,2026-09-02 08:22:17,ORD-003529,SKU-00892,C-02-03-02,LOCATION_BLOCKED,URGENT,NORMAL
PF-000652,2026-09-02 08:23:30,ORD-001174,SKU-00303,A-04-02-01,NOT_FOUND,URGENT,NORMAL
PF-002110,2026-09-02 08:27:07,ORD-000271,SKU-01728,C-10-05-01,WRONG_LOCATION,URGENT,NORMAL
PF-001435,2026-09-02 08:27:40,ORD-002929,SKU-00930,B-05-01-02,WRONG_LOCATION,HIGH,NORMAL
PF-001029,2026-09-02 08:29:43,ORD-003303,SKU-01366,A-02-03-02,LOCATION_BLOCKED,HIGH,NORMAL
PF-002720,2026-09-02 08:30:58,ORD-003327,SKU-01011,F-06-02-01,LOCATION_BLOCKED,URGENT,NORMAL
PF-000748,2026-09-02 08:31:59,ORD-001188,SKU-00526,E-01-04-02,QUANTITY_MISMATCH,NORMAL,NORMAL
PF-000507,2026-09-02 08:32:32,ORD-002045,SKU-01690,F-10-03-02,LOCATION_BLOCKED,NORMAL,NORMAL
PF-002420,2026-09-02 08:36:29,ORD-001965,SKU-01012,E-08-01-01,EMPTY_BIN,HIGH,NORMAL
PF-001186,2026-09-02 08:37:17,ORD-000794,SKU-00006,F-06-03-02,QUANTITY_MISMATCH,NORMAL,NORMAL
PF-000975,2026-09-02 08:37:55,ORD-002677,SKU-00553,B-02-03-02,EMPTY_BIN,NORMAL,NORMAL
PF-001187,2026-09-02 08:39:24,ORD-004698,SKU-00675,E-02-01-01,WRONG_LOCATION,URGENT,NORMAL
PF-001633,2026-09-02 08:39:32,ORD-002702,SKU-00047,F-02-04-01,QUANTITY_MISMATCH,NORMAL,NORMAL
PF-000175,2026-09-02 08:40:48,ORD-003827,SKU-01560,E-06-04-02,NOT_FOUND,HIGH,NORMAL
PF-002186,2026-09-02 08:40:53,ORD-004910,SKU-00821,E-09-05-02,LOCATION_BLOCKED,HIGH,NORMAL
PF-001143,2026-09-02 08:43:20,ORD-004280,SKU-01284,D-08-02-02,LOCATION_BLOCKED,URGENT,NORMAL
PF-001390,2026-09-02 08:44:14,ORD-001578,SKU-00827,F-01-05-01,WRONG_LOCATION,HIGH,NORMAL
PF-000809,2026-09-02 08:46:09,ORD-004109,SKU-01215,F-03-01-02,WRONG_LOCATION,HIGH,NORMAL
PF-001575,2026-09-02 08:46:46,ORD-001299,SKU-00474,D-04-03-01,NOT_FOUND,NORMAL,NORMAL
PF-000144,2026-09-02 08:48:07,ORD-002670,SKU-01396,A-03-01-02,LOCATION_BLOCKED,NORMAL,NORMAL
PF-002822,2026-09-02 08:49:32,ORD-002373,SKU-01389,B-06-01-01,LOCATION_BLOCKED,URGENT,NORMAL
PF-001796,2026-09-02 08:52:26,ORD-004876,SKU-01296,D-08-01-01,EMPTY_BIN,URGENT,NORMAL
PF-000868,2026-09-02 08:53:26,ORD-004379,SKU-01195,C-04-01-02,NOT_FOUND,HIGH,NORMAL
PF-002824,2026-09-02 08:53:28,ORD-004440,SKU-00506,F-03-03-01,NOT_FOUND,HIGH,NORMAL
PF-001762,2026-09-02 08:54:41,ORD-003551,SKU-00333,C-10-02-02,LOCATION_BLOCKED,URGENT,NORMAL
PF-001151,2026-09-02 08:54:54,ORD-004477,SKU-00591,F-03-04-02,LOCATION_BLOCKED,HIGH,NORMAL
PF-000505,2026-09-02 08:55:08,ORD-004336,SKU-01074,D-06-01-01,LOCATION_BLOCKED,URGENT,NORMAL
PF-002647,2026-09-02 08:55:47,ORD-002813,SKU-01942,B-08-05-01,LOCATION_BLOCKED,HIGH,NORMAL
PF-001950,2026-09-02 08:57:28,ORD-000011,SKU-01493,E-01-05-02,QUANTITY_MISMATCH,NORMAL,NORMAL
PF-001262,2026-09-02 09:00:32,ORD-000472,SKU-00450,F-04-04-02,LOCATION_BLOCKED,NORMAL,NORMAL
PF-000963,2026-09-02 09:01:22,ORD-003179,SKU-01795,F-05-03-02,QUANTITY_MISMATCH,NORMAL,NORMAL
PF-001877,2026-09-02 09:03:43,ORD-004787,SKU-00856,F-09-03-02,EMPTY_BIN,NORMAL,NORMAL
PF-000790,2026-09-02 09:03:51,ORD-003445,SKU-01920,F-06-05-02,EMPTY_BIN,NORMAL,NORMAL
PF-001124,2026-09-02 09:03:54,ORD-000077,SKU-00770,F-10-02-02,LOCATION_BLOCKED,HIGH,NORMAL
PF-002487,2026-09-02 09:05:40,ORD-003559,SKU-00994,A-05-02-01,WRONG_LOCATION,NORMAL,NORMAL
PF-000860,2026-09-02 09:06:41,ORD-003581,SKU-01657,A-01-05-01,NOT_FOUND,HIGH,NORMAL
PF-000658,2026-09-02 09:06:55,ORD-003446,SKU-00824,E-06-01-02,NOT_FOUND,URGENT,NORMAL
PF-002079,2026-09-02 09:07:55,ORD-000702,SKU-01636,A-06-02-01,EMPTY_BIN,NORMAL,NORMAL
PF-000901,2026-09-02 09:08:02,ORD-002170,SKU-00396,B-03-03-01,EMPTY_BIN,HIGH,NORMAL
PF-001280,2026-09-02 09:09:46,ORD-004906,SKU-01193,D-10-04-01,LOCATION_BLOCKED,NORMAL,NORMAL
PF-002473,2026-09-02 09:12:10,ORD-002185,SKU-00478,A-08-04-02,NOT_FOUND,NORMAL,NORMAL
PF-002023,2026-09-02 09:12:11,ORD-002914,SKU-01181,E-09-05-01,QUANTITY_MISMATCH,NORMAL,NORMAL
PF-000472,2026-09-02 09:12:22,ORD-000136,SKU-00005,D-05-05-02,QUANTITY_MISMATCH,NORMAL,NORMAL
PF-002818,2026-09-02 09:12:36,ORD-000181,SKU-01469,B-06-05-02,LOCATION_BLOCKED,HIGH,NORMAL
PF-000542,2026-09-02 09:14:28,ORD-002599,SKU-00495,D-10-03-01,NOT_FOUND,HIGH,NORMAL
PF-000621,2026-09-02 09:15:53,ORD-004018,SKU-01315,F-05-05-02,LOCATION_BLOCKED,NORMAL,NORMAL
PF-001933,2026-09-02 09:16:54,ORD-000354,SKU-01489,C-04-03-01,QUANTITY_MISMATCH,HIGH,NORMAL
PF-000923,2026-09-02 09:17:16,ORD-003274,SKU-00414,E-09-05-02,LOCATION_BLOCKED,NORMAL,NORMAL
PF-000118,2026-09-02 09:17:38,ORD-000054,SKU-00895,C-01-05-02,WRONG_LOCATION,HIGH,NORMAL
PF-002966,2026-09-02 09:20:53,ORD-001177,SKU-00553,B-02-03-02,EMPTY_BIN,NORMAL,NORMAL
PF-000180,2026-09-02 09:21:08,ORD-002368,SKU-01976,B-01-02-02,QUANTITY_MISMATCH,NORMAL,NORMAL
PF-002849,2026-09-02 09:21:27,ORD-003412,SKU-00850,E-03-04-02,QUANTITY_MISMATCH,URGENT,NORMAL
PF-001625,2026-09-02 09:23:08,ORD-000618,SKU-01580,E-09-05-01,EMPTY_BIN,NORMAL,NORMAL
PF-002799,2026-09-02 09:23:38,ORD-000482,SKU-01903,A-07-01-02,LOCATION_BLOCKED,NORMAL,NORMAL
PF-000006,2026-09-02 09:25:01,ORD-003648,SKU-00968,B-10-05-01,QUANTITY_MISMATCH,URGENT,NORMAL
PF-000002,2026-09-02 09:25:53,ORD-001147,SKU-01548,A-06-03-02,LOCATION_BLOCKED,HIGH,NORMAL
PF-002946,2026-09-02 09:27:12,ORD-003753,SKU-01779,F-05-02-01,EMPTY_BIN,URGENT,NORMAL
PF-001191,2026-09-02 09:29:58,ORD-003533,SKU-00590,F-08-02-02,NOT_FOUND,HIGH,NORMAL
PF-001899,2026-09-02 09:30:18,ORD-004796,SKU-00191,D-02-01-01,LOCATION_BLOCKED,NORMAL,NORMAL
PF-002120,2026-09-02 09:30:32,ORD-004732,SKU-01040,F-09-02-02,EMPTY_BIN,NORMAL,NORMAL
PF-001737,2026-09-02 09:30:35,ORD-003776,SKU-00377,F-07-05-02,QUANTITY_MISMATCH,NORMAL,NORMAL
PF-001000,2026-09-02 09:31:45,ORD-001500,SKU-01318,D-04-01-02,WRONG_LOCATION,NORMAL,NORMAL
PF-001664,2026-09-02 09:32:08,ORD-001383,SKU-00936,D-05-04-02,LOCATION_BLOCKED,NORMAL,NORMAL
PF-000425,2026-09-02 09:32:22,ORD-004873,SKU-01192,F-07-05-02,EMPTY_BIN,NORMAL,NORMAL
PF-000876,2026-09-02 09:32:57,ORD-000651,SKU-00932,B-06-05-01,LOCATION_BLOCKED,HIGH,NORMAL
PF-001136,2026-09-02 09:33:47,ORD-000105,SKU-01373,E-01-03-02,LOCATION_BLOCKED,HIGH,NORMAL
PF-002076,2026-09-02 09:35:19,ORD-003142,SKU-01211,E-03-03-01,QUANTITY_MISMATCH,NORMAL,NORMAL
PF-001759,2026-09-02 09:35:23,ORD-002475,SKU-01281,D-08-03-02,QUANTITY_MISMATCH,NORMAL,NORMAL
PF-002577,2026-09-02 09:36:54,ORD-000845,SKU-01438,B-09-01-01,WRONG_LOCATION,HIGH,NORMAL
PF-000875,2026-09-02 09:37:47,ORD-004835,SKU-01102,B-10-05-01,EMPTY_BIN,NORMAL,NORMAL
PF-000309,2026-09-02 09:37:50,ORD-001306,SKU-00934,B-08-02-01,QUANTITY_MISMATCH,NORMAL,NORMAL
PF-000281,2026-09-02 09:37:55,ORD-004851,SKU-01915,B-06-04-02,NOT_FOUND,NORMAL,NORMAL
PF-000936,2026-09-02 09:38:58,ORD-001272,SKU-00082,C-03-05-01,QUANTITY_MISMATCH,URGENT,NORMAL
PF-000220,2026-09-02 09:47:09,ORD-002907,SKU-01823,B-01-03-01,WRONG_LOCATION,NORMAL,NORMAL
PF-001309,2026-09-02 09:49:41,ORD-003489,SKU-01297,E-01-04-01,WRONG_LOCATION,NORMAL,NORMAL
PF-002573,2026-09-02 09:51:20,ORD-004127,SKU-01013,D-05-03-02,NOT_FOUND,URGENT,NORMAL
PF-002976,2026-09-02 09:51:34,ORD-001377,SKU-01927,E-02-05-01,LOCATION_BLOCKED,HIGH,NORMAL
PF-000735,2026-09-02 09:52:01,ORD-003741,SKU-01742,E-03-01-01,NOT_FOUND,NORMAL,NORMAL
PF-002838,2026-09-02 09:52:10,ORD-000846,SKU-01040,F-09-02-02,LOCATION_BLOCKED,URGENT,NORMAL
PF-000471,2026-09-02 09:52:54,ORD-004875,SKU-00395,D-02-04-02,EMPTY_BIN,HIGH,NORMAL
PF-002443,2026-09-02 09:53:35,ORD-002409,SKU-00963,B-03-05-01,EMPTY_BIN,NORMAL,NORMAL
PF-000874,2026-09-02 09:54:01,ORD-001629,SKU-01267,E-09-01-02,EMPTY_BIN,URGENT,NORMAL
PF-001115,2026-09-02 09:54:15,ORD-004390,SKU-01933,E-09-04-02,LOCATION_BLOCKED,HIGH,NORMAL
PF-002224,2026-09-02 09:56:03,ORD-001091,SKU-01356,F-01-05-01,WRONG_LOCATION,NORMAL,NORMAL
PF-001671,2026-09-02 09:56:05,ORD-004589,SKU-00649,F-10-04-01,NOT_FOUND,NORMAL,NORMAL
PF-000762,2026-09-02 09:56:11,ORD-001988,SKU-01637,D-10-01-02,NOT_FOUND,NORMAL,NORMAL
PF-002798,2026-09-02 09:56:38,ORD-004164,SKU-01653,E-04-05-02,LOCATION_BLOCKED,NORMAL,NORMAL
PF-002003,2026-09-02 09:58:05,ORD-001092,SKU-00341,A-04-02-01,QUANTITY_MISMATCH,HIGH,NORMAL
PF-000393,2026-09-02 09:58:18,ORD-004291,SKU-00460,F-07-02-01,WRONG_LOCATION,URGENT,NORMAL
PF-001092,2026-09-02 09:59:50,ORD-000528,SKU-00912,E-07-03-02,LOCATION_BLOCKED,HIGH,NORMAL
PF-000873,2026-09-02 10:00:42,ORD-002951,SKU-00053,A-07-02-01,NOT_FOUND,NORMAL,NORMAL
PF-001008,2026-09-02 10:02:06,ORD-000571,SKU-01623,B-02-05-02,WRONG_LOCATION,URGENT,NORMAL
PF-000421,2026-09-02 10:03:23,ORD-001707,SKU-01701,D-05-05-01,QUANTITY_MISMATCH,URGENT,NORMAL
PF-002107,2026-09-02 10:03:57,ORD-004532,SKU-00661,E-06-03-02,QUANTITY_MISMATCH,HIGH,NORMAL
PF-001255,2026-09-02 10:04:22,ORD-001399,SKU-01433,D-10-03-02,EMPTY_BIN,HIGH,NORMAL
PF-002356,2026-09-02 10:04:55,ORD-003372,SKU-00047,F-02-04-01,LOCATION_BLOCKED,URGENT,NORMAL
PF-000273,2026-09-02 10:05:17,ORD-004270,SKU-00525,E-04-03-02,QUANTITY_MISMATCH,NORMAL,NORMAL
PF-000514,2026-09-02 10:08:40,ORD-003300,SKU-00812,F-02-04-02,NOT_FOUND,NORMAL,NORMAL
PF-000056,2026-09-02 10:10:25,ORD-003548,SKU-01710,B-02-01-01,NOT_FOUND,HIGH,NORMAL
PF-000511,2026-09-02 10:12:21,ORD-003547,SKU-00709,F-04-04-01,WRONG_LOCATION,HIGH,NORMAL
PF-001617,2026-09-02 10:13:05,ORD-001939,SKU-01781,C-01-01-01,NOT_FOUND,NORMAL,NORMAL
PF-002108,2026-09-02 10:15:14,ORD-004411,SKU-00504,B-07-01-01,NOT_FOUND,NORMAL,NORMAL
PF-002654,2026-09-02 10:16:05,ORD-001063,SKU-00145,E-04-05-01,QUANTITY_MISMATCH,URGENT,NORMAL
PF-001506,2026-09-02 10:16:39,ORD-000816,SKU-00706,B-05-04-01,NOT_FOUND,HIGH,NORMAL
PF-000094,2026-09-02 10:19:15,ORD-002266,SKU-01122,F-04-04-01,NOT_FOUND,NORMAL,NORMAL
PF-000109,2026-09-02 10:19:34,ORD-002940,SKU-00942,B-05-05-01,EMPTY_BIN,NORMAL,NORMAL
PF-000784,2026-09-02 10:19:57,ORD-004067,SKU-01596,E-07-04-01,WRONG_LOCATION,NORMAL,NORMAL
PF-002987,2026-09-02 10:22:31,ORD-004726,SKU-01995,C-10-05-01,EMPTY_BIN,NORMAL,NORMAL
PF-001647,2026-09-02 10:22:36,ORD-001679,SKU-01539,F-03-03-02,EMPTY_BIN,NORMAL,NORMAL
PF-000880,2026-09-02 10:25:04,ORD-002024,SKU-00040,B-05-05-02,LOCATION_BLOCKED,HIGH,NORMAL
PF-002289,2026-09-02 10:26:10,ORD-002100,SKU-00998,B-10-03-01,QUANTITY_MISMATCH,HIGH,NORMAL
PF-001477,2026-09-02 10:26:15,ORD-001358,SKU-01019,A-07-03-02,NOT_FOUND,HIGH,NORMAL
PF-002288,2026-09-02 10:26:44,ORD-000865,SKU-00780,E-10-04-01,QUANTITY_MISMATCH,HIGH,NORMAL
PF-000817,2026-09-02 10:29:37,ORD-003689,SKU-00190,E-07-05-02,NOT_FOUND,HIGH,NORMAL
PF-002620,2026-09-02 10:30:17,ORD-001671,SKU-01218,A-05-05-01,QUANTITY_MISMATCH,NORMAL,NORMAL
PF-002492,2026-09-02 10:30:33,ORD-002789,SKU-01205,C-04-02-01,WRONG_LOCATION,NORMAL,NORMAL
PF-000929,2026-09-02 10:31:05,ORD-000655,SKU-00544,E-09-03-02,LOCATION_BLOCKED,NORMAL,NORMAL
PF-001213,2026-09-02 10:31:41,ORD-002685,SKU-01727,C-03-02-01,EMPTY_BIN,HIGH,NORMAL
PF-001697,2026-09-02 10:32:18,ORD-001456,SKU-01597,E-03-01-02,NOT_FOUND,HIGH,NORMAL
PF-001821,2026-09-02 10:32:26,ORD-002968,SKU-00534,B-09-05-01,NOT_FOUND,NORMAL,NORMAL
PF-001051,2026-09-02 10:32:32,ORD-002311,SKU-00634,A-04-02-02,LOCATION_BLOCKED,NORMAL,NORMAL
PF-001665,2026-09-02 10:32:50,ORD-003389,SKU-00224,A-06-05-02,EMPTY_BIN,NORMAL,NORMAL
PF-001490,2026-09-02 10:33:47,ORD-001695,SKU-00125,C-07-03-02,QUANTITY_MISMATCH,NORMAL,NORMAL
PF-000630,2026-09-02 10:35:15,ORD-001485,SKU-01092,C-06-03-02,WRONG_LOCATION,NORMAL,NORMAL
PF-002278,2026-09-02 10:35:26,ORD-001049,SKU-00562,F-10-05-02,LOCATION_BLOCKED,NORMAL,NORMAL
PF-001574,2026-09-02 10:35:47,ORD-003988,SKU-01303,C-03-04-01,EMPTY_BIN,URGENT,NORMAL
PF-002617,2026-09-02 10:37:17,ORD-000023,SKU-01080,E-04-05-02,NOT_FOUND,HIGH,NORMAL
PF-001252,2026-09-02 10:37:22,ORD-003212,SKU-00175,E-09-02-02,QUANTITY_MISMATCH,NORMAL,NORMAL
PF-002036,2026-09-02 10:40:55,ORD-003018,SKU-01462,B-01-03-01,LOCATION_BLOCKED,URGENT,NORMAL
PF-002471,2026-09-02 10:43:14,ORD-001095,SKU-00164,D-04-03-01,NOT_FOUND,NORMAL,NORMAL
PF-000857,2026-09-02 10:45:24,ORD-003045,SKU-00509,B-08-05-01,QUANTITY_MISMATCH,HIGH,NORMAL
PF-002883,2026-09-02 10:45:43,ORD-002874,SKU-00116,F-04-04-02,NOT_FOUND,URGENT,NORMAL
PF-002089,2026-09-02 10:45:52,ORD-004763,SKU-00262,C-02-02-02,EMPTY_BIN,NORMAL,NORMAL
PF-002223,2026-09-02 10:46:06,ORD-002065,SKU-00504,B-07-01-01,WRONG_LOCATION,NORMAL,NORMAL
PF-000846,2026-09-02 10:46:27,ORD-004070,SKU-00040,B-05-05-02,EMPTY_BIN,HIGH,NORMAL
PF-001974,2026-09-02 10:46:45,ORD-002176,SKU-01012,E-08-01-01,QUANTITY_MISMATCH,NORMAL,NORMAL
PF-002438,2026-09-02 10:46:46,ORD-000222,SKU-00574,D-02-01-02,QUANTITY_MISMATCH,NORMAL,NORMAL
PF-002257,2026-09-02 10:47:34,ORD-000762,SKU-01193,D-10-04-01,EMPTY_BIN,HIGH,NORMAL
PF-002876,2026-09-02 10:48:22,ORD-000543,SKU-00109,A-06-01-01,WRONG_LOCATION,HIGH,NORMAL
PF-001618,2026-09-02 10:49:12,ORD-004649,SKU-01173,D-10-04-01,QUANTITY_MISMATCH,HIGH,NORMAL
PF-002049,2026-09-02 10:49:47,ORD-003744,SKU-00619,E-01-05-01,EMPTY_BIN,URGENT,NORMAL
PF-001288,2026-09-02 10:52:34,ORD-001573,SKU-01362,E-09-03-01,QUANTITY_MISMATCH,NORMAL,NORMAL
PF-000148,2026-09-02 10:52:38,ORD-004945,SKU-01639,B-01-03-01,WRONG_LOCATION,HIGH,NORMAL
PF-001195,2026-09-02 10:53:49,ORD-004406,SKU-00481,A-08-03-01,EMPTY_BIN,NORMAL,NORMAL
PF-001082,2026-09-02 10:54:02,ORD-003455,SKU-00919,A-06-05-01,EMPTY_BIN,HIGH,NORMAL
PF-000530,2026-09-02 10:59:03,ORD-003943,SKU-00056,A-08-02-02,NOT_FOUND,NORMAL,NORMAL
PF-002827,2026-09-02 10:59:40,ORD-003150,SKU-00719,E-06-02-01,EMPTY_BIN,NORMAL,NORMAL
PF-001351,2026-09-02 11:00:34,ORD-004385,SKU-01112,B-07-03-01,EMPTY_BIN,HIGH,NORMAL
PF-002863,2026-09-02 11:02:15,ORD-000477,SKU-01100,E-08-04-02,EMPTY_BIN,HIGH,NORMAL
PF-001961,2026-09-02 11:03:04,ORD-000323,SKU-00241,F-01-05-01,NOT_FOUND,HIGH,NORMAL
PF-002866,2026-09-02 11:03:12,ORD-000876,SKU-00562,F-10-05-02,WRONG_LOCATION,URGENT,NORMAL
PF-002293,2026-09-02 11:03:27,ORD-001018,SKU-01493,E-01-05-02,NOT_FOUND,URGENT,NORMAL
PF-001641,2026-09-02 11:05:32,ORD-000216,SKU-01597,E-03-01-02,QUANTITY_MISMATCH,URGENT,NORMAL
PF-001141,2026-09-02 11:06:15,ORD-004457,SKU-01535,E-04-05-01,QUANTITY_MISMATCH,URGENT,NORMAL
PF-002515,2026-09-02 11:07:55,ORD-002989,SKU-01032,C-09-05-02,WRONG_LOCATION,NORMAL,NORMAL
PF-000973,2026-09-02 11:09:36,ORD-003601,SKU-01555,C-06-05-02,NOT_FOUND,URGENT,NORMAL
PF-000235,2026-09-02 11:11:36,ORD-004123,SKU-00307,B-07-03-01,WRONG_LOCATION,HIGH,NORMAL
PF-001727,2026-09-02 11:11:45,ORD-003032,SKU-00224,A-06-05-02,QUANTITY_MISMATCH,NORMAL,NORMAL
PF-002346,2026-09-02 11:12:32,ORD-000876,SKU-01992,A-04-04-02,WRONG_LOCATION,HIGH,NORMAL
PF-000028,2026-09-02 11:13:07,ORD-001403,SKU-01000,B-06-02-01,QUANTITY_MISMATCH,NORMAL,NORMAL
PF-001251,2026-09-02 11:15:40,ORD-000134,SKU-01521,E-04-02-01,QUANTITY_MISMATCH,URGENT,NORMAL
PF-000383,2026-09-02 11:16:07,ORD-004725,SKU-00978,B-04-04-02,LOCATION_BLOCKED,HIGH,NORMAL
PF-001206,2026-09-02 11:16:37,ORD-001777,SKU-00645,B-08-05-01,LOCATION_BLOCKED,NORMAL,NORMAL
PF-001568,2026-09-02 11:17:54,ORD-004199,SKU-01737,E-03-02-01,NOT_FOUND,NORMAL,NORMAL
PF-002075,2026-09-02 11:20:17,ORD-003062,SKU-01246,E-03-03-01,EMPTY_BIN,NORMAL,NORMAL
PF-002432,2026-09-02 11:21:15,ORD-001413,SKU-00625,F-10-02-02,WRONG_LOCATION,NORMAL,NORMAL
PF-001318,2026-09-02 11:21:57,ORD-000345,SKU-01179,F-07-05-02,EMPTY_BIN,NORMAL,NORMAL
PF-001297,2026-09-02 11:22:18,ORD-004800,SKU-00211,D-04-01-01,QUANTITY_MISMATCH,NORMAL,NORMAL
PF-000756,2026-09-02 11:22:41,ORD-001009,SKU-00177,C-09-04-02,EMPTY_BIN,NORMAL,NORMAL
PF-002721,2026-09-02 11:27:58,ORD-000214,SKU-01232,F-05-05-01,LOCATION_BLOCKED,HIGH,NORMAL
PF-002280,2026-09-02 11:29:42,ORD-003957,SKU-00592,D-04-04-02,WRONG_LOCATION,NORMAL,NORMAL
PF-002378,2026-09-02 11:31:06,ORD-004537,SKU-01834,C-07-02-01,NOT_FOUND,NORMAL,NORMAL
PF-002116,2026-09-02 11:33:12,ORD-002361,SKU-01688,B-01-04-01,NOT_FOUND,NORMAL,NORMAL
PF-001548,2026-09-02 11:33:21,ORD-001972,SKU-01901,C-09-04-01,LOCATION_BLOCKED,NORMAL,NORMAL
PF-002510,2026-09-02 11:33:48,ORD-003943,SKU-01511,A-07-01-02,QUANTITY_MISMATCH,HIGH,NORMAL
PF-000882,2026-09-02 11:36:10,ORD-002056,SKU-00063,C-06-01-01,QUANTITY_MISMATCH,NORMAL,NORMAL
PF-001651,2026-09-02 11:36:46,ORD-002667,SKU-00663,F-10-01-01,LOCATION_BLOCKED,HIGH,NORMAL
PF-002587,2026-09-02 11:37:10,ORD-001230,SKU-01134,A-09-05-02,QUANTITY_MISMATCH,URGENT,NORMAL
PF-000774,2026-09-02 11:37:20,ORD-000241,SKU-01180,D-08-04-01,EMPTY_BIN,URGENT,NORMAL
PF-000046,2026-09-02 11:37:22,ORD-002989,SKU-00471,F-09-03-01,LOCATION_BLOCKED,NORMAL,NORMAL
PF-001865,2026-09-02 11:37:25,ORD-001648,SKU-00987,B-01-04-01,LOCATION_BLOCKED,URGENT,NORMAL
PF-001021,2026-09-02 11:37:51,ORD-001978,SKU-01648,B-01-01-02,LOCATION_BLOCKED,HIGH,NORMAL
PF-002097,2026-09-02 11:38:03,ORD-002506,SKU-00827,F-01-05-01,NOT_FOUND,URGENT,NORMAL
PF-002753,2026-09-02 11:38:05,ORD-001701,SKU-00285,F-08-03-02,WRONG_LOCATION,NORMAL,NORMAL
PF-001458,2026-09-02 11:38:27,ORD-002300,SKU-00767,C-01-05-01,NOT_FOUND,URGENT,NORMAL
PF-001471,2026-09-02 11:38:31,ORD-002261,SKU-00090,B-07-02-02,NOT_FOUND,NORMAL,NORMAL
PF-001978,2026-09-02 11:39:32,ORD-001457,SKU-00330,D-07-05-02,NOT_FOUND,URGENT,NORMAL
PF-001175,2026-09-02 11:39:36,ORD-004477,SKU-00035,F-06-02-01,EMPTY_BIN,HIGH,NORMAL
PF-002462,2026-09-02 11:40:10,ORD-000833,SKU-01502,B-01-04-01,QUANTITY_MISMATCH,NORMAL,NORMAL
PF-000964,2026-09-02 11:41:42,ORD-004331,SKU-00099,A-02-02-02,NOT_FOUND,NORMAL,NORMAL
PF-000342,2026-09-02 11:41:56,ORD-000781,SKU-00978,B-04-04-02,EMPTY_BIN,NORMAL,NORMAL
PF-000545,2026-09-02 11:42:04,ORD-000325,SKU-00186,E-10-03-01,QUANTITY_MISMATCH,URGENT,NORMAL
PF-000442,2026-09-02 11:42:54,ORD-000611,SKU-00086,D-10-03-02,WRONG_LOCATION,HIGH,NORMAL
PF-001889,2026-09-02 11:43:46,ORD-000658,SKU-00092,F-04-03-02,EMPTY_BIN,URGENT,NORMAL
PF-001323,2026-09-02 11:46:34,ORD-002480,SKU-01544,B-03-05-02,QUANTITY_MISMATCH,HIGH,NORMAL
PF-002225,2026-09-02 11:48:13,ORD-000626,SKU-01237,F-06-05-01,QUANTITY_MISMATCH,URGENT,NORMAL
PF-001201,2026-09-02 11:48:23,ORD-004591,SKU-01502,B-01-04-01,NOT_FOUND,HIGH,NORMAL
PF-001987,2026-09-02 11:48:45,ORD-002899,SKU-01322,C-05-05-01,NOT_FOUND,NORMAL,NORMAL
PF-002145,2026-09-02 11:49:00,ORD-000599,SKU-00893,F-04-01-01,QUANTITY_MISMATCH,HIGH,NORMAL
PF-002570,2026-09-02 11:49:09,ORD-004433,SKU-01385,D-02-03-02,WRONG_LOCATION,HIGH,NORMAL
PF-001939,2026-09-02 11:49:56,ORD-004896,SKU-01835,F-03-03-02,QUANTITY_MISMATCH,NORMAL,NORMAL
PF-000029,2026-09-02 11:50:21,ORD-003232,SKU-00745,E-06-02-02,EMPTY_BIN,HIGH,NORMAL
PF-001094,2026-09-02 11:51:10,ORD-004422,SKU-01958,A-05-01-02,EMPTY_BIN,URGENT,NORMAL
PF-002700,2026-09-02 11:51:54,ORD-001213,SKU-01711,B-06-01-02,QUANTITY_MISMATCH,URGENT,NORMAL
PF-001908,2026-09-02 11:53:09,ORD-004303,SKU-00314,C-05-04-01,LOCATION_BLOCKED,NORMAL,NORMAL
PF-000169,2026-09-02 11:53:13,ORD-001195,SKU-00696,E-10-01-02,EMPTY_BIN,NORMAL,NORMAL
PF-002964,2026-09-02 11:53:19,ORD-002064,SKU-00297,F-04-05-02,EMPTY_BIN,NORMAL,NORMAL
PF-000265,2026-09-02 11:56:25,ORD-003156,SKU-00095,A-08-05-02,NOT_FOUND,NORMAL,NORMAL
PF-000859,2026-09-02 11:56:47,ORD-002987,SKU-01203,D-04-02-01,WRONG_LOCATION,NORMAL,NORMAL
PF-002365,2026-09-02 11:58:24,ORD-003662,SKU-00752,E-06-02-01,NOT_FOUND,HIGH,NORMAL
PF-001890,2026-09-02 11:59:02,ORD-001315,SKU-00278,B-09-03-02,QUANTITY_MISMATCH,NORMAL,NORMAL
PF-001345,2026-09-02 11:59:09,ORD-004288,SKU-00156,E-08-02-01,NOT_FOUND,NORMAL,NORMAL
PF-001443,2026-09-02 11:59:29,ORD-004519,SKU-00120,D-05-04-02,LOCATION_BLOCKED,URGENT,NORMAL
PF-000578,2026-09-02 12:00:55,ORD-002366,SKU-01233,F-10-01-02,WRONG_LOCATION,HIGH,NORMAL
PF-002861,2026-09-02 12:01:20,ORD-004588,SKU-00606,E-06-05-02,QUANTITY_MISMATCH,URGENT,NORMAL
PF-002944,2026-09-02 12:01:21,ORD-000964,SKU-01482,C-03-02-02,NOT_FOUND,NORMAL,NORMAL
PF-002019,2026-09-02 12:02:02,ORD-001328,SKU-01169,B-01-04-01,EMPTY_BIN,HIGH,NORMAL
PF-002661,2026-09-02 12:02:23,ORD-002150,SKU-01191,D-03-05-01,EMPTY_BIN,URGENT,NORMAL
PF-001098,2026-09-02 12:02:47,ORD-000232,SKU-01347,E-03-01-02,LOCATION_BLOCKED,NORMAL,NORMAL
PF-000226,2026-09-02 12:03:13,ORD-004061,SKU-01709,A-06-03-02,QUANTITY_MISMATCH,NORMAL,NORMAL
PF-001763,2026-09-02 12:03:30,ORD-000780,SKU-01675,C-02-03-01,WRONG_LOCATION,URGENT,NORMAL
PF-001091,2026-09-02 12:05:06,ORD-000654,SKU-00168,A-06-04-02,WRONG_LOCATION,NORMAL,NORMAL
PF-002835,2026-09-02 12:06:50,ORD-004646,SKU-00762,D-06-05-01,EMPTY_BIN,HIGH,NORMAL
PF-001567,2026-09-02 12:07:12,ORD-003022,SKU-01931,D-06-05-02,QUANTITY_MISMATCH,HIGH,NORMAL
PF-002780,2026-09-02 12:08:56,ORD-001313,SKU-00332,B-05-02-02,NOT_FOUND,URGENT,NORMAL
PF-000121,2026-09-02 12:09:29,ORD-001195,SKU-01338,F-09-04-02,QUANTITY_MISMATCH,HIGH,NORMAL
PF-000816,2026-09-02 12:09:42,ORD-003294,SKU-00048,A-09-04-02,EMPTY_BIN,NORMAL,NORMAL
PF-001827,2026-09-02 12:09:47,ORD-003460,SKU-01002,E-05-02-01,WRONG_LOCATION,URGENT,NORMAL
PF-001837,2026-09-02 12:12:33,ORD-004025,SKU-00060,B-03-04-02,NOT_FOUND,NORMAL,NORMAL
PF-001518,2026-09-02 12:12:59,ORD-000673,SKU-01739,E-08-03-02,LOCATION_BLOCKED,URGENT,NORMAL
PF-001344,2026-09-02 12:14:14,ORD-003424,SKU-00379,E-05-02-01,NOT_FOUND,NORMAL,NORMAL
PF-002093,2026-09-02 12:15:26,ORD-000029,SKU-01507,B-10-05-01,EMPTY_BIN,HIGH,NORMAL
PF-000701,2026-09-02 12:15:31,ORD-001323,SKU-01346,B-09-05-01,QUANTITY_MISMATCH,URGENT,NORMAL
PF-002988,2026-09-02 12:16:13,ORD-002383,SKU-00757,A-04-02-02,LOCATION_BLOCKED,NORMAL,NORMAL
PF-002936,2026-09-02 12:16:57,ORD-003309,SKU-00401,B-08-05-01,QUANTITY_MISMATCH,HIGH,NORMAL
PF-001690,2026-09-02 12:18:27,ORD-001339,SKU-00059,A-09-04-01,QUANTITY_MISMATCH,URGENT,NORMAL
PF-002595,2026-09-02 12:18:39,ORD-002764,SKU-00789,B-01-03-01,QUANTITY_MISMATCH,NORMAL,NORMAL
PF-000960,2026-09-02 12:19:24,ORD-002066,SKU-00550,B-10-05-01,NOT_FOUND,URGENT,NORMAL
PF-002945,2026-09-02 12:19:48,ORD-002800,SKU-00192,D-08-03-02,NOT_FOUND,NORMAL,NORMAL
PF-001307,2026-09-02 12:20:25,ORD-004422,SKU-01562,F-03-05-01,WRONG_LOCATION,NORMAL,NORMAL
PF-000007,2026-09-02 12:20:57,ORD-000598,SKU-00866,A-03-01-01,EMPTY_BIN,NORMAL,NORMAL
PF-001366,2026-09-02 12:21:34,ORD-004596,SKU-01352,E-10-02-02,QUANTITY_MISMATCH,URGENT,NORMAL
PF-002247,2026-09-02 12:22:42,ORD-001928,SKU-01328,C-05-03-02,LOCATION_BLOCKED,NORMAL,NORMAL
PF-002498,2026-09-02 12:22:50,ORD-002685,SKU-00128,F-03-05-02,LOCATION_BLOCKED,NORMAL,NORMAL
PF-001361,2026-09-02 12:22:57,ORD-002590,SKU-00436,F-08-02-01,LOCATION_BLOCKED,NORMAL,NORMAL
PF-000115,2026-09-02 12:24:10,ORD-000646,SKU-00714,F-07-03-01,NOT_FOUND,NORMAL,NORMAL
PF-000703,2026-09-02 12:24:31,ORD-000169,SKU-00450,F-04-04-02,QUANTITY_MISMATCH,HIGH,NORMAL
PF-000751,2026-09-02 12:24:57,ORD-001526,SKU-00627,F-09-01-01,WRONG_LOCATION,NORMAL,NORMAL
PF-002807,2026-09-02 12:26:05,ORD-001454,SKU-00755,E-02-02-01,WRONG_LOCATION,HIGH,NORMAL
PF-001287,2026-09-02 12:26:28,ORD-003291,SKU-00391,B-02-05-02,NOT_FOUND,HIGH,NORMAL
PF-000833,2026-09-02 12:26:53,ORD-004303,SKU-01703,B-07-05-02,NOT_FOUND,NORMAL,NORMAL
PF-001550,2026-09-02 12:27:23,ORD-000285,SKU-01604,B-06-05-02,WRONG_LOCATION,URGENT,NORMAL
PF-000417,2026-09-02 12:31:00,ORD-000258,SKU-00545,F-01-01-02,LOCATION_BLOCKED,HIGH,NORMAL
PF-002958,2026-09-02 12:32:55,ORD-002309,SKU-01896,E-03-01-02,QUANTITY_MISMATCH,NORMAL,NORMAL
PF-001515,2026-09-02 12:35:13,ORD-001045,SKU-00103,E-04-03-02,EMPTY_BIN,HIGH,NORMAL
PF-002053,2026-09-02 12:35:45,ORD-000366,SKU-01473,A-02-02-01,LOCATION_BLOCKED,NORMAL,NORMAL
PF-000347,2026-09-02 12:35:51,ORD-003162,SKU-01396,A-03-01-02,QUANTITY_MISMATCH,NORMAL,NORMAL
PF-000106,2026-09-02 12:35:58,ORD-000653,SKU-00982,B-03-04-02,NOT_FOUND,URGENT,NORMAL
PF-002712,2026-09-02 12:38:30,ORD-000015,SKU-01567,C-10-05-01,EMPTY_BIN,HIGH,NORMAL
PF-000753,2026-09-02 12:39:04,ORD-003218,SKU-01140,D-04-01-02,EMPTY_BIN,NORMAL,NORMAL
PF-002627,2026-09-02 12:39:42,ORD-002597,SKU-01259,F-07-04-02,QUANTITY_MISMATCH,NORMAL,NORMAL
PF-001958,2026-09-02 12:39:57,ORD-002634,SKU-01020,D-09-02-01,NOT_FOUND,NORMAL,NORMAL
PF-001704,2026-09-02 12:40:54,ORD-003749,SKU-00557,C-05-01-02,NOT_FOUND,URGENT,NORMAL
PF-002218,2026-09-02 12:43:14,ORD-003419,SKU-00191,D-02-01-01,NOT_FOUND,NORMAL,NORMAL
PF-002234,2026-09-02 12:43:55,ORD-002960,SKU-00644,D-10-02-02,WRONG_LOCATION,HIGH,NORMAL
PF-001676,2026-09-02 12:45:06,ORD-002010,SKU-01402,E-03-01-02,EMPTY_BIN,URGENT,NORMAL
PF-002408,2026-09-02 12:45:17,ORD-001630,SKU-01973,D-09-02-01,LOCATION_BLOCKED,NORMAL,NORMAL
PF-000787,2026-09-02 12:45:42,ORD-000498,SKU-01280,F-10-02-01,NOT_FOUND,URGENT,NORMAL
PF-000231,2026-09-02 12:45:44,ORD-001458,SKU-01441,D-06-04-02,NOT_FOUND,URGENT,NORMAL
PF-001087,2026-09-02 12:46:23,ORD-004462,SKU-01939,C-02-02-02,EMPTY_BIN,URGENT,NORMAL
PF-000686,2026-09-02 12:48:36,ORD-001961,SKU-00972,E-06-01-01,EMPTY_BIN,NORMAL,NORMAL
PF-000980,2026-09-02 12:48:37,ORD-002989,SKU-00718,B-10-03-02,EMPTY_BIN,NORMAL,NORMAL
PF-001193,2026-09-02 12:48:52,ORD-002838,SKU-00652,A-01-04-01,WRONG_LOCATION,HIGH,NORMAL
PF-000646,2026-09-02 12:49:13,ORD-001586,SKU-01878,A-02-05-02,NOT_FOUND,URGENT,NORMAL
PF-000692,2026-09-02 12:49:20,ORD-000189,SKU-00985,B-06-04-01,QUANTITY_MISMATCH,NORMAL,NORMAL
PF-001218,2026-09-02 12:53:52,ORD-000316,SKU-00730,F-10-05-01,QUANTITY_MISMATCH,URGENT,NORMAL
PF-002082,2026-09-02 12:54:25,ORD-001273,SKU-00192,D-08-03-02,EMPTY_BIN,NORMAL,NORMAL
PF-002291,2026-09-02 12:54:29,ORD-000224,SKU-00390,F-03-04-01,EMPTY_BIN,URGENT,NORMAL
PF-002322,2026-09-02 12:54:29,ORD-003708,SKU-00303,A-04-02-01,NOT_FOUND,URGENT,NORMAL
PF-002051,2026-09-02 12:55:33,ORD-002941,SKU-01979,E-04-04-01,LOCATION_BLOCKED,HIGH,NORMAL
PF-000994,2026-09-02 12:55:35,ORD-002517,SKU-01290,A-02-01-02,LOCATION_BLOCKED,HIGH,NORMAL
PF-001122,2026-09-02 12:55:48,ORD-000527,SKU-01902,D-08-02-02,QUANTITY_MISMATCH,NORMAL,NORMAL
PF-001901,2026-09-02 12:56:02,ORD-003067,SKU-01779,F-05-02-01,NOT_FOUND,URGENT,NORMAL
PF-000439,2026-09-02 12:59:03,ORD-002272,SKU-01947,F-03-02-01,EMPTY_BIN,URGENT,NORMAL
PF-000915,2026-09-02 12:59:11,ORD-002176,SKU-00834,F-07-05-02,NOT_FOUND,HIGH,NORMAL
PF-001275,2026-09-02 12:59:43,ORD-004119,SKU-00822,F-04-01-01,EMPTY_BIN,URGENT,NORMAL
PF-001246,2026-09-02 13:00:28,ORD-003572,SKU-00300,A-03-01-02,NOT_FOUND,URGENT,NORMAL
PF-002064,2026-09-02 13:01:26,ORD-003803,SKU-00966,E-06-05-01,LOCATION_BLOCKED,NORMAL,NORMAL
PF-002434,2026-09-02 13:03:17,ORD-003426,SKU-01170,B-04-01-02,QUANTITY_MISMATCH,NORMAL,NORMAL
PF-001171,2026-09-02 13:04:26,ORD-000207,SKU-00101,B-02-03-02,WRONG_LOCATION,NORMAL,NORMAL
PF-000637,2026-09-02 13:10:32,ORD-003879,SKU-00008,E-06-03-02,WRONG_LOCATION,HIGH,NORMAL
PF-001306,2026-09-02 13:14:01,ORD-001942,SKU-01561,E-10-01-02,LOCATION_BLOCKED,HIGH,NORMAL
PF-000276,2026-09-02 13:15:06,ORD-000765,SKU-00200,A-09-02-02,EMPTY_BIN,URGENT,NORMAL
PF-001226,2026-09-02 13:16:04,ORD-004075,SKU-00045,D-03-02-02,EMPTY_BIN,NORMAL,NORMAL
PF-002881,2026-09-02 13:16:11,ORD-001551,SKU-00288,D-05-04-02,QUANTITY_MISMATCH,URGENT,NORMAL
PF-002532,2026-09-02 13:18:00,ORD-000154,SKU-00548,C-08-01-02,LOCATION_BLOCKED,NORMAL,NORMAL
PF-002550,2026-09-02 13:18:04,ORD-003548,SKU-00818,A-03-05-01,WRONG_LOCATION,URGENT,NORMAL
PF-000981,2026-09-02 13:18:36,ORD-002340,SKU-01213,A-03-04-01,LOCATION_BLOCKED,NORMAL,NORMAL
PF-001544,2026-09-02 13:19:11,ORD-000184,SKU-01867,A-08-05-02,NOT_FOUND,URGENT,NORMAL
PF-002703,2026-09-02 13:21:02,ORD-001929,SKU-01934,A-09-03-02,LOCATION_BLOCKED,NORMAL,NORMAL
PF-002685,2026-09-02 13:21:22,ORD-003852,SKU-01655,A-09-05-02,WRONG_LOCATION,NORMAL,NORMAL
PF-000697,2026-09-02 13:21:36,ORD-001461,SKU-01107,B-09-01-01,QUANTITY_MISMATCH,HIGH,NORMAL
PF-001820,2026-09-02 13:22:19,ORD-002755,SKU-00497,F-07-04-02,LOCATION_BLOCKED,HIGH,NORMAL
PF-002070,2026-09-02 13:22:46,ORD-003162,SKU-00046,F-03-02-02,QUANTITY_MISMATCH,NORMAL,NORMAL
PF-000448,2026-09-02 13:23:51,ORD-003791,SKU-00120,D-05-04-02,QUANTITY_MISMATCH,NORMAL,NORMAL
PF-001526,2026-09-02 13:24:23,ORD-002167,SKU-01577,C-08-05-02,EMPTY_BIN,NORMAL,NORMAL
PF-001734,2026-09-02 13:24:55,ORD-000246,SKU-01940,B-08-05-01,NOT_FOUND,NORMAL,NORMAL
PF-000202,2026-09-02 13:25:37,ORD-000883,SKU-00118,D-03-02-02,QUANTITY_MISMATCH,HIGH,NORMAL
PF-001418,2026-09-02 13:25:43,ORD-002246,SKU-00942,B-05-05-01,NOT_FOUND,NORMAL,NORMAL
PF-000813,2026-09-02 13:25:55,ORD-003708,SKU-01887,A-09-02-01,WRONG_LOCATION,HIGH,NORMAL
PF-000173,2026-09-02 13:26:03,ORD-000099,SKU-00462,B-02-01-02,NOT_FOUND,NORMAL,NORMAL
PF-001736,2026-09-02 13:26:34,ORD-002771,SKU-00939,B-07-04-01,LOCATION_BLOCKED,HIGH,NORMAL
PF-001536,2026-09-02 13:27:20,ORD-002391,SKU-00235,C-05-03-01,QUANTITY_MISMATCH,NORMAL,NORMAL
PF-002004,2026-09-02 13:28:09,ORD-000665,SKU-00143,D-10-03-02,QUANTITY_MISMATCH,NORMAL,NORMAL
PF-002568,2026-09-02 13:28:49,ORD-004011,SKU-00119,C-10-02-01,WRONG_LOCATION,URGENT,NORMAL
PF-001556,2026-09-02 13:29:54,ORD-002835,SKU-01620,C-07-04-02,QUANTITY_MISMATCH,NORMAL,NORMAL
PF-002533,2026-09-02 13:31:06,ORD-002260,SKU-01447,B-03-01-01,QUANTITY_MISMATCH,NORMAL,NORMAL
PF-002642,2026-09-02 13:32:20,ORD-004052,SKU-01974,C-06-02-01,NOT_FOUND,URGENT,NORMAL
PF-000158,2026-09-02 13:33:36,ORD-003659,SKU-00915,E-01-02-02,WRONG_LOCATION,HIGH,NORMAL
PF-001339,2026-09-02 13:34:11,ORD-000552,SKU-00421,B-02-03-01,LOCATION_BLOCKED,URGENT,NORMAL
PF-002632,2026-09-02 13:35:45,ORD-004461,SKU-00290,B-10-01-02,WRONG_LOCATION,NORMAL,NORMAL
PF-001848,2026-09-02 13:35:49,ORD-001954,SKU-00174,B-03-02-01,WRONG_LOCATION,URGENT,NORMAL
PF-001446,2026-09-02 13:36:44,ORD-004640,SKU-00907,A-10-04-02,QUANTITY_MISMATCH,HIGH,NORMAL
PF-001445,2026-09-02 13:36:48,ORD-000681,SKU-00627,F-09-01-01,QUANTITY_MISMATCH,NORMAL,NORMAL
PF-000416,2026-09-02 13:37:09,ORD-003158,SKU-00041,C-09-03-02,QUANTITY_MISMATCH,NORMAL,NORMAL
PF-000598,2026-09-02 13:37:17,ORD-004946,SKU-01307,C-03-03-01,LOCATION_BLOCKED,NORMAL,NORMAL
PF-002261,2026-09-02 13:37:17,ORD-000768,SKU-01647,F-10-05-01,WRONG_LOCATION,NORMAL,NORMAL
PF-001399,2026-09-02 13:38:48,ORD-000687,SKU-00516,B-01-01-01,WRONG_LOCATION,URGENT,NORMAL
PF-002901,2026-09-02 13:39:39,ORD-003622,SKU-01647,F-10-05-01,QUANTITY_MISMATCH,URGENT,NORMAL
PF-002548,2026-09-02 13:40:12,ORD-001947,SKU-01382,B-07-02-01,LOCATION_BLOCKED,NORMAL,NORMAL
PF-000747,2026-09-02 13:40:13,ORD-000937,SKU-00696,E-10-01-02,LOCATION_BLOCKED,NORMAL,NORMAL
PF-002382,2026-09-02 13:40:24,ORD-002924,SKU-01733,C-01-01-02,NOT_FOUND,HIGH,NORMAL
PF-000772,2026-09-02 13:40:58,ORD-000670,SKU-01664,D-01-03-02,EMPTY_BIN,URGENT,NORMAL
PF-000408,2026-09-02 13:41:11,ORD-001863,SKU-00874,E-01-04-01,NOT_FOUND,NORMAL,NORMAL
PF-000920,2026-09-02 13:41:28,ORD-000997,SKU-00710,E-07-04-01,NOT_FOUND,NORMAL,NORMAL
PF-000254,2026-09-02 13:42:27,ORD-001434,SKU-00583,F-10-05-02,NOT_FOUND,NORMAL,NORMAL
PF-001949,2026-09-02 13:42:55,ORD-001679,SKU-00371,E-08-03-01,QUANTITY_MISMATCH,NORMAL,NORMAL
PF-001905,2026-09-02 13:43:00,ORD-000701,SKU-00700,D-05-05-01,LOCATION_BLOCKED,NORMAL,NORMAL
PF-002461,2026-09-02 13:43:18,ORD-003580,SKU-00606,E-06-05-02,LOCATION_BLOCKED,HIGH,NORMAL
PF-000633,2026-09-02 13:43:28,ORD-004122,SKU-01387,E-02-05-01,LOCATION_BLOCKED,NORMAL,NORMAL
PF-002765,2026-09-02 13:43:34,ORD-001137,SKU-00161,E-03-03-02,QUANTITY_MISMATCH,NORMAL,NORMAL
PF-002933,2026-09-02 13:44:23,ORD-000103,SKU-00915,E-01-02-02,LOCATION_BLOCKED,NORMAL,NORMAL
PF-001934,2026-09-02 13:44:52,ORD-004012,SKU-01427,E-01-04-02,WRONG_LOCATION,URGENT,NORMAL
PF-001791,2026-09-02 13:45:20,ORD-000641,SKU-01675,C-02-03-01,WRONG_LOCATION,NORMAL,NORMAL
PF-000240,2026-09-02 13:46:41,ORD-001584,SKU-00447,E-07-04-02,LOCATION_BLOCKED,URGENT,NORMAL
PF-000631,2026-09-02 13:48:52,ORD-002566,SKU-00182,B-05-03-01,WRONG_LOCATION,URGENT,NORMAL
PF-002639,2026-09-02 13:49:25,ORD-002704,SKU-00994,A-05-02-01,WRONG_LOCATION,NORMAL,NORMAL
PF-002133,2026-09-02 13:49:30,ORD-004480,SKU-00603,F-09-03-02,QUANTITY_MISMATCH,NORMAL,NORMAL
PF-002372,2026-09-02 13:50:02,ORD-002858,SKU-01718,F-08-01-02,QUANTITY_MISMATCH,NORMAL,NORMAL
PF-002784,2026-09-02 13:51:00,ORD-002110,SKU-00522,F-07-05-02,WRONG_LOCATION,NORMAL,NORMAL
PF-002855,2026-09-02 13:53:09,ORD-001164,SKU-00965,B-05-03-01,NOT_FOUND,HIGH,NORMAL
PF-000167,2026-09-02 13:54:27,ORD-000898,SKU-01722,D-01-01-01,EMPTY_BIN,NORMAL,NORMAL
PF-001342,2026-09-02 13:55:14,ORD-003937,SKU-00077,C-08-05-01,LOCATION_BLOCKED,NORMAL,NORMAL
PF-002112,2026-09-02 13:58:50,ORD-003619,SKU-00763,C-03-02-01,LOCATION_BLOCKED,URGENT,NORMAL
PF-001659,2026-09-02 13:59:48,ORD-000962,SKU-00035,F-06-02-01,EMPTY_BIN,HIGH,NORMAL
PF-001586,2026-09-02 14:01:22,ORD-001288,SKU-01410,A-09-04-01,EMPTY_BIN,URGENT,NORMAL
PF-001328,2026-09-02 14:02:54,ORD-003145,SKU-01186,D-04-02-02,EMPTY_BIN,HIGH,NORMAL
PF-002539,2026-09-02 14:03:02,ORD-004481,SKU-01010,F-02-01-02,WRONG_LOCATION,NORMAL,NORMAL
PF-001754,2026-09-02 14:03:21,ORD-004664,SKU-01034,C-10-05-02,WRONG_LOCATION,NORMAL,NORMAL
PF-000098,2026-09-02 14:04:26,ORD-001060,SKU-00237,C-05-02-02,QUANTITY_MISMATCH,NORMAL,NORMAL
PF-001805,2026-09-02 14:04:46,ORD-002430,SKU-00621,D-10-01-01,QUANTITY_MISMATCH,NORMAL,NORMAL
PF-002101,2026-09-02 14:05:05,ORD-003875,SKU-01428,D-10-04-01,NOT_FOUND,NORMAL,NORMAL
PF-002363,2026-09-02 14:07:37,ORD-001605,SKU-01001,A-07-05-02,EMPTY_BIN,HIGH,NORMAL
PF-002724,2026-09-02 14:07:42,ORD-001796,SKU-01360,A-09-02-02,LOCATION_BLOCKED,URGENT,NORMAL
PF-002718,2026-09-02 14:08:47,ORD-003464,SKU-00989,C-04-01-02,NOT_FOUND,URGENT,NORMAL
PF-000685,2026-09-02 14:09:02,ORD-002814,SKU-01978,B-09-05-02,QUANTITY_MISMATCH,URGENT,NORMAL
PF-001683,2026-09-02 14:10:11,ORD-001588,SKU-00279,A-03-05-02,LOCATION_BLOCKED,NORMAL,NORMAL
PF-002428,2026-09-02 14:11:15,ORD-002889,SKU-00744,A-01-01-02,NOT_FOUND,NORMAL,NORMAL
PF-002413,2026-09-02 14:13:29,ORD-001902,SKU-01194,A-09-04-02,WRONG_LOCATION,URGENT,NORMAL
PF-001620,2026-09-02 14:13:52,ORD-002318,SKU-00201,A-01-05-01,EMPTY_BIN,NORMAL,NORMAL
PF-001928,2026-09-02 14:14:48,ORD-003868,SKU-00384,F-02-05-02,NOT_FOUND,NORMAL,NORMAL
PF-001162,2026-09-02 14:15:52,ORD-003754,SKU-00233,C-07-04-02,NOT_FOUND,NORMAL,NORMAL
PF-001507,2026-09-02 14:16:27,ORD-004380,SKU-01874,B-04-05-01,LOCATION_BLOCKED,URGENT,NORMAL
PF-001975,2026-09-02 14:18:49,ORD-000594,SKU-00137,C-02-03-02,EMPTY_BIN,NORMAL,NORMAL
PF-000644,2026-09-02 14:18:51,ORD-004395,SKU-01848,A-08-02-01,EMPTY_BIN,HIGH,NORMAL
PF-001783,2026-09-02 14:18:51,ORD-000341,SKU-01019,A-07-03-02,QUANTITY_MISMATCH,HIGH,NORMAL
PF-000536,2026-09-02 14:20:42,ORD-000837,SKU-01189,D-03-04-02,EMPTY_BIN,NORMAL,NORMAL
PF-001111,2026-09-02 14:21:10,ORD-002380,SKU-01848,A-08-02-01,WRONG_LOCATION,HIGH,NORMAL
PF-002770,2026-09-02 14:22:18,ORD-000860,SKU-01452,B-06-03-01,LOCATION_BLOCKED,HIGH,NORMAL
PF-002760,2026-09-02 14:23:47,ORD-003733,SKU-00580,E-06-02-01,QUANTITY_MISMATCH,NORMAL,NORMAL
PF-000614,2026-09-02 14:25:21,ORD-003477,SKU-01580,E-09-05-01,QUANTITY_MISMATCH,NORMAL,NORMAL
PF-000388,2026-09-02 14:26:54,ORD-002676,SKU-00877,B-10-03-01,NOT_FOUND,URGENT,NORMAL
PF-002142,2026-09-02 14:27:31,ORD-000551,SKU-00762,D-06-05-01,LOCATION_BLOCKED,HIGH,NORMAL
PF-001173,2026-09-02 14:27:40,ORD-002756,SKU-01943,D-09-05-01,NOT_FOUND,NORMAL,NORMAL
PF-002140,2026-09-02 14:31:03,ORD-001596,SKU-00741,F-08-03-02,QUANTITY_MISMATCH,HIGH,NORMAL
PF-000311,2026-09-02 14:34:20,ORD-000628,SKU-01335,D-02-01-01,EMPTY_BIN,URGENT,NORMAL
PF-002832,2026-09-02 14:36:04,ORD-001393,SKU-00730,F-10-05-01,WRONG_LOCATION,HIGH,NORMAL
PF-001250,2026-09-02 14:36:25,ORD-002491,SKU-00167,F-04-04-01,NOT_FOUND,URGENT,NORMAL
PF-000555,2026-09-02 14:36:51,ORD-004180,SKU-01292,A-04-01-02,QUANTITY_MISMATCH,NORMAL,NORMAL
PF-000186,2026-09-02 14:39:10,ORD-002781,SKU-01323,C-06-03-01,LOCATION_BLOCKED,NORMAL,NORMAL
PF-000142,2026-09-02 14:39:12,ORD-000231,SKU-00002,B-06-02-02,WRONG_LOCATION,NORMAL,NORMAL
PF-000884,2026-09-02 14:41:50,ORD-003780,SKU-00255,D-04-04-02,LOCATION_BLOCKED,HIGH,NORMAL
PF-002918,2026-09-02 14:41:59,ORD-001904,SKU-00962,F-03-04-01,QUANTITY_MISMATCH,NORMAL,NORMAL
PF-002591,2026-09-02 14:44:27,ORD-004143,SKU-01559,F-09-03-01,NOT_FOUND,NORMAL,NORMAL
PF-002612,2026-09-02 14:45:51,ORD-001198,SKU-00555,F-04-05-02,EMPTY_BIN,URGENT,NORMAL
PF-001180,2026-09-02 14:46:25,ORD-001245,SKU-01210,B-06-05-02,NOT_FOUND,NORMAL,NORMAL
PF-002206,2026-09-02 14:50:25,ORD-000814,SKU-01413,D-08-04-01,EMPTY_BIN,NORMAL,NORMAL
PF-000123,2026-09-02 14:50:35,ORD-002386,SKU-00436,F-08-02-01,EMPTY_BIN,URGENT,NORMAL
PF-002099,2026-09-02 14:52:02,ORD-000083,SKU-01044,E-06-01-02,WRONG_LOCATION,URGENT,NORMAL
PF-001944,2026-09-02 14:52:22,ORD-003824,SKU-01937,C-09-03-01,LOCATION_BLOCKED,NORMAL,NORMAL
PF-000517,2026-09-02 14:52:47,ORD-003489,SKU-00285,F-08-03-02,NOT_FOUND,URGENT,NORMAL
PF-000714,2026-09-02 14:52:50,ORD-001948,SKU-00894,E-10-04-02,WRONG_LOCATION,URGENT,NORMAL
PF-002021,2026-09-02 14:54:06,ORD-000002,SKU-00753,F-09-04-01,QUANTITY_MISMATCH,HIGH,NORMAL
PF-001607,2026-09-02 14:55:29,ORD-001614,SKU-00441,F-06-05-02,LOCATION_BLOCKED,NORMAL,NORMAL
PF-001476,2026-09-02 14:57:59,ORD-000115,SKU-00453,D-09-02-01,EMPTY_BIN,NORMAL,NORMAL
PF-002398,2026-09-02 14:58:09,ORD-002988,SKU-00284,A-03-02-02,WRONG_LOCATION,NORMAL,NORMAL
PF-000499,2026-09-02 14:58:27,ORD-001176,SKU-00260,B-01-01-02,LOCATION_BLOCKED,HIGH,NORMAL
PF-002696,2026-09-02 14:58:45,ORD-003664,SKU-01175,F-01-01-02,LOCATION_BLOCKED,NORMAL,NORMAL
PF-001609,2026-09-02 14:59:35,ORD-004563,SKU-01410,A-09-04-01,EMPTY_BIN,NORMAL,NORMAL
PF-001426,2026-09-02 15:00:52,ORD-004714,SKU-00692,C-09-01-01,EMPTY_BIN,NORMAL,NORMAL
PF-002707,2026-09-02 15:01:39,ORD-004436,SKU-01176,E-09-03-02,QUANTITY_MISMATCH,URGENT,NORMAL
PF-000898,2026-09-02 15:02:37,ORD-001736,SKU-01298,A-07-05-02,EMPTY_BIN,URGENT,NORMAL
PF-000436,2026-09-02 15:03:38,ORD-004895,SKU-00046,F-03-02-02,EMPTY_BIN,HIGH,NORMAL
PF-000835,2026-09-02 15:03:43,ORD-003876,SKU-01414,D-04-04-02,WRONG_LOCATION,URGENT,NORMAL
PF-001375,2026-09-02 15:06:12,ORD-000892,SKU-00022,D-02-03-01,LOCATION_BLOCKED,NORMAL,NORMAL
PF-000590,2026-09-02 15:06:55,ORD-002960,SKU-01067,E-05-03-02,LOCATION_BLOCKED,URGENT,NORMAL
PF-002367,2026-09-02 15:07:03,ORD-002702,SKU-00226,F-05-02-02,QUANTITY_MISMATCH,URGENT,NORMAL
PF-001935,2026-09-02 15:07:54,ORD-004658,SKU-00394,F-01-05-01,NOT_FOUND,NORMAL,NORMAL
PF-002185,2026-09-02 15:08:32,ORD-001727,SKU-00164,D-04-03-01,NOT_FOUND,NORMAL,NORMAL
PF-000897,2026-09-02 15:10:08,ORD-001095,SKU-01612,A-10-02-02,EMPTY_BIN,NORMAL,NORMAL
PF-002675,2026-09-02 15:10:54,ORD-004074,SKU-01080,E-04-05-02,EMPTY_BIN,NORMAL,NORMAL
PF-002180,2026-09-02 15:11:07,ORD-004845,SKU-00005,D-05-05-02,EMPTY_BIN,HIGH,NORMAL
PF-002400,2026-09-02 15:11:44,ORD-000849,SKU-00709,F-04-04-01,QUANTITY_MISMATCH,HIGH,NORMAL
PF-000721,2026-09-02 15:12:20,ORD-001007,SKU-01206,B-04-01-02,EMPTY_BIN,URGENT,NORMAL
PF-001552,2026-09-02 15:12:23,ORD-002700,SKU-01526,B-04-02-01,LOCATION_BLOCKED,NORMAL,NORMAL
PF-002597,2026-09-02 15:12:31,ORD-002321,SKU-01775,F-07-05-01,QUANTITY_MISMATCH,HIGH,NORMAL
PF-001198,2026-09-02 15:12:41,ORD-000227,SKU-01397,F-09-05-01,NOT_FOUND,URGENT,NORMAL
PF-002605,2026-09-02 15:12:46,ORD-002672,SKU-01774,C-01-03-01,WRONG_LOCATION,NORMAL,NORMAL
PF-002493,2026-09-02 15:12:56,ORD-000463,SKU-00931,C-05-04-02,EMPTY_BIN,URGENT,NORMAL
PF-001321,2026-09-02 15:12:59,ORD-001279,SKU-01251,F-04-05-02,WRONG_LOCATION,NORMAL,NORMAL
PF-001800,2026-09-02 15:14:21,ORD-001299,SKU-01871,C-03-01-02,NOT_FOUND,NORMAL,NORMAL
PF-002802,2026-09-02 15:14:52,ORD-004230,SKU-00546,B-03-03-02,WRONG_LOCATION,HIGH,NORMAL
PF-001948,2026-09-02 15:15:15,ORD-001257,SKU-00791,F-05-01-02,EMPTY_BIN,NORMAL,NORMAL
PF-002540,2026-09-02 15:15:20,ORD-000421,SKU-01402,E-03-01-02,WRONG_LOCATION,NORMAL,NORMAL
PF-000856,2026-09-02 15:15:34,ORD-003675,SKU-01417,C-01-01-02,NOT_FOUND,HIGH,NORMAL
PF-002469,2026-09-02 15:15:36,ORD-000883,SKU-00786,A-08-01-01,WRONG_LOCATION,NORMAL,NORMAL
PF-001455,2026-09-02 15:15:55,ORD-003392,SKU-00907,A-10-04-02,WRONG_LOCATION,NORMAL,NORMAL
PF-001995,2026-09-02 15:16:06,ORD-001228,SKU-01663,F-04-01-02,WRONG_LOCATION,HIGH,NORMAL
PF-001316,2026-09-02 15:17:27,ORD-004319,SKU-01643,B-08-01-02,WRONG_LOCATION,HIGH,NORMAL
PF-002820,2026-09-02 15:19:13,ORD-004053,SKU-01883,F-09-04-02,EMPTY_BIN,NORMAL,NORMAL
PF-001448,2026-09-02 15:19:47,ORD-004210,SKU-01556,B-02-03-01,QUANTITY_MISMATCH,HIGH,NORMAL
PF-000165,2026-09-02 15:23:00,ORD-000041,SKU-00844,E-03-03-02,LOCATION_BLOCKED,NORMAL,NORMAL
PF-001628,2026-09-02 15:23:34,ORD-001713,SKU-00664,A-06-03-01,QUANTITY_MISMATCH,NORMAL,NORMAL
PF-001943,2026-09-02 15:23:49,ORD-001047,SKU-00486,F-01-03-02,EMPTY_BIN,URGENT,NORMAL
PF-000592,2026-09-02 15:26:29,ORD-004098,SKU-01012,E-08-01-01,WRONG_LOCATION,NORMAL,NORMAL
PF-000116,2026-09-02 15:28:35,ORD-002960,SKU-01369,C-01-03-02,NOT_FOUND,HIGH,NORMAL
PF-000985,2026-09-02 15:28:52,ORD-002436,SKU-01648,B-01-01-02,WRONG_LOCATION,NORMAL,NORMAL
PF-001241,2026-09-02 15:30:45,ORD-003581,SKU-00908,F-01-02-01,LOCATION_BLOCKED,HIGH,NORMAL
PF-000091,2026-09-02 15:32:03,ORD-002097,SKU-00517,F-08-01-02,LOCATION_BLOCKED,NORMAL,NORMAL
PF-002875,2026-09-02 15:32:27,ORD-003103,SKU-01212,E-09-03-02,NOT_FOUND,NORMAL,NORMAL
PF-001983,2026-09-02 15:33:19,ORD-003540,SKU-00292,F-05-02-02,WRONG_LOCATION,NORMAL,NORMAL
PF-002772,2026-09-02 15:33:36,ORD-001635,SKU-01953,F-07-05-01,WRONG_LOCATION,NORMAL,NORMAL
PF-000413,2026-09-02 15:33:54,ORD-000330,SKU-01566,E-09-01-01,NOT_FOUND,NORMAL,NORMAL
PF-001566,2026-09-02 15:33:54,ORD-002920,SKU-00009,C-09-05-02,QUANTITY_MISMATCH,NORMAL,NORMAL
PF-002188,2026-09-02 15:38:12,ORD-000798,SKU-01969,F-02-03-02,QUANTITY_MISMATCH,URGENT,NORMAL
PF-001181,2026-09-02 15:38:31,ORD-004251,SKU-01302,A-06-04-02,LOCATION_BLOCKED,NORMAL,NORMAL
PF-002971,2026-09-02 15:38:52,ORD-002225,SKU-00678,E-10-02-01,LOCATION_BLOCKED,NORMAL,NORMAL
PF-002951,2026-09-02 15:39:30,ORD-001650,SKU-01173,D-10-04-01,WRONG_LOCATION,NORMAL,NORMAL
PF-000187,2026-09-02 15:39:45,ORD-003292,SKU-01553,D-04-02-02,WRONG_LOCATION,NORMAL,NORMAL
PF-001238,2026-09-02 15:40:30,ORD-000814,SKU-00661,E-06-03-02,QUANTITY_MISMATCH,NORMAL,NORMAL
PF-002611,2026-09-02 15:41:44,ORD-002643,SKU-01329,D-06-04-01,NOT_FOUND,HIGH,NORMAL
PF-002417,2026-09-02 15:41:49,ORD-002247,SKU-01573,F-09-03-02,LOCATION_BLOCKED,NORMAL,NORMAL
PF-000904,2026-09-02 15:41:54,ORD-004906,SKU-01340,F-03-01-01,WRONG_LOCATION,URGENT,NORMAL
PF-001576,2026-09-02 15:42:40,ORD-002822,SKU-00496,A-07-04-02,EMPTY_BIN,HIGH,NORMAL
PF-002431,2026-09-02 15:42:50,ORD-000481,SKU-00529,C-04-01-02,LOCATION_BLOCKED,HIGH,NORMAL
PF-000308,2026-09-02 15:42:55,ORD-002341,SKU-01507,B-10-05-01,NOT_FOUND,NORMAL,NORMAL
PF-001914,2026-09-02 15:43:13,ORD-002045,SKU-01181,E-09-05-01,WRONG_LOCATION,HIGH,NORMAL
PF-001678,2026-09-02 15:46:30,ORD-000086,SKU-01020,D-09-02-01,QUANTITY_MISMATCH,NORMAL,NORMAL
PF-000565,2026-09-02 15:47:13,ORD-001619,SKU-00994,A-05-02-01,QUANTITY_MISMATCH,NORMAL,NORMAL
PF-002474,2026-09-02 15:47:28,ORD-001311,SKU-00131,E-02-04-02,NOT_FOUND,URGENT,NORMAL
PF-001981,2026-09-02 15:50:35,ORD-001051,SKU-01529,E-09-01-02,WRONG_LOCATION,NORMAL,NORMAL
PF-000934,2026-09-02 15:51:46,ORD-004657,SKU-01401,F-04-05-01,QUANTITY_MISMATCH,URGENT,NORMAL
PF-000059,2026-09-02 15:52:45,ORD-000526,SKU-01577,C-08-05-02,WRONG_LOCATION,URGENT,NORMAL
PF-000754,2026-09-02 15:53:31,ORD-003914,SKU-01804,E-10-04-01,QUANTITY_MISMATCH,NORMAL,NORMAL
PF-000099,2026-09-02 15:53:49,ORD-004081,SKU-00291,B-10-04-02,NOT_FOUND,NORMAL,NORMAL
PF-001648,2026-09-02 15:54:46,ORD-000027,SKU-00221,F-09-04-02,LOCATION_BLOCKED,NORMAL,NORMAL
PF-000066,2026-09-02 15:56:12,ORD-001508,SKU-01693,F-01-05-01,QUANTITY_MISMATCH,NORMAL,NORMAL
PF-000770,2026-09-02 15:56:26,ORD-004529,SKU-00599,D-02-01-02,WRONG_LOCATION,NORMAL,NORMAL
PF-002509,2026-09-02 15:57:36,ORD-002862,SKU-00764,A-01-03-01,WRONG_LOCATION,HIGH,NORMAL
PF-000723,2026-09-02 15:59:30,ORD-004771,SKU-01260,A-06-01-02,LOCATION_BLOCKED,NORMAL,NORMAL
PF-002200,2026-09-02 15:59:34,ORD-002957,SKU-00480,B-04-04-02,NOT_FOUND,NORMAL,NORMAL
PF-000034,2026-09-02 16:00:14,ORD-004467,SKU-01631,C-10-03-01,QUANTITY_MISMATCH,NORMAL,NORMAL
PF-001682,2026-09-02 16:00:28,ORD-001806,SKU-00025,A-06-03-01,NOT_FOUND,NORMAL,NORMAL
PF-000010,2026-09-02 16:00:40,ORD-004031,SKU-01866,D-10-02-02,EMPTY_BIN,NORMAL,NORMAL
PF-000253,2026-09-02 16:01:27,ORD-000319,SKU-00641,D-04-02-02,EMPTY_BIN,HIGH,NORMAL
PF-002749,2026-09-02 16:02:46,ORD-001133,SKU-01805,F-04-03-02,EMPTY_BIN,URGENT,NORMAL
PF-002580,2026-09-02 16:04:36,ORD-000051,SKU-01119,D-02-01-02,NOT_FOUND,URGENT,NORMAL
PF-001409,2026-09-02 16:06:06,ORD-001987,SKU-00702,C-01-02-02,QUANTITY_MISMATCH,URGENT,NORMAL
PF-002980,2026-09-02 16:08:42,ORD-001386,SKU-01163,C-05-03-01,EMPTY_BIN,NORMAL,NORMAL
PF-002905,2026-09-02 16:09:12,ORD-004370,SKU-01096,B-05-01-02,LOCATION_BLOCKED,NORMAL,NORMAL
PF-000558,2026-09-02 16:11:56,ORD-000903,SKU-01419,C-02-04-01,WRONG_LOCATION,URGENT,NORMAL
PF-002899,2026-09-02 16:14:36,ORD-003528,SKU-01342,A-01-04-02,NOT_FOUND,NORMAL,NORMAL
PF-001629,2026-09-02 16:15:06,ORD-002236,SKU-00785,C-07-04-01,EMPTY_BIN,NORMAL,NORMAL
PF-000105,2026-09-02 16:15:59,ORD-001974,SKU-00954,E-02-02-01,QUANTITY_MISMATCH,HIGH,NORMAL
PF-002233,2026-09-02 16:17:05,ORD-004579,SKU-01497,D-07-01-01,LOCATION_BLOCKED,NORMAL,NORMAL
PF-000479,2026-09-02 16:18:17,ORD-000586,SKU-00876,A-02-04-02,NOT_FOUND,NORMAL,NORMAL
PF-000819,2026-09-02 16:19:57,ORD-000963,SKU-01734,E-01-05-01,NOT_FOUND,NORMAL,NORMAL
PF-001654,2026-09-02 16:20:14,ORD-000482,SKU-00886,E-01-01-01,WRONG_LOCATION,NORMAL,NORMAL
PF-000802,2026-09-02 16:20:24,ORD-002988,SKU-01878,A-02-05-02,QUANTITY_MISMATCH,HIGH,NORMAL
PF-001182,2026-09-02 16:20:43,ORD-000761,SKU-00641,D-04-02-02,WRONG_LOCATION,URGENT,NORMAL
PF-002952,2026-09-02 16:20:44,ORD-003057,SKU-00640,A-07-02-01,EMPTY_BIN,NORMAL,NORMAL
PF-002974,2026-09-02 16:24:07,ORD-004766,SKU-01344,F-01-03-02,LOCATION_BLOCKED,URGENT,NORMAL
PF-000043,2026-09-02 16:25:49,ORD-004892,SKU-01349,F-09-05-01,EMPTY_BIN,HIGH,NORMAL
PF-002941,2026-09-02 16:26:11,ORD-003449,SKU-01181,E-09-05-01,LOCATION_BLOCKED,NORMAL,NORMAL
PF-002315,2026-09-02 16:26:26,ORD-003921,SKU-00196,B-07-05-02,EMPTY_BIN,HIGH,NORMAL
PF-000216,2026-09-02 16:26:42,ORD-001666,SKU-01247,F-01-03-02,QUANTITY_MISMATCH,HIGH,NORMAL
PF-001012,2026-09-02 16:28:08,ORD-003567,SKU-01435,E-07-04-02,NOT_FOUND,NORMAL,NORMAL
PF-001483,2026-09-02 16:28:34,ORD-001591,SKU-00814,E-10-04-01,WRONG_LOCATION,URGENT,NORMAL
PF-002761,2026-09-02 16:29:02,ORD-004426,SKU-00993,B-02-05-01,EMPTY_BIN,URGENT,NORMAL
PF-001393,2026-09-02 16:32:33,ORD-003912,SKU-01109,A-09-02-01,LOCATION_BLOCKED,NORMAL,NORMAL
PF-000665,2026-09-02 16:32:56,ORD-001901,SKU-01280,F-10-02-01,QUANTITY_MISMATCH,NORMAL,NORMAL
PF-000125,2026-09-02 16:33:29,ORD-003032,SKU-00196,B-07-05-02,WRONG_LOCATION,NORMAL,NORMAL
PF-001945,2026-09-02 16:33:55,ORD-004710,SKU-00478,A-08-04-02,NOT_FOUND,HIGH,NORMAL
PF-000183,2026-09-02 16:35:16,ORD-001762,SKU-01886,B-04-05-01,EMPTY_BIN,HIGH,NORMAL
PF-002982,2026-09-02 16:35:59,ORD-003462,SKU-01227,F-06-04-01,LOCATION_BLOCKED,NORMAL,NORMAL
PF-002147,2026-09-02 16:36:15,ORD-000043,SKU-01126,F-08-04-01,NOT_FOUND,URGENT,NORMAL
PF-000140,2026-09-02 16:36:40,ORD-000072,SKU-00084,C-07-01-02,EMPTY_BIN,NORMAL,NORMAL
PF-002616,2026-09-02 16:39:38,ORD-001237,SKU-00625,F-10-02-02,LOCATION_BLOCKED,URGENT,NORMAL
PF-001159,2026-09-02 16:39:51,ORD-004286,SKU-01782,C-07-01-01,EMPTY_BIN,URGENT,NORMAL
PF-001876,2026-09-02 16:41:31,ORD-001859,SKU-00671,B-03-01-02,NOT_FOUND,HIGH,NORMAL
PF-002844,2026-09-02 16:43:10,ORD-002886,SKU-01759,C-07-03-02,NOT_FOUND,NORMAL,NORMAL
PF-002022,2026-09-02 16:43:24,ORD-002768,SKU-00878,F-03-01-02,EMPTY_BIN,NORMAL,NORMAL
PF-001332,2026-09-02 16:43:53,ORD-003361,SKU-01679,E-10-02-01,QUANTITY_MISMATCH,URGENT,NORMAL
PF-000487,2026-09-02 16:44:09,ORD-001396,SKU-00755,E-02-02-01,LOCATION_BLOCKED,URGENT,NORMAL
PF-000233,2026-09-02 16:44:22,ORD-004711,SKU-01100,E-08-04-02,WRONG_LOCATION,NORMAL,NORMAL
PF-001646,2026-09-02 16:44:27,ORD-000750,SKU-00195,A-01-01-01,QUANTITY_MISMATCH,URGENT,NORMAL
PF-002198,2026-09-02 16:45:32,ORD-004043,SKU-01619,B-07-05-01,NOT_FOUND,NORMAL,NORMAL
PF-000050,2026-09-02 16:47:52,ORD-004935,SKU-00635,A-04-02-02,NOT_FOUND,NORMAL,NORMAL
PF-000827,2026-09-02 16:48:05,ORD-000715,SKU-00326,C-09-05-01,EMPTY_BIN,NORMAL,NORMAL
PF-002025,2026-09-02 16:49:19,ORD-004836,SKU-01835,F-03-03-02,EMPTY_BIN,URGENT,NORMAL
PF-001503,2026-09-02 16:50:30,ORD-001638,SKU-01699,C-01-05-01,EMPTY_BIN,HIGH,NORMAL
PF-002375,2026-09-02 16:51:08,ORD-004429,SKU-01273,E-10-04-01,WRONG_LOCATION,URGENT,NORMAL
PF-000141,2026-09-02 16:51:25,ORD-000958,SKU-01502,B-01-04-01,LOCATION_BLOCKED,HIGH,NORMAL
PF-002829,2026-09-02 16:51:41,ORD-002983,SKU-00622,F-04-02-02,LOCATION_BLOCKED,NORMAL,NORMAL
PF-000340,2026-09-02 16:52:33,ORD-001701,SKU-00686,E-02-04-02,LOCATION_BLOCKED,HIGH,NORMAL
PF-001913,2026-09-02 16:52:58,ORD-001381,SKU-00212,D-03-02-02,LOCATION_BLOCKED,URGENT,NORMAL
PF-000767,2026-09-02 16:54:05,ORD-002006,SKU-00274,D-05-05-02,NOT_FOUND,URGENT,NORMAL
PF-001860,2026-09-02 16:54:18,ORD-000335,SKU-00782,D-09-01-02,QUANTITY_MISMATCH,URGENT,NORMAL
PF-000581,2026-09-02 16:55:13,ORD-003401,SKU-01092,C-06-03-02,QUANTITY_MISMATCH,HIGH,NORMAL
PF-000836,2026-09-02 16:55:17,ORD-000680,SKU-01804,E-10-04-01,LOCATION_BLOCKED,HIGH,NORMAL
PF-002239,2026-09-02 16:55:46,ORD-002026,SKU-00411,C-07-02-01,EMPTY_BIN,URGENT,NORMAL
PF-001635,2026-09-02 16:57:15,ORD-003376,SKU-01870,C-09-03-02,WRONG_LOCATION,NORMAL,NORMAL
PF-000230,2026-09-02 16:57:29,ORD-003041,SKU-01081,A-10-04-01,LOCATION_BLOCKED,NORMAL,NORMAL
PF-002358,2026-09-02 16:59:00,ORD-002116,SKU-01965,F-07-01-02,LOCATION_BLOCKED,URGENT,NORMAL
PF-001559,2026-09-02 17:01:28,ORD-004510,SKU-01643,B-08-01-02,EMPTY_BIN,HIGH,NORMAL
PF-001980,2026-09-02 17:02:39,ORD-000572,SKU-00086,D-10-03-02,EMPTY_BIN,HIGH,NORMAL
PF-001362,2026-09-02 17:04:09,ORD-001852,SKU-00931,C-05-04-02,NOT_FOUND,NORMAL,NORMAL
PF-002622,2026-09-02 17:04:31,ORD-002990,SKU-00555,F-04-05-02,NOT_FOUND,HIGH,NORMAL
PF-002043,2026-09-02 17:05:08,ORD-000923,SKU-01761,F-02-02-02,WRONG_LOCATION,HIGH,NORMAL
PF-002792,2026-09-02 17:05:22,ORD-003961,SKU-00488,B-05-05-02,EMPTY_BIN,HIGH,NORMAL
PF-001220,2026-09-02 17:05:36,ORD-001569,SKU-01006,B-04-01-02,QUANTITY_MISMATCH,URGENT,NORMAL
PF-002545,2026-09-02 17:06:39,ORD-004743,SKU-00457,E-03-02-02,EMPTY_BIN,URGENT,NORMAL
PF-002128,2026-09-02 17:07:00,ORD-003976,SKU-01585,A-08-03-01,WRONG_LOCATION,NORMAL,NORMAL
PF-002986,2026-09-02 17:08:27,ORD-000042,SKU-00622,F-04-02-02,LOCATION_BLOCKED,NORMAL,NORMAL
PF-000826,2026-09-02 17:10:26,ORD-001281,SKU-01753,A-06-02-01,NOT_FOUND,NORMAL,NORMAL
PF-000070,2026-09-02 17:11:53,ORD-003312,SKU-00580,E-06-02-01,QUANTITY_MISMATCH,HIGH,NORMAL
PF-001695,2026-09-02 17:12:19,ORD-003192,SKU-01389,B-06-01-01,WRONG_LOCATION,NORMAL,NORMAL
PF-001441,2026-09-02 17:12:50,ORD-002565,SKU-00734,D-02-01-02,LOCATION_BLOCKED,HIGH,NORMAL
PF-000199,2026-09-02 17:13:36,ORD-001176,SKU-00711,E-04-02-01,NOT_FOUND,URGENT,NORMAL
PF-002897,2026-09-02 17:13:59,ORD-002358,SKU-00658,F-04-02-02,QUANTITY_MISMATCH,URGENT,NORMAL
PF-001189,2026-09-02 17:14:22,ORD-003182,SKU-00094,F-10-04-02,EMPTY_BIN,NORMAL,NORMAL
PF-000032,2026-09-02 17:14:48,ORD-002061,SKU-01565,F-05-01-02,LOCATION_BLOCKED,URGENT,NORMAL
PF-000599,2026-09-02 17:16:42,ORD-003392,SKU-01080,E-04-05-02,LOCATION_BLOCKED,URGENT,NORMAL
PF-001929,2026-09-02 17:16:49,ORD-004122,SKU-01375,C-08-03-01,LOCATION_BLOCKED,NORMAL,NORMAL
PF-001359,2026-09-02 17:17:07,ORD-003249,SKU-01637,D-10-01-02,QUANTITY_MISMATCH,NORMAL,NORMAL
PF-001610,2026-09-02 17:17:17,ORD-003609,SKU-00296,E-03-02-02,LOCATION_BLOCKED,HIGH,NORMAL
PF-001614,2026-09-02 17:19:40,ORD-000886,SKU-00209,D-05-03-02,EMPTY_BIN,NORMAL,NORMAL
PF-002203,2026-09-02 17:20:12,ORD-003880,SKU-00184,D-06-02-01,NOT_FOUND,NORMAL,NORMAL
PF-001745,2026-09-02 17:20:23,ORD-000409,SKU-01416,D-02-03-02,WRONG_LOCATION,URGENT,NORMAL
PF-001467,2026-09-02 17:20:47,ORD-004845,SKU-00038,B-09-05-01,WRONG_LOCATION,NORMAL,NORMAL
PF-001440,2026-09-02 17:21:58,ORD-001559,SKU-01181,E-09-05-01,QUANTITY_MISMATCH,NORMAL,NORMAL
PF-002348,2026-09-02 17:23:09,ORD-002661,SKU-00410,F-05-02-01,QUANTITY_MISMATCH,HIGH,NORMAL
PF-002351,2026-09-02 17:24:03,ORD-003054,SKU-00996,C-05-04-01,QUANTITY_MISMATCH,HIGH,NORMAL
PF-000782,2026-09-02 17:25:49,ORD-004653,SKU-01920,F-06-05-02,QUANTITY_MISMATCH,NORMAL,NORMAL
PF-001428,2026-09-02 17:25:50,ORD-004469,SKU-01382,B-07-02-01,NOT_FOUND,NORMAL,NORMAL
PF-002681,2026-09-02 17:25:54,ORD-000197,SKU-01425,C-03-05-01,QUANTITY_MISMATCH,HIGH,NORMAL
PF-001364,2026-09-02 17:27:57,ORD-000889,SKU-01641,D-02-04-02,QUANTITY_MISMATCH,HIGH,NORMAL
PF-001563,2026-09-02 17:28:33,ORD-001480,SKU-01226,C-07-01-02,QUANTITY_MISMATCH,URGENT,NORMAL
PF-002482,2026-09-02 17:28:45,ORD-000133,SKU-01470,B-03-04-02,LOCATION_BLOCKED,NORMAL,NORMAL
PF-001140,2026-09-02 17:29:13,ORD-001193,SKU-00653,A-03-02-02,QUANTITY_MISMATCH,NORMAL,NORMAL
PF-001669,2026-09-02 17:29:53,ORD-004507,SKU-00149,B-03-03-01,NOT_FOUND,URGENT,NORMAL
PF-001511,2026-09-02 17:30:16,ORD-003247,SKU-00914,B-02-05-02,QUANTITY_MISMATCH,URGENT,NORMAL
PF-002505,2026-09-02 17:31:25,ORD-001972,SKU-01317,F-10-04-02,LOCATION_BLOCKED,NORMAL,NORMAL
PF-001228,2026-09-02 17:34:26,ORD-002764,SKU-01900,A-04-02-02,QUANTITY_MISMATCH,NORMAL,NORMAL
PF-000995,2026-09-02 17:35:20,ORD-003429,SKU-00443,A-02-03-01,WRONG_LOCATION,NORMAL,NORMAL
PF-000523,2026-09-02 17:36:11,ORD-002577,SKU-00224,A-06-05-02,EMPTY_BIN,HIGH,NORMAL
PF-000795,2026-09-02 17:36:13,ORD-000210,SKU-00817,F-02-05-01,NOT_FOUND,NORMAL,NORMAL
PF-002018,2026-09-02 17:36:51,ORD-003655,SKU-00469,D-04-01-01,EMPTY_BIN,NORMAL,NORMAL
PF-001261,2026-09-02 17:37:53,ORD-003466,SKU-01811,D-05-01-02,LOCATION_BLOCKED,NORMAL,NORMAL
PF-000820,2026-09-02 17:39:41,ORD-004181,SKU-01247,F-01-03-02,NOT_FOUND,URGENT,NORMAL
PF-002808,2026-09-02 17:40:41,ORD-000847,SKU-01709,A-06-03-02,EMPTY_BIN,NORMAL,NORMAL
PF-000861,2026-09-02 17:41:10,ORD-001095,SKU-00247,B-01-01-01,EMPTY_BIN,URGENT,NORMAL
PF-001699,2026-09-02 17:41:13,ORD-000872,SKU-01235,A-01-01-01,LOCATION_BLOCKED,NORMAL,NORMAL
PF-001153,2026-09-02 17:42:02,ORD-001263,SKU-01571,A-05-01-02,WRONG_LOCATION,HIGH,NORMAL
PF-002717,2026-09-02 17:42:32,ORD-000662,SKU-00215,E-01-02-01,WRONG_LOCATION,HIGH,NORMAL
PF-002989,2026-09-02 17:43:44,ORD-004421,SKU-01708,F-09-04-01,NOT_FOUND,HIGH,NORMAL
PF-002837,2026-09-02 17:44:00,ORD-004692,SKU-01696,A-01-03-01,QUANTITY_MISMATCH,NORMAL,NORMAL
PF-002885,2026-09-02 17:44:53,ORD-002273,SKU-00326,C-09-05-01,LOCATION_BLOCKED,NORMAL,NORMAL
PF-002874,2026-09-02 17:45:02,ORD-003227,SKU-00954,E-02-02-01,EMPTY_BIN,NORMAL,NORMAL
PF-002684,2026-09-02 17:47:12,ORD-003963,SKU-00380,A-03-02-02,LOCATION_BLOCKED,URGENT,NORMAL
PF-000796,2026-09-02 17:50:16,ORD-000572,SKU-01779,F-05-02-01,NOT_FOUND,URGENT,NORMAL
PF-000278,2026-09-02 17:50:19,ORD-002416,SKU-00797,D-03-02-01,WRONG_LOCATION,HIGH,NORMAL
PF-001881,2026-09-02 17:52:22,ORD-004213,SKU-00864,B-03-04-02,WRONG_LOCATION,NORMAL,NORMAL
PF-000297,2026-09-02 17:52:53,ORD-004890,SKU-00643,B-10-03-01,QUANTITY_MISMATCH,HIGH,NORMAL
PF-000996,2026-09-02 17:54:12,ORD-001929,SKU-01316,C-05-05-01,NOT_FOUND,HIGH,NORMAL
PF-001717,2026-09-02 17:54:13,ORD-004344,SKU-01778,E-05-02-02,EMPTY_BIN,HIGH,NORMAL
PF-000218,2026-09-02 17:54:39,ORD-002275,SKU-01194,A-09-04-02,QUANTITY_MISMATCH,HIGH,NORMAL
PF-002742,2026-09-02 17:54:42,ORD-004747,SKU-00708,C-02-05-01,LOCATION_BLOCKED,HIGH,NORMAL
PF-000792,2026-09-02 17:57:17,ORD-000685,SKU-01033,A-10-05-02,QUANTITY_MISMATCH,HIGH,NORMAL
PF-000895,2026-09-02 17:57:46,ORD-002595,SKU-00450,F-04-04-02,QUANTITY_MISMATCH,HIGH,NORMAL
PF-000271,2026-09-02 17:58:10,ORD-002305,SKU-00962,F-03-04-01,QUANTITY_MISMATCH,HIGH,NORMAL
PF-002249,2026-09-02 17:59:01,ORD-003486,SKU-00221,F-09-04-02,NOT_FOUND,NORMAL,NORMAL
PF-000916,2026-09-02 18:00:30,ORD-002070,SKU-00914,B-02-05-02,LOCATION_BLOCKED,NORMAL,NORMAL
PF-001782,2026-09-02 18:00:38,ORD-004367,SKU-00537,A-10-02-01,QUANTITY_MISMATCH,HIGH,NORMAL
PF-000939,2026-09-02 18:01:20,ORD-002310,SKU-00209,D-05-03-02,WRONG_LOCATION,NORMAL,NORMAL
PF-002092,2026-09-02 18:04:35,ORD-002300,SKU-00059,A-09-04-01,NOT_FOUND,NORMAL,NORMAL
PF-002062,2026-09-02 18:05:26,ORD-002205,SKU-00633,F-08-02-01,LOCATION_BLOCKED,HIGH,NORMAL
PF-000322,2026-09-02 18:06:11,ORD-004876,SKU-00515,B-01-02-02,WRONG_LOCATION,NORMAL,NORMAL
PF-001486,2026-09-02 18:08:11,ORD-000264,SKU-01079,F-01-03-02,EMPTY_BIN,NORMAL,NORMAL
PF-001886,2026-09-02 18:10:52,ORD-004063,SKU-00421,B-02-03-01,LOCATION_BLOCKED,HIGH,NORMAL
PF-001873,2026-09-02 18:12:18,ORD-002478,SKU-00643,B-10-03-01,WRONG_LOCATION,NORMAL,NORMAL
PF-002325,2026-09-02 18:14:09,ORD-001153,SKU-01270,D-04-01-01,LOCATION_BLOCKED,URGENT,NORMAL
PF-002060,2026-09-02 18:14:12,ORD-003337,SKU-01014,A-04-03-01,WRONG_LOCATION,NORMAL,NORMAL
PF-001997,2026-09-02 18:15:15,ORD-000795,SKU-00138,F-01-03-01,WRONG_LOCATION,URGENT,NORMAL
PF-001263,2026-09-02 18:15:28,ORD-000259,SKU-00673,B-09-01-02,NOT_FOUND,URGENT,NORMAL
PF-001732,2026-09-02 18:15:30,ORD-000537,SKU-01178,A-07-03-02,QUANTITY_MISMATCH,NORMAL,NORMAL
PF-002722,2026-09-02 18:15:51,ORD-002526,SKU-01001,A-07-05-02,EMPTY_BIN,NORMAL,NORMAL
PF-002693,2026-09-02 18:19:05,ORD-000455,SKU-01642,B-01-01-01,EMPTY_BIN,HIGH,NORMAL
PF-001761,2026-09-02 18:19:14,ORD-001744,SKU-00162,D-09-04-01,NOT_FOUND,NORMAL,NORMAL
PF-002465,2026-09-02 18:19:22,ORD-004611,SKU-01185,B-08-01-01,QUANTITY_MISMATCH,HIGH,NORMAL
PF-001024,2026-09-02 18:20:31,ORD-002504,SKU-00878,F-03-01-02,QUANTITY_MISMATCH,NORMAL,NORMAL
PF-002850,2026-09-02 18:20:32,ORD-000513,SKU-01078,A-03-03-01,NOT_FOUND,NORMAL,NORMAL
PF-001126,2026-09-02 18:20:45,ORD-002933,SKU-00140,C-08-03-02,QUANTITY_MISMATCH,NORMAL,NORMAL
PF-001168,2026-09-02 18:22:15,ORD-004626,SKU-00672,C-01-04-01,NOT_FOUND,NORMAL,NORMAL
PF-000588,2026-09-02 18:24:30,ORD-001266,SKU-00978,B-04-04-02,WRONG_LOCATION,NORMAL,NORMAL
PF-001686,2026-09-02 18:26:23,ORD-003937,SKU-01970,D-01-05-02,NOT_FOUND,NORMAL,NORMAL
PF-001225,2026-09-02 18:29:16,ORD-001423,SKU-01223,B-10-04-01,EMPTY_BIN,URGENT,NORMAL
PF-000166,2026-09-02 18:29:41,ORD-004926,SKU-00486,F-01-03-02,WRONG_LOCATION,URGENT,NORMAL
PF-000788,2026-09-02 18:29:47,ORD-003748,SKU-01626,E-07-02-01,EMPTY_BIN,NORMAL,NORMAL
PF-001414,2026-09-02 18:30:39,ORD-002841,SKU-01431,E-01-03-02,EMPTY_BIN,NORMAL,NORMAL
PF-001135,2026-09-02 18:31:55,ORD-003346,SKU-01123,E-07-02-01,LOCATION_BLOCKED,NORMAL,NORMAL
PF-000191,2026-09-02 18:32:25,ORD-004006,SKU-00412,E-02-03-02,EMPTY_BIN,NORMAL,NORMAL
PF-001466,2026-09-02 18:33:12,ORD-001184,SKU-00700,D-05-05-01,NOT_FOUND,NORMAL,NORMAL
PF-002011,2026-09-02 18:33:31,ORD-001349,SKU-00357,C-05-01-02,WRONG_LOCATION,URGENT,NORMAL
PF-002705,2026-09-02 18:35:38,ORD-000169,SKU-00926,D-09-01-01,EMPTY_BIN,NORMAL,NORMAL
PF-002902,2026-09-02 18:36:24,ORD-000863,SKU-01547,C-05-01-02,WRONG_LOCATION,URGENT,NORMAL
PF-001990,2026-09-02 18:36:33,ORD-004388,SKU-01459,B-08-01-01,LOCATION_BLOCKED,NORMAL,NORMAL
PF-001758,2026-09-02 18:37:23,ORD-000739,SKU-00867,B-04-05-02,WRONG_LOCATION,NORMAL,NORMAL
PF-001112,2026-09-02 18:38:03,ORD-003756,SKU-00902,C-08-01-01,EMPTY_BIN,NORMAL,NORMAL
PF-002416,2026-09-02 18:41:21,ORD-003377,SKU-00153,D-08-03-02,WRONG_LOCATION,NORMAL,NORMAL
PF-000710,2026-09-02 18:41:34,ORD-001418,SKU-01563,D-01-01-01,QUANTITY_MISMATCH,NORMAL,NORMAL
PF-001267,2026-09-02 18:43:19,ORD-003226,SKU-00631,F-08-02-02,LOCATION_BLOCKED,URGENT,NORMAL
PF-002195,2026-09-02 18:45:43,ORD-002781,SKU-00204,E-02-05-02,NOT_FOUND,NORMAL,NORMAL
PF-002736,2026-09-02 18:46:24,ORD-002831,SKU-01250,C-06-03-01,QUANTITY_MISMATCH,NORMAL,NORMAL
PF-002659,2026-09-02 18:48:29,ORD-001528,SKU-01527,C-05-04-01,LOCATION_BLOCKED,NORMAL,NORMAL
PF-002877,2026-09-02 18:50:24,ORD-001188,SKU-00576,B-08-05-02,LOCATION_BLOCKED,HIGH,NORMAL
PF-000892,2026-09-02 18:50:54,ORD-004111,SKU-00424,C-01-04-01,NOT_FOUND,URGENT,NORMAL
PF-000282,2026-09-02 18:51:03,ORD-004952,SKU-01684,E-06-02-01,LOCATION_BLOCKED,URGENT,NORMAL
PF-001564,2026-09-02 18:51:43,ORD-000576,SKU-01762,D-08-02-01,QUANTITY_MISMATCH,NORMAL,NORMAL
PF-001668,2026-09-02 18:52:09,ORD-000627,SKU-01596,E-07-04-01,WRONG_LOCATION,URGENT,NORMAL
PF-002641,2026-09-02 18:52:14,ORD-000932,SKU-00736,E-01-03-02,LOCATION_BLOCKED,HIGH,NORMAL
PF-002794,2026-09-02 18:52:37,ORD-002952,SKU-00161,E-03-03-02,QUANTITY_MISMATCH,URGENT,NORMAL
PF-001054,2026-09-02 18:52:54,ORD-003139,SKU-01434,C-06-03-01,NOT_FOUND,NORMAL,NORMAL
PF-001283,2026-09-02 18:53:09,ORD-003059,SKU-01946,E-05-04-02,LOCATION_BLOCKED,NORMAL,NORMAL
PF-001743,2026-09-02 18:53:17,ORD-000636,SKU-00944,A-10-05-02,NOT_FOUND,NORMAL,NORMAL
PF-001492,2026-09-02 18:53:19,ORD-001052,SKU-01783,C-01-02-01,LOCATION_BLOCKED,NORMAL,NORMAL
PF-000516,2026-09-02 18:53:42,ORD-004680,SKU-00835,F-10-05-01,NOT_FOUND,NORMAL,NORMAL
PF-002453,2026-09-02 18:54:20,ORD-004142,SKU-01026,A-03-01-02,NOT_FOUND,HIGH,NORMAL
PF-002730,2026-09-02 18:54:55,ORD-000953,SKU-01376,D-07-03-01,NOT_FOUND,URGENT,NORMAL
PF-002401,2026-09-02 18:56:21,ORD-001214,SKU-00467,F-09-03-02,LOCATION_BLOCKED,HIGH,NORMAL
PF-001157,2026-09-02 18:57:18,ORD-002256,SKU-00668,B-04-05-02,LOCATION_BLOCKED,HIGH,NORMAL
PF-001534,2026-09-02 18:57:27,ORD-003356,SKU-01606,B-03-01-02,LOCATION_BLOCKED,URGENT,NORMAL
PF-000864,2026-09-02 18:59:29,ORD-003458,SKU-01687,D-02-01-02,QUANTITY_MISMATCH,NORMAL,NORMAL
PF-002555,2026-09-02 18:59:49,ORD-003443,SKU-01951,D-02-02-01,NOT_FOUND,NORMAL,NORMAL
PF-002435,2026-09-02 19:00:36,ORD-001420,SKU-01363,D-04-04-02,WRONG_LOCATION,NORMAL,NORMAL
PF-000025,2026-09-02 19:00:39,ORD-000255,SKU-01089,A-02-01-02,LOCATION_BLOCKED,URGENT,NORMAL
PF-000330,2026-09-02 19:00:56,ORD-002566,SKU-01313,C-10-05-02,NOT_FOUND,URGENT,NORMAL
PF-002786,2026-09-02 19:02:19,ORD-001757,SKU-01520,D-03-05-01,WRONG_LOCATION,URGENT,NORMAL
PF-002217,2026-09-02 19:03:57,ORD-000615,SKU-00219,F-09-04-02,LOCATION_BLOCKED,HIGH,NORMAL
PF-000294,2026-09-02 19:04:00,ORD-004120,SKU-00352,D-01-02-02,LOCATION_BLOCKED,HIGH,NORMAL
PF-002451,2026-09-02 19:04:52,ORD-004585,SKU-01792,D-07-03-02,LOCATION_BLOCKED,URGENT,NORMAL
PF-002210,2026-09-02 19:05:55,ORD-000799,SKU-00864,B-03-04-02,QUANTITY_MISMATCH,URGENT,NORMAL
PF-001052,2026-09-02 19:08:15,ORD-000584,SKU-00259,B-09-04-01,LOCATION_BLOCKED,NORMAL,NORMAL
PF-001829,2026-09-02 19:08:23,ORD-003145,SKU-00255,D-04-04-02,NOT_FOUND,NORMAL,NORMAL
PF-000987,2026-09-02 19:08:44,ORD-000584,SKU-01424,C-10-01-01,NOT_FOUND,HIGH,NORMAL
PF-001755,2026-09-02 19:08:45,ORD-001061,SKU-00635,A-04-02-02,NOT_FOUND,HIGH,NORMAL
PF-000726,2026-09-02 19:08:54,ORD-001396,SKU-00522,F-07-05-02,QUANTITY_MISMATCH,HIGH,NORMAL
PF-002889,2026-09-02 19:08:56,ORD-000924,SKU-01637,D-10-01-02,QUANTITY_MISMATCH,HIGH,NORMAL
PF-000263,2026-09-02 19:10:07,ORD-000660,SKU-01029,F-06-01-01,EMPTY_BIN,NORMAL,NORMAL
PF-002141,2026-09-02 19:10:34,ORD-003324,SKU-00562,F-10-05-02,EMPTY_BIN,URGENT,NORMAL
PF-000498,2026-09-02 19:11:28,ORD-000461,SKU-00891,B-02-05-01,NOT_FOUND,URGENT,NORMAL
PF-002843,2026-09-02 19:11:57,ORD-002104,SKU-00955,B-09-05-01,WRONG_LOCATION,NORMAL,NORMAL
PF-002228,2026-09-02 19:13:38,ORD-002207,SKU-00342,F-02-05-02,WRONG_LOCATION,NORMAL,NORMAL
PF-002965,2026-09-02 19:14:00,ORD-004935,SKU-01756,E-09-05-02,WRONG_LOCATION,NORMAL,NORMAL
PF-001059,2026-09-02 19:16:03,ORD-000208,SKU-00922,F-01-01-01,WRONG_LOCATION,NORMAL,NORMAL
PF-002421,2026-09-02 19:17:11,ORD-001722,SKU-01455,F-03-02-02,QUANTITY_MISMATCH,NORMAL,NORMAL
PF-002456,2026-09-02 19:17:18,ORD-001306,SKU-00252,C-02-05-01,QUANTITY_MISMATCH,NORMAL,NORMAL
PF-002715,2026-09-02 19:18:07,ORD-001911,SKU-00937,F-09-03-01,EMPTY_BIN,NORMAL,NORMAL
PF-001138,2026-09-02 19:19:54,ORD-003661,SKU-00037,A-02-03-02,QUANTITY_MISMATCH,HIGH,NORMAL
PF-001380,2026-09-02 19:20:01,ORD-003963,SKU-00059,A-09-04-01,WRONG_LOCATION,URGENT,NORMAL
PF-000024,2026-09-02 19:20:18,ORD-001767,SKU-00108,C-06-01-01,LOCATION_BLOCKED,HIGH,NORMAL
PF-002906,2026-09-02 19:21:02,ORD-002757,SKU-00365,E-06-02-01,LOCATION_BLOCKED,URGENT,NORMAL
PF-001371,2026-09-02 19:21:19,ORD-000056,SKU-01830,A-03-04-01,EMPTY_BIN,NORMAL,NORMAL
PF-001770,2026-09-02 19:22:25,ORD-002545,SKU-00513,A-08-02-02,WRONG_LOCATION,NORMAL,NORMAL
PF-000284,2026-09-02 19:23:39,ORD-004892,SKU-00541,E-05-02-01,EMPTY_BIN,NORMAL,NORMAL
PF-001099,2026-09-02 19:24:00,ORD-001994,SKU-00664,A-06-03-01,EMPTY_BIN,NORMAL,NORMAL
PF-002032,2026-09-02 19:24:33,ORD-004547,SKU-00728,F-05-01-01,QUANTITY_MISMATCH,NORMAL,NORMAL
PF-002768,2026-09-02 19:26:48,ORD-000524,SKU-00318,F-06-01-01,WRONG_LOCATION,HIGH,NORMAL
PF-001834,2026-09-02 19:27:14,ORD-004859,SKU-00630,A-07-04-02,NOT_FOUND,NORMAL,NORMAL
PF-002029,2026-09-02 19:28:00,ORD-000493,SKU-00618,C-07-03-02,QUANTITY_MISMATCH,URGENT,NORMAL
PF-002171,2026-09-02 19:28:26,ORD-001854,SKU-01733,C-01-01-02,EMPTY_BIN,NORMAL,NORMAL
PF-001389,2026-09-02 19:28:28,ORD-001404,SKU-01318,D-04-01-02,LOCATION_BLOCKED,HIGH,NORMAL
PF-001212,2026-09-02 19:29:01,ORD-002062,SKU-00781,D-09-03-02,NOT_FOUND,NORMAL,NORMAL
PF-000396,2026-09-02 19:31:44,ORD-004277,SKU-00342,F-02-05-02,LOCATION_BLOCKED,HIGH,NORMAL
PF-001495,2026-09-02 19:34:26,ORD-002423,SKU-00078,E-01-04-02,QUANTITY_MISMATCH,NORMAL,NORMAL
PF-001391,2026-09-02 19:35:00,ORD-002845,SKU-01645,E-03-03-01,QUANTITY_MISMATCH,NORMAL,NORMAL
PF-002117,2026-09-02 19:35:54,ORD-000935,SKU-01490,A-08-05-02,EMPTY_BIN,NORMAL,NORMAL
PF-001866,2026-09-02 19:37:17,ORD-003707,SKU-00729,E-05-05-01,EMPTY_BIN,NORMAL,NORMAL
PF-002006,2026-09-02 19:37:18,ORD-001079,SKU-01345,E-10-05-02,QUANTITY_MISMATCH,URGENT,NORMAL
PF-002208,2026-09-02 19:37:34,ORD-001046,SKU-01258,E-08-02-01,NOT_FOUND,NORMAL,NORMAL
PF-000649,2026-09-02 19:37:38,ORD-003453,SKU-00547,D-05-04-01,QUANTITY_MISMATCH,NORMAL,NORMAL
PF-000198,2026-09-02 19:38:25,ORD-000602,SKU-01182,E-05-02-02,EMPTY_BIN,NORMAL,NORMAL
PF-001130,2026-09-02 19:38:48,ORD-003313,SKU-01319,B-05-04-02,WRONG_LOCATION,HIGH,NORMAL
PF-001842,2026-09-02 19:38:49,ORD-000975,SKU-00561,D-06-04-01,QUANTITY_MISMATCH,URGENT,NORMAL
PF-002688,2026-09-02 19:39:34,ORD-002371,SKU-00111,B-06-02-02,WRONG_LOCATION,NORMAL,NORMAL
PF-000564,2026-09-02 19:40:14,ORD-003821,SKU-01917,A-05-03-01,WRONG_LOCATION,NORMAL,NORMAL
PF-002104,2026-09-02 19:41:31,ORD-003740,SKU-01825,F-07-03-01,QUANTITY_MISMATCH,NORMAL,NORMAL
PF-001034,2026-09-02 19:42:59,ORD-001819,SKU-01050,A-03-01-02,NOT_FOUND,URGENT,NORMAL
PF-002670,2026-09-02 19:44:26,ORD-002730,SKU-01541,D-01-04-02,EMPTY_BIN,HIGH,NORMAL
PF-002494,2026-09-02 19:45:54,ORD-003242,SKU-00916,B-05-04-02,NOT_FOUND,HIGH,NORMAL
PF-002583,2026-09-02 19:47:35,ORD-004698,SKU-00713,F-07-05-01,EMPTY_BIN,URGENT,NORMAL
PF-002956,2026-09-02 19:48:58,ORD-000675,SKU-00498,E-10-04-02,QUANTITY_MISMATCH,URGENT,NORMAL
PF-002519,2026-09-02 19:49:14,ORD-004365,SKU-01015,F-04-05-01,NOT_FOUND,HIGH,NORMAL
PF-002300,2026-09-02 19:49:55,ORD-003070,SKU-00661,E-06-03-02,WRONG_LOCATION,NORMAL,NORMAL
PF-002334,2026-09-02 19:50:20,ORD-000829,SKU-01886,B-04-05-01,WRONG_LOCATION,URGENT,NORMAL
PF-002318,2026-09-02 19:50:21,ORD-000196,SKU-00196,B-07-05-02,EMPTY_BIN,NORMAL,NORMAL
PF-002796,2026-09-02 19:50:43,ORD-004555,SKU-01513,F-05-03-02,EMPTY_BIN,URGENT,NORMAL
PF-001179,2026-09-02 19:51:21,ORD-002129,SKU-01903,A-07-01-02,QUANTITY_MISMATCH,NORMAL,NORMAL
PF-001916,2026-09-02 19:54:02,ORD-000375,SKU-01609,D-07-03-02,EMPTY_BIN,NORMAL,NORMAL
PF-002295,2026-09-02 19:54:15,ORD-003912,SKU-01924,A-04-02-01,NOT_FOUND,NORMAL,NORMAL
PF-001903,2026-09-02 19:54:17,ORD-004961,SKU-00620,A-10-05-01,QUANTITY_MISMATCH,NORMAL,NORMAL
PF-001895,2026-09-02 19:55:09,ORD-004137,SKU-00730,F-10-05-01,WRONG_LOCATION,NORMAL,NORMAL
PF-000236,2026-09-02 19:55:35,ORD-003629,SKU-01167,A-05-03-01,WRONG_LOCATION,HIGH,NORMAL
PF-002704,2026-09-02 19:57:14,ORD-003734,SKU-00385,E-06-05-02,LOCATION_BLOCKED,NORMAL,NORMAL
PF-002926,2026-09-02 19:57:38,ORD-001414,SKU-01562,F-03-05-01,LOCATION_BLOCKED,URGENT,NORMAL
PF-001444,2026-09-02 19:57:57,ORD-003121,SKU-00754,A-08-01-01,NOT_FOUND,NORMAL,NORMAL
PF-002970,2026-09-02 19:58:03,ORD-002188,SKU-00856,F-09-03-02,EMPTY_BIN,HIGH,NORMAL
PF-000553,2026-09-02 19:58:43,ORD-002190,SKU-01434,C-06-03-01,QUANTITY_MISMATCH,URGENT,NORMAL
PF-002732,2026-09-02 19:59:00,ORD-001886,SKU-01908,A-05-01-01,QUANTITY_MISMATCH,NORMAL,NORMAL
PF-000531,2026-09-02 19:59:38,ORD-003877,SKU-01770,B-03-04-02,WRONG_LOCATION,NORMAL,NORMAL
PF-002080,2026-09-02 19:59:54,ORD-000090,SKU-00233,C-07-04-02,LOCATION_BLOCKED,URGENT,NORMAL
PF-001076,2026-09-02 20:00:12,ORD-004401,SKU-01967,A-04-04-02,NOT_FOUND,HIGH,NORMAL
PF-001653,2026-09-02 20:02:06,ORD-003056,SKU-00372,E-03-01-01,LOCATION_BLOCKED,HIGH,NORMAL
PF-002567,2026-09-02 20:02:10,ORD-002010,SKU-00428,B-04-04-02,LOCATION_BLOCKED,NORMAL,NORMAL
PF-000625,2026-09-02 20:02:52,ORD-000546,SKU-00289,B-09-05-01,WRONG_LOCATION,NORMAL,NORMAL
PF-001501,2026-09-02 20:03:06,ORD-002955,SKU-01994,C-06-01-01,QUANTITY_MISMATCH,URGENT,NORMAL
PF-002369,2026-09-02 20:04:43,ORD-003656,SKU-01694,E-02-01-02,EMPTY_BIN,NORMAL,NORMAL
PF-002464,2026-09-02 20:04:53,ORD-001714,SKU-01266,A-06-05-01,LOCATION_BLOCKED,NORMAL,NORMAL
PF-002302,2026-09-02 20:05:21,ORD-004489,SKU-00940,F-02-05-02,EMPTY_BIN,NORMAL,NORMAL
PF-001587,2026-09-02 20:05:34,ORD-000704,SKU-01183,A-04-05-01,EMPTY_BIN,NORMAL,NORMAL
PF-001679,2026-09-02 20:08:28,ORD-000839,SKU-00088,D-05-02-02,EMPTY_BIN,NORMAL,NORMAL
PF-000602,2026-09-02 20:08:41,ORD-002701,SKU-00805,E-07-03-01,LOCATION_BLOCKED,HIGH,NORMAL
PF-000837,2026-09-02 20:10:20,ORD-000746,SKU-00794,C-02-01-02,EMPTY_BIN,HIGH,NORMAL
PF-002154,2026-09-02 20:11:43,ORD-001351,SKU-01738,D-01-03-01,QUANTITY_MISMATCH,NORMAL,NORMAL
PF-001687,2026-09-02 20:12:08,ORD-000387,SKU-01114,E-10-03-02,NOT_FOUND,NORMAL,NORMAL
PF-002741,2026-09-02 20:14:57,ORD-003300,SKU-01661,A-10-01-02,WRONG_LOCATION,NORMAL,NORMAL
PF-000573,2026-09-02 20:15:06,ORD-000086,SKU-01965,F-07-01-02,NOT_FOUND,URGENT,NORMAL
PF-001031,2026-09-02 20:16:04,ORD-002952,SKU-01383,E-09-04-01,EMPTY_BIN,URGENT,NORMAL
PF-002282,2026-09-02 20:16:16,ORD-004480,SKU-00479,C-02-02-02,LOCATION_BLOCKED,NORMAL,NORMAL
PF-000605,2026-09-02 20:16:27,ORD-000803,SKU-01178,A-07-03-02,WRONG_LOCATION,NORMAL,NORMAL
PF-001797,2026-09-02 20:19:45,ORD-002889,SKU-01475,B-01-01-02,EMPTY_BIN,HIGH,NORMAL
PF-000525,2026-09-02 20:20:41,ORD-000605,SKU-01091,A-08-04-02,QUANTITY_MISMATCH,NORMAL,NORMAL
PF-002923,2026-09-02 20:21:12,ORD-003239,SKU-00332,B-05-02-02,NOT_FOUND,NORMAL,NORMAL
PF-002900,2026-09-02 20:23:52,ORD-004807,SKU-01520,D-03-05-01,QUANTITY_MISMATCH,NORMAL,NORMAL
PF-002274,2026-09-02 20:24:36,ORD-003040,SKU-00794,C-02-01-02,QUANTITY_MISMATCH,NORMAL,NORMAL
PF-000933,2026-09-02 20:24:55,ORD-002124,SKU-00266,F-05-02-02,QUANTITY_MISMATCH,NORMAL,NORMAL
PF-002350,2026-09-02 20:26:41,ORD-003134,SKU-01623,B-02-05-02,EMPTY_BIN,URGENT,NORMAL
PF-000872,2026-09-02 20:27:37,ORD-004481,SKU-00772,D-08-01-01,EMPTY_BIN,NORMAL,NORMAL
PF-000645,2026-09-02 20:27:53,ORD-003905,SKU-01603,C-09-05-02,QUANTITY_MISMATCH,URGENT,NORMAL
PF-000444,2026-09-02 20:28:07,ORD-004204,SKU-00882,B-03-04-01,NOT_FOUND,NORMAL,NORMAL
PF-002743,2026-09-02 20:28:12,ORD-004739,SKU-01544,B-03-05-02,LOCATION_BLOCKED,HIGH,NORMAL
PF-000917,2026-09-02 20:28:14,ORD-003142,SKU-01092,C-06-03-02,QUANTITY_MISMATCH,NORMAL,NORMAL
PF-001711,2026-09-02 20:29:48,ORD-002294,SKU-00115,E-04-03-02,WRONG_LOCATION,NORMAL,NORMAL
PF-000463,2026-09-02 20:30:42,ORD-000041,SKU-01881,C-01-05-02,EMPTY_BIN,NORMAL,NORMAL
PF-002177,2026-09-02 20:30:43,ORD-003465,SKU-01815,B-05-04-02,EMPTY_BIN,NORMAL,NORMAL
PF-001549,2026-09-02 20:34:21,ORD-003363,SKU-00438,C-08-02-02,WRONG_LOCATION,NORMAL,NORMAL
PF-000822,2026-09-02 20:34:29,ORD-004408,SKU-00396,B-03-03-01,LOCATION_BLOCKED,NORMAL,NORMAL
PF-000153,2026-09-02 20:34:38,ORD-002150,SKU-01248,C-05-01-01,QUANTITY_MISMATCH,URGENT,NORMAL
PF-000313,2026-09-02 20:35:45,ORD-002253,SKU-01055,D-07-01-01,EMPTY_BIN,HIGH,NORMAL
PF-000990,2026-09-02 20:36:51,ORD-004255,SKU-00289,B-09-05-01,NOT_FOUND,HIGH,NORMAL
PF-001569,2026-09-02 20:36:54,ORD-001065,SKU-01032,C-09-05-02,WRONG_LOCATION,NORMAL,NORMAL
PF-000932,2026-09-02 20:37:55,ORD-002822,SKU-00990,C-01-01-01,QUANTITY_MISMATCH,NORMAL,NORMAL
PF-002733,2026-09-02 20:38:05,ORD-000438,SKU-00301,D-08-03-01,WRONG_LOCATION,NORMAL,NORMAL
PF-002119,2026-09-02 20:38:34,ORD-002961,SKU-00509,B-08-05-01,LOCATION_BLOCKED,NORMAL,NORMAL
PF-000427,2026-09-02 20:39:37,ORD-004383,SKU-00630,A-07-04-02,QUANTITY_MISMATCH,NORMAL,NORMAL
PF-000806,2026-09-02 20:39:45,ORD-001539,SKU-01185,B-08-01-01,LOCATION_BLOCKED,HIGH,NORMAL
PF-000828,2026-09-02 20:39:45,ORD-000574,SKU-01858,A-04-03-02,EMPTY_BIN,NORMAL,NORMAL
PF-000060,2026-09-02 20:40:09,ORD-002254,SKU-01988,A-07-04-02,QUANTITY_MISMATCH,NORMAL,NORMAL
PF-002485,2026-09-02 20:40:17,ORD-002973,SKU-00957,D-04-01-02,EMPTY_BIN,URGENT,NORMAL
PF-000777,2026-09-02 20:40:39,ORD-000455,SKU-01920,F-06-05-02,QUANTITY_MISMATCH,HIGH,NORMAL
PF-000129,2026-09-02 20:41:27,ORD-004519,SKU-01883,F-09-04-02,NOT_FOUND,URGENT,NORMAL
PF-000061,2026-09-02 20:41:35,ORD-004850,SKU-00190,E-07-05-02,QUANTITY_MISMATCH,NORMAL,NORMAL
PF-001583,2026-09-02 20:41:50,ORD-004338,SKU-01402,E-03-01-02,EMPTY_BIN,HIGH,NORMAL
PF-002972,2026-09-02 20:41:56,ORD-003326,SKU-00716,F-01-03-01,LOCATION_BLOCKED,HIGH,NORMAL
PF-000706,2026-09-02 20:42:57,ORD-004308,SKU-00858,C-01-04-01,QUANTITY_MISMATCH,NORMAL,NORMAL
PF-001303,2026-09-02 20:43:12,ORD-001575,SKU-00008,E-06-03-02,WRONG_LOCATION,NORMAL,NORMAL
PF-000287,2026-09-02 20:44:55,ORD-003163,SKU-00645,B-08-05-01,EMPTY_BIN,URGENT,NORMAL
PF-002949,2026-09-02 20:45:08,ORD-004805,SKU-00816,D-04-02-02,LOCATION_BLOCKED,URGENT,NORMAL
PF-002754,2026-09-02 20:45:38,ORD-003889,SKU-00242,F-10-04-02,LOCATION_BLOCKED,URGENT,NORMAL
PF-000138,2026-09-02 20:46:12,ORD-001046,SKU-01272,B-01-02-02,EMPTY_BIN,NORMAL,NORMAL
PF-000257,2026-09-02 20:46:22,ORD-004768,SKU-00520,A-09-05-02,WRONG_LOCATION,NORMAL,NORMAL
PF-002323,2026-09-02 20:49:04,ORD-002665,SKU-01666,A-07-04-01,LOCATION_BLOCKED,NORMAL,NORMAL
PF-000329,2026-09-02 20:50:51,ORD-002135,SKU-01028,B-01-04-02,QUANTITY_MISMATCH,URGENT,NORMAL
PF-000058,2026-09-02 20:52:46,ORD-004749,SKU-01374,D-04-01-01,QUANTITY_MISMATCH,HIGH,NORMAL
PF-001581,2026-09-02 20:53:51,ORD-002052,SKU-01661,A-10-01-02,EMPTY_BIN,HIGH,NORMAL
PF-001756,2026-09-02 20:54:02,ORD-002352,SKU-01780,D-02-03-01,QUANTITY_MISMATCH,NORMAL,NORMAL
PF-000814,2026-09-02 20:54:47,ORD-002318,SKU-01937,C-09-03-01,QUANTITY_MISMATCH,NORMAL,NORMAL
PF-001817,2026-09-02 20:55:30,ORD-002930,SKU-00692,C-09-01-01,NOT_FOUND,NORMAL,NORMAL
PF-001068,2026-09-02 20:55:42,ORD-004843,SKU-00017,C-01-04-02,EMPTY_BIN,URGENT,NORMAL
PF-002013,2026-09-02 20:57:36,ORD-001240,SKU-01003,D-01-03-02,WRONG_LOCATION,NORMAL,NORMAL
PF-002109,2026-09-02 20:58:12,ORD-002177,SKU-01835,F-03-03-02,LOCATION_BLOCKED,HIGH,NORMAL
PF-001429,2026-09-02 20:58:49,ORD-002970,SKU-00426,F-05-04-01,EMPTY_BIN,HIGH,NORMAL
PF-002549,2026-09-02 20:59:24,ORD-001370,SKU-01897,D-01-03-02,EMPTY_BIN,NORMAL,NORMAL
PF-001513,2026-09-02 20:59:27,ORD-002101,SKU-01322,C-05-05-01,EMPTY_BIN,URGENT,NORMAL
PF-002728,2026-09-02 20:59:55,ORD-003003,SKU-00704,A-09-03-02,NOT_FOUND,NORMAL,NORMAL
PF-002327,2026-09-02 21:00:15,ORD-004225,SKU-00789,B-01-03-01,NOT_FOUND,HIGH,NORMAL
PF-002500,2026-09-02 21:00:51,ORD-000757,SKU-01848,A-08-02-01,EMPTY_BIN,URGENT,NORMAL
PF-001937,2026-09-02 21:01:26,ORD-001768,SKU-01189,D-03-04-02,WRONG_LOCATION,NORMAL,NORMAL
PF-002148,2026-09-02 21:02:06,ORD-000068,SKU-00312,C-01-01-01,EMPTY_BIN,NORMAL,NORMAL
PF-000318,2026-09-02 21:03:44,ORD-004724,SKU-01334,F-04-03-02,LOCATION_BLOCKED,NORMAL,NORMAL
PF-000597,2026-09-02 21:04:28,ORD-000046,SKU-00121,E-09-04-02,WRONG_LOCATION,NORMAL,NORMAL
PF-002394,2026-09-02 21:05:22,ORD-003269,SKU-00729,E-05-05-01,LOCATION_BLOCKED,NORMAL,NORMAL
PF-001063,2026-09-02 21:05:49,ORD-003862,SKU-00551,C-02-03-02,LOCATION_BLOCKED,NORMAL,NORMAL
PF-002009,2026-09-02 21:08:26,ORD-003695,SKU-01500,B-02-02-01,LOCATION_BLOCKED,NORMAL,NORMAL
PF-000143,2026-09-02 21:08:35,ORD-002957,SKU-00952,B-05-05-01,QUANTITY_MISMATCH,NORMAL,NORMAL
PF-000879,2026-09-02 21:10:09,ORD-002570,SKU-00636,F-08-03-02,NOT_FOUND,HIGH,NORMAL
PF-002756,2026-09-02 21:14:36,ORD-002857,SKU-01666,A-07-04-01,EMPTY_BIN,HIGH,NORMAL
PF-000022,2026-09-02 21:14:43,ORD-000319,SKU-00390,F-03-04-01,NOT_FOUND,NORMAL,NORMAL
PF-001093,2026-09-02 21:14:55,ORD-003375,SKU-00591,F-03-04-02,QUANTITY_MISMATCH,HIGH,NORMAL
PF-002872,2026-09-02 21:15:15,ORD-004197,SKU-01204,E-07-01-01,WRONG_LOCATION,URGENT,NORMAL
PF-002606,2026-09-02 21:15:18,ORD-000903,SKU-00748,B-03-02-01,WRONG_LOCATION,NORMAL,NORMAL
PF-002457,2026-09-02 21:16:13,ORD-001287,SKU-01605,E-03-04-02,NOT_FOUND,NORMAL,NORMAL
PF-002446,2026-09-02 21:17:34,ORD-000657,SKU-00382,A-06-02-01,NOT_FOUND,HIGH,NORMAL
PF-002285,2026-09-02 21:17:54,ORD-000774,SKU-00641,D-04-02-02,LOCATION_BLOCKED,NORMAL,NORMAL
PF-000076,2026-09-02 21:18:06,ORD-001991,SKU-00288,D-05-04-02,QUANTITY_MISMATCH,URGENT,NORMAL
PF-000781,2026-09-02 21:20:28,ORD-002907,SKU-00956,C-01-01-02,NOT_FOUND,NORMAL,NORMAL
PF-000670,2026-09-02 21:21:28,ORD-003446,SKU-01805,F-04-03-02,EMPTY_BIN,HIGH,NORMAL
PF-002823,2026-09-02 21:23:49,ORD-003325,SKU-00978,B-04-04-02,WRONG_LOCATION,URGENT,NORMAL
PF-001420,2026-09-02 21:24:47,ORD-001234,SKU-01183,A-04-05-01,QUANTITY_MISMATCH,NORMAL,NORMAL
PF-000460,2026-09-02 21:25:55,ORD-000728,SKU-01951,D-02-02-01,WRONG_LOCATION,URGENT,NORMAL
PF-001500,2026-09-02 21:28:57,ORD-001768,SKU-00417,D-08-02-02,QUANTITY_MISMATCH,URGENT,NORMAL
PF-000361,2026-09-02 21:29:10,ORD-003232,SKU-00182,B-05-03-01,NOT_FOUND,HIGH,NORMAL
PF-002376,2026-09-02 21:30:07,ORD-001904,SKU-00809,E-01-03-02,NOT_FOUND,URGENT,NORMAL
PF-000931,2026-09-02 21:33:06,ORD-001539,SKU-00966,E-06-05-01,QUANTITY_MISMATCH,URGENT,NORMAL
PF-002879,2026-09-02 21:35:07,ORD-002969,SKU-01235,A-01-01-01,WRONG_LOCATION,NORMAL,NORMAL
PF-001463,2026-09-02 21:36:22,ORD-001368,SKU-00072,F-05-02-01,EMPTY_BIN,NORMAL,NORMAL
PF-002664,2026-09-02 21:40:06,ORD-001677,SKU-01366,A-02-03-02,QUANTITY_MISMATCH,HIGH,NORMAL
PF-001277,2026-09-02 21:40:08,ORD-003190,SKU-00927,C-01-03-01,QUANTITY_MISMATCH,NORMAL,NORMAL
PF-000430,2026-09-02 21:40:55,ORD-004657,SKU-00586,B-04-03-02,LOCATION_BLOCKED,NORMAL,NORMAL
PF-000522,2026-09-02 21:40:56,ORD-001412,SKU-00663,F-10-01-01,LOCATION_BLOCKED,NORMAL,NORMAL
PF-002833,2026-09-02 21:40:56,ORD-001193,SKU-00636,F-08-03-02,NOT_FOUND,HIGH,NORMAL
PF-001300,2026-09-02 21:41:03,ORD-002043,SKU-00759,F-08-03-01,EMPTY_BIN,HIGH,NORMAL
PF-003000,2026-09-02 21:41:41,ORD-002226,SKU-01482,C-03-02-02,EMPTY_BIN,URGENT,NORMAL
PF-001957,2026-09-02 21:41:46,ORD-000007,SKU-00027,B-05-04-01,QUANTITY_MISMATCH,NORMAL,NORMAL
PF-002997,2026-09-02 21:43:58,ORD-001324,SKU-00104,C-07-04-01,EMPTY_BIN,URGENT,NORMAL
PF-001382,2026-09-02 21:44:10,ORD-004971,SKU-01745,A-02-04-02,QUANTITY_MISMATCH,NORMAL,NORMAL
PF-000392,2026-09-02 21:45:14,ORD-003069,SKU-01933,E-09-04-02,EMPTY_BIN,NORMAL,NORMAL
PF-001603,2026-09-02 21:45:14,ORD-003698,SKU-00229,C-09-04-02,LOCATION_BLOCKED,HIGH,NORMAL
PF-001045,2026-09-02 21:46:36,ORD-001656,SKU-00818,A-03-05-01,NOT_FOUND,NORMAL,NORMAL
PF-002221,2026-09-02 21:47:31,ORD-001607,SKU-00397,B-05-04-02,QUANTITY_MISMATCH,HIGH,NORMAL
PF-002984,2026-09-02 21:47:40,ORD-001097,SKU-00281,A-10-04-02,NOT_FOUND,NORMAL,NORMAL
PF-001459,2026-09-02 21:48:37,ORD-002687,SKU-00177,C-09-04-02,LOCATION_BLOCKED,NORMAL,NORMAL
PF-001057,2026-09-02 21:49:13,ORD-003437,SKU-00078,E-01-04-02,LOCATION_BLOCKED,NORMAL,NORMAL
PF-002657,2026-09-02 21:50:15,ORD-000468,SKU-00579,E-04-02-02,NOT_FOUND,NORMAL,NORMAL
PF-002366,2026-09-02 21:51:30,ORD-001211,SKU-00310,F-02-05-01,NOT_FOUND,NORMAL,NORMAL
PF-001281,2026-09-02 21:54:17,ORD-002803,SKU-01789,B-01-04-02,EMPTY_BIN,NORMAL,NORMAL
PF-000068,2026-09-02 21:54:50,ORD-002983,SKU-01284,D-08-02-02,NOT_FOUND,URGENT,NORMAL
PF-002911,2026-09-02 21:54:51,ORD-004348,SKU-00395,D-02-04-02,WRONG_LOCATION,NORMAL,NORMAL
PF-002122,2026-09-02 21:55:02,ORD-000529,SKU-01471,E-02-02-01,QUANTITY_MISMATCH,NORMAL,NORMAL
PF-002814,2026-09-02 21:55:02,ORD-002379,SKU-00179,E-07-04-02,NOT_FOUND,HIGH,NORMAL
PF-002440,2026-09-02 21:59:12,ORD-001720,SKU-01364,E-02-03-01,WRONG_LOCATION,NORMAL,NORMAL
PF-000755,2026-09-02 22:00:08,ORD-000710,SKU-01729,E-07-05-02,EMPTY_BIN,NORMAL,NORMAL
PF-002121,2026-09-02 22:01:06,ORD-000964,SKU-00588,F-02-02-01,EMPTY_BIN,NORMAL,NORMAL
PF-000364,2026-09-02 22:05:51,ORD-000554,SKU-00760,C-02-04-02,WRONG_LOCATION,URGENT,NORMAL
PF-002165,2026-09-02 22:07:05,ORD-001565,SKU-00724,B-07-01-01,NOT_FOUND,NORMAL,NORMAL
PF-002886,2026-09-02 22:07:51,ORD-001435,SKU-00707,A-02-04-01,EMPTY_BIN,NORMAL,NORMAL
PF-001302,2026-09-02 22:07:51,ORD-002925,SKU-01165,F-07-02-02,EMPTY_BIN,URGENT,NORMAL
PF-000036,2026-09-02 22:08:37,ORD-000221,SKU-01240,C-09-03-02,QUANTITY_MISMATCH,HIGH,NORMAL
PF-001962,2026-09-02 22:08:38,ORD-001527,SKU-00080,C-01-02-02,NOT_FOUND,NORMAL,NORMAL
PF-001720,2026-09-02 22:10:05,ORD-001343,SKU-00749,B-09-05-01,QUANTITY_MISMATCH,NORMAL,NORMAL
PF-000683,2026-09-02 22:10:42,ORD-000758,SKU-00574,D-02-01-02,EMPTY_BIN,URGENT,NORMAL
PF-001294,2026-09-02 22:12:03,ORD-004759,SKU-01082,F-08-03-02,WRONG_LOCATION,HIGH,NORMAL
PF-001752,2026-09-02 22:12:23,ORD-000720,SKU-00443,A-02-03-01,WRONG_LOCATION,HIGH,NORMAL
PF-000489,2026-09-02 22:12:41,ORD-001244,SKU-00360,D-07-04-02,EMPTY_BIN,NORMAL,NORMAL
PF-001520,2026-09-02 22:12:46,ORD-000984,SKU-00502,D-08-04-02,NOT_FOUND,NORMAL,NORMAL
PF-001636,2026-09-02 22:15:11,ORD-003266,SKU-01318,D-04-01-02,LOCATION_BLOCKED,NORMAL,NORMAL
PF-000591,2026-09-02 22:16:34,ORD-003618,SKU-00796,A-10-04-01,WRONG_LOCATION,URGENT,NORMAL
PF-002273,2026-09-02 22:17:10,ORD-004981,SKU-01643,B-08-01-02,LOCATION_BLOCKED,NORMAL,NORMAL
PF-001731,2026-09-02 22:17:13,ORD-002533,SKU-00201,A-01-05-01,QUANTITY_MISMATCH,NORMAL,NORMAL
PF-001996,2026-09-02 22:17:44,ORD-003216,SKU-01189,D-03-04-02,EMPTY_BIN,URGENT,NORMAL
PF-002454,2026-09-02 22:18:12,ORD-004840,SKU-00658,F-04-02-02,QUANTITY_MISMATCH,HIGH,NORMAL
PF-000376,2026-09-02 22:18:59,ORD-003669,SKU-00411,C-07-02-01,WRONG_LOCATION,NORMAL,NORMAL
PF-000260,2026-09-02 22:19:11,ORD-003802,SKU-01890,F-08-04-01,NOT_FOUND,NORMAL,NORMAL
PF-001456,2026-09-02 22:20:16,ORD-003920,SKU-01201,E-05-04-02,WRONG_LOCATION,NORMAL,NORMAL
PF-001482,2026-09-02 22:20:59,ORD-003745,SKU-00508,F-07-01-01,WRONG_LOCATION,NORMAL,NORMAL
PF-000206,2026-09-02 22:23:44,ORD-000925,SKU-00098,F-03-05-01,NOT_FOUND,NORMAL,NORMAL
PF-002596,2026-09-02 22:25:11,ORD-002511,SKU-01446,C-06-02-02,NOT_FOUND,URGENT,NORMAL
PF-000363,2026-09-02 22:25:20,ORD-002692,SKU-01717,D-08-03-02,NOT_FOUND,NORMAL,NORMAL
PF-002750,2026-09-02 22:26:07,ORD-000577,SKU-00744,A-01-01-02,NOT_FOUND,HIGH,NORMAL
PF-001531,2026-09-02 22:27:12,ORD-000930,SKU-00124,E-03-02-01,NOT_FOUND,NORMAL,NORMAL
PF-001851,2026-09-02 22:28:35,ORD-001388,SKU-00248,F-01-01-02,WRONG_LOCATION,NORMAL,NORMAL
PF-000611,2026-09-02 22:29:47,ORD-000871,SKU-00192,D-08-03-02,WRONG_LOCATION,URGENT,NORMAL
PF-000357,2026-09-02 22:31:43,ORD-003722,SKU-00340,E-01-03-02,NOT_FOUND,URGENT,NORMAL
PF-000609,2026-09-02 22:33:06,ORD-001186,SKU-01668,C-10-03-01,LOCATION_BLOCKED,HIGH,NORMAL
PF-002259,2026-09-02 22:36:18,ORD-001390,SKU-00898,B-09-02-02,WRONG_LOCATION,HIGH,NORMAL
PF-002342,2026-09-02 22:37:37,ORD-003788,SKU-01617,B-06-02-01,QUANTITY_MISMATCH,URGENT,NORMAL
PF-002522,2026-09-02 22:37:38,ORD-002899,SKU-00283,D-08-02-01,WRONG_LOCATION,NORMAL,NORMAL
PF-001322,2026-09-02 22:37:44,ORD-001420,SKU-01776,B-02-05-02,WRONG_LOCATION,NORMAL,NORMAL
PF-002652,2026-09-02 22:38:32,ORD-004328,SKU-00978,B-04-04-02,NOT_FOUND,NORMAL,NORMAL
PF-000978,2026-09-02 22:38:52,ORD-000091,SKU-01589,B-06-02-01,EMPTY_BIN,HIGH,NORMAL
PF-001777,2026-09-02 22:39:38,ORD-004227,SKU-01914,C-09-02-02,QUANTITY_MISMATCH,NORMAL,NORMAL
PF-001794,2026-09-02 22:40:03,ORD-003914,SKU-01938,A-09-04-02,NOT_FOUND,NORMAL,NORMAL
PF-001358,2026-09-02 22:40:28,ORD-000169,SKU-00769,A-02-04-01,QUANTITY_MISMATCH,NORMAL,NORMAL
PF-002229,2026-09-02 22:41:17,ORD-002178,SKU-00972,E-06-01-01,LOCATION_BLOCKED,NORMAL,NORMAL
PF-002697,2026-09-02 22:41:23,ORD-001319,SKU-01711,B-06-01-02,NOT_FOUND,NORMAL,NORMAL
PF-001977,2026-09-02 22:41:25,ORD-000115,SKU-01994,C-06-01-01,LOCATION_BLOCKED,NORMAL,NORMAL
PF-002541,2026-09-02 22:41:32,ORD-003796,SKU-00934,B-08-02-01,WRONG_LOCATION,NORMAL,NORMAL
PF-001861,2026-09-02 22:41:55,ORD-004886,SKU-00064,C-01-03-01,NOT_FOUND,NORMAL,NORMAL
PF-002123,2026-09-02 22:42:37,ORD-001352,SKU-01406,C-07-05-02,EMPTY_BIN,NORMAL,NORMAL
PF-000921,2026-09-02 22:44:33,ORD-003623,SKU-00579,E-04-02-02,WRONG_LOCATION,URGENT,NORMAL
PF-001237,2026-09-02 22:44:37,ORD-003977,SKU-00750,F-02-05-02,NOT_FOUND,NORMAL,NORMAL
PF-002831,2026-09-02 22:47:16,ORD-004831,SKU-00122,A-10-02-02,NOT_FOUND,URGENT,NORMAL
PF-000734,2026-09-02 22:47:26,ORD-001595,SKU-00438,C-08-02-02,LOCATION_BLOCKED,URGENT,NORMAL
PF-000011,2026-09-02 22:48:16,ORD-004512,SKU-01168,D-10-05-01,WRONG_LOCATION,NORMAL,NORMAL
PF-000889,2026-09-02 22:48:46,ORD-000533,SKU-00701,E-06-02-01,QUANTITY_MISMATCH,NORMAL,NORMAL
PF-000910,2026-09-02 22:52:08,ORD-003588,SKU-01800,B-04-01-02,NOT_FOUND,URGENT,NORMAL
PF-001807,2026-09-02 22:52:18,ORD-002037,SKU-00737,A-07-05-02,EMPTY_BIN,NORMAL,NORMAL
PF-000481,2026-09-02 22:52:32,ORD-003375,SKU-01157,D-01-05-02,WRONG_LOCATION,HIGH,NORMAL
PF-001311,2026-09-02 22:52:53,ORD-001466,SKU-01140,D-04-01-02,EMPTY_BIN,URGENT,NORMAL
PF-002152,2026-09-02 22:53:49,ORD-000166,SKU-00257,D-06-05-01,NOT_FOUND,NORMAL,NORMAL
PF-002968,2026-09-02 22:54:49,ORD-002203,SKU-01042,B-07-01-02,NOT_FOUND,NORMAL,NORMAL
PF-000446,2026-09-02 22:55:19,ORD-001421,SKU-01622,E-06-01-01,WRONG_LOCATION,HIGH,NORMAL
PF-002584,2026-09-02 22:55:40,ORD-003973,SKU-01226,C-07-01-02,QUANTITY_MISMATCH,NORMAL,NORMAL
PF-001077,2026-09-02 22:57:30,ORD-004771,SKU-00199,A-10-05-01,NOT_FOUND,URGENT,NORMAL
PF-002035,2026-09-02 22:58:15,ORD-004368,SKU-01169,B-01-04-01,NOT_FOUND,NORMAL,NORMAL
PF-000326,2026-09-02 23:00:24,ORD-004000,SKU-00071,D-03-05-02,LOCATION_BLOCKED,NORMAL,NORMAL
PF-000539,2026-09-02 23:00:49,ORD-001257,SKU-01819,F-07-01-01,LOCATION_BLOCKED,NORMAL,NORMAL
PF-000255,2026-09-02 23:01:36,ORD-001899,SKU-00909,F-01-04-01,WRONG_LOCATION,URGENT,NORMAL
PF-002182,2026-09-02 23:02:04,ORD-003435,SKU-01123,E-07-02-01,NOT_FOUND,NORMAL,NORMAL
PF-002890,2026-09-02 23:02:07,ORD-002477,SKU-00976,E-09-03-01,QUANTITY_MISMATCH,NORMAL,NORMAL
PF-000698,2026-09-02 23:03:01,ORD-004682,SKU-00101,B-02-03-02,QUANTITY_MISMATCH,NORMAL,NORMAL
PF-002561,2026-09-02 23:05:17,ORD-002533,SKU-01605,E-03-04-02,EMPTY_BIN,NORMAL,NORMAL
PF-000911,2026-09-02 23:05:51,ORD-000717,SKU-01577,C-08-05-02,WRONG_LOCATION,NORMAL,NORMAL
PF-001840,2026-09-02 23:07:15,ORD-000481,SKU-01663,F-04-01-02,WRONG_LOCATION,NORMAL,NORMAL
PF-001253,2026-09-02 23:08:36,ORD-002876,SKU-01733,C-01-01-02,QUANTITY_MISMATCH,HIGH,NORMAL
PF-002301,2026-09-02 23:08:56,ORD-003815,SKU-00291,B-10-04-02,NOT_FOUND,NORMAL,NORMAL
PF-002426,2026-09-02 23:13:39,ORD-002869,SKU-00611,E-09-03-02,LOCATION_BLOCKED,HIGH,NORMAL
PF-002463,2026-09-02 23:13:47,ORD-001335,SKU-01426,F-04-01-02,EMPTY_BIN,NORMAL,NORMAL
PF-001982,2026-09-02 23:14:15,ORD-002262,SKU-01860,C-01-01-01,WRONG_LOCATION,NORMAL,NORMAL
PF-001325,2026-09-02 23:14:21,ORD-002443,SKU-00697,B-05-04-02,WRONG_LOCATION,NORMAL,NORMAL
PF-001118,2026-09-02 23:14:22,ORD-004841,SKU-00578,D-08-03-02,LOCATION_BLOCKED,NORMAL,NORMAL
PF-000541,2026-09-02 23:14:35,ORD-002998,SKU-00910,E-01-04-02,WRONG_LOCATION,HIGH,NORMAL
PF-000998,2026-09-02 23:14:42,ORD-001823,SKU-00630,A-07-04-02,WRONG_LOCATION,URGENT,NORMAL
PF-001580,2026-09-02 23:14:54,ORD-003116,SKU-01319,B-05-04-02,NOT_FOUND,HIGH,NORMAL
PF-002841,2026-09-02 23:15:25,ORD-000564,SKU-00422,E-05-05-01,WRONG_LOCATION,URGENT,NORMAL
PF-002155,2026-09-02 23:15:53,ORD-004555,SKU-00304,B-07-04-02,QUANTITY_MISMATCH,NORMAL,NORMAL
PF-002978,2026-09-02 23:17:04,ORD-003106,SKU-01141,B-03-01-01,WRONG_LOCATION,NORMAL,NORMAL
PF-002528,2026-09-02 23:17:41,ORD-003469,SKU-00962,F-03-04-01,WRONG_LOCATION,NORMAL,NORMAL
PF-001004,2026-09-02 23:18:08,ORD-003788,SKU-01681,E-02-03-01,LOCATION_BLOCKED,URGENT,NORMAL
PF-001681,2026-09-02 23:18:49,ORD-002284,SKU-00557,C-05-01-02,NOT_FOUND,NORMAL,NORMAL
PF-001546,2026-09-02 23:19:28,ORD-000276,SKU-01346,B-09-05-01,WRONG_LOCATION,URGENT,NORMAL
PF-000962,2026-09-02 23:20:23,ORD-000261,SKU-01519,D-08-01-01,LOCATION_BLOCKED,HIGH,NORMAL
PF-001858,2026-09-02 23:21:49,ORD-001019,SKU-00002,B-06-02-02,QUANTITY_MISMATCH,NORMAL,NORMAL
PF-001139,2026-09-02 23:21:57,ORD-001140,SKU-01604,B-06-05-02,LOCATION_BLOCKED,NORMAL,NORMAL
PF-000285,2026-09-02 23:22:53,ORD-004104,SKU-00252,C-02-05-01,LOCATION_BLOCKED,NORMAL,NORMAL
PF-002436,2026-09-02 23:22:54,ORD-000392,SKU-00227,E-01-05-01,WRONG_LOCATION,NORMAL,NORMAL
PF-001273,2026-09-02 23:23:21,ORD-004168,SKU-00902,C-08-01-01,LOCATION_BLOCKED,URGENT,NORMAL
PF-001097,2026-09-02 23:23:50,ORD-001431,SKU-00182,B-05-03-01,WRONG_LOCATION,URGENT,NORMAL
PF-000512,2026-09-02 23:24:20,ORD-001981,SKU-00117,C-01-01-02,QUANTITY_MISMATCH,URGENT,NORMAL
PF-000486,2026-09-02 23:24:27,ORD-000285,SKU-01211,E-03-03-01,QUANTITY_MISMATCH,NORMAL,NORMAL
PF-001333,2026-09-02 23:24:40,ORD-002015,SKU-01494,B-07-03-01,LOCATION_BLOCKED,NORMAL,NORMAL
PF-001553,2026-09-02 23:24:40,ORD-001478,SKU-00910,E-01-04-02,NOT_FOUND,NORMAL,NORMAL
PF-000429,2026-09-02 23:27:12,ORD-000154,SKU-01540,C-08-01-01,WRONG_LOCATION,URGENT,NORMAL
PF-000044,2026-09-02 23:28:34,ORD-002593,SKU-00173,F-01-01-01,EMPTY_BIN,NORMAL,NORMAL
PF-002979,2026-09-02 23:34:06,ORD-000158,SKU-01231,B-04-03-01,EMPTY_BIN,HIGH,NORMAL
PF-001006,2026-09-02 23:34:09,ORD-002729,SKU-00526,E-01-04-02,EMPTY_BIN,NORMAL,NORMAL
PF-002912,2026-09-02 23:35:30,ORD-004178,SKU-01535,E-04-05-01,WRONG_LOCATION,NORMAL,NORMAL
PF-002118,2026-09-02 23:37:30,ORD-003202,SKU-00910,E-01-04-02,EMPTY_BIN,NORMAL,NORMAL
PF-001221,2026-09-02 23:38:49,ORD-003163,SKU-00306,D-03-04-01,QUANTITY_MISMATCH,NORMAL,NORMAL
PF-002320,2026-09-02 23:38:53,ORD-003086,SKU-01398,E-02-04-02,WRONG_LOCATION,HIGH,NORMAL
PF-000314,2026-09-02 23:38:56,ORD-000679,SKU-01716,D-03-04-02,EMPTY_BIN,NORMAL,NORMAL
PF-000568,2026-09-02 23:39:07,ORD-002519,SKU-00794,C-02-01-02,WRONG_LOCATION,URGENT,NORMAL
PF-001493,2026-09-02 23:40:06,ORD-004225,SKU-01951,D-02-02-01,EMPTY_BIN,NORMAL,NORMAL
PF-001299,2026-09-02 23:40:54,ORD-000111,SKU-01979,E-04-04-01,WRONG_LOCATION,NORMAL,NORMAL
PF-001708,2026-09-02 23:41:24,ORD-002598,SKU-01235,A-01-01-01,QUANTITY_MISMATCH,HIGH,NORMAL
PF-000132,2026-09-02 23:42:18,ORD-004356,SKU-01883,F-09-04-02,LOCATION_BLOCKED,HIGH,NORMAL
PF-001156,2026-09-02 23:43:37,ORD-002735,SKU-00556,B-10-05-01,NOT_FOUND,NORMAL,NORMAL
PF-001637,2026-09-02 23:43:38,ORD-002125,SKU-00796,A-10-04-01,EMPTY_BIN,NORMAL,NORMAL
PF-001712,2026-09-02 23:45:28,ORD-000678,SKU-01499,B-01-03-02,LOCATION_BLOCKED,HIGH,NORMAL
PF-002136,2026-09-02 23:45:43,ORD-000467,SKU-01153,E-08-04-02,LOCATION_BLOCKED,NORMAL,NORMAL
PF-000808,2026-09-02 23:46:04,ORD-001508,SKU-00405,E-09-02-02,LOCATION_BLOCKED,URGENT,NORMAL
PF-000694,2026-09-02 23:48:44,ORD-001433,SKU-01701,D-05-05-01,LOCATION_BLOCKED,NORMAL,NORMAL
PF-002574,2026-09-02 23:50:22,ORD-001268,SKU-00796,A-10-04-01,NOT_FOUND,URGENT,NORMAL
PF-001680,2026-09-02 23:51:45,ORD-001808,SKU-00734,D-02-01-02,WRONG_LOCATION,NORMAL,NORMAL
PF-001199,2026-09-02 23:51:52,ORD-000364,SKU-01392,C-08-01-02,WRONG_LOCATION,URGENT,NORMAL
PF-000402,2026-09-02 23:52:45,ORD-003160,SKU-00390,F-03-04-01,NOT_FOUND,NORMAL,NORMAL
PF-000707,2026-09-02 23:53:55,ORD-000927,SKU-00456,A-05-01-02,EMPTY_BIN,HIGH,NORMAL
PF-002929,2026-09-02 23:54:41,ORD-000186,SKU-01939,C-02-02-02,EMPTY_BIN,URGENT,NORMAL
PF-001689,2026-09-02 23:58:33,ORD-000248,SKU-00059,A-09-04-01,LOCATION_BLOCKED,NORMAL,NORMAL
PF-002480,2026-09-03 00:00:17,ORD-002842,SKU-01691,E-06-05-02,QUANTITY_MISMATCH,NORMAL,NORMAL
PF-002762,2026-09-03 00:00:29,ORD-001450,SKU-00648,E-06-01-02,LOCATION_BLOCKED,HIGH,NORMAL
PF-002347,2026-09-03 00:01:18,ORD-003238,SKU-00515,B-01-02-02,EMPTY_BIN,HIGH,NORMAL
PF-000081,2026-09-03 00:02:57,ORD-000689,SKU-01697,A-03-04-02,LOCATION_BLOCKED,HIGH,NORMAL
PF-001120,2026-09-03 00:05:40,ORD-002116,SKU-01047,F-04-01-02,LOCATION_BLOCKED,URGENT,NORMAL
PF-000941,2026-09-03 00:06:40,ORD-000930,SKU-00363,A-06-04-02,WRONG_LOCATION,NORMAL,NORMAL
PF-002389,2026-09-03 00:13:22,ORD-001330,SKU-00316,A-07-03-02,NOT_FOUND,NORMAL,NORMAL
PF-000274,2026-09-03 00:14:45,ORD-003093,SKU-00219,F-09-04-02,NOT_FOUND,NORMAL,NORMAL
PF-000687,2026-09-03 00:14:55,ORD-000078,SKU-00181,D-06-03-01,EMPTY_BIN,HIGH,NORMAL
PF-000049,2026-09-03 00:15:29,ORD-004946,SKU-00353,D-03-04-02,WRONG_LOCATION,HIGH,NORMAL
PF-001043,2026-09-03 00:16:45,ORD-001554,SKU-01434,C-06-03-01,NOT_FOUND,URGENT,NORMAL
PF-000203,2026-09-03 00:19:11,ORD-001750,SKU-00209,D-05-03-02,NOT_FOUND,NORMAL,NORMAL
PF-002055,2026-09-03 00:20:46,ORD-004126,SKU-01902,D-08-02-02,NOT_FOUND,NORMAL,NORMAL
PF-002529,2026-09-03 00:20:49,ORD-003198,SKU-01613,D-10-05-02,EMPTY_BIN,URGENT,NORMAL
PF-001170,2026-09-03 00:20:58,ORD-000703,SKU-01402,E-03-01-02,EMPTY_BIN,NORMAL,NORMAL
PF-002887,2026-09-03 00:21:30,ORD-003710,SKU-00536,A-04-04-02,NOT_FOUND,HIGH,NORMAL
PF-000712,2026-09-03 00:22:34,ORD-002526,SKU-01770,B-03-04-02,NOT_FOUND,URGENT,NORMAL
PF-001312,2026-09-03 00:23:20,ORD-000573,SKU-01719,A-04-01-02,EMPTY_BIN,NORMAL,NORMAL
PF-001423,2026-09-03 00:23:56,ORD-003482,SKU-01570,B-09-02-02,NOT_FOUND,NORMAL,NORMAL
PF-002793,2026-09-03 00:24:39,ORD-002200,SKU-00449,B-07-03-01,QUANTITY_MISMATCH,URGENT,NORMAL
PF-001585,2026-09-03 00:25:08,ORD-000286,SKU-01704,E-08-05-02,NOT_FOUND,URGENT,NORMAL
PF-001828,2026-09-03 00:25:41,ORD-002231,SKU-01605,E-03-04-02,WRONG_LOCATION,NORMAL,NORMAL
PF-000849,2026-09-03 00:26:20,ORD-004970,SKU-00413,E-09-04-01,NOT_FOUND,URGENT,NORMAL
PF-001229,2026-09-03 00:27:26,ORD-004608,SKU-00613,E-03-04-01,NOT_FOUND,HIGH,NORMAL
PF-000943,2026-09-03 00:27:35,ORD-003291,SKU-01977,E-09-05-02,WRONG_LOCATION,NORMAL,NORMAL
PF-000953,2026-09-03 00:28:10,ORD-003335,SKU-01123,E-07-02-01,QUANTITY_MISMATCH,NORMAL,NORMAL
PF-000280,2026-09-03 00:28:11,ORD-003489,SKU-00897,B-05-03-02,EMPTY_BIN,URGENT,NORMAL
PF-002024,2026-09-03 00:29:36,ORD-001076,SKU-00553,B-02-03-02,WRONG_LOCATION,NORMAL,NORMAL
PF-002430,2026-09-03 00:30:15,ORD-004957,SKU-01628,E-04-01-01,EMPTY_BIN,URGENT,NORMAL
PF-001836,2026-09-03 00:30:31,ORD-002198,SKU-00778,C-06-02-01,QUANTITY_MISMATCH,NORMAL,NORMAL
PF-002553,2026-09-03 00:32:16,ORD-002147,SKU-00734,D-02-01-02,LOCATION_BLOCKED,NORMAL,NORMAL
PF-002207,2026-09-03 00:35:38,ORD-000851,SKU-01348,A-05-04-01,QUANTITY_MISMATCH,URGENT,NORMAL
PF-001750,2026-09-03 00:36:36,ORD-004020,SKU-01729,E-07-05-02,QUANTITY_MISMATCH,NORMAL,NORMAL
PF-001080,2026-09-03 00:36:52,ORD-001743,SKU-01424,C-10-01-01,WRONG_LOCATION,NORMAL,NORMAL
PF-000378,2026-09-03 00:37:12,ORD-003197,SKU-01996,B-05-01-01,EMPTY_BIN,NORMAL,NORMAL
PF-001282,2026-09-03 00:38:05,ORD-004065,SKU-00361,D-04-04-01,QUANTITY_MISMATCH,HIGH,NORMAL
PF-000403,2026-09-03 00:40:49,ORD-003322,SKU-01182,E-05-02-02,NOT_FOUND,NORMAL,NORMAL
PF-000354,2026-09-03 00:44:34,ORD-004048,SKU-01789,B-01-04-02,NOT_FOUND,HIGH,NORMAL
PF-001582,2026-09-03 00:45:38,ORD-000961,SKU-01034,C-10-05-02,WRONG_LOCATION,NORMAL,NORMAL
PF-001270,2026-09-03 00:45:53,ORD-002545,SKU-01207,F-03-04-01,EMPTY_BIN,NORMAL,NORMAL
PF-002691,2026-09-03 00:46:33,ORD-002142,SKU-01449,D-05-01-02,WRONG_LOCATION,URGENT,NORMAL
PF-002999,2026-09-03 00:46:41,ORD-002141,SKU-00746,A-02-02-01,QUANTITY_MISMATCH,URGENT,NORMAL
PF-000989,2026-09-03 00:46:43,ORD-004776,SKU-00232,C-05-05-01,EMPTY_BIN,HIGH,NORMAL
PF-001643,2026-09-03 00:47:11,ORD-003749,SKU-00298,F-03-03-01,NOT_FOUND,URGENT,NORMAL
PF-002601,2026-09-03 00:48:08,ORD-004592,SKU-00622,F-04-02-02,QUANTITY_MISMATCH,NORMAL,NORMAL
PF-002324,2026-09-03 00:48:10,ORD-002363,SKU-00695,C-07-02-01,LOCATION_BLOCKED,NORMAL,NORMAL
PF-001988,2026-09-03 00:48:38,ORD-003814,SKU-01036,E-08-02-02,EMPTY_BIN,NORMAL,NORMAL
PF-000461,2026-09-03 00:48:56,ORD-002536,SKU-01440,B-02-03-01,NOT_FOUND,HIGH,NORMAL
PF-001883,2026-09-03 00:50:18,ORD-000131,SKU-00951,B-08-03-02,QUANTITY_MISMATCH,NORMAL,NORMAL
PF-000052,2026-09-03 00:51:47,ORD-002578,SKU-01509,A-10-02-02,NOT_FOUND,NORMAL,NORMAL
PF-002526,2026-09-03 00:53:19,ORD-000601,SKU-01393,C-10-05-01,LOCATION_BLOCKED,NORMAL,NORMAL
PF-001891,2026-09-03 00:54:10,ORD-003624,SKU-00219,F-09-04-02,EMPTY_BIN,HIGH,NORMAL
PF-000971,2026-09-03 00:54:24,ORD-002904,SKU-00363,A-06-04-02,EMPTY_BIN,NORMAL,NORMAL
PF-002034,2026-09-03 00:55:28,ORD-001458,SKU-00237,C-05-02-02,EMPTY_BIN,NORMAL,NORMAL
PF-002904,2026-09-03 00:55:35,ORD-001163,SKU-01656,A-05-03-02,NOT_FOUND,NORMAL,NORMAL
PF-002755,2026-09-03 00:55:49,ORD-003587,SKU-01046,A-03-05-02,LOCATION_BLOCKED,URGENT,NORMAL
PF-001825,2026-09-03 00:56:31,ORD-003507,SKU-01167,A-05-03-01,NOT_FOUND,NORMAL,NORMAL
PF-000794,2026-09-03 00:56:47,ORD-003721,SKU-01440,B-02-03-01,EMPTY_BIN,HIGH,NORMAL
PF-001286,2026-09-03 00:56:56,ORD-001720,SKU-00606,E-06-05-02,LOCATION_BLOCKED,NORMAL,NORMAL
PF-000768,2026-09-03 00:59:14,ORD-004456,SKU-01821,F-07-04-02,QUANTITY_MISMATCH,NORMAL,NORMAL
PF-001599,2026-09-03 01:01:05,ORD-001400,SKU-01631,C-10-03-01,EMPTY_BIN,NORMAL,NORMAL
PF-001786,2026-09-03 01:01:16,ORD-004243,SKU-00101,B-02-03-02,WRONG_LOCATION,NORMAL,NORMAL
PF-000185,2026-09-03 01:01:47,ORD-004744,SKU-01724,F-07-01-01,NOT_FOUND,NORMAL,NORMAL
PF-001305,2026-09-03 01:02:44,ORD-001603,SKU-00538,E-05-03-01,QUANTITY_MISMATCH,HIGH,NORMAL
PF-000382,2026-09-03 01:04:09,ORD-004550,SKU-00380,A-03-02-02,LOCATION_BLOCKED,URGENT,NORMAL
PF-002197,2026-09-03 01:05:37,ORD-004666,SKU-01875,F-05-02-02,EMPTY_BIN,NORMAL,NORMAL
PF-001491,2026-09-03 01:07:08,ORD-004174,SKU-01013,D-05-03-02,QUANTITY_MISMATCH,NORMAL,NORMAL
PF-001207,2026-09-03 01:07:13,ORD-000534,SKU-01987,A-03-02-01,WRONG_LOCATION,URGENT,NORMAL
PF-001430,2026-09-03 01:07:21,ORD-002366,SKU-01827,D-05-01-02,QUANTITY_MISMATCH,NORMAL,NORMAL
PF-002190,2026-09-03 01:07:22,ORD-003695,SKU-01683,F-06-01-01,LOCATION_BLOCKED,NORMAL,NORMAL
PF-000593,2026-09-03 01:07:25,ORD-001976,SKU-00415,B-02-01-01,EMPTY_BIN,URGENT,NORMAL
PF-002640,2026-09-03 01:07:48,ORD-001944,SKU-01754,C-10-03-01,WRONG_LOCATION,NORMAL,NORMAL
PF-000705,2026-09-03 01:09:30,ORD-003955,SKU-01983,E-09-03-01,QUANTITY_MISMATCH,HIGH,NORMAL
PF-001909,2026-09-03 01:09:39,ORD-002529,SKU-01262,C-05-04-01,LOCATION_BLOCKED,HIGH,NORMAL
PF-002585,2026-09-03 01:11:24,ORD-000520,SKU-01581,B-06-05-01,LOCATION_BLOCKED,HIGH,NORMAL
PF-002319,2026-09-03 01:11:27,ORD-002822,SKU-01685,B-03-02-01,QUANTITY_MISMATCH,NORMAL,NORMAL
PF-000188,2026-09-03 01:13:03,ORD-001933,SKU-01380,C-06-05-01,QUANTITY_MISMATCH,NORMAL,NORMAL
PF-000554,2026-09-03 01:13:34,ORD-003969,SKU-00354,E-05-02-01,LOCATION_BLOCKED,NORMAL,NORMAL
PF-001615,2026-09-03 01:14:13,ORD-003719,SKU-00064,C-01-03-01,WRONG_LOCATION,HIGH,NORMAL
PF-002308,2026-09-03 01:14:36,ORD-000323,SKU-00551,C-02-03-02,EMPTY_BIN,NORMAL,NORMAL
PF-000124,2026-09-03 01:14:48,ORD-002056,SKU-00632,D-06-02-02,EMPTY_BIN,NORMAL,NORMAL
PF-000886,2026-09-03 01:15:18,ORD-002805,SKU-00806,E-03-01-02,QUANTITY_MISMATCH,HIGH,NORMAL
PF-001144,2026-09-03 01:16:51,ORD-000869,SKU-01452,B-06-03-01,WRONG_LOCATION,NORMAL,NORMAL
PF-001963,2026-09-03 01:16:52,ORD-003610,SKU-01439,F-10-01-02,LOCATION_BLOCKED,NORMAL,NORMAL
PF-000365,2026-09-03 01:17:12,ORD-003401,SKU-00769,A-02-04-01,WRONG_LOCATION,HIGH,NORMAL
PF-002411,2026-09-03 01:19:08,ORD-004978,SKU-01771,C-03-05-02,QUANTITY_MISMATCH,URGENT,NORMAL
PF-002870,2026-09-03 01:19:46,ORD-002716,SKU-01192,F-07-05-02,EMPTY_BIN,HIGH,NORMAL
PF-002781,2026-09-03 01:19:55,ORD-002863,SKU-00323,D-01-02-01,LOCATION_BLOCKED,HIGH,NORMAL
PF-000101,2026-09-03 01:20:13,ORD-003187,SKU-00950,E-09-04-01,LOCATION_BLOCKED,HIGH,NORMAL
PF-001767,2026-09-03 01:22:33,ORD-001393,SKU-00721,B-08-03-02,NOT_FOUND,NORMAL,NORMAL
PF-000415,2026-09-03 01:22:42,ORD-001570,SKU-01515,F-09-03-02,QUANTITY_MISMATCH,URGENT,NORMAL
PF-001127,2026-09-03 01:26:08,ORD-002650,SKU-00819,D-01-03-01,QUANTITY_MISMATCH,NORMAL,NORMAL
PF-002277,2026-09-03 01:26:17,ORD-001128,SKU-01728,C-10-05-01,WRONG_LOCATION,URGENT,NORMAL
PF-000657,2026-09-03 01:26:36,ORD-002664,SKU-00908,F-01-02-01,QUANTITY_MISMATCH,NORMAL,NORMAL
PF-000079,2026-09-03 01:26:38,ORD-004026,SKU-01463,F-01-01-01,NOT_FOUND,NORMAL,NORMAL
PF-002418,2026-09-03 01:29:44,ORD-000478,SKU-00085,F-02-01-02,QUANTITY_MISMATCH,NORMAL,NORMAL
PF-001454,2026-09-03 01:32:36,ORD-001337,SKU-01265,C-08-02-02,EMPTY_BIN,HIGH,NORMAL
PF-001917,2026-09-03 01:32:45,ORD-002314,SKU-01339,C-03-02-02,NOT_FOUND,URGENT,NORMAL
PF-001436,2026-09-03 01:33:13,ORD-003034,SKU-00450,F-04-04-02,EMPTY_BIN,NORMAL,NORMAL
PF-000391,2026-09-03 01:33:22,ORD-002404,SKU-01325,E-06-04-01,EMPTY_BIN,HIGH,NORMAL
PF-000894,2026-09-03 01:34:31,ORD-002761,SKU-01681,E-02-03-01,QUANTITY_MISMATCH,NORMAL,NORMAL
PF-002937,2026-09-03 01:34:59,ORD-002733,SKU-01373,E-01-03-02,NOT_FOUND,NORMAL,NORMAL
PF-000502,2026-09-03 01:35:08,ORD-001551,SKU-00248,F-01-01-02,WRONG_LOCATION,URGENT,NORMAL
PF-000927,2026-09-03 01:35:52,ORD-003161,SKU-01194,A-09-04-02,WRONG_LOCATION,NORMAL,NORMAL
PF-002699,2026-09-03 01:36:31,ORD-002063,SKU-01004,D-10-01-01,NOT_FOUND,HIGH,NORMAL
PF-002052,2026-09-03 01:36:59,ORD-003182,SKU-00150,D-05-02-01,EMPTY_BIN,HIGH,NORMAL
PF-001293,2026-09-03 01:37:01,ORD-000349,SKU-00807,F-05-04-01,WRONG_LOCATION,URGENT,NORMAL
PF-000246,2026-09-03 01:37:22,ORD-003130,SKU-00202,B-05-01-02,WRONG_LOCATION,NORMAL,NORMAL
PF-002610,2026-09-03 01:37:42,ORD-001612,SKU-00783,B-02-03-02,NOT_FOUND,NORMAL,NORMAL
PF-001573,2026-09-03 01:40:37,ORD-000857,SKU-00787,D-08-03-01,LOCATION_BLOCKED,NORMAL,NORMAL
PF-000412,2026-09-03 01:41:01,ORD-003136,SKU-00461,A-08-01-01,NOT_FOUND,URGENT,NORMAL
PF-001402,2026-09-03 01:41:08,ORD-004998,SKU-01237,F-06-05-01,WRONG_LOCATION,NORMAL,NORMAL
PF-002504,2026-09-03 01:42:10,ORD-004833,SKU-01985,E-10-01-01,LOCATION_BLOCKED,HIGH,NORMAL
PF-000704,2026-09-03 01:42:11,ORD-003221,SKU-01994,C-06-01-01,EMPTY_BIN,NORMAL,NORMAL
PF-000635,2026-09-03 01:43:11,ORD-003547,SKU-00363,A-06-04-02,LOCATION_BLOCKED,URGENT,NORMAL
PF-001164,2026-09-03 01:44:28,ORD-001137,SKU-01878,A-02-05-02,EMPTY_BIN,NORMAL,NORMAL
PF-000228,2026-09-03 01:44:58,ORD-000863,SKU-00840,C-01-01-01,NOT_FOUND,NORMAL,NORMAL
PF-000102,2026-09-03 01:45:08,ORD-002387,SKU-01554,D-07-02-02,QUANTITY_MISMATCH,URGENT,NORMAL
PF-002868,2026-09-03 01:45:09,ORD-003727,SKU-00687,F-04-01-01,WRONG_LOCATION,NORMAL,NORMAL
PF-000596,2026-09-03 01:45:37,ORD-004505,SKU-01001,A-07-05-02,LOCATION_BLOCKED,NORMAL,NORMAL
PF-000045,2026-09-03 01:46:02,ORD-001165,SKU-00066,C-03-02-02,EMPTY_BIN,URGENT,NORMAL
PF-001289,2026-09-03 01:46:37,ORD-000833,SKU-00665,F-06-02-01,WRONG_LOCATION,HIGH,NORMAL
PF-000711,2026-09-03 01:47:23,ORD-002175,SKU-00414,E-09-05-02,NOT_FOUND,URGENT,NORMAL
PF-001347,2026-09-03 01:49:06,ORD-001577,SKU-00374,A-01-03-01,EMPTY_BIN,NORMAL,NORMAL
PF-002636,2026-09-03 01:49:24,ORD-000911,SKU-00881,D-09-01-02,LOCATION_BLOCKED,URGENT,NORMAL
PF-000296,2026-09-03 01:49:32,ORD-001797,SKU-01205,C-04-02-01,NOT_FOUND,HIGH,NORMAL
PF-001474,2026-09-03 01:50:51,ORD-001250,SKU-01684,E-06-02-01,NOT_FOUND,NORMAL,NORMAL
PF-002513,2026-09-03 01:50:52,ORD-002381,SKU-01110,A-03-04-02,WRONG_LOCATION,HIGH,NORMAL
PF-000450,2026-09-03 01:51:01,ORD-000101,SKU-00274,D-05-05-02,QUANTITY_MISMATCH,HIGH,NORMAL
PF-000567,2026-09-03 01:51:50,ORD-000379,SKU-00840,C-01-01-01,WRONG_LOCATION,NORMAL,NORMAL
PF-000845,2026-09-03 01:52:03,ORD-003389,SKU-00462,B-02-01-02,QUANTITY_MISMATCH,URGENT,NORMAL
PF-000759,2026-09-03 01:53:20,ORD-003572,SKU-01214,A-10-01-02,QUANTITY_MISMATCH,NORMAL,NORMAL
PF-000277,2026-09-03 01:53:52,ORD-004486,SKU-01320,D-03-05-01,LOCATION_BLOCKED,URGENT,NORMAL
PF-001655,2026-09-03 01:55:22,ORD-004874,SKU-00429,E-06-04-02,EMPTY_BIN,URGENT,NORMAL
PF-002125,2026-09-03 01:55:48,ORD-002277,SKU-00652,A-01-04-01,QUANTITY_MISMATCH,NORMAL,NORMAL
PF-001631,2026-09-03 01:58:10,ORD-003412,SKU-01896,E-03-01-02,EMPTY_BIN,HIGH,NORMAL
PF-001729,2026-09-03 01:58:13,ORD-002313,SKU-01681,E-02-03-01,WRONG_LOCATION,NORMAL,NORMAL
PF-001398,2026-09-03 01:59:17,ORD-001684,SKU-00083,C-07-03-02,LOCATION_BLOCKED,URGENT,NORMAL
PF-002316,2026-09-03 01:59:35,ORD-002279,SKU-01335,D-02-01-01,QUANTITY_MISMATCH,NORMAL,NORMAL
PF-002714,2026-09-03 02:00:20,ORD-001002,SKU-00474,D-04-03-01,LOCATION_BLOCKED,NORMAL,NORMAL
PF-000984,2026-09-03 02:04:49,ORD-003130,SKU-00134,D-05-03-01,LOCATION_BLOCKED,HIGH,NORMAL
PF-001551,2026-09-03 02:05:16,ORD-000929,SKU-01646,F-05-03-02,EMPTY_BIN,NORMAL,NORMAL
PF-000797,2026-09-03 02:05:41,ORD-000688,SKU-00291,B-10-04-02,QUANTITY_MISMATCH,HIGH,NORMAL
PF-001864,2026-09-03 02:07:42,ORD-004712,SKU-01351,A-09-02-01,LOCATION_BLOCKED,NORMAL,NORMAL
PF-001843,2026-09-03 02:07:55,ORD-001615,SKU-00924,F-05-02-02,WRONG_LOCATION,NORMAL,NORMAL
PF-002279,2026-09-03 02:08:20,ORD-001658,SKU-00892,C-02-03-02,NOT_FOUND,HIGH,NORMAL
PF-000992,2026-09-03 02:08:30,ORD-001065,SKU-01306,F-05-01-02,LOCATION_BLOCKED,NORMAL,NORMAL
PF-001841,2026-09-03 02:15:07,ORD-004845,SKU-01911,F-02-01-02,QUANTITY_MISMATCH,NORMAL,NORMAL
PF-002934,2026-09-03 02:15:57,ORD-002774,SKU-01948,B-07-02-01,LOCATION_BLOCKED,HIGH,NORMAL
PF-001600,2026-09-03 02:16:55,ORD-000460,SKU-00732,B-06-03-01,EMPTY_BIN,NORMAL,NORMAL
PF-000360,2026-09-03 02:17:12,ORD-004210,SKU-00605,A-10-04-02,NOT_FOUND,NORMAL,NORMAL
PF-001830,2026-09-03 02:17:49,ORD-001220,SKU-00965,B-05-03-01,WRONG_LOCATION,HIGH,NORMAL
PF-001086,2026-09-03 02:18:35,ORD-003197,SKU-00671,B-03-01-02,LOCATION_BLOCKED,NORMAL,NORMAL
PF-001154,2026-09-03 02:20:55,ORD-002271,SKU-01264,A-03-05-02,NOT_FOUND,NORMAL,NORMAL
PF-002134,2026-09-03 02:21:32,ORD-001719,SKU-00695,C-07-02-01,QUANTITY_MISMATCH,NORMAL,NORMAL
PF-000603,2026-09-03 02:22:49,ORD-001793,SKU-01969,F-02-03-02,NOT_FOUND,URGENT,NORMAL
PF-002625,2026-09-03 02:23:20,ORD-000344,SKU-00683,F-01-05-02,QUANTITY_MISMATCH,HIGH,NORMAL
PF-000731,2026-09-03 02:23:38,ORD-003753,SKU-00571,F-03-01-02,NOT_FOUND,HIGH,NORMAL
PF-001192,2026-09-03 02:23:56,ORD-004792,SKU-00632,D-06-02-02,NOT_FOUND,URGENT,NORMAL
PF-001066,2026-09-03 02:24:12,ORD-003995,SKU-00897,B-05-03-02,EMPTY_BIN,NORMAL,NORMAL
PF-000742,2026-09-03 02:24:55,ORD-000456,SKU-01934,A-09-03-02,WRONG_LOCATION,URGENT,NORMAL
PF-002629,2026-09-03 02:26:30,ORD-001253,SKU-00314,C-05-04-01,NOT_FOUND,NORMAL,NORMAL
PF-000955,2026-09-03 02:27:33,ORD-000037,SKU-01191,D-03-05-01,NOT_FOUND,HIGH,NORMAL
PF-000834,2026-09-03 02:28:39,ORD-004396,SKU-01545,B-06-04-01,QUANTITY_MISMATCH,URGENT,NORMAL
PF-001427,2026-09-03 02:29:05,ORD-000366,SKU-00408,C-08-01-02,QUANTITY_MISMATCH,NORMAL,NORMAL
PF-000401,2026-09-03 02:29:45,ORD-002786,SKU-01916,B-03-02-02,QUANTITY_MISMATCH,URGENT,NORMAL
PF-000535,2026-09-03 02:30:16,ORD-003030,SKU-01721,B-05-04-02,EMPTY_BIN,URGENT,NORMAL
PF-002066,2026-09-03 02:31:02,ORD-002415,SKU-00203,B-01-05-02,WRONG_LOCATION,NORMAL,NORMAL
PF-001852,2026-09-03 02:31:26,ORD-003612,SKU-00951,B-08-03-02,WRONG_LOCATION,NORMAL,NORMAL
PF-002502,2026-09-03 02:32:13,ORD-001273,SKU-00201,A-01-05-01,WRONG_LOCATION,HIGH,NORMAL
PF-002512,2026-09-03 02:35:10,ORD-000082,SKU-01774,C-01-03-01,LOCATION_BLOCKED,HIGH,NORMAL
PF-000883,2026-09-03 02:36:01,ORD-004166,SKU-01959,F-04-03-02,QUANTITY_MISMATCH,NORMAL,NORMAL
PF-000513,2026-09-03 02:36:17,ORD-001074,SKU-00530,B-08-01-02,NOT_FOUND,HIGH,NORMAL
PF-002344,2026-09-03 02:36:57,ORD-000864,SKU-01777,C-07-01-01,QUANTITY_MISMATCH,NORMAL,NORMAL
PF-000492,2026-09-03 02:39:39,ORD-003774,SKU-00199,A-10-05-01,NOT_FOUND,NORMAL,NORMAL
PF-000373,2026-09-03 02:40:26,ORD-002148,SKU-00576,B-08-05-02,LOCATION_BLOCKED,NORMAL,NORMAL
PF-001272,2026-09-03 02:40:47,ORD-001021,SKU-01318,D-04-01-02,QUANTITY_MISMATCH,NORMAL,NORMAL
PF-000037,2026-09-03 02:41:51,ORD-003735,SKU-00514,A-02-04-02,EMPTY_BIN,NORMAL,NORMAL
PF-001809,2026-09-03 02:41:57,ORD-002575,SKU-00697,B-05-04-02,NOT_FOUND,NORMAL,NORMAL
PF-000627,2026-09-03 02:42:37,ORD-000474,SKU-01337,E-05-05-02,WRONG_LOCATION,URGENT,NORMAL
PF-001049,2026-09-03 02:43:26,ORD-001036,SKU-00146,A-02-01-02,EMPTY_BIN,URGENT,NORMAL
PF-001085,2026-09-03 02:44:11,ORD-000493,SKU-00644,D-10-02-02,QUANTITY_MISMATCH,NORMAL,NORMAL
PF-001832,2026-09-03 02:44:30,ORD-000889,SKU-01375,C-08-03-01,WRONG_LOCATION,NORMAL,NORMAL
PF-001735,2026-09-03 02:45:34,ORD-004836,SKU-00069,F-06-01-02,WRONG_LOCATION,URGENT,NORMAL
PF-001547,2026-09-03 02:47:05,ORD-000870,SKU-00327,B-09-03-01,LOCATION_BLOCKED,HIGH,NORMAL
PF-002271,2026-09-03 02:47:25,ORD-004737,SKU-01188,A-06-01-02,EMPTY_BIN,URGENT,NORMAL
PF-001528,2026-09-03 02:49:35,ORD-004415,SKU-00189,D-10-02-02,QUANTITY_MISMATCH,URGENT,NORMAL
PF-002391,2026-09-03 02:50:29,ORD-002022,SKU-01496,F-09-02-01,NOT_FOUND,URGENT,NORMAL
PF-001211,2026-09-03 02:51:39,ORD-002103,SKU-01632,A-03-05-02,EMPTY_BIN,NORMAL,NORMAL
PF-001769,2026-09-03 02:54:23,ORD-003315,SKU-01570,B-09-02-02,NOT_FOUND,HIGH,NORMAL
PF-001249,2026-09-03 02:55:04,ORD-004217,SKU-01363,D-04-04-02,EMPTY_BIN,URGENT,NORMAL
PF-002983,2026-09-03 02:55:30,ORD-004227,SKU-00652,A-01-04-01,NOT_FOUND,URGENT,NORMAL
PF-001969,2026-09-03 02:58:44,ORD-004578,SKU-01992,A-04-04-02,LOCATION_BLOCKED,NORMAL,NORMAL
PF-000001,2026-09-03 02:59:45,ORD-000358,SKU-01692,B-03-02-02,WRONG_LOCATION,URGENT,NORMAL
PF-001835,2026-09-03 03:00:06,ORD-000657,SKU-01151,C-10-02-01,EMPTY_BIN,URGENT,NORMAL
PF-002565,2026-09-03 03:01:15,ORD-000235,SKU-00003,A-05-05-01,WRONG_LOCATION,HIGH,NORMAL
PF-002658,2026-09-03 03:01:16,ORD-001591,SKU-01466,B-06-05-01,WRONG_LOCATION,HIGH,NORMAL
PF-000473,2026-09-03 03:03:51,ORD-002438,SKU-00054,E-04-03-01,EMPTY_BIN,NORMAL,NORMAL
PF-001408,2026-09-03 03:06:32,ORD-000029,SKU-01147,D-07-03-02,NOT_FOUND,URGENT,NORMAL
PF-002015,2026-09-03 03:06:52,ORD-003209,SKU-00484,C-05-01-01,EMPTY_BIN,URGENT,NORMAL
PF-001571,2026-09-03 03:07:14,ORD-001438,SKU-00816,D-04-02-02,EMPTY_BIN,URGENT,NORMAL
PF-000684,2026-09-03 03:08:08,ORD-002831,SKU-00082,C-03-05-01,QUANTITY_MISMATCH,HIGH,NORMAL
PF-000469,2026-09-03 03:08:17,ORD-001557,SKU-00241,F-01-05-01,EMPTY_BIN,URGENT,NORMAL
PF-000017,2026-09-03 03:09:10,ORD-002209,SKU-00811,F-07-03-02,EMPTY_BIN,NORMAL,NORMAL
PF-002095,2026-09-03 03:10:14,ORD-003586,SKU-00995,D-02-01-01,NOT_FOUND,NORMAL,NORMAL
PF-002489,2026-09-03 03:10:39,ORD-000033,SKU-00807,F-05-04-01,NOT_FOUND,NORMAL,NORMAL
PF-002737,2026-09-03 03:12:03,ORD-003216,SKU-00317,C-06-04-02,LOCATION_BLOCKED,URGENT,NORMAL
PF-001940,2026-09-03 03:12:06,ORD-002640,SKU-01961,E-10-04-01,EMPTY_BIN,HIGH,NORMAL
PF-001106,2026-09-03 03:13:03,ORD-000275,SKU-00178,B-03-04-01,QUANTITY_MISMATCH,HIGH,NORMAL
PF-001512,2026-09-03 03:14:45,ORD-004263,SKU-00936,D-05-04-02,LOCATION_BLOCKED,URGENT,NORMAL
PF-002476,2026-09-03 03:16:16,ORD-000174,SKU-01072,B-05-03-02,LOCATION_BLOCKED,URGENT,NORMAL
PF-000668,2026-09-03 03:16:20,ORD-001391,SKU-00794,C-02-01-02,NOT_FOUND,NORMAL,NORMAL
PF-002010,2026-09-03 03:16:24,ORD-004963,SKU-01861,C-03-03-01,EMPTY_BIN,HIGH,NORMAL
PF-000004,2026-09-03 03:17:26,ORD-000423,SKU-00423,B-03-05-02,WRONG_LOCATION,NORMAL,NORMAL
PF-000702,2026-09-03 03:19:07,ORD-002808,SKU-00819,D-01-03-01,WRONG_LOCATION,NORMAL,NORMAL
PF-002252,2026-09-03 03:19:53,ORD-000115,SKU-00889,C-06-03-02,QUANTITY_MISMATCH,NORMAL,NORMAL
PF-002178,2026-09-03 03:21:47,ORD-002010,SKU-00430,E-04-04-01,QUANTITY_MISMATCH,HIGH,NORMAL
PF-000815,2026-09-03 03:22:01,ORD-001628,SKU-00499,F-08-01-01,QUANTITY_MISMATCH,NORMAL,NORMAL
PF-001096,2026-09-03 03:22:20,ORD-002041,SKU-01628,E-04-01-01,EMPTY_BIN,NORMAL,NORMAL
PF-000097,2026-09-03 03:22:22,ORD-000206,SKU-00096,B-05-04-01,WRONG_LOCATION,NORMAL,NORMAL
PF-000546,2026-09-03 03:22:34,ORD-001468,SKU-01566,E-09-01-01,WRONG_LOCATION,HIGH,NORMAL
PF-000673,2026-09-03 03:24:45,ORD-002611,SKU-01503,B-10-04-01,WRONG_LOCATION,NORMAL,NORMAL
PF-002713,2026-09-03 03:25:12,ORD-001335,SKU-00054,E-04-03-01,WRONG_LOCATION,NORMAL,NORMAL
PF-002599,2026-09-03 03:25:35,ORD-002912,SKU-00904,F-06-02-01,LOCATION_BLOCKED,NORMAL,NORMAL
PF-002167,2026-09-03 03:28:01,ORD-004571,SKU-01486,F-04-04-02,NOT_FOUND,NORMAL,NORMAL
PF-001235,2026-09-03 03:28:05,ORD-001174,SKU-00225,A-02-02-02,WRONG_LOCATION,HIGH,NORMAL
PF-001071,2026-09-03 03:28:08,ORD-002087,SKU-01828,C-02-04-01,LOCATION_BLOCKED,URGENT,NORMAL
PF-000913,2026-09-03 03:28:23,ORD-003844,SKU-01151,C-10-02-01,QUANTITY_MISMATCH,HIGH,NORMAL
PF-000223,2026-09-03 03:28:46,ORD-002084,SKU-00869,B-03-02-01,QUANTITY_MISMATCH,NORMAL,NORMAL
PF-000974,2026-09-03 03:31:04,ORD-002496,SKU-00166,C-01-01-02,EMPTY_BIN,URGENT,NORMAL
PF-000351,2026-09-03 03:33:10,ORD-003651,SKU-01534,E-07-01-01,WRONG_LOCATION,HIGH,NORMAL
PF-001060,2026-09-03 03:34:54,ORD-000850,SKU-00050,B-08-04-01,QUANTITY_MISMATCH,NORMAL,NORMAL
PF-001298,2026-09-03 03:37:12,ORD-000825,SKU-00517,F-08-01-02,EMPTY_BIN,NORMAL,NORMAL
PF-000524,2026-09-03 03:37:39,ORD-002222,SKU-00981,A-05-03-02,LOCATION_BLOCKED,NORMAL,NORMAL
PF-001558,2026-09-03 03:38:11,ORD-001363,SKU-01243,A-02-01-01,LOCATION_BLOCKED,HIGH,NORMAL
PF-000279,2026-09-03 03:38:25,ORD-003922,SKU-01079,F-01-03-02,EMPTY_BIN,URGENT,NORMAL
PF-001529,2026-09-03 03:39:03,ORD-003614,SKU-00686,E-02-04-02,EMPTY_BIN,NORMAL,NORMAL
PF-002176,2026-09-03 03:39:41,ORD-004451,SKU-00291,B-10-04-02,WRONG_LOCATION,NORMAL,NORMAL
PF-001623,2026-09-03 03:40:09,ORD-001407,SKU-01601,B-10-04-01,WRONG_LOCATION,HIGH,NORMAL
PF-001354,2026-09-03 03:40:13,ORD-003467,SKU-01194,A-09-04-02,QUANTITY_MISMATCH,NORMAL,NORMAL
PF-000358,2026-09-03 03:40:21,ORD-000647,SKU-01558,F-10-04-02,WRONG_LOCATION,NORMAL,NORMAL
PF-002087,2026-09-03 03:41:18,ORD-003785,SKU-01231,B-04-03-01,WRONG_LOCATION,NORMAL,NORMAL
PF-000321,2026-09-03 03:42:49,ORD-004000,SKU-00218,F-05-05-02,QUANTITY_MISMATCH,HIGH,NORMAL
PF-002215,2026-09-03 03:43:00,ORD-002374,SKU-00748,B-03-02-01,QUANTITY_MISMATCH,URGENT,NORMAL
PF-002893,2026-09-03 03:44:29,ORD-000101,SKU-01167,A-05-03-01,WRONG_LOCATION,NORMAL,NORMAL
PF-000544,2026-09-03 03:45:07,ORD-000232,SKU-01360,A-09-02-02,WRONG_LOCATION,NORMAL,NORMAL
PF-002604,2026-09-03 03:45:55,ORD-001406,SKU-01150,A-07-03-02,EMPTY_BIN,NORMAL,NORMAL
PF-002242,2026-09-03 03:46:25,ORD-000960,SKU-01014,A-04-03-01,QUANTITY_MISMATCH,NORMAL,NORMAL
PF-002716,2026-09-03 03:47:29,ORD-004944,SKU-01426,F-04-01-02,LOCATION_BLOCKED,NORMAL,NORMAL
PF-000851,2026-09-03 03:47:45,ORD-001937,SKU-00841,D-03-02-01,LOCATION_BLOCKED,NORMAL,NORMAL
PF-001993,2026-09-03 03:50:59,ORD-004540,SKU-00706,B-05-04-01,EMPTY_BIN,URGENT,NORMAL
PF-001413,2026-09-03 03:51:13,ORD-004924,SKU-00168,A-06-04-02,LOCATION_BLOCKED,HIGH,NORMAL
PF-000089,2026-09-03 03:51:23,ORD-004311,SKU-00507,A-03-02-02,LOCATION_BLOCKED,NORMAL,NORMAL
PF-001462,2026-09-03 03:52:04,ORD-003961,SKU-00748,B-03-02-01,LOCATION_BLOCKED,HIGH,NORMAL
PF-002998,2026-09-03 03:52:12,ORD-000821,SKU-01955,F-04-02-01,LOCATION_BLOCKED,HIGH,NORMAL
PF-001222,2026-09-03 03:55:09,ORD-003738,SKU-01524,E-05-01-01,NOT_FOUND,NORMAL,NORMAL
PF-001863,2026-09-03 03:55:53,ORD-001473,SKU-00013,C-03-01-01,WRONG_LOCATION,NORMAL,NORMAL
PF-001561,2026-09-03 03:55:54,ORD-001979,SKU-00822,F-04-01-01,EMPTY_BIN,URGENT,NORMAL
PF-001457,2026-09-03 03:56:22,ORD-002246,SKU-01883,F-09-04-02,LOCATION_BLOCKED,NORMAL,NORMAL
PF-001047,2026-09-03 03:58:37,ORD-003356,SKU-00425,B-04-02-01,WRONG_LOCATION,HIGH,NORMAL
PF-002759,2026-09-03 03:59:04,ORD-001606,SKU-01057,D-01-01-02,NOT_FOUND,NORMAL,NORMAL
PF-000616,2026-09-03 04:00:03,ORD-004360,SKU-01507,B-10-05-01,QUANTITY_MISMATCH,NORMAL,NORMAL
PF-002275,2026-09-03 04:00:06,ORD-000862,SKU-01527,C-05-04-01,LOCATION_BLOCKED,HIGH,NORMAL
PF-001652,2026-09-03 04:00:08,ORD-001161,SKU-00907,A-10-04-02,NOT_FOUND,HIGH,NORMAL
PF-000547,2026-09-03 04:00:33,ORD-001857,SKU-00016,F-09-02-02,LOCATION_BLOCKED,NORMAL,NORMAL
PF-002811,2026-09-03 04:01:08,ORD-001159,SKU-00666,B-06-05-01,WRONG_LOCATION,URGENT,NORMAL
PF-002967,2026-09-03 04:01:43,ORD-004636,SKU-01088,E-01-04-01,NOT_FOUND,NORMAL,NORMAL
PF-000077,2026-09-03 04:02:22,ORD-003421,SKU-00509,B-08-05-01,NOT_FOUND,NORMAL,NORMAL
PF-001184,2026-09-03 04:03:34,ORD-001388,SKU-00405,E-09-02-02,WRONG_LOCATION,URGENT,NORMAL
PF-002932,2026-09-03 04:07:15,ORD-003479,SKU-01843,D-09-04-01,EMPTY_BIN,NORMAL,NORMAL
PF-001764,2026-09-03 04:07:50,ORD-002917,SKU-01975,E-04-01-01,QUANTITY_MISMATCH,NORMAL,NORMAL
PF-000991,2026-09-03 04:07:55,ORD-000502,SKU-00500,E-02-02-02,QUANTITY_MISMATCH,NORMAL,NORMAL
PF-002598,2026-09-03 04:08:43,ORD-002418,SKU-01824,A-07-03-02,QUANTITY_MISMATCH,HIGH,NORMAL
PF-002455,2026-09-03 04:09:33,ORD-002058,SKU-00042,D-04-01-02,EMPTY_BIN,NORMAL,NORMAL
PF-001707,2026-09-03 04:09:47,ORD-003822,SKU-01519,D-08-01-01,QUANTITY_MISMATCH,NORMAL,NORMAL
PF-000466,2026-09-03 04:10:32,ORD-001684,SKU-00974,E-06-04-01,NOT_FOUND,HIGH,NORMAL
PF-002888,2026-09-03 04:10:50,ORD-002848,SKU-00289,B-09-05-01,WRONG_LOCATION,HIGH,NORMAL
PF-001661,2026-09-03 04:13:24,ORD-003027,SKU-00110,B-10-03-01,WRONG_LOCATION,NORMAL,NORMAL
PF-001161,2026-09-03 04:15:00,ORD-003159,SKU-01125,F-01-04-01,LOCATION_BLOCKED,URGENT,NORMAL
PF-000585,2026-09-03 04:15:15,ORD-004687,SKU-01242,B-05-02-01,EMPTY_BIN,URGENT,NORMAL
PF-001884,2026-09-03 04:15:41,ORD-002776,SKU-01723,D-03-02-01,QUANTITY_MISMATCH,NORMAL,NORMAL
PF-001148,2026-09-03 04:16:28,ORD-000313,SKU-00294,E-09-05-02,NOT_FOUND,NORMAL,NORMAL
PF-001233,2026-09-03 04:17:16,ORD-001425,SKU-00592,D-04-04-02,NOT_FOUND,NORMAL,NORMAL
PF-002397,2026-09-03 04:20:05,ORD-000668,SKU-01650,A-08-03-02,NOT_FOUND,NORMAL,NORMAL
PF-000289,2026-09-03 04:20:06,ORD-001346,SKU-00117,C-01-01-02,QUANTITY_MISMATCH,NORMAL,NORMAL
PF-000468,2026-09-03 04:20:53,ORD-000664,SKU-00933,F-09-04-01,LOCATION_BLOCKED,NORMAL,NORMAL
PF-002336,2026-09-03 04:20:54,ORD-003739,SKU-01852,A-07-04-01,WRONG_LOCATION,NORMAL,NORMAL
PF-002153,2026-09-03 04:23:04,ORD-000756,SKU-00006,F-06-03-02,WRONG_LOCATION,URGENT,NORMAL
PF-002077,2026-09-03 04:24:23,ORD-002992,SKU-01185,B-08-01-01,EMPTY_BIN,NORMAL,NORMAL
PF-000690,2026-09-03 04:25:32,ORD-004106,SKU-01671,A-06-05-01,QUANTITY_MISMATCH,HIGH,NORMAL
PF-001530,2026-09-03 04:26:15,ORD-004866,SKU-00048,A-09-04-02,WRONG_LOCATION,URGENT,NORMAL
PF-001208,2026-09-03 04:26:19,ORD-003486,SKU-00805,E-07-03-01,LOCATION_BLOCKED,HIGH,NORMAL
PF-002405,2026-09-03 04:26:57,ORD-000669,SKU-01073,A-09-05-01,QUANTITY_MISMATCH,HIGH,NORMAL
PF-001317,2026-09-03 04:27:01,ORD-000217,SKU-00433,B-05-01-02,NOT_FOUND,NORMAL,NORMAL
PF-002947,2026-09-03 04:27:08,ORD-003461,SKU-01157,D-01-05-02,QUANTITY_MISMATCH,URGENT,NORMAL
PF-000878,2026-09-03 04:28:10,ORD-003887,SKU-00664,A-06-03-01,LOCATION_BLOCKED,URGENT,NORMAL
PF-000919,2026-09-03 04:28:45,ORD-001864,SKU-01955,F-04-02-01,WRONG_LOCATION,NORMAL,NORMAL
PF-000195,2026-09-03 04:30:08,ORD-003785,SKU-01141,B-03-01-01,WRONG_LOCATION,URGENT,NORMAL
PF-001234,2026-09-03 04:30:29,ORD-004404,SKU-00115,E-04-03-02,EMPTY_BIN,NORMAL,NORMAL
PF-000615,2026-09-03 04:31:58,ORD-002045,SKU-00645,B-08-05-01,WRONG_LOCATION,NORMAL,NORMAL
PF-000108,2026-09-03 04:32:46,ORD-004808,SKU-00318,F-06-01-01,NOT_FOUND,NORMAL,NORMAL
PF-002745,2026-09-03 04:35:34,ORD-001242,SKU-00504,B-07-01-01,WRONG_LOCATION,NORMAL,NORMAL
PF-002321,2026-09-03 04:35:41,ORD-000219,SKU-00691,D-09-05-02,EMPTY_BIN,URGENT,NORMAL
PF-002708,2026-09-03 04:36:55,ORD-003112,SKU-00170,F-04-05-01,QUANTITY_MISMATCH,NORMAL,NORMAL
PF-002581,2026-09-03 04:38:00,ORD-000598,SKU-00412,E-02-03-02,LOCATION_BLOCKED,HIGH,NORMAL
PF-001912,2026-09-03 04:39:08,ORD-001376,SKU-00916,B-05-04-02,EMPTY_BIN,URGENT,NORMAL
PF-001619,2026-09-03 04:39:44,ORD-003858,SKU-00880,B-10-03-02,LOCATION_BLOCKED,URGENT,NORMAL
PF-001878,2026-09-03 04:39:48,ORD-002351,SKU-00565,B-10-03-02,EMPTY_BIN,URGENT,NORMAL
PF-000484,2026-09-03 04:39:56,ORD-003624,SKU-00323,D-01-02-01,NOT_FOUND,NORMAL,NORMAL
PF-001973,2026-09-03 04:40:16,ORD-000748,SKU-00405,E-09-02-02,LOCATION_BLOCKED,URGENT,NORMAL
PF-002038,2026-09-03 04:42:35,ORD-001377,SKU-01995,C-10-05-01,EMPTY_BIN,URGENT,NORMAL
PF-002800,2026-09-03 04:44:01,ORD-003812,SKU-01802,B-07-01-01,NOT_FOUND,NORMAL,NORMAL
PF-001337,2026-09-03 04:44:10,ORD-000425,SKU-00838,A-03-03-02,EMPTY_BIN,NORMAL,NORMAL
PF-001296,2026-09-03 04:44:47,ORD-003384,SKU-00369,A-01-03-01,QUANTITY_MISMATCH,NORMAL,NORMAL
PF-002373,2026-09-03 04:45:33,ORD-001593,SKU-01999,E-03-05-02,EMPTY_BIN,HIGH,NORMAL
PF-002826,2026-09-03 04:47:11,ORD-001287,SKU-00443,A-02-03-01,QUANTITY_MISMATCH,NORMAL,NORMAL
PF-002825,2026-09-03 04:47:11,ORD-003168,SKU-00398,E-09-01-01,QUANTITY_MISMATCH,HIGH,NORMAL
PF-000455,2026-09-03 04:47:46,ORD-000486,SKU-00450,F-04-04-02,NOT_FOUND,NORMAL,NORMAL
PF-001874,2026-09-03 04:47:47,ORD-004985,SKU-01469,B-06-05-02,QUANTITY_MISMATCH,HIGH,NORMAL
PF-001009,2026-09-03 04:47:59,ORD-003028,SKU-00375,D-05-02-01,WRONG_LOCATION,URGENT,NORMAL
PF-002994,2026-09-03 04:48:03,ORD-001593,SKU-00619,E-01-05-01,LOCATION_BLOCKED,NORMAL,NORMAL
PF-000306,2026-09-03 04:48:18,ORD-001552,SKU-01650,A-08-03-02,WRONG_LOCATION,NORMAL,NORMAL
PF-001169,2026-09-03 04:48:36,ORD-004284,SKU-00767,C-01-05-01,NOT_FOUND,URGENT,NORMAL
PF-000377,2026-09-03 04:49:36,ORD-002312,SKU-01101,E-09-02-01,EMPTY_BIN,HIGH,NORMAL
PF-000014,2026-09-03 04:50:19,ORD-000191,SKU-01377,A-08-02-01,WRONG_LOCATION,HIGH,NORMAL
PF-002516,2026-09-03 04:50:21,ORD-004041,SKU-00297,F-04-05-02,NOT_FOUND,URGENT,NORMAL
PF-002258,2026-09-03 04:52:28,ORD-000508,SKU-00120,D-05-04-02,QUANTITY_MISMATCH,NORMAL,NORMAL
PF-002272,2026-09-03 04:53:14,ORD-001177,SKU-00559,B-09-04-01,WRONG_LOCATION,NORMAL,NORMAL
PF-001315,2026-09-03 04:54:03,ORD-001844,SKU-01359,D-03-02-01,LOCATION_BLOCKED,URGENT,NORMAL
PF-002298,2026-09-03 04:54:46,ORD-002963,SKU-00040,B-05-05-02,NOT_FOUND,HIGH,NORMAL
PF-000948,2026-09-03 04:55:55,ORD-002370,SKU-00569,F-04-02-01,LOCATION_BLOCKED,URGENT,NORMAL
PF-002030,2026-09-03 04:56:56,ORD-000948,SKU-00389,E-05-05-01,NOT_FOUND,HIGH,NORMAL
PF-000766,2026-09-03 04:56:57,ORD-004594,SKU-01790,F-04-04-02,EMPTY_BIN,URGENT,NORMAL
PF-001475,2026-09-03 04:58:30,ORD-002694,SKU-01817,F-01-03-01,LOCATION_BLOCKED,NORMAL,NORMAL
PF-002915,2026-09-03 04:59:49,ORD-003225,SKU-00129,F-05-02-01,LOCATION_BLOCKED,NORMAL,NORMAL
PF-000937,2026-09-03 05:01:27,ORD-003063,SKU-00971,A-02-03-01,LOCATION_BLOCKED,HIGH,NORMAL
PF-000266,2026-09-03 05:01:40,ORD-003284,SKU-00735,D-10-03-02,EMPTY_BIN,NORMAL,NORMAL
PF-000709,2026-09-03 05:03:30,ORD-004262,SKU-00586,B-04-03-02,LOCATION_BLOCKED,URGENT,NORMAL
PF-000054,2026-09-03 05:04:17,ORD-001778,SKU-01671,A-06-05-01,WRONG_LOCATION,URGENT,NORMAL
PF-001310,2026-09-03 05:08:21,ORD-001104,SKU-01333,B-01-01-01,QUANTITY_MISMATCH,URGENT,NORMAL
PF-001798,2026-09-03 05:08:59,ORD-002146,SKU-01984,F-04-01-02,QUANTITY_MISMATCH,HIGH,NORMAL
PF-002898,2026-09-03 05:09:31,ORD-001942,SKU-01784,F-02-05-02,EMPTY_BIN,URGENT,NORMAL
PF-002209,2026-09-03 05:10:03,ORD-003177,SKU-01769,F-03-01-02,WRONG_LOCATION,NORMAL,NORMAL
PF-001787,2026-09-03 05:10:30,ORD-004543,SKU-00188,F-04-02-02,WRONG_LOCATION,HIGH,NORMAL
PF-000560,2026-09-03 05:13:14,ORD-001623,SKU-00210,C-08-01-02,LOCATION_BLOCKED,HIGH,NORMAL
PF-000155,2026-09-03 05:13:36,ORD-000960,SKU-00418,D-07-02-02,WRONG_LOCATION,NORMAL,NORMAL
PF-002508,2026-09-03 05:14:39,ORD-004885,SKU-00124,E-03-02-01,NOT_FOUND,URGENT,NORMAL
PF-001626,2026-09-03 05:17:20,ORD-002630,SKU-01336,A-07-01-02,LOCATION_BLOCKED,URGENT,NORMAL
PF-001243,2026-09-03 05:18:49,ORD-002784,SKU-00789,B-01-03-01,NOT_FOUND,URGENT,NORMAL
PF-001498,2026-09-03 05:19:38,ORD-004003,SKU-01023,D-05-02-01,NOT_FOUND,URGENT,NORMAL
PF-002789,2026-09-03 05:19:56,ORD-002760,SKU-00644,D-10-02-02,NOT_FOUND,HIGH,NORMAL
PF-001537,2026-09-03 05:21:25,ORD-004037,SKU-01192,F-07-05-02,WRONG_LOCATION,NORMAL,NORMAL
PF-001970,2026-09-03 05:22:17,ORD-001171,SKU-01677,F-05-04-02,LOCATION_BLOCKED,NORMAL,NORMAL
PF-002939,2026-09-03 05:24:45,ORD-004381,SKU-00054,E-04-03-01,EMPTY_BIN,URGENT,NORMAL
PF-001268,2026-09-03 05:28:08,ORD-004076,SKU-00909,F-01-04-01,EMPTY_BIN,NORMAL,NORMAL
PF-002448,2026-09-03 05:31:28,ORD-000750,SKU-00339,A-06-03-01,EMPTY_BIN,NORMAL,NORMAL
PF-002569,2026-09-03 05:33:03,ORD-002510,SKU-00189,D-10-02-02,EMPTY_BIN,URGENT,NORMAL
PF-002575,2026-09-03 05:33:47,ORD-000902,SKU-01389,B-06-01-01,EMPTY_BIN,HIGH,NORMAL
PF-000729,2026-09-03 05:35:18,ORD-004241,SKU-01232,F-05-05-01,QUANTITY_MISMATCH,NORMAL,NORMAL
PF-002330,2026-09-03 05:35:55,ORD-000635,SKU-01151,C-10-02-01,QUANTITY_MISMATCH,NORMAL,NORMAL
PF-000370,2026-09-03 05:36:47,ORD-004139,SKU-01101,E-09-02-01,EMPTY_BIN,HIGH,NORMAL
PF-002925,2026-09-03 05:36:53,ORD-001760,SKU-00547,D-05-04-01,NOT_FOUND,NORMAL,NORMAL
PF-001276,2026-09-03 05:37:19,ORD-002011,SKU-00531,B-06-03-01,WRONG_LOCATION,HIGH,NORMAL
PF-002562,2026-09-03 05:37:20,ORD-004265,SKU-00713,F-07-05-01,LOCATION_BLOCKED,NORMAL,NORMAL
PF-001146,2026-09-03 05:37:21,ORD-001931,SKU-00124,E-03-02-01,QUANTITY_MISMATCH,NORMAL,NORMAL
PF-001346,2026-09-03 05:39:23,ORD-004361,SKU-00791,F-05-01-02,EMPTY_BIN,HIGH,NORMAL
PF-000159,2026-09-03 05:40:09,ORD-004246,SKU-00256,B-07-05-01,EMPTY_BIN,NORMAL,NORMAL
PF-000419,2026-09-03 05:41:11,ORD-003876,SKU-00088,D-05-02-02,NOT_FOUND,NORMAL,NORMAL
PF-000741,2026-09-03 05:41:28,ORD-002290,SKU-00542,F-06-03-01,QUANTITY_MISMATCH,NORMAL,NORMAL
PF-002381,2026-09-03 05:42:40,ORD-000029,SKU-01105,F-04-05-02,QUANTITY_MISMATCH,HIGH,NORMAL
PF-000303,2026-09-03 05:43:56,ORD-001542,SKU-00262,C-02-02-02,NOT_FOUND,HIGH,NORMAL
PF-001540,2026-09-03 05:44:19,ORD-001843,SKU-00830,E-10-01-02,NOT_FOUND,NORMAL,NORMAL
PF-000038,2026-09-03 05:45:14,ORD-004339,SKU-01808,A-09-04-01,NOT_FOUND,HIGH,NORMAL
PF-002672,2026-09-03 05:45:38,ORD-003493,SKU-00939,B-07-04-01,NOT_FOUND,NORMAL,NORMAL
PF-002458,2026-09-03 05:47:21,ORD-002621,SKU-00313,E-09-05-01,LOCATION_BLOCKED,NORMAL,NORMAL
PF-001350,2026-09-03 05:48:00,ORD-003429,SKU-01991,E-06-02-01,LOCATION_BLOCKED,NORMAL,NORMAL
PF-000414,2026-09-03 05:50:17,ORD-002450,SKU-00206,D-09-03-02,NOT_FOUND,NORMAL,NORMAL
PF-000606,2026-09-03 05:50:29,ORD-004021,SKU-01812,C-02-03-02,EMPTY_BIN,NORMAL,NORMAL
PF-000422,2026-09-03 05:50:29,ORD-004661,SKU-00454,D-10-04-01,QUANTITY_MISMATCH,NORMAL,NORMAL
PF-001555,2026-09-03 05:50:37,ORD-003264,SKU-00085,F-02-01-02,NOT_FOUND,NORMAL,NORMAL
PF-002791,2026-09-03 05:51:08,ORD-001969,SKU-00649,F-10-04-01,LOCATION_BLOCKED,NORMAL,NORMAL
PF-000021,2026-09-03 05:51:27,ORD-004580,SKU-01611,E-03-01-02,WRONG_LOCATION,HIGH,NORMAL
PF-000031,2026-09-03 05:52:51,ORD-000450,SKU-00235,C-05-03-01,EMPTY_BIN,NORMAL,NORMAL
PF-001790,2026-09-03 05:54:15,ORD-000107,SKU-01419,C-02-04-01,LOCATION_BLOCKED,HIGH,NORMAL
PF-001634,2026-09-03 05:55:08,ORD-004321,SKU-00914,B-02-05-02,QUANTITY_MISMATCH,HIGH,NORMAL
PF-001460,2026-09-03 05:55:25,ORD-003140,SKU-00154,F-07-03-01,LOCATION_BLOCKED,HIGH,NORMAL
PF-002310,2026-09-03 05:56:11,ORD-000372,SKU-01194,A-09-04-02,WRONG_LOCATION,NORMAL,NORMAL
PF-002173,2026-09-03 05:56:32,ORD-001138,SKU-01822,C-10-03-01,LOCATION_BLOCKED,NORMAL,NORMAL
PF-000457,2026-09-03 05:56:55,ORD-001357,SKU-01986,B-02-05-01,QUANTITY_MISMATCH,NORMAL,NORMAL
PF-000117,2026-09-03 05:58:00,ORD-001605,SKU-00499,F-08-01-01,LOCATION_BLOCKED,NORMAL,NORMAL
PF-000905,2026-09-03 05:58:06,ORD-004486,SKU-00216,A-02-05-01,QUANTITY_MISMATCH,NORMAL,NORMAL
PF-000172,2026-09-03 05:58:37,ORD-004854,SKU-01219,E-08-05-02,WRONG_LOCATION,URGENT,NORMAL
PF-001672,2026-09-03 05:59:40,ORD-004226,SKU-01029,F-06-01-01,QUANTITY_MISMATCH,NORMAL,NORMAL
PF-GT-003,2026-09-03 06:00:00,ORD-GT-003,SKU-00003,A-05-05-01,NOT_FOUND,HIGH,NORMAL
DIS-PF-01029,2026-09-03 06:00:06,DIS-ORD-01029,SKU-01337,E-05-05-02,WRONG_LOCATION,URGENT,DISRUPTION
DIS-PF-00902,2026-09-03 06:01:01,DIS-ORD-00902,SKU-00124,E-03-02-01,EMPTY_BIN,URGENT,DISRUPTION
DIS-PF-00412,2026-09-03 06:01:02,DIS-ORD-00412,SKU-00888,B-07-05-01,NOT_FOUND,URGENT,DISRUPTION
DIS-PF-00952,2026-09-03 06:01:44,DIS-ORD-00952,SKU-00580,E-06-02-01,WRONG_LOCATION,HIGH,DISRUPTION
DIS-PF-01188,2026-09-03 06:02:58,DIS-ORD-01188,SKU-01238,A-10-04-01,EMPTY_BIN,HIGH,DISRUPTION
DIS-PF-00832,2026-09-03 06:06:01,DIS-ORD-00832,SKU-00886,E-01-01-01,EMPTY_BIN,HIGH,DISRUPTION
DIS-PF-00288,2026-09-03 06:06:45,DIS-ORD-00288,SKU-01192,F-07-05-02,EMPTY_BIN,URGENT,DISRUPTION
DIS-PF-00558,2026-09-03 06:09:18,DIS-ORD-00558,SKU-00486,F-01-03-02,EMPTY_BIN,URGENT,DISRUPTION
DIS-PF-00459,2026-09-03 06:10:21,DIS-ORD-00459,SKU-01527,C-05-04-01,WRONG_LOCATION,URGENT,DISRUPTION
DIS-PF-00477,2026-09-03 06:10:27,DIS-ORD-00477,SKU-00352,D-01-02-02,NOT_FOUND,URGENT,DISRUPTION
DIS-PF-01101,2026-09-03 06:14:32,DIS-ORD-01101,SKU-00265,A-05-03-02,EMPTY_BIN,URGENT,DISRUPTION
DIS-PF-00128,2026-09-03 06:14:50,DIS-ORD-00128,SKU-01260,A-06-01-02,EMPTY_BIN,HIGH,DISRUPTION
DIS-PF-01121,2026-09-03 06:15:26,DIS-ORD-01121,SKU-01087,D-02-04-02,WRONG_LOCATION,URGENT,DISRUPTION
DIS-PF-00644,2026-09-03 06:15:53,DIS-ORD-00644,SKU-00967,D-02-04-01,EMPTY_BIN,URGENT,DISRUPTION
DIS-PF-00574,2026-09-03 06:18:56,DIS-ORD-00574,SKU-00533,E-03-01-02,EMPTY_BIN,URGENT,DISRUPTION
DIS-PF-00388,2026-09-03 06:20:11,DIS-ORD-00388,SKU-00316,A-07-03-02,WRONG_LOCATION,URGENT,DISRUPTION
DIS-PF-00669,2026-09-03 06:21:24,DIS-ORD-00669,SKU-00580,E-06-02-01,NOT_FOUND,URGENT,DISRUPTION
DIS-PF-00632,2026-09-03 06:22:37,DIS-ORD-00632,SKU-00361,D-04-04-01,EMPTY_BIN,URGENT,DISRUPTION
DIS-PF-00441,2026-09-03 06:22:53,DIS-ORD-00441,SKU-00672,C-01-04-01,WRONG_LOCATION,URGENT,DISRUPTION
DIS-PF-00206,2026-09-03 06:23:02,DIS-ORD-00206,SKU-00957,D-04-01-02,WRONG_LOCATION,URGENT,DISRUPTION
DIS-PF-00065,2026-09-03 06:25:42,DIS-ORD-00065,SKU-00232,C-05-05-01,EMPTY_BIN,URGENT,DISRUPTION
DIS-PF-00138,2026-09-03 06:25:44,DIS-ORD-00138,SKU-01469,B-06-05-02,EMPTY_BIN,URGENT,DISRUPTION
DIS-PF-01128,2026-09-03 06:26:44,DIS-ORD-01128,SKU-01657,A-01-05-01,NOT_FOUND,URGENT,DISRUPTION
DIS-PF-00092,2026-09-03 06:27:04,DIS-ORD-00092,SKU-00027,B-05-04-01,NOT_FOUND,URGENT,DISRUPTION
DIS-PF-00331,2026-09-03 06:27:12,DIS-ORD-00331,SKU-01295,A-03-02-01,WRONG_LOCATION,URGENT,DISRUPTION
DIS-PF-00330,2026-09-03 06:29:19,DIS-ORD-00330,SKU-01786,F-02-05-02,WRONG_LOCATION,URGENT,DISRUPTION
DIS-PF-00020,2026-09-03 06:32:22,DIS-ORD-00020,SKU-00886,E-01-01-01,WRONG_LOCATION,HIGH,DISRUPTION
DIS-PF-00815,2026-09-03 06:33:26,DIS-ORD-00815,SKU-01720,E-01-01-02,NOT_FOUND,URGENT,DISRUPTION
DIS-PF-01064,2026-09-03 06:33:57,DIS-ORD-01064,SKU-01509,A-10-02-02,WRONG_LOCATION,HIGH,DISRUPTION
DIS-PF-00438,2026-09-03 06:35:23,DIS-ORD-00438,SKU-00942,B-05-05-01,EMPTY_BIN,URGENT,DISRUPTION
DIS-PF-00328,2026-09-03 06:35:49,DIS-ORD-00328,SKU-01673,F-03-01-01,NOT_FOUND,HIGH,DISRUPTION
DIS-PF-00290,2026-09-03 06:36:01,DIS-ORD-00290,SKU-00027,B-05-04-01,WRONG_LOCATION,HIGH,DISRUPTION
DIS-PF-00947,2026-09-03 06:37:24,DIS-ORD-00947,SKU-01244,F-09-05-02,NOT_FOUND,URGENT,DISRUPTION
DIS-PF-00364,2026-09-03 06:37:58,DIS-ORD-00364,SKU-01747,D-05-02-02,EMPTY_BIN,URGENT,DISRUPTION
DIS-PF-01129,2026-09-03 06:38:16,DIS-ORD-01129,SKU-01747,D-05-02-02,EMPTY_BIN,URGENT,DISRUPTION
DIS-PF-00526,2026-09-03 06:41:08,DIS-ORD-00526,SKU-00324,B-03-01-02,WRONG_LOCATION,HIGH,DISRUPTION
DIS-PF-00071,2026-09-03 06:41:13,DIS-ORD-00071,SKU-00390,F-03-04-01,NOT_FOUND,URGENT,DISRUPTION
DIS-PF-01014,2026-09-03 06:41:36,DIS-ORD-01014,SKU-00386,E-06-04-02,EMPTY_BIN,HIGH,DISRUPTION
DIS-PF-01003,2026-09-03 06:44:36,DIS-ORD-01003,SKU-01981,F-06-03-02,NOT_FOUND,HIGH,DISRUPTION
DIS-PF-00347,2026-09-03 06:47:51,DIS-ORD-00347,SKU-00379,E-05-02-01,WRONG_LOCATION,URGENT,DISRUPTION
DIS-PF-01171,2026-09-03 06:49:22,DIS-ORD-01171,SKU-00293,D-09-01-01,NOT_FOUND,HIGH,DISRUPTION
DIS-PF-00385,2026-09-03 06:50:04,DIS-ORD-00385,SKU-01646,F-05-03-02,NOT_FOUND,URGENT,DISRUPTION
DIS-PF-01190,2026-09-03 06:51:12,DIS-ORD-01190,SKU-00553,B-02-03-02,WRONG_LOCATION,URGENT,DISRUPTION
DIS-PF-00260,2026-09-03 06:51:45,DIS-ORD-00260,SKU-01087,D-02-04-02,WRONG_LOCATION,HIGH,DISRUPTION
DIS-PF-00652,2026-09-03 06:52:59,DIS-ORD-00652,SKU-00654,B-01-01-02,EMPTY_BIN,HIGH,DISRUPTION
DIS-PF-00090,2026-09-03 06:54:39,DIS-ORD-00090,SKU-00377,F-07-05-02,WRONG_LOCATION,URGENT,DISRUPTION
DIS-PF-01000,2026-09-03 07:00:17,DIS-ORD-01000,SKU-00148,A-03-04-01,WRONG_LOCATION,URGENT,DISRUPTION
DIS-PF-00045,2026-09-03 07:02:01,DIS-ORD-00045,SKU-01975,E-04-01-01,EMPTY_BIN,HIGH,DISRUPTION
PF-GT-006,2026-09-03 07:03:00,ORD-GT-006,SKU-00006,F-06-03-02,NOT_FOUND,URGENT,DISRUPTION
DIS-PF-00915,2026-09-03 07:04:00,DIS-ORD-00915,SKU-00127,A-07-04-02,EMPTY_BIN,HIGH,DISRUPTION
DIS-PF-00050,2026-09-03 07:04:13,DIS-ORD-00050,SKU-00193,B-01-04-01,WRONG_LOCATION,HIGH,DISRUPTION
DIS-PF-00047,2026-09-03 07:09:14,DIS-ORD-00047,SKU-01632,A-03-05-02,WRONG_LOCATION,URGENT,DISRUPTION
DIS-PF-00041,2026-09-03 07:13:11,DIS-ORD-00041,SKU-00537,A-10-02-01,EMPTY_BIN,URGENT,DISRUPTION
DIS-PF-00742,2026-09-03 07:13:51,DIS-ORD-00742,SKU-01253,F-05-05-01,NOT_FOUND,URGENT,DISRUPTION
DIS-PF-00279,2026-09-03 07:15:11,DIS-ORD-00279,SKU-00839,B-03-05-01,WRONG_LOCATION,HIGH,DISRUPTION
DIS-PF-00594,2026-09-03 07:15:28,DIS-ORD-00594,SKU-01572,C-10-03-01,NOT_FOUND,URGENT,DISRUPTION
DIS-PF-00355,2026-09-03 07:17:35,DIS-ORD-00355,SKU-00896,D-07-04-02,WRONG_LOCATION,URGENT,DISRUPTION
DIS-PF-00357,2026-09-03 07:20:38,DIS-ORD-00357,SKU-00390,F-03-04-01,NOT_FOUND,URGENT,DISRUPTION
DIS-PF-00937,2026-09-03 07:22:43,DIS-ORD-00937,SKU-01509,A-10-02-02,WRONG_LOCATION,HIGH,DISRUPTION
DIS-PF-00784,2026-09-03 07:22:45,DIS-ORD-00784,SKU-01510,A-09-03-02,EMPTY_BIN,URGENT,DISRUPTION
DIS-PF-00293,2026-09-03 07:24:01,DIS-ORD-00293,SKU-00238,A-08-02-02,WRONG_LOCATION,HIGH,DISRUPTION
DIS-PF-00583,2026-09-03 07:24:46,DIS-ORD-00583,SKU-00822,F-04-01-01,WRONG_LOCATION,URGENT,DISRUPTION
DIS-PF-00181,2026-09-03 07:26:10,DIS-ORD-00181,SKU-00508,F-07-01-01,WRONG_LOCATION,HIGH,DISRUPTION
DIS-PF-00935,2026-09-03 07:26:16,DIS-ORD-00935,SKU-00232,C-05-05-01,WRONG_LOCATION,URGENT,DISRUPTION
DIS-PF-00572,2026-09-03 07:26:24,DIS-ORD-00572,SKU-00868,B-01-03-01,EMPTY_BIN,HIGH,DISRUPTION
DIS-PF-00874,2026-09-03 07:26:39,DIS-ORD-00874,SKU-00127,A-07-04-02,EMPTY_BIN,URGENT,DISRUPTION
DIS-PF-00608,2026-09-03 07:26:43,DIS-ORD-00608,SKU-00701,E-06-02-01,EMPTY_BIN,URGENT,DISRUPTION
DIS-PF-00664,2026-09-03 07:27:27,DIS-ORD-00664,SKU-00723,E-02-03-02,EMPTY_BIN,HIGH,DISRUPTION
DIS-PF-01069,2026-09-03 07:28:23,DIS-ORD-01069,SKU-00577,E-05-02-02,EMPTY_BIN,URGENT,DISRUPTION
DIS-PF-00722,2026-09-03 07:29:19,DIS-ORD-00722,SKU-01015,F-04-05-01,NOT_FOUND,HIGH,DISRUPTION
DIS-PF-00360,2026-09-03 07:31:36,DIS-ORD-00360,SKU-00718,B-10-03-02,EMPTY_BIN,URGENT,DISRUPTION
DIS-PF-00769,2026-09-03 07:31:47,DIS-ORD-00769,SKU-00510,D-02-01-01,NOT_FOUND,HIGH,DISRUPTION
DIS-PF-00083,2026-09-03 07:32:27,DIS-ORD-00083,SKU-00386,E-06-04-02,EMPTY_BIN,URGENT,DISRUPTION
DIS-PF-00798,2026-09-03 07:32:58,DIS-ORD-00798,SKU-01903,A-07-01-02,WRONG_LOCATION,HIGH,DISRUPTION
DIS-PF-00482,2026-09-03 07:34:22,DIS-ORD-00482,SKU-00293,D-09-01-01,NOT_FOUND,URGENT,DISRUPTION
DIS-PF-01090,2026-09-03 07:34:24,DIS-ORD-01090,SKU-01838,D-02-01-01,EMPTY_BIN,HIGH,DISRUPTION
DIS-PF-01056,2026-09-03 07:35:11,DIS-ORD-01056,SKU-01253,F-05-05-01,NOT_FOUND,URGENT,DISRUPTION
DIS-PF-00970,2026-09-03 07:36:42,DIS-ORD-00970,SKU-00407,F-07-05-01,NOT_FOUND,HIGH,DISRUPTION
DIS-PF-01055,2026-09-03 07:38:14,DIS-ORD-01055,SKU-00196,B-07-05-02,EMPTY_BIN,URGENT,DISRUPTION
DIS-PF-00839,2026-09-03 07:38:32,DIS-ORD-00839,SKU-00357,C-05-01-02,EMPTY_BIN,URGENT,DISRUPTION
DIS-PF-00601,2026-09-03 07:38:34,DIS-ORD-00601,SKU-00085,F-02-01-02,NOT_FOUND,HIGH,DISRUPTION
DIS-PF-00487,2026-09-03 07:39:12,DIS-ORD-00487,SKU-00571,F-03-01-02,NOT_FOUND,URGENT,DISRUPTION
DIS-PF-00423,2026-09-03 07:39:57,DIS-ORD-00423,SKU-00679,C-03-01-01,NOT_FOUND,HIGH,DISRUPTION
DIS-PF-01079,2026-09-03 07:40:47,DIS-ORD-01079,SKU-00538,E-05-03-01,EMPTY_BIN,HIGH,DISRUPTION
DIS-PF-00705,2026-09-03 07:42:56,DIS-ORD-00705,SKU-01302,A-06-04-02,NOT_FOUND,HIGH,DISRUPTION
DIS-PF-00245,2026-09-03 07:43:17,DIS-ORD-00245,SKU-01326,B-05-05-01,EMPTY_BIN,URGENT,DISRUPTION
DIS-PF-00046,2026-09-03 07:44:57,DIS-ORD-00046,SKU-01036,E-08-02-02,EMPTY_BIN,URGENT,DISRUPTION
DIS-PF-01164,2026-09-03 07:45:25,DIS-ORD-01164,SKU-01253,F-05-05-01,EMPTY_BIN,URGENT,DISRUPTION
DIS-PF-01072,2026-09-03 07:45:44,DIS-ORD-01072,SKU-01823,B-01-03-01,WRONG_LOCATION,HIGH,DISRUPTION
DIS-PF-00286,2026-09-03 07:46:49,DIS-ORD-00286,SKU-00357,C-05-01-02,WRONG_LOCATION,URGENT,DISRUPTION
DIS-PF-01168,2026-09-03 07:48:26,DIS-ORD-01168,SKU-00751,B-07-04-01,EMPTY_BIN,URGENT,DISRUPTION
DIS-PF-00143,2026-09-03 07:48:42,DIS-ORD-00143,SKU-01709,A-06-03-02,WRONG_LOCATION,HIGH,DISRUPTION
DIS-PF-00787,2026-09-03 07:49:22,DIS-ORD-00787,SKU-01887,A-09-02-01,WRONG_LOCATION,URGENT,DISRUPTION
DIS-PF-00901,2026-09-03 07:50:39,DIS-ORD-00901,SKU-00712,E-10-03-01,EMPTY_BIN,URGENT,DISRUPTION
DIS-PF-00643,2026-09-03 07:50:57,DIS-ORD-00643,SKU-01840,D-09-05-02,EMPTY_BIN,URGENT,DISRUPTION
DIS-PF-00028,2026-09-03 07:51:49,DIS-ORD-00028,SKU-00654,B-01-01-02,NOT_FOUND,URGENT,DISRUPTION
DIS-PF-01127,2026-09-03 07:55:58,DIS-ORD-01127,SKU-00072,F-05-02-01,EMPTY_BIN,URGENT,DISRUPTION
DIS-PF-00442,2026-09-03 07:56:22,DIS-ORD-00442,SKU-01903,A-07-01-02,EMPTY_BIN,URGENT,DISRUPTION
DIS-PF-00361,2026-09-03 07:57:40,DIS-ORD-00361,SKU-01546,A-06-03-02,NOT_FOUND,HIGH,DISRUPTION
DIS-PF-01024,2026-09-03 07:57:44,DIS-ORD-01024,SKU-01234,A-05-03-01,EMPTY_BIN,URGENT,DISRUPTION
DIS-PF-00767,2026-09-03 08:02:12,DIS-ORD-00767,SKU-00901,F-01-03-02,NOT_FOUND,HIGH,DISRUPTION
DIS-PF-01086,2026-09-03 08:04:29,DIS-ORD-01086,SKU-01337,E-05-05-02,EMPTY_BIN,HIGH,DISRUPTION
DIS-PF-00130,2026-09-03 08:04:45,DIS-ORD-00130,SKU-01810,E-04-04-02,WRONG_LOCATION,URGENT,DISRUPTION
DIS-PF-00095,2026-09-03 08:05:38,DIS-ORD-00095,SKU-00811,F-07-03-02,NOT_FOUND,URGENT,DISRUPTION
DIS-PF-00044,2026-09-03 08:07:32,DIS-ORD-00044,SKU-00196,B-07-05-02,NOT_FOUND,HIGH,DISRUPTION
DIS-PF-00568,2026-09-03 08:08:12,DIS-ORD-00568,SKU-00147,E-02-01-02,WRONG_LOCATION,URGENT,DISRUPTION
DIS-PF-01174,2026-09-03 08:11:10,DIS-ORD-01174,SKU-00922,F-01-01-01,WRONG_LOCATION,HIGH,DISRUPTION
DIS-PF-00321,2026-09-03 08:11:54,DIS-ORD-00321,SKU-00219,F-09-04-02,NOT_FOUND,HIGH,DISRUPTION
DIS-PF-01012,2026-09-03 08:12:23,DIS-ORD-01012,SKU-01352,E-10-02-02,NOT_FOUND,URGENT,DISRUPTION
DIS-PF-00860,2026-09-03 08:13:13,DIS-ORD-00860,SKU-00964,B-08-02-02,WRONG_LOCATION,HIGH,DISRUPTION
DIS-PF-00078,2026-09-03 08:14:17,DIS-ORD-00078,SKU-01044,E-06-01-02,WRONG_LOCATION,URGENT,DISRUPTION
DIS-PF-00363,2026-09-03 08:14:36,DIS-ORD-00363,SKU-00901,F-01-03-02,EMPTY_BIN,URGENT,DISRUPTION
DIS-PF-00381,2026-09-03 08:17:21,DIS-ORD-00381,SKU-00535,F-07-04-02,NOT_FOUND,URGENT,DISRUPTION
DIS-PF-00933,2026-09-03 08:17:52,DIS-ORD-00933,SKU-00160,B-03-02-01,EMPTY_BIN,HIGH,DISRUPTION
DIS-PF-00401,2026-09-03 08:21:26,DIS-ORD-00401,SKU-00229,C-09-04-02,WRONG_LOCATION,URGENT,DISRUPTION
DIS-PF-00790,2026-09-03 08:22:42,DIS-ORD-00790,SKU-01646,F-05-03-02,EMPTY_BIN,URGENT,DISRUPTION
DIS-PF-00544,2026-09-03 08:24:47,DIS-ORD-00544,SKU-01963,B-03-03-02,NOT_FOUND,HIGH,DISRUPTION
DIS-PF-00281,2026-09-03 08:26:57,DIS-ORD-00281,SKU-01543,C-01-03-01,WRONG_LOCATION,URGENT,DISRUPTION
DIS-PF-00920,2026-09-03 08:27:04,DIS-ORD-00920,SKU-00888,B-07-05-01,EMPTY_BIN,URGENT,DISRUPTION
DIS-PF-00159,2026-09-03 08:27:20,DIS-ORD-00159,SKU-01295,A-03-02-01,NOT_FOUND,URGENT,DISRUPTION
DIS-PF-00690,2026-09-03 08:28:11,DIS-ORD-00690,SKU-01846,F-02-04-02,NOT_FOUND,HIGH,DISRUPTION
DIS-PF-00936,2026-09-03 08:28:22,DIS-ORD-00936,SKU-01841,A-02-01-01,EMPTY_BIN,URGENT,DISRUPTION
DIS-PF-00091,2026-09-03 08:29:03,DIS-ORD-00091,SKU-00896,D-07-04-02,NOT_FOUND,URGENT,DISRUPTION
DIS-PF-00762,2026-09-03 08:29:57,DIS-ORD-00762,SKU-00667,F-10-05-02,EMPTY_BIN,HIGH,DISRUPTION
DIS-PF-00264,2026-09-03 08:30:13,DIS-ORD-00264,SKU-00287,B-05-03-02,EMPTY_BIN,URGENT,DISRUPTION
DIS-PF-00262,2026-09-03 08:33:42,DIS-ORD-00262,SKU-01274,D-08-01-02,WRONG_LOCATION,URGENT,DISRUPTION
DIS-PF-00087,2026-09-03 08:35:33,DIS-ORD-00087,SKU-01906,A-02-04-01,EMPTY_BIN,URGENT,DISRUPTION
DIS-PF-01111,2026-09-03 08:35:56,DIS-ORD-01111,SKU-01302,A-06-04-02,WRONG_LOCATION,URGENT,DISRUPTION
DIS-PF-01110,2026-09-03 08:40:04,DIS-ORD-01110,SKU-00577,E-05-02-02,WRONG_LOCATION,URGENT,DISRUPTION
DIS-PF-00535,2026-09-03 08:42:35,DIS-ORD-00535,SKU-00352,D-01-02-02,WRONG_LOCATION,HIGH,DISRUPTION
DIS-PF-00395,2026-09-03 08:43:55,DIS-ORD-00395,SKU-00896,D-07-04-02,EMPTY_BIN,URGENT,DISRUPTION
DIS-PF-00818,2026-09-03 08:45:56,DIS-ORD-00818,SKU-01650,A-08-03-02,WRONG_LOCATION,URGENT,DISRUPTION
DIS-PF-00803,2026-09-03 08:46:38,DIS-ORD-00803,SKU-02000,E-07-03-01,EMPTY_BIN,URGENT,DISRUPTION
DIS-PF-00856,2026-09-03 08:47:32,DIS-ORD-00856,SKU-00463,B-07-03-01,EMPTY_BIN,URGENT,DISRUPTION
DIS-PF-01001,2026-09-03 08:49:04,DIS-ORD-01001,SKU-01036,E-08-02-02,NOT_FOUND,HIGH,DISRUPTION
DIS-PF-00202,2026-09-03 08:50:45,DIS-ORD-00202,SKU-00755,E-02-02-01,EMPTY_BIN,HIGH,DISRUPTION
DIS-PF-00060,2026-09-03 08:52:05,DIS-ORD-00060,SKU-00229,C-09-04-02,WRONG_LOCATION,URGENT,DISRUPTION
DIS-PF-00752,2026-09-03 08:53:33,DIS-ORD-00752,SKU-01823,B-01-03-01,NOT_FOUND,HIGH,DISRUPTION
DIS-PF-00075,2026-09-03 08:56:40,DIS-ORD-00075,SKU-01033,A-10-05-02,WRONG_LOCATION,URGENT,DISRUPTION
DIS-PF-00870,2026-09-03 08:56:46,DIS-ORD-00870,SKU-01540,C-08-01-01,EMPTY_BIN,URGENT,DISRUPTION
DIS-PF-00629,2026-09-03 08:57:31,DIS-ORD-00629,SKU-00219,F-09-04-02,NOT_FOUND,HIGH,DISRUPTION
DIS-PF-00528,2026-09-03 08:58:02,DIS-ORD-00528,SKU-01852,A-07-04-01,NOT_FOUND,HIGH,DISRUPTION
DIS-PF-00974,2026-09-03 08:59:28,DIS-ORD-00974,SKU-00471,F-09-03-01,NOT_FOUND,HIGH,DISRUPTION
DIS-PF-00702,2026-09-03 09:01:28,DIS-ORD-00702,SKU-00957,D-04-01-02,EMPTY_BIN,HIGH,DISRUPTION
DIS-PF-00339,2026-09-03 09:02:12,DIS-ORD-00339,SKU-01903,A-07-01-02,WRONG_LOCATION,URGENT,DISRUPTION
DIS-PF-00103,2026-09-03 09:03:14,DIS-ORD-00103,SKU-01081,A-10-04-01,WRONG_LOCATION,URGENT,DISRUPTION
DIS-PF-00829,2026-09-03 09:04:51,DIS-ORD-00829,SKU-00607,F-01-04-01,WRONG_LOCATION,URGENT,DISRUPTION
DIS-PF-01132,2026-09-03 09:05:03,DIS-ORD-01132,SKU-01519,D-08-01-01,EMPTY_BIN,HIGH,DISRUPTION
DIS-PF-00893,2026-09-03 09:05:49,DIS-ORD-00893,SKU-00852,E-08-04-02,NOT_FOUND,URGENT,DISRUPTION
DIS-PF-00677,2026-09-03 09:07:20,DIS-ORD-00677,SKU-00238,A-08-02-02,NOT_FOUND,HIGH,DISRUPTION
DIS-PF-01113,2026-09-03 09:08:18,DIS-ORD-01113,SKU-01425,C-03-05-01,EMPTY_BIN,URGENT,DISRUPTION
DIS-PF-00229,2026-09-03 09:09:08,DIS-ORD-00229,SKU-00332,B-05-02-02,EMPTY_BIN,HIGH,DISRUPTION
DIS-PF-00149,2026-09-03 09:11:51,DIS-ORD-00149,SKU-01575,E-05-04-02,NOT_FOUND,URGENT,DISRUPTION
DIS-PF-00323,2026-09-03 09:12:07,DIS-ORD-00323,SKU-00923,A-09-02-01,EMPTY_BIN,HIGH,DISRUPTION
DIS-PF-00068,2026-09-03 09:12:41,DIS-ORD-00068,SKU-01970,D-01-05-02,EMPTY_BIN,URGENT,DISRUPTION
DIS-PF-00500,2026-09-03 09:13:48,DIS-ORD-00500,SKU-01677,F-05-04-02,EMPTY_BIN,HIGH,DISRUPTION
DIS-PF-00269,2026-09-03 09:14:01,DIS-ORD-00269,SKU-01841,A-02-01-01,WRONG_LOCATION,URGENT,DISRUPTION
DIS-PF-00678,2026-09-03 09:14:02,DIS-ORD-00678,SKU-01319,B-05-04-02,EMPTY_BIN,HIGH,DISRUPTION
DIS-PF-00820,2026-09-03 09:16:01,DIS-ORD-00820,SKU-01897,D-01-03-02,WRONG_LOCATION,URGENT,DISRUPTION
DIS-PF-01167,2026-09-03 09:18:19,DIS-ORD-01167,SKU-01878,A-02-05-02,WRONG_LOCATION,URGENT,DISRUPTION
DIS-PF-00227,2026-09-03 09:18:40,DIS-ORD-00227,SKU-01491,E-04-05-01,WRONG_LOCATION,URGENT,DISRUPTION
DIS-PF-00964,2026-09-03 09:19:03,DIS-ORD-00964,SKU-00725,E-06-05-01,NOT_FOUND,HIGH,DISRUPTION
DIS-PF-00049,2026-09-03 09:19:07,DIS-ORD-00049,SKU-00209,D-05-03-02,EMPTY_BIN,URGENT,DISRUPTION
DIS-PF-00367,2026-09-03 09:19:09,DIS-ORD-00367,SKU-01540,C-08-01-01,WRONG_LOCATION,URGENT,DISRUPTION
DIS-PF-00187,2026-09-03 09:19:28,DIS-ORD-00187,SKU-01028,B-01-04-02,NOT_FOUND,URGENT,DISRUPTION
DIS-PF-00958,2026-09-03 09:19:28,DIS-ORD-00958,SKU-01970,D-01-05-02,WRONG_LOCATION,HIGH,DISRUPTION
DIS-PF-00775,2026-09-03 09:20:08,DIS-ORD-00775,SKU-00287,B-05-03-02,NOT_FOUND,URGENT,DISRUPTION
DIS-PF-00082,2026-09-03 09:22:19,DIS-ORD-00082,SKU-00232,C-05-05-01,EMPTY_BIN,URGENT,DISRUPTION
DIS-PF-00352,2026-09-03 09:23:51,DIS-ORD-00352,SKU-00538,E-05-03-01,EMPTY_BIN,HIGH,DISRUPTION
DIS-PF-00196,2026-09-03 09:24:11,DIS-ORD-00196,SKU-01823,B-01-03-01,EMPTY_BIN,HIGH,DISRUPTION
DIS-PF-01045,2026-09-03 09:25:25,DIS-ORD-01045,SKU-00287,B-05-03-02,EMPTY_BIN,URGENT,DISRUPTION
DIS-PF-00905,2026-09-03 09:26:54,DIS-ORD-00905,SKU-01823,B-01-03-01,NOT_FOUND,HIGH,DISRUPTION
DIS-PF-00605,2026-09-03 09:27:23,DIS-ORD-00605,SKU-00571,F-03-01-02,NOT_FOUND,URGENT,DISRUPTION
DIS-PF-01133,2026-09-03 09:28:34,DIS-ORD-01133,SKU-01575,E-05-04-02,EMPTY_BIN,HIGH,DISRUPTION
DIS-PF-00155,2026-09-03 09:28:53,DIS-ORD-00155,SKU-00751,B-07-04-01,WRONG_LOCATION,URGENT,DISRUPTION
DIS-PF-00043,2026-09-03 09:31:46,DIS-ORD-00043,SKU-01393,C-10-05-01,WRONG_LOCATION,URGENT,DISRUPTION
DIS-PF-01199,2026-09-03 09:33:46,DIS-ORD-01199,SKU-00760,C-02-04-02,NOT_FOUND,URGENT,DISRUPTION
DIS-PF-00855,2026-09-03 09:35:34,DIS-ORD-00855,SKU-00144,C-08-01-02,WRONG_LOCATION,URGENT,DISRUPTION
DIS-PF-00794,2026-09-03 09:36:11,DIS-ORD-00794,SKU-01171,C-07-05-01,WRONG_LOCATION,HIGH,DISRUPTION
DIS-PF-00857,2026-09-03 09:36:26,DIS-ORD-00857,SKU-00545,F-01-01-02,NOT_FOUND,HIGH,DISRUPTION
DIS-PF-00659,2026-09-03 09:36:52,DIS-ORD-00659,SKU-00186,E-10-03-01,NOT_FOUND,HIGH,DISRUPTION
DIS-PF-00523,2026-09-03 09:37:06,DIS-ORD-00523,SKU-00719,E-06-02-01,EMPTY_BIN,HIGH,DISRUPTION
DIS-PF-00313,2026-09-03 09:37:12,DIS-ORD-00313,SKU-01940,B-08-05-01,EMPTY_BIN,HIGH,DISRUPTION
DIS-PF-00213,2026-09-03 09:39:25,DIS-ORD-00213,SKU-01747,D-05-02-02,NOT_FOUND,URGENT,DISRUPTION
DIS-PF-00598,2026-09-03 09:40:03,DIS-ORD-00598,SKU-01481,E-09-05-02,NOT_FOUND,URGENT,DISRUPTION
DIS-PF-00116,2026-09-03 09:43:46,DIS-ORD-00116,SKU-01840,D-09-05-02,WRONG_LOCATION,HIGH,DISRUPTION
DIS-PF-00515,2026-09-03 09:44:09,DIS-ORD-00515,SKU-00186,E-10-03-01,WRONG_LOCATION,URGENT,DISRUPTION
DIS-PF-00023,2026-09-03 09:48:47,DIS-ORD-00023,SKU-00808,F-10-04-02,WRONG_LOCATION,HIGH,DISRUPTION
DIS-PF-00089,2026-09-03 09:49:06,DIS-ORD-00089,SKU-01052,A-10-04-02,EMPTY_BIN,HIGH,DISRUPTION
DIS-PF-00595,2026-09-03 09:49:53,DIS-ORD-00595,SKU-00147,E-02-01-02,EMPTY_BIN,URGENT,DISRUPTION
DIS-PF-00520,2026-09-03 09:50:25,DIS-ORD-00520,SKU-01515,F-09-03-02,EMPTY_BIN,URGENT,DISRUPTION
DIS-PF-00013,2026-09-03 09:51:11,DIS-ORD-00013,SKU-01072,B-05-03-02,NOT_FOUND,URGENT,DISRUPTION
DIS-PF-00579,2026-09-03 09:53:29,DIS-ORD-00579,SKU-01238,A-10-04-01,NOT_FOUND,URGENT,DISRUPTION
DIS-PF-00570,2026-09-03 09:56:03,DIS-ORD-00570,SKU-00672,C-01-04-01,EMPTY_BIN,HIGH,DISRUPTION
DIS-PF-00340,2026-09-03 09:56:18,DIS-ORD-00340,SKU-00432,C-04-03-02,WRONG_LOCATION,HIGH,DISRUPTION
DIS-PF-00298,2026-09-03 09:59:13,DIS-ORD-00298,SKU-00072,F-05-02-01,EMPTY_BIN,URGENT,DISRUPTION
DIS-PF-00025,2026-09-03 09:59:42,DIS-ORD-00025,SKU-00900,E-06-01-01,WRONG_LOCATION,URGENT,DISRUPTION
DIS-PF-00504,2026-09-03 10:00:18,DIS-ORD-00504,SKU-01192,F-07-05-02,NOT_FOUND,URGENT,DISRUPTION
DIS-PF-00011,2026-09-03 10:00:52,DIS-ORD-00011,SKU-01052,A-10-04-02,WRONG_LOCATION,HIGH,DISRUPTION
DIS-PF-00984,2026-09-03 10:01:04,DIS-ORD-00984,SKU-01864,B-03-04-01,NOT_FOUND,URGENT,DISRUPTION
DIS-PF-00884,2026-09-03 10:01:42,DIS-ORD-00884,SKU-01865,C-05-03-01,EMPTY_BIN,URGENT,DISRUPTION
DIS-PF-00768,2026-09-03 10:03:12,DIS-ORD-00768,SKU-01274,D-08-01-02,NOT_FOUND,HIGH,DISRUPTION
DIS-PF-00828,2026-09-03 10:03:32,DIS-ORD-00828,SKU-00679,C-03-01-01,EMPTY_BIN,URGENT,DISRUPTION
DIS-PF-01196,2026-09-03 10:03:53,DIS-ORD-01196,SKU-01270,D-04-01-01,NOT_FOUND,URGENT,DISRUPTION
DIS-PF-00670,2026-09-03 10:04:06,DIS-ORD-00670,SKU-01903,A-07-01-02,NOT_FOUND,URGENT,DISRUPTION
DIS-PF-00448,2026-09-03 10:05:04,DIS-ORD-00448,SKU-00998,B-10-03-01,NOT_FOUND,URGENT,DISRUPTION
DIS-PF-00225,2026-09-03 10:06:16,DIS-ORD-00225,SKU-00718,B-10-03-02,WRONG_LOCATION,HIGH,DISRUPTION
DIS-PF-00461,2026-09-03 10:08:41,DIS-ORD-00461,SKU-01534,E-07-01-01,NOT_FOUND,HIGH,DISRUPTION
DIS-PF-00564,2026-09-03 10:09:58,DIS-ORD-00564,SKU-00332,B-05-02-02,NOT_FOUND,URGENT,DISRUPTION
DIS-PF-00204,2026-09-03 10:11:47,DIS-ORD-00204,SKU-01540,C-08-01-01,EMPTY_BIN,HIGH,DISRUPTION
DIS-PF-00232,2026-09-03 10:12:01,DIS-ORD-00232,SKU-01897,D-01-03-02,WRONG_LOCATION,URGENT,DISRUPTION
DIS-PF-00569,2026-09-03 10:12:20,DIS-ORD-00569,SKU-00817,F-02-05-01,WRONG_LOCATION,HIGH,DISRUPTION
DIS-PF-00362,2026-09-03 10:13:22,DIS-ORD-00362,SKU-00822,F-04-01-01,WRONG_LOCATION,URGENT,DISRUPTION
DIS-PF-00079,2026-09-03 10:14:02,DIS-ORD-00079,SKU-00353,D-03-04-02,EMPTY_BIN,URGENT,DISRUPTION
DIS-PF-01091,2026-09-03 10:17:19,DIS-ORD-01091,SKU-01576,A-02-01-02,NOT_FOUND,URGENT,DISRUPTION
DIS-PF-00681,2026-09-03 10:21:32,DIS-ORD-00681,SKU-00101,B-02-03-02,NOT_FOUND,URGENT,DISRUPTION
DIS-PF-00283,2026-09-03 10:23:05,DIS-ORD-00283,SKU-01337,E-05-05-02,NOT_FOUND,URGENT,DISRUPTION
DIS-PF-00960,2026-09-03 10:24:41,DIS-ORD-00960,SKU-01510,A-09-03-02,EMPTY_BIN,URGENT,DISRUPTION
DIS-PF-00368,2026-09-03 10:25:37,DIS-ORD-00368,SKU-01081,A-10-04-01,WRONG_LOCATION,URGENT,DISRUPTION
DIS-PF-00495,2026-09-03 10:27:17,DIS-ORD-00495,SKU-00471,F-09-03-01,NOT_FOUND,URGENT,DISRUPTION
DIS-PF-00776,2026-09-03 10:27:58,DIS-ORD-00776,SKU-01894,C-06-03-02,WRONG_LOCATION,URGENT,DISRUPTION
DIS-PF-01063,2026-09-03 10:28:13,DIS-ORD-01063,SKU-01623,B-02-05-02,NOT_FOUND,URGENT,DISRUPTION
DIS-PF-00636,2026-09-03 10:29:06,DIS-ORD-00636,SKU-00463,B-07-03-01,WRONG_LOCATION,URGENT,DISRUPTION
DIS-PF-00164,2026-09-03 10:29:43,DIS-ORD-00164,SKU-00957,D-04-01-02,EMPTY_BIN,URGENT,DISRUPTION
DIS-PF-00609,2026-09-03 10:30:06,DIS-ORD-00609,SKU-00537,A-10-02-01,EMPTY_BIN,HIGH,DISRUPTION
DIS-PF-00030,2026-09-03 10:32:13,DIS-ORD-00030,SKU-01326,B-05-05-01,NOT_FOUND,HIGH,DISRUPTION
DIS-PF-01169,2026-09-03 10:32:18,DIS-ORD-01169,SKU-01897,D-01-03-02,NOT_FOUND,HIGH,DISRUPTION
DIS-PF-00259,2026-09-03 10:32:29,DIS-ORD-00259,SKU-01339,C-03-02-02,WRONG_LOCATION,URGENT,DISRUPTION
DIS-PF-00696,2026-09-03 10:34:13,DIS-ORD-00696,SKU-00160,B-03-02-01,EMPTY_BIN,URGENT,DISRUPTION
DIS-PF-00350,2026-09-03 10:34:28,DIS-ORD-00350,SKU-00379,E-05-02-01,WRONG_LOCATION,URGENT,DISRUPTION
DIS-PF-00997,2026-09-03 10:35:02,DIS-ORD-00997,SKU-00545,F-01-01-02,NOT_FOUND,HIGH,DISRUPTION
DIS-PF-00111,2026-09-03 10:36:01,DIS-ORD-00111,SKU-00769,A-02-04-01,WRONG_LOCATION,URGENT,DISRUPTION
DIS-PF-00445,2026-09-03 10:36:18,DIS-ORD-00445,SKU-00293,D-09-01-01,WRONG_LOCATION,URGENT,DISRUPTION
DIS-PF-00708,2026-09-03 10:37:12,DIS-ORD-00708,SKU-00124,E-03-02-01,WRONG_LOCATION,URGENT,DISRUPTION
DIS-PF-00977,2026-09-03 10:37:33,DIS-ORD-00977,SKU-01786,F-02-05-02,WRONG_LOCATION,URGENT,DISRUPTION
DIS-PF-00197,2026-09-03 10:37:52,DIS-ORD-00197,SKU-01906,A-02-04-01,NOT_FOUND,HIGH,DISRUPTION
DIS-PF-01184,2026-09-03 10:39:15,DIS-ORD-01184,SKU-00265,A-05-03-02,EMPTY_BIN,URGENT,DISRUPTION
DIS-PF-00084,2026-09-03 10:39:49,DIS-ORD-00084,SKU-01072,B-05-03-02,EMPTY_BIN,URGENT,DISRUPTION
DIS-PF-00661,2026-09-03 10:40:26,DIS-ORD-00661,SKU-01509,A-10-02-02,WRONG_LOCATION,URGENT,DISRUPTION
DIS-PF-00808,2026-09-03 10:43:32,DIS-ORD-00808,SKU-01006,B-04-01-02,EMPTY_BIN,HIGH,DISRUPTION
DIS-PF-00536,2026-09-03 10:44:53,DIS-ORD-00536,SKU-00751,B-07-04-01,NOT_FOUND,URGENT,DISRUPTION
DIS-PF-00481,2026-09-03 10:45:07,DIS-ORD-00481,SKU-00703,C-06-01-02,EMPTY_BIN,URGENT,DISRUPTION
DIS-PF-00212,2026-09-03 10:45:49,DIS-ORD-00212,SKU-01006,B-04-01-02,NOT_FOUND,HIGH,DISRUPTION
DIS-PF-00867,2026-09-03 10:45:51,DIS-ORD-00867,SKU-01981,F-06-03-02,WRONG_LOCATION,URGENT,DISRUPTION
DIS-PF-00244,2026-09-03 10:48:22,DIS-ORD-00244,SKU-00265,A-05-03-02,EMPTY_BIN,HIGH,DISRUPTION
DIS-PF-00957,2026-09-03 10:50:10,DIS-ORD-00957,SKU-00545,F-01-01-02,WRONG_LOCATION,HIGH,DISRUPTION
DIS-PF-00966,2026-09-03 10:50:41,DIS-ORD-00966,SKU-00071,D-03-05-02,EMPTY_BIN,URGENT,DISRUPTION
DIS-PF-01002,2026-09-03 10:51:30,DIS-ORD-01002,SKU-01903,A-07-01-02,NOT_FOUND,URGENT,DISRUPTION
DIS-PF-00565,2026-09-03 10:51:34,DIS-ORD-00565,SKU-00998,B-10-03-01,NOT_FOUND,URGENT,DISRUPTION
DIS-PF-00793,2026-09-03 10:52:35,DIS-ORD-00793,SKU-01319,B-05-04-02,NOT_FOUND,URGENT,DISRUPTION
DIS-PF-00627,2026-09-03 10:52:51,DIS-ORD-00627,SKU-01720,E-01-01-02,EMPTY_BIN,URGENT,DISRUPTION
DIS-PF-00287,2026-09-03 10:53:08,DIS-ORD-00287,SKU-00782,D-09-01-02,NOT_FOUND,URGENT,DISRUPTION
DIS-PF-00779,2026-09-03 10:53:23,DIS-ORD-00779,SKU-00219,F-09-04-02,EMPTY_BIN,URGENT,DISRUPTION
DIS-PF-00624,2026-09-03 10:54:07,DIS-ORD-00624,SKU-01623,B-02-05-02,EMPTY_BIN,URGENT,DISRUPTION
DIS-PF-00853,2026-09-03 10:54:13,DIS-ORD-00853,SKU-01028,B-01-04-02,EMPTY_BIN,HIGH,DISRUPTION
DIS-PF-00543,2026-09-03 10:54:27,DIS-ORD-00543,SKU-01846,F-02-04-02,WRONG_LOCATION,URGENT,DISRUPTION
DIS-PF-00180,2026-09-03 10:55:54,DIS-ORD-00180,SKU-01672,D-03-04-01,NOT_FOUND,URGENT,DISRUPTION
DIS-PF-01163,2026-09-03 10:58:27,DIS-ORD-01163,SKU-00219,F-09-04-02,EMPTY_BIN,URGENT,DISRUPTION
DIS-PF-00172,2026-09-03 10:58:30,DIS-ORD-00172,SKU-00297,F-04-05-02,NOT_FOUND,URGENT,DISRUPTION
DIS-PF-00374,2026-09-03 11:00:32,DIS-ORD-00374,SKU-01576,A-02-01-02,WRONG_LOCATION,URGENT,DISRUPTION
DIS-PF-00463,2026-09-03 11:00:43,DIS-ORD-00463,SKU-01509,A-10-02-02,EMPTY_BIN,URGENT,DISRUPTION
DIS-PF-01139,2026-09-03 11:00:54,DIS-ORD-01139,SKU-01518,E-07-01-02,EMPTY_BIN,HIGH,DISRUPTION
DIS-PF-00626,2026-09-03 11:01:19,DIS-ORD-00626,SKU-00187,F-07-02-02,NOT_FOUND,URGENT,DISRUPTION
DIS-PF-00821,2026-09-03 11:01:41,DIS-ORD-00821,SKU-00765,F-02-02-01,EMPTY_BIN,URGENT,DISRUPTION
DIS-PF-00680,2026-09-03 11:01:44,DIS-ORD-00680,SKU-01006,B-04-01-02,WRONG_LOCATION,URGENT,DISRUPTION
DIS-PF-00230,2026-09-03 11:03:10,DIS-ORD-00230,SKU-00149,B-03-03-01,NOT_FOUND,HIGH,DISRUPTION
DIS-PF-00667,2026-09-03 11:03:51,DIS-ORD-00667,SKU-01940,B-08-05-01,WRONG_LOCATION,URGENT,DISRUPTION
DIS-PF-00631,2026-09-03 11:04:53,DIS-ORD-00631,SKU-00071,D-03-05-02,WRONG_LOCATION,HIGH,DISRUPTION
DIS-PF-00389,2026-09-03 11:05:03,DIS-ORD-00389,SKU-00901,F-01-03-02,NOT_FOUND,URGENT,DISRUPTION
DIS-PF-01039,2026-09-03 11:07:21,DIS-ORD-01039,SKU-00580,E-06-02-01,EMPTY_BIN,URGENT,DISRUPTION
DIS-PF-00698,2026-09-03 11:07:46,DIS-ORD-00698,SKU-01846,F-02-04-02,WRONG_LOCATION,URGENT,DISRUPTION
DIS-PF-01013,2026-09-03 11:07:47,DIS-ORD-01013,SKU-01091,A-08-04-02,WRONG_LOCATION,URGENT,DISRUPTION
DIS-PF-00134,2026-09-03 11:07:50,DIS-ORD-00134,SKU-01724,F-07-01-01,EMPTY_BIN,URGENT,DISRUPTION
DIS-PF-00589,2026-09-03 11:09:13,DIS-ORD-00589,SKU-01518,E-07-01-02,EMPTY_BIN,HIGH,DISRUPTION
DIS-PF-00724,2026-09-03 11:10:14,DIS-ORD-00724,SKU-01810,E-04-04-02,NOT_FOUND,URGENT,DISRUPTION
DIS-PF-00617,2026-09-03 11:14:16,DIS-ORD-00617,SKU-00565,B-10-03-02,NOT_FOUND,HIGH,DISRUPTION
DIS-PF-00314,2026-09-03 11:14:25,DIS-ORD-00314,SKU-00321,C-02-04-02,EMPTY_BIN,URGENT,DISRUPTION
DIS-PF-00533,2026-09-03 11:17:07,DIS-ORD-00533,SKU-00232,C-05-05-01,NOT_FOUND,HIGH,DISRUPTION
DIS-PF-00033,2026-09-03 11:18:02,DIS-ORD-00033,SKU-01326,B-05-05-01,EMPTY_BIN,URGENT,DISRUPTION
DIS-PF-00051,2026-09-03 11:18:03,DIS-ORD-00051,SKU-01085,C-03-02-02,WRONG_LOCATION,URGENT,DISRUPTION
DIS-PF-00485,2026-09-03 11:19:55,DIS-ORD-00485,SKU-00746,A-02-02-01,NOT_FOUND,HIGH,DISRUPTION
DIS-PF-00991,2026-09-03 11:21:02,DIS-ORD-00991,SKU-01903,A-07-01-02,WRONG_LOCATION,HIGH,DISRUPTION
DIS-PF-01043,2026-09-03 11:22:12,DIS-ORD-01043,SKU-01927,E-02-05-01,EMPTY_BIN,URGENT,DISRUPTION
DIS-PF-01189,2026-09-03 11:24:21,DIS-ORD-01189,SKU-01319,B-05-04-02,EMPTY_BIN,URGENT,DISRUPTION
DIS-PF-00882,2026-09-03 11:24:29,DIS-ORD-00882,SKU-00356,E-03-03-02,WRONG_LOCATION,URGENT,DISRUPTION
DIS-PF-01155,2026-09-03 11:24:42,DIS-ORD-01155,SKU-01072,B-05-03-02,NOT_FOUND,HIGH,DISRUPTION
DIS-PF-00247,2026-09-03 11:27:04,DIS-ORD-00247,SKU-00900,E-06-01-01,NOT_FOUND,URGENT,DISRUPTION
DIS-PF-00876,2026-09-03 11:28:22,DIS-ORD-00876,SKU-00852,E-08-04-02,NOT_FOUND,HIGH,DISRUPTION
DIS-PF-00378,2026-09-03 11:28:50,DIS-ORD-00378,SKU-00064,C-01-03-01,NOT_FOUND,URGENT,DISRUPTION
DIS-PF-00414,2026-09-03 11:29:36,DIS-ORD-00414,SKU-01838,D-02-01-01,NOT_FOUND,HIGH,DISRUPTION
DIS-PF-00637,2026-09-03 11:30:08,DIS-ORD-00637,SKU-01319,B-05-04-02,NOT_FOUND,HIGH,DISRUPTION
DIS-PF-00118,2026-09-03 11:33:52,DIS-ORD-00118,SKU-00667,F-10-05-02,WRONG_LOCATION,HIGH,DISRUPTION
DIS-PF-00766,2026-09-03 11:39:21,DIS-ORD-00766,SKU-00510,D-02-01-01,NOT_FOUND,HIGH,DISRUPTION
DIS-PF-01076,2026-09-03 11:42:10,DIS-ORD-01076,SKU-00656,C-08-05-02,NOT_FOUND,URGENT,DISRUPTION
DIS-PF-00300,2026-09-03 11:42:51,DIS-ORD-00300,SKU-00896,D-07-04-02,EMPTY_BIN,HIGH,DISRUPTION
DIS-PF-01059,2026-09-03 11:44:57,DIS-ORD-01059,SKU-00565,B-10-03-02,EMPTY_BIN,HIGH,DISRUPTION
DIS-PF-00549,2026-09-03 11:49:05,DIS-ORD-00549,SKU-01906,A-02-04-01,NOT_FOUND,URGENT,DISRUPTION
DIS-PF-00062,2026-09-03 11:49:07,DIS-ORD-00062,SKU-00571,F-03-01-02,WRONG_LOCATION,HIGH,DISRUPTION
DIS-PF-00817,2026-09-03 11:52:24,DIS-ORD-00817,SKU-00219,F-09-04-02,WRONG_LOCATION,URGENT,DISRUPTION
DIS-PF-00346,2026-09-03 11:53:12,DIS-ORD-00346,SKU-01747,D-05-02-02,NOT_FOUND,URGENT,DISRUPTION
DIS-PF-00184,2026-09-03 11:54:48,DIS-ORD-00184,SKU-00679,C-03-01-01,EMPTY_BIN,HIGH,DISRUPTION
DIS-PF-00257,2026-09-03 11:54:49,DIS-ORD-00257,SKU-01534,E-07-01-01,WRONG_LOCATION,HIGH,DISRUPTION
DIS-PF-00039,2026-09-03 11:55:09,DIS-ORD-00039,SKU-01270,D-04-01-01,EMPTY_BIN,URGENT,DISRUPTION
DIS-PF-00844,2026-09-03 11:55:42,DIS-ORD-00844,SKU-01491,E-04-05-01,EMPTY_BIN,URGENT,DISRUPTION
DIS-PF-00425,2026-09-03 11:56:05,DIS-ORD-00425,SKU-00679,C-03-01-01,EMPTY_BIN,URGENT,DISRUPTION
DIS-PF-01191,2026-09-03 11:56:11,DIS-ORD-01191,SKU-01519,D-08-01-01,EMPTY_BIN,HIGH,DISRUPTION
DIS-PF-00055,2026-09-03 11:57:13,DIS-ORD-00055,SKU-01443,F-09-03-02,WRONG_LOCATION,URGENT,DISRUPTION
DIS-PF-00250,2026-09-03 11:59:01,DIS-ORD-00250,SKU-00942,B-05-05-01,WRONG_LOCATION,URGENT,DISRUPTION
DIS-PF-00219,2026-09-03 12:02:58,DIS-ORD-00219,SKU-00545,F-01-01-02,WRONG_LOCATION,HIGH,DISRUPTION
DIS-PF-00449,2026-09-03 12:03:15,DIS-ORD-00449,SKU-01157,D-01-05-02,NOT_FOUND,URGENT,DISRUPTION
DIS-PF-00783,2026-09-03 12:04:07,DIS-ORD-00783,SKU-01036,E-08-02-02,WRONG_LOCATION,HIGH,DISRUPTION
DIS-PF-00470,2026-09-03 12:05:54,DIS-ORD-00470,SKU-01747,D-05-02-02,WRONG_LOCATION,URGENT,DISRUPTION
DIS-PF-00809,2026-09-03 12:06:57,DIS-ORD-00809,SKU-00957,D-04-01-02,EMPTY_BIN,HIGH,DISRUPTION
DIS-PF-01124,2026-09-03 12:08:26,DIS-ORD-01124,SKU-01546,A-06-03-02,EMPTY_BIN,URGENT,DISRUPTION
DIS-PF-00270,2026-09-03 12:09:00,DIS-ORD-00270,SKU-01036,E-08-02-02,EMPTY_BIN,URGENT,DISRUPTION
DIS-PF-00266,2026-09-03 12:12:49,DIS-ORD-00266,SKU-00953,C-03-03-01,EMPTY_BIN,URGENT,DISRUPTION
DIS-PF-00770,2026-09-03 12:12:56,DIS-ORD-00770,SKU-00186,E-10-03-01,EMPTY_BIN,HIGH,DISRUPTION
DIS-PF-00502,2026-09-03 12:14:23,DIS-ORD-00502,SKU-00886,E-01-01-01,EMPTY_BIN,URGENT,DISRUPTION
DIS-PF-00684,2026-09-03 12:14:33,DIS-ORD-00684,SKU-01527,C-05-04-01,NOT_FOUND,HIGH,DISRUPTION
DIS-PF-00918,2026-09-03 12:15:48,DIS-ORD-00918,SKU-00673,B-09-01-02,EMPTY_BIN,HIGH,DISRUPTION
DIS-PF-00380,2026-09-03 12:17:31,DIS-ORD-00380,SKU-00580,E-06-02-01,WRONG_LOCATION,URGENT,DISRUPTION
DIS-PF-01162,2026-09-03 12:18:10,DIS-ORD-01162,SKU-01894,C-06-03-02,WRONG_LOCATION,URGENT,DISRUPTION
DIS-PF-00707,2026-09-03 12:19:07,DIS-ORD-00707,SKU-00965,B-05-03-01,NOT_FOUND,URGENT,DISRUPTION
DIS-PF-00488,2026-09-03 12:19:55,DIS-ORD-00488,SKU-00538,E-05-03-01,WRONG_LOCATION,HIGH,DISRUPTION
DIS-PF-01007,2026-09-03 12:21:35,DIS-ORD-01007,SKU-01709,A-06-03-02,EMPTY_BIN,URGENT,DISRUPTION
DIS-PF-01027,2026-09-03 12:21:48,DIS-ORD-01027,SKU-00399,D-08-03-01,EMPTY_BIN,HIGH,DISRUPTION
DIS-PF-00284,2026-09-03 12:21:59,DIS-ORD-00284,SKU-01469,B-06-05-02,NOT_FOUND,URGENT,DISRUPTION
DIS-PF-00140,2026-09-03 12:22:34,DIS-ORD-00140,SKU-00647,D-05-03-02,WRONG_LOCATION,URGENT,DISRUPTION
DIS-PF-00810,2026-09-03 12:22:42,DIS-ORD-00810,SKU-00226,F-05-02-02,NOT_FOUND,HIGH,DISRUPTION
DIS-PF-00474,2026-09-03 12:23:26,DIS-ORD-00474,SKU-01393,C-10-05-01,NOT_FOUND,URGENT,DISRUPTION
DIS-PF-00873,2026-09-03 12:23:47,DIS-ORD-00873,SKU-01091,A-08-04-02,WRONG_LOCATION,HIGH,DISRUPTION
DIS-PF-00538,2026-09-03 12:24:36,DIS-ORD-00538,SKU-00667,F-10-05-02,EMPTY_BIN,HIGH,DISRUPTION
DIS-PF-00907,2026-09-03 12:24:40,DIS-ORD-00907,SKU-01747,D-05-02-02,NOT_FOUND,HIGH,DISRUPTION
DIS-PF-00147,2026-09-03 12:26:07,DIS-ORD-00147,SKU-01015,F-04-05-01,WRONG_LOCATION,URGENT,DISRUPTION
DIS-PF-01011,2026-09-03 12:27:08,DIS-ORD-01011,SKU-01590,F-10-02-02,NOT_FOUND,URGENT,DISRUPTION
DIS-PF-00635,2026-09-03 12:27:10,DIS-ORD-00635,SKU-01865,C-05-03-01,NOT_FOUND,URGENT,DISRUPTION
DIS-PF-00925,2026-09-03 12:30:34,DIS-ORD-00925,SKU-00577,E-05-02-02,NOT_FOUND,HIGH,DISRUPTION
DIS-PF-00932,2026-09-03 12:31:40,DIS-ORD-00932,SKU-01709,A-06-03-02,NOT_FOUND,HIGH,DISRUPTION
DIS-PF-00781,2026-09-03 12:31:53,DIS-ORD-00781,SKU-01963,B-03-03-02,WRONG_LOCATION,HIGH,DISRUPTION
DIS-PF-00975,2026-09-03 12:33:38,DIS-ORD-00975,SKU-01862,B-05-04-02,WRONG_LOCATION,URGENT,DISRUPTION
DIS-PF-00721,2026-09-03 12:34:28,DIS-ORD-00721,SKU-01534,E-07-01-01,EMPTY_BIN,URGENT,DISRUPTION
DIS-PF-00446,2026-09-03 12:39:15,DIS-ORD-00446,SKU-01260,A-06-01-02,WRONG_LOCATION,HIGH,DISRUPTION
DIS-PF-00712,2026-09-03 12:41:42,DIS-ORD-00712,SKU-01539,F-03-03-02,EMPTY_BIN,URGENT,DISRUPTION
DIS-PF-00182,2026-09-03 12:44:23,DIS-ORD-00182,SKU-00999,E-04-03-01,NOT_FOUND,URGENT,DISRUPTION
DIS-PF-00221,2026-09-03 12:44:46,DIS-ORD-00221,SKU-00718,B-10-03-02,WRONG_LOCATION,URGENT,DISRUPTION
DIS-PF-00308,2026-09-03 12:46:43,DIS-ORD-00308,SKU-01393,C-10-05-01,EMPTY_BIN,HIGH,DISRUPTION
DIS-PF-00322,2026-09-03 12:46:54,DIS-ORD-00322,SKU-01044,E-06-01-02,NOT_FOUND,URGENT,DISRUPTION
DIS-PF-01092,2026-09-03 12:52:14,DIS-ORD-01092,SKU-00706,B-05-04-01,EMPTY_BIN,URGENT,DISRUPTION
DIS-PF-01160,2026-09-03 12:52:51,DIS-ORD-01160,SKU-01572,C-10-03-01,WRONG_LOCATION,HIGH,DISRUPTION
DIS-PF-01150,2026-09-03 12:53:34,DIS-ORD-01150,SKU-00533,E-03-01-02,EMPTY_BIN,URGENT,DISRUPTION
DIS-PF-00550,2026-09-03 12:55:37,DIS-ORD-00550,SKU-00250,B-04-05-02,WRONG_LOCATION,URGENT,DISRUPTION
DIS-PF-00239,2026-09-03 12:59:43,DIS-ORD-00239,SKU-01188,A-06-01-02,NOT_FOUND,URGENT,DISRUPTION
DIS-PF-01165,2026-09-03 13:00:51,DIS-ORD-01165,SKU-00368,D-07-03-01,WRONG_LOCATION,URGENT,DISRUPTION
DIS-PF-01042,2026-09-03 13:01:50,DIS-ORD-01042,SKU-00647,D-05-03-02,NOT_FOUND,URGENT,DISRUPTION
DIS-PF-00751,2026-09-03 13:06:31,DIS-ORD-00751,SKU-00382,A-06-02-01,EMPTY_BIN,HIGH,DISRUPTION
DIS-PF-00934,2026-09-03 13:09:15,DIS-ORD-00934,SKU-01302,A-06-04-02,EMPTY_BIN,URGENT,DISRUPTION
DIS-PF-01021,2026-09-03 13:09:57,DIS-ORD-01021,SKU-00357,C-05-01-02,NOT_FOUND,HIGH,DISRUPTION
DIS-PF-00478,2026-09-03 13:10:06,DIS-ORD-00478,SKU-00563,E-01-02-01,EMPTY_BIN,URGENT,DISRUPTION
DIS-PF-00178,2026-09-03 13:10:07,DIS-ORD-00178,SKU-00027,B-05-04-01,WRONG_LOCATION,URGENT,DISRUPTION
DIS-PF-00431,2026-09-03 13:10:29,DIS-ORD-00431,SKU-01534,E-07-01-01,NOT_FOUND,URGENT,DISRUPTION
DIS-PF-00098,2026-09-03 13:11:11,DIS-ORD-00098,SKU-00226,F-05-02-02,EMPTY_BIN,URGENT,DISRUPTION
DIS-PF-00358,2026-09-03 13:11:50,DIS-ORD-00358,SKU-00537,A-10-02-01,NOT_FOUND,URGENT,DISRUPTION
DIS-PF-00405,2026-09-03 13:15:29,DIS-ORD-00405,SKU-01192,F-07-05-02,WRONG_LOCATION,URGENT,DISRUPTION
DIS-PF-01089,2026-09-03 13:16:00,DIS-ORD-01089,SKU-00148,A-03-04-01,EMPTY_BIN,URGENT,DISRUPTION
DIS-PF-00675,2026-09-03 13:17:58,DIS-ORD-00675,SKU-00170,F-04-05-01,NOT_FOUND,URGENT,DISRUPTION
DIS-PF-00324,2026-09-03 13:18:19,DIS-ORD-00324,SKU-00565,B-10-03-02,EMPTY_BIN,HIGH,DISRUPTION
DIS-PF-00695,2026-09-03 13:19:18,DIS-ORD-00695,SKU-01261,A-01-03-02,EMPTY_BIN,URGENT,DISRUPTION
DIS-PF-00945,2026-09-03 13:19:39,DIS-ORD-00945,SKU-00735,D-10-03-02,EMPTY_BIN,HIGH,DISRUPTION
DIS-PF-01073,2026-09-03 13:21:15,DIS-ORD-01073,SKU-01894,C-06-03-02,EMPTY_BIN,URGENT,DISRUPTION
DIS-PF-00421,2026-09-03 13:24:18,DIS-ORD-00421,SKU-01650,A-08-03-02,EMPTY_BIN,URGENT,DISRUPTION
DIS-PF-00805,2026-09-03 13:24:40,DIS-ORD-00805,SKU-01887,A-09-02-01,EMPTY_BIN,URGENT,DISRUPTION
DIS-PF-00375,2026-09-03 13:25:53,DIS-ORD-00375,SKU-00555,F-04-05-02,NOT_FOUND,HIGH,DISRUPTION
DIS-PF-00847,2026-09-03 13:27:05,DIS-ORD-00847,SKU-01672,D-03-04-01,NOT_FOUND,URGENT,DISRUPTION
DIS-PF-01015,2026-09-03 13:28:59,DIS-ORD-01015,SKU-00712,E-10-03-01,WRONG_LOCATION,HIGH,DISRUPTION
DIS-PF-00709,2026-09-03 13:29:59,DIS-ORD-00709,SKU-01677,F-05-04-02,NOT_FOUND,URGENT,DISRUPTION
DIS-PF-01048,2026-09-03 13:30:04,DIS-ORD-01048,SKU-01052,A-10-04-02,NOT_FOUND,HIGH,DISRUPTION
DIS-PF-01182,2026-09-03 13:30:59,DIS-ORD-01182,SKU-00407,F-07-05-01,WRONG_LOCATION,URGENT,DISRUPTION
DIS-PF-01060,2026-09-03 13:31:19,DIS-ORD-01060,SKU-00232,C-05-05-01,WRONG_LOCATION,URGENT,DISRUPTION
DIS-PF-00024,2026-09-03 13:32:06,DIS-ORD-00024,SKU-00407,F-07-05-01,NOT_FOUND,HIGH,DISRUPTION
DIS-PF-00613,2026-09-03 13:33:22,DIS-ORD-00613,SKU-01234,A-05-03-01,NOT_FOUND,URGENT,DISRUPTION
DIS-PF-00148,2026-09-03 13:33:41,DIS-ORD-00148,SKU-00673,B-09-01-02,WRONG_LOCATION,URGENT,DISRUPTION
DIS-PF-00356,2026-09-03 13:33:58,DIS-ORD-00356,SKU-00186,E-10-03-01,EMPTY_BIN,HIGH,DISRUPTION
DIS-PF-00754,2026-09-03 13:35:40,DIS-ORD-00754,SKU-01534,E-07-01-01,WRONG_LOCATION,HIGH,DISRUPTION
DIS-PF-00691,2026-09-03 13:36:35,DIS-ORD-00691,SKU-00124,E-03-02-01,EMPTY_BIN,HIGH,DISRUPTION
DIS-PF-00851,2026-09-03 13:37:30,DIS-ORD-00851,SKU-00964,B-08-02-02,WRONG_LOCATION,URGENT,DISRUPTION
DIS-PF-01117,2026-09-03 13:38:53,DIS-ORD-01117,SKU-00580,E-06-02-01,WRONG_LOCATION,URGENT,DISRUPTION
DIS-PF-00169,2026-09-03 13:39:53,DIS-ORD-00169,SKU-00577,E-05-02-02,EMPTY_BIN,URGENT,DISRUPTION
DIS-PF-00513,2026-09-03 13:40:17,DIS-ORD-00513,SKU-01709,A-06-03-02,NOT_FOUND,URGENT,DISRUPTION
DIS-PF-00430,2026-09-03 13:40:32,DIS-ORD-00430,SKU-00901,F-01-03-02,WRONG_LOCATION,HIGH,DISRUPTION
DIS-PF-00648,2026-09-03 13:41:58,DIS-ORD-00648,SKU-00538,E-05-03-01,EMPTY_BIN,URGENT,DISRUPTION
DIS-PF-00056,2026-09-03 13:42:10,DIS-ORD-00056,SKU-00238,A-08-02-02,NOT_FOUND,HIGH,DISRUPTION
DIS-PF-01084,2026-09-03 13:42:17,DIS-ORD-01084,SKU-00149,B-03-03-01,EMPTY_BIN,URGENT,DISRUPTION
DIS-PF-01180,2026-09-03 13:43:40,DIS-ORD-01180,SKU-00679,C-03-01-01,EMPTY_BIN,HIGH,DISRUPTION
DIS-PF-00121,2026-09-03 13:43:49,DIS-ORD-00121,SKU-00811,F-07-03-02,EMPTY_BIN,URGENT,DISRUPTION
DIS-PF-00484,2026-09-03 13:45:26,DIS-ORD-00484,SKU-00918,D-09-04-02,WRONG_LOCATION,URGENT,DISRUPTION
DIS-PF-00109,2026-09-03 13:46:54,DIS-ORD-00109,SKU-00265,A-05-03-02,WRONG_LOCATION,URGENT,DISRUPTION
DIS-PF-00432,2026-09-03 13:47:02,DIS-ORD-00432,SKU-00390,F-03-04-01,WRONG_LOCATION,URGENT,DISRUPTION
DIS-PF-00738,2026-09-03 13:47:06,DIS-ORD-00738,SKU-01973,D-09-02-01,WRONG_LOCATION,URGENT,DISRUPTION
DIS-PF-00393,2026-09-03 13:48:26,DIS-ORD-00393,SKU-00232,C-05-05-01,WRONG_LOCATION,URGENT,DISRUPTION
DIS-PF-00465,2026-09-03 13:50:05,DIS-ORD-00465,SKU-01253,F-05-05-01,NOT_FOUND,URGENT,DISRUPTION
DIS-PF-01019,2026-09-03 13:51:00,DIS-ORD-01019,SKU-00197,D-10-04-01,WRONG_LOCATION,URGENT,DISRUPTION
DIS-PF-00836,2026-09-03 13:51:29,DIS-ORD-00836,SKU-00293,D-09-01-01,EMPTY_BIN,URGENT,DISRUPTION
DIS-PF-00869,2026-09-03 13:51:36,DIS-ORD-00869,SKU-01441,D-06-04-02,NOT_FOUND,URGENT,DISRUPTION
DIS-PF-00995,2026-09-03 13:56:29,DIS-ORD-00995,SKU-01897,D-01-03-02,EMPTY_BIN,URGENT,DISRUPTION
DIS-PF-00501,2026-09-03 13:56:43,DIS-ORD-00501,SKU-01575,E-05-04-02,EMPTY_BIN,HIGH,DISRUPTION
DIS-PF-00833,2026-09-03 13:56:58,DIS-ORD-00833,SKU-00186,E-10-03-01,NOT_FOUND,URGENT,DISRUPTION
DIS-PF-00351,2026-09-03 13:57:22,DIS-ORD-00351,SKU-01513,F-05-03-02,EMPTY_BIN,URGENT,DISRUPTION
DIS-PF-00981,2026-09-03 13:58:55,DIS-ORD-00981,SKU-01527,C-05-04-01,EMPTY_BIN,HIGH,DISRUPTION
DIS-PF-00396,2026-09-03 14:01:19,DIS-ORD-00396,SKU-00287,B-05-03-02,EMPTY_BIN,URGENT,DISRUPTION
DIS-PF-01118,2026-09-03 14:01:41,DIS-ORD-01118,SKU-00517,F-08-01-02,EMPTY_BIN,URGENT,DISRUPTION
DIS-PF-01038,2026-09-03 14:01:47,DIS-ORD-01038,SKU-00533,E-03-01-02,EMPTY_BIN,URGENT,DISRUPTION
DIS-PF-00547,2026-09-03 14:02:08,DIS-ORD-00547,SKU-00667,F-10-05-02,WRONG_LOCATION,URGENT,DISRUPTION
DIS-PF-00703,2026-09-03 14:03:58,DIS-ORD-00703,SKU-00219,F-09-04-02,NOT_FOUND,HIGH,DISRUPTION
DIS-PF-00827,2026-09-03 14:04:09,DIS-ORD-00827,SKU-01963,B-03-03-02,NOT_FOUND,URGENT,DISRUPTION
DIS-PF-00731,2026-09-03 14:04:25,DIS-ORD-00731,SKU-01720,E-01-01-02,EMPTY_BIN,HIGH,DISRUPTION
DIS-PF-01123,2026-09-03 14:04:58,DIS-ORD-01123,SKU-00673,B-09-01-02,WRONG_LOCATION,URGENT,DISRUPTION
DIS-PF-01194,2026-09-03 14:05:56,DIS-ORD-01194,SKU-01443,F-09-03-02,WRONG_LOCATION,URGENT,DISRUPTION
DIS-PF-00379,2026-09-03 14:07:01,DIS-ORD-00379,SKU-01443,F-09-03-02,EMPTY_BIN,URGENT,DISRUPTION
DIS-PF-00069,2026-09-03 14:07:08,DIS-ORD-00069,SKU-01786,F-02-05-02,NOT_FOUND,HIGH,DISRUPTION
DIS-PF-01172,2026-09-03 14:07:33,DIS-ORD-01172,SKU-00127,A-07-04-02,NOT_FOUND,URGENT,DISRUPTION
DIS-PF-00113,2026-09-03 14:09:15,DIS-ORD-00113,SKU-01601,B-10-04-01,WRONG_LOCATION,URGENT,DISRUPTION
DIS-PF-00697,2026-09-03 14:10:21,DIS-ORD-00697,SKU-01846,F-02-04-02,NOT_FOUND,URGENT,DISRUPTION
DIS-PF-00014,2026-09-03 14:12:17,DIS-ORD-00014,SKU-00822,F-04-01-01,NOT_FOUND,URGENT,DISRUPTION
DIS-PF-00004,2026-09-03 14:12:49,DIS-ORD-00004,SKU-01864,B-03-04-01,EMPTY_BIN,URGENT,DISRUPTION
DIS-PF-00555,2026-09-03 14:13:36,DIS-ORD-00555,SKU-00529,C-04-01-02,WRONG_LOCATION,HIGH,DISRUPTION
DIS-PF-00773,2026-09-03 14:14:01,DIS-ORD-00773,SKU-01527,C-05-04-01,NOT_FOUND,URGENT,DISRUPTION
DIS-PF-00994,2026-09-03 14:14:19,DIS-ORD-00994,SKU-01411,E-07-04-01,NOT_FOUND,URGENT,DISRUPTION
DIS-PF-00070,2026-09-03 14:14:52,DIS-ORD-00070,SKU-00072,F-05-02-01,NOT_FOUND,URGENT,DISRUPTION
DIS-PF-00588,2026-09-03 14:15:27,DIS-ORD-00588,SKU-00390,F-03-04-01,NOT_FOUND,HIGH,DISRUPTION
DIS-PF-00694,2026-09-03 14:18:15,DIS-ORD-00694,SKU-00197,D-10-04-01,NOT_FOUND,URGENT,DISRUPTION
DIS-PF-00496,2026-09-03 14:19:54,DIS-ORD-00496,SKU-00377,F-07-05-02,NOT_FOUND,URGENT,DISRUPTION
DIS-PF-00998,2026-09-03 14:21:25,DIS-ORD-00998,SKU-00357,C-05-01-02,EMPTY_BIN,HIGH,DISRUPTION
DIS-PF-00539,2026-09-03 14:21:49,DIS-ORD-00539,SKU-01786,F-02-05-02,WRONG_LOCATION,URGENT,DISRUPTION
DIS-PF-00868,2026-09-03 14:22:01,DIS-ORD-00868,SKU-00942,B-05-05-01,NOT_FOUND,URGENT,DISRUPTION
DIS-PF-00582,2026-09-03 14:22:59,DIS-ORD-00582,SKU-00232,C-05-05-01,NOT_FOUND,URGENT,DISRUPTION
DIS-PF-00807,2026-09-03 14:24:41,DIS-ORD-00807,SKU-00563,E-01-02-01,NOT_FOUND,URGENT,DISRUPTION
DIS-PF-01103,2026-09-03 14:27:38,DIS-ORD-01103,SKU-00751,B-07-04-01,NOT_FOUND,HIGH,DISRUPTION
DIS-PF-00942,2026-09-03 14:30:53,DIS-ORD-00942,SKU-00432,C-04-03-02,NOT_FOUND,HIGH,DISRUPTION
DIS-PF-00332,2026-09-03 14:32:50,DIS-ORD-00332,SKU-01270,D-04-01-01,WRONG_LOCATION,URGENT,DISRUPTION
DIS-PF-00329,2026-09-03 14:32:57,DIS-ORD-00329,SKU-00471,F-09-03-01,NOT_FOUND,URGENT,DISRUPTION
DIS-PF-00402,2026-09-03 14:33:20,DIS-ORD-00402,SKU-00197,D-10-04-01,WRONG_LOCATION,HIGH,DISRUPTION
DIS-PF-00413,2026-09-03 14:35:49,DIS-ORD-00413,SKU-00672,C-01-04-01,NOT_FOUND,URGENT,DISRUPTION
DIS-PF-01040,2026-09-03 14:35:52,DIS-ORD-01040,SKU-00654,B-01-01-02,EMPTY_BIN,HIGH,DISRUPTION
DIS-PF-00162,2026-09-03 14:37:52,DIS-ORD-00162,SKU-00723,E-02-03-02,WRONG_LOCATION,URGENT,DISRUPTION
DIS-PF-00273,2026-09-03 14:38:54,DIS-ORD-00273,SKU-00158,D-01-03-02,EMPTY_BIN,HIGH,DISRUPTION
DIS-PF-00226,2026-09-03 14:39:49,DIS-ORD-00226,SKU-01171,C-07-05-01,NOT_FOUND,URGENT,DISRUPTION
DIS-PF-00923,2026-09-03 14:42:17,DIS-ORD-00923,SKU-01673,F-03-01-01,WRONG_LOCATION,URGENT,DISRUPTION
DIS-PF-00161,2026-09-03 14:42:28,DIS-ORD-00161,SKU-00563,E-01-02-01,NOT_FOUND,URGENT,DISRUPTION
DIS-PF-00256,2026-09-03 14:43:27,DIS-ORD-00256,SKU-00072,F-05-02-01,NOT_FOUND,URGENT,DISRUPTION
DIS-PF-00532,2026-09-03 14:47:02,DIS-ORD-00532,SKU-00510,D-02-01-01,WRONG_LOCATION,URGENT,DISRUPTION
DIS-PF-00274,2026-09-03 14:50:35,DIS-ORD-00274,SKU-01393,C-10-05-01,NOT_FOUND,HIGH,DISRUPTION
DIS-PF-00302,2026-09-03 14:50:56,DIS-ORD-00302,SKU-01015,F-04-05-01,NOT_FOUND,HIGH,DISRUPTION
DIS-PF-00492,2026-09-03 14:51:07,DIS-ORD-00492,SKU-01519,D-08-01-01,EMPTY_BIN,URGENT,DISRUPTION
DIS-PF-00616,2026-09-03 14:51:16,DIS-ORD-00616,SKU-01590,F-10-02-02,NOT_FOUND,URGENT,DISRUPTION
DIS-PF-01017,2026-09-03 14:53:12,DIS-ORD-01017,SKU-00537,A-10-02-01,NOT_FOUND,HIGH,DISRUPTION
DIS-PF-00108,2026-09-03 14:53:12,DIS-ORD-00108,SKU-01028,B-01-04-02,NOT_FOUND,HIGH,DISRUPTION
DIS-PF-00493,2026-09-03 14:54:59,DIS-ORD-00493,SKU-01513,F-05-03-02,WRONG_LOCATION,HIGH,DISRUPTION
DIS-PF-00503,2026-09-03 14:56:04,DIS-ORD-00503,SKU-00654,B-01-01-02,WRONG_LOCATION,HIGH,DISRUPTION
DIS-PF-00782,2026-09-03 14:56:11,DIS-ORD-00782,SKU-00316,A-07-03-02,WRONG_LOCATION,URGENT,DISRUPTION
DIS-PF-00796,2026-09-03 15:00:10,DIS-ORD-00796,SKU-01657,A-01-05-01,EMPTY_BIN,URGENT,DISRUPTION
DIS-PF-00848,2026-09-03 15:00:49,DIS-ORD-00848,SKU-01112,B-07-03-01,EMPTY_BIN,URGENT,DISRUPTION
DIS-PF-00371,2026-09-03 15:00:54,DIS-ORD-00371,SKU-01171,C-07-05-01,EMPTY_BIN,URGENT,DISRUPTION
DIS-PF-00311,2026-09-03 15:03:17,DIS-ORD-00311,SKU-00565,B-10-03-02,NOT_FOUND,URGENT,DISRUPTION
DIS-PF-00223,2026-09-03 15:03:18,DIS-ORD-00223,SKU-01337,E-05-05-02,NOT_FOUND,HIGH,DISRUPTION
DIS-PF-00012,2026-09-03 15:05:23,DIS-ORD-00012,SKU-02000,E-07-03-01,NOT_FOUND,URGENT,DISRUPTION
DIS-PF-00525,2026-09-03 15:07:38,DIS-ORD-00525,SKU-00321,C-02-04-02,EMPTY_BIN,HIGH,DISRUPTION
DIS-PF-00819,2026-09-03 15:07:48,DIS-ORD-00819,SKU-00719,E-06-02-01,NOT_FOUND,URGENT,DISRUPTION
DIS-PF-00097,2026-09-03 15:08:08,DIS-ORD-00097,SKU-01572,C-10-03-01,WRONG_LOCATION,HIGH,DISRUPTION
DIS-PF-00416,2026-09-03 15:09:02,DIS-ORD-00416,SKU-01860,C-01-01-01,EMPTY_BIN,HIGH,DISRUPTION
DIS-PF-00398,2026-09-03 15:09:53,DIS-ORD-00398,SKU-00297,F-04-05-02,EMPTY_BIN,URGENT,DISRUPTION
DIS-PF-00422,2026-09-03 15:10:37,DIS-ORD-00422,SKU-00265,A-05-03-02,WRONG_LOCATION,URGENT,DISRUPTION
DIS-PF-00761,2026-09-03 15:12:20,DIS-ORD-00761,SKU-00760,C-02-04-02,NOT_FOUND,HIGH,DISRUPTION
DIS-PF-00516,2026-09-03 15:12:39,DIS-ORD-00516,SKU-00922,F-01-01-01,EMPTY_BIN,URGENT,DISRUPTION
DIS-PF-00289,2026-09-03 15:13:16,DIS-ORD-00289,SKU-00965,B-05-03-01,EMPTY_BIN,URGENT,DISRUPTION
DIS-PF-00107,2026-09-03 15:14:03,DIS-ORD-00107,SKU-00746,A-02-02-01,NOT_FOUND,HIGH,DISRUPTION
DIS-PF-00437,2026-09-03 15:15:09,DIS-ORD-00437,SKU-01903,A-07-01-02,NOT_FOUND,HIGH,DISRUPTION
DIS-PF-00387,2026-09-03 15:16:40,DIS-ORD-00387,SKU-00811,F-07-03-02,EMPTY_BIN,URGENT,DISRUPTION
DIS-PF-00548,2026-09-03 15:17:06,DIS-ORD-00548,SKU-00187,F-07-02-02,EMPTY_BIN,URGENT,DISRUPTION
DIS-PF-00428,2026-09-03 15:18:13,DIS-ORD-00428,SKU-00922,F-01-01-01,WRONG_LOCATION,URGENT,DISRUPTION
DIS-PF-00737,2026-09-03 15:18:14,DIS-ORD-00737,SKU-00229,C-09-04-02,WRONG_LOCATION,HIGH,DISRUPTION
DIS-PF-00158,2026-09-03 15:18:41,DIS-ORD-00158,SKU-01102,B-10-05-01,NOT_FOUND,URGENT,DISRUPTION
DIS-PF-00795,2026-09-03 15:18:46,DIS-ORD-00795,SKU-01192,F-07-05-02,WRONG_LOCATION,HIGH,DISRUPTION
DIS-PF-00949,2026-09-03 15:19:37,DIS-ORD-00949,SKU-01081,A-10-04-01,EMPTY_BIN,HIGH,DISRUPTION
DIS-PF-00566,2026-09-03 15:20:26,DIS-ORD-00566,SKU-01963,B-03-03-02,NOT_FOUND,URGENT,DISRUPTION
DIS-PF-00479,2026-09-03 15:20:34,DIS-ORD-00479,SKU-00357,C-05-01-02,EMPTY_BIN,HIGH,DISRUPTION
DIS-PF-01125,2026-09-03 15:20:40,DIS-ORD-01125,SKU-00293,D-09-01-01,EMPTY_BIN,HIGH,DISRUPTION
DIS-PF-00139,2026-09-03 15:21:17,DIS-ORD-00139,SKU-00538,E-05-03-01,EMPTY_BIN,URGENT,DISRUPTION
DIS-PF-00553,2026-09-03 15:22:51,DIS-ORD-00553,SKU-01102,B-10-05-01,NOT_FOUND,URGENT,DISRUPTION
DIS-PF-01062,2026-09-03 15:23:48,DIS-ORD-01062,SKU-00888,B-07-05-01,NOT_FOUND,URGENT,DISRUPTION
DIS-PF-00307,2026-09-03 15:24:03,DIS-ORD-00307,SKU-00627,F-09-01-01,NOT_FOUND,HIGH,DISRUPTION
DIS-PF-00886,2026-09-03 15:24:18,DIS-ORD-00886,SKU-00538,E-05-03-01,EMPTY_BIN,URGENT,DISRUPTION
DIS-PF-00233,2026-09-03 15:28:05,DIS-ORD-00233,SKU-00999,E-04-03-01,EMPTY_BIN,URGENT,DISRUPTION
DIS-PF-00240,2026-09-03 15:29:08,DIS-ORD-00240,SKU-01484,E-07-02-01,WRONG_LOCATION,URGENT,DISRUPTION
DIS-PF-00726,2026-09-03 15:31:39,DIS-ORD-00726,SKU-01274,D-08-01-02,EMPTY_BIN,HIGH,DISRUPTION
DIS-PF-00687,2026-09-03 15:32:22,DIS-ORD-00687,SKU-01033,A-10-05-02,NOT_FOUND,URGENT,DISRUPTION
DIS-PF-00607,2026-09-03 15:32:34,DIS-ORD-00607,SKU-01846,F-02-04-02,WRONG_LOCATION,URGENT,DISRUPTION
DIS-PF-00265,2026-09-03 15:33:06,DIS-ORD-00265,SKU-01894,C-06-03-02,WRONG_LOCATION,URGENT,DISRUPTION
DIS-PF-00088,2026-09-03 15:33:07,DIS-ORD-00088,SKU-00967,D-02-04-01,WRONG_LOCATION,HIGH,DISRUPTION
DIS-PF-01082,2026-09-03 15:33:24,DIS-ORD-01082,SKU-01534,E-07-01-01,EMPTY_BIN,URGENT,DISRUPTION
DIS-PF-00468,2026-09-03 15:33:32,DIS-ORD-00468,SKU-01234,A-05-03-01,EMPTY_BIN,URGENT,DISRUPTION
DIS-PF-01067,2026-09-03 15:35:52,DIS-ORD-01067,SKU-00508,F-07-01-01,NOT_FOUND,HIGH,DISRUPTION
DIS-PF-00713,2026-09-03 15:37:26,DIS-ORD-00713,SKU-00577,E-05-02-02,NOT_FOUND,URGENT,DISRUPTION
DIS-PF-00792,2026-09-03 15:38:51,DIS-ORD-00792,SKU-00229,C-09-04-02,EMPTY_BIN,HIGH,DISRUPTION
DIS-PF-00871,2026-09-03 15:40:30,DIS-ORD-00871,SKU-00545,F-01-01-02,EMPTY_BIN,URGENT,DISRUPTION
DIS-PF-00406,2026-09-03 15:40:53,DIS-ORD-00406,SKU-01862,B-05-04-02,EMPTY_BIN,HIGH,DISRUPTION
DIS-PF-00156,2026-09-03 15:41:24,DIS-ORD-00156,SKU-01940,B-08-05-01,EMPTY_BIN,HIGH,DISRUPTION
DIS-PF-01035,2026-09-03 15:43:10,DIS-ORD-01035,SKU-01332,F-03-01-01,NOT_FOUND,URGENT,DISRUPTION
DIS-PF-00840,2026-09-03 15:43:35,DIS-ORD-00840,SKU-01878,A-02-05-02,NOT_FOUND,URGENT,DISRUPTION
DIS-PF-00861,2026-09-03 15:44:18,DIS-ORD-00861,SKU-00970,D-10-05-02,WRONG_LOCATION,HIGH,DISRUPTION
DIS-PF-00584,2026-09-03 15:45:32,DIS-ORD-00584,SKU-01425,C-03-05-01,EMPTY_BIN,URGENT,DISRUPTION
DIS-PF-00837,2026-09-03 15:46:29,DIS-ORD-00837,SKU-00607,F-01-04-01,NOT_FOUND,URGENT,DISRUPTION
DIS-PF-00353,2026-09-03 15:49:30,DIS-ORD-00353,SKU-01188,A-06-01-02,NOT_FOUND,HIGH,DISRUPTION
DIS-PF-00842,2026-09-03 15:50:11,DIS-ORD-00842,SKU-00316,A-07-03-02,EMPTY_BIN,HIGH,DISRUPTION
DIS-PF-00234,2026-09-03 15:52:57,DIS-ORD-00234,SKU-00294,E-09-05-02,WRONG_LOCATION,URGENT,DISRUPTION
DIS-PF-00017,2026-09-03 15:53:41,DIS-ORD-00017,SKU-00193,B-01-04-01,WRONG_LOCATION,URGENT,DISRUPTION
DIS-PF-00489,2026-09-03 15:53:51,DIS-ORD-00489,SKU-00577,E-05-02-02,EMPTY_BIN,URGENT,DISRUPTION
DIS-PF-00246,2026-09-03 15:55:42,DIS-ORD-00246,SKU-00197,D-10-04-01,NOT_FOUND,URGENT,DISRUPTION
DIS-PF-00955,2026-09-03 15:56:45,DIS-ORD-00955,SKU-01302,A-06-04-02,EMPTY_BIN,URGENT,DISRUPTION
DIS-PF-00862,2026-09-03 15:58:17,DIS-ORD-00862,SKU-00723,E-02-03-02,EMPTY_BIN,URGENT,DISRUPTION
DIS-PF-00597,2026-09-03 16:00:19,DIS-ORD-00597,SKU-00967,D-02-04-01,EMPTY_BIN,HIGH,DISRUPTION
DIS-PF-00723,2026-09-03 16:01:39,DIS-ORD-00723,SKU-00718,B-10-03-02,NOT_FOUND,HIGH,DISRUPTION
DIS-PF-01200,2026-09-03 16:02:23,DIS-ORD-01200,SKU-01244,F-09-05-02,NOT_FOUND,URGENT,DISRUPTION
DIS-PF-00919,2026-09-03 16:03:03,DIS-ORD-00919,SKU-00822,F-04-01-01,NOT_FOUND,URGENT,DISRUPTION
DIS-PF-00294,2026-09-03 16:03:25,DIS-ORD-00294,SKU-00673,B-09-01-02,NOT_FOUND,URGENT,DISRUPTION
DIS-PF-00433,2026-09-03 16:04:18,DIS-ORD-00433,SKU-01044,E-06-01-02,EMPTY_BIN,URGENT,DISRUPTION
DIS-PF-00391,2026-09-03 16:05:22,DIS-ORD-00391,SKU-00294,E-09-05-02,EMPTY_BIN,URGENT,DISRUPTION
DIS-PF-00890,2026-09-03 16:06:18,DIS-ORD-00890,SKU-00071,D-03-05-02,NOT_FOUND,URGENT,DISRUPTION
DIS-PF-00618,2026-09-03 16:07:06,DIS-ORD-00618,SKU-00510,D-02-01-01,EMPTY_BIN,URGENT,DISRUPTION
DIS-PF-00035,2026-09-03 16:08:50,DIS-ORD-00035,SKU-01552,C-01-01-01,WRONG_LOCATION,URGENT,DISRUPTION
DIS-PF-01046,2026-09-03 16:08:56,DIS-ORD-01046,SKU-02000,E-07-03-01,EMPTY_BIN,HIGH,DISRUPTION
DIS-PF-00508,2026-09-03 16:09:10,DIS-ORD-00508,SKU-00751,B-07-04-01,EMPTY_BIN,URGENT,DISRUPTION
DIS-PF-00941,2026-09-03 16:09:13,DIS-ORD-00941,SKU-00535,F-07-04-02,NOT_FOUND,URGENT,DISRUPTION
DIS-PF-00384,2026-09-03 16:14:05,DIS-ORD-00384,SKU-01672,D-03-04-01,WRONG_LOCATION,URGENT,DISRUPTION
DIS-PF-00944,2026-09-03 16:19:17,DIS-ORD-00944,SKU-01481,E-09-05-02,NOT_FOUND,HIGH,DISRUPTION
DIS-PF-00913,2026-09-03 16:19:58,DIS-ORD-00913,SKU-01654,E-01-02-02,NOT_FOUND,URGENT,DISRUPTION
DIS-PF-00334,2026-09-03 16:22:08,DIS-ORD-00334,SKU-00967,D-02-04-01,EMPTY_BIN,URGENT,DISRUPTION
DIS-PF-01131,2026-09-03 16:22:56,DIS-ORD-01131,SKU-01190,C-06-04-02,WRONG_LOCATION,URGENT,DISRUPTION
DIS-PF-00852,2026-09-03 16:23:13,DIS-ORD-00852,SKU-01030,D-03-05-01,NOT_FOUND,URGENT,DISRUPTION
DIS-PF-00105,2026-09-03 16:24:23,DIS-ORD-00105,SKU-01460,F-02-05-01,WRONG_LOCATION,HIGH,DISRUPTION
DIS-PF-00153,2026-09-03 16:24:24,DIS-ORD-00153,SKU-00957,D-04-01-02,WRONG_LOCATION,URGENT,DISRUPTION
DIS-PF-01138,2026-09-03 16:26:52,DIS-ORD-01138,SKU-01590,F-10-02-02,EMPTY_BIN,URGENT,DISRUPTION
DIS-PF-00036,2026-09-03 16:30:11,DIS-ORD-00036,SKU-01319,B-05-04-02,EMPTY_BIN,URGENT,DISRUPTION
DIS-PF-00345,2026-09-03 16:30:17,DIS-ORD-00345,SKU-00886,E-01-01-01,EMPTY_BIN,HIGH,DISRUPTION
DIS-PF-01141,2026-09-03 16:31:13,DIS-ORD-01141,SKU-01862,B-05-04-02,EMPTY_BIN,HIGH,DISRUPTION
DIS-PF-00507,2026-09-03 16:31:35,DIS-ORD-00507,SKU-00101,B-02-03-02,NOT_FOUND,HIGH,DISRUPTION
DIS-PF-00409,2026-09-03 16:32:46,DIS-ORD-00409,SKU-00667,F-10-05-02,EMPTY_BIN,URGENT,DISRUPTION
DIS-PF-00168,2026-09-03 16:33:30,DIS-ORD-00168,SKU-00537,A-10-02-01,EMPTY_BIN,HIGH,DISRUPTION
DIS-PF-01147,2026-09-03 16:34:16,DIS-ORD-01147,SKU-01332,F-03-01-01,NOT_FOUND,URGENT,DISRUPTION
DIS-PF-00327,2026-09-03 16:35:24,DIS-ORD-00327,SKU-01244,F-09-05-02,WRONG_LOCATION,HIGH,DISRUPTION
DIS-PF-00672,2026-09-03 16:36:53,DIS-ORD-00672,SKU-01326,B-05-05-01,WRONG_LOCATION,URGENT,DISRUPTION
DIS-PF-00452,2026-09-03 16:38:21,DIS-ORD-00452,SKU-01102,B-10-05-01,NOT_FOUND,HIGH,DISRUPTION
DIS-PF-00908,2026-09-03 16:38:39,DIS-ORD-00908,SKU-00965,B-05-03-01,NOT_FOUND,URGENT,DISRUPTION
DIS-PF-00892,2026-09-03 16:42:14,DIS-ORD-00892,SKU-00022,D-02-03-01,NOT_FOUND,URGENT,DISRUPTION
DIS-PF-01195,2026-09-03 16:42:24,DIS-ORD-01195,SKU-01576,A-02-01-02,EMPTY_BIN,URGENT,DISRUPTION
DIS-PF-01149,2026-09-03 16:42:34,DIS-ORD-01149,SKU-01171,C-07-05-01,NOT_FOUND,HIGH,DISRUPTION
DIS-PF-00786,2026-09-03 16:42:48,DIS-ORD-00786,SKU-00782,D-09-01-02,NOT_FOUND,HIGH,DISRUPTION
DIS-PF-00369,2026-09-03 16:42:56,DIS-ORD-00369,SKU-01920,F-06-05-02,EMPTY_BIN,URGENT,DISRUPTION
DIS-PF-01065,2026-09-03 16:42:57,DIS-ORD-01065,SKU-00218,F-05-05-02,EMPTY_BIN,HIGH,DISRUPTION
DIS-PF-00309,2026-09-03 16:44:34,DIS-ORD-00309,SKU-00144,C-08-01-02,WRONG_LOCATION,URGENT,DISRUPTION
DIS-PF-00730,2026-09-03 16:46:18,DIS-ORD-00730,SKU-01654,E-01-02-02,NOT_FOUND,HIGH,DISRUPTION
DIS-PF-00741,2026-09-03 16:46:43,DIS-ORD-00741,SKU-01841,A-02-01-01,NOT_FOUND,URGENT,DISRUPTION
DIS-PF-00408,2026-09-03 16:47:04,DIS-ORD-00408,SKU-00896,D-07-04-02,EMPTY_BIN,URGENT,DISRUPTION
DIS-PF-00962,2026-09-03 16:47:42,DIS-ORD-00962,SKU-01852,A-07-04-01,WRONG_LOCATION,HIGH,DISRUPTION
DIS-PF-00093,2026-09-03 16:49:10,DIS-ORD-00093,SKU-01274,D-08-01-02,EMPTY_BIN,HIGH,DISRUPTION
DIS-PF-00735,2026-09-03 16:50:23,DIS-ORD-00735,SKU-00407,F-07-05-01,NOT_FOUND,HIGH,DISRUPTION
DIS-PF-00407,2026-09-03 16:51:51,DIS-ORD-00407,SKU-00964,B-08-02-02,WRONG_LOCATION,HIGH,DISRUPTION
DIS-PF-00622,2026-09-03 16:52:40,DIS-ORD-00622,SKU-01575,E-05-04-02,EMPTY_BIN,URGENT,DISRUPTION
DIS-PF-00426,2026-09-03 16:57:21,DIS-ORD-00426,SKU-00386,E-06-04-02,EMPTY_BIN,URGENT,DISRUPTION
DIS-PF-00085,2026-09-03 16:58:21,DIS-ORD-00085,SKU-01539,F-03-03-02,WRONG_LOCATION,HIGH,DISRUPTION
DIS-PF-00167,2026-09-03 16:58:51,DIS-ORD-00167,SKU-00432,C-04-03-02,EMPTY_BIN,URGENT,DISRUPTION
DIS-PF-00034,2026-09-03 17:00:33,DIS-ORD-00034,SKU-00196,B-07-05-02,WRONG_LOCATION,HIGH,DISRUPTION
DIS-PF-00653,2026-09-03 17:01:41,DIS-ORD-00653,SKU-01872,C-06-04-02,EMPTY_BIN,HIGH,DISRUPTION
DIS-PF-00880,2026-09-03 17:02:15,DIS-ORD-00880,SKU-00379,E-05-02-01,WRONG_LOCATION,HIGH,DISRUPTION
DIS-PF-00120,2026-09-03 17:02:39,DIS-ORD-00120,SKU-00563,E-01-02-01,NOT_FOUND,HIGH,DISRUPTION
DIS-PF-01075,2026-09-03 17:02:46,DIS-ORD-01075,SKU-00265,A-05-03-02,NOT_FOUND,HIGH,DISRUPTION
DIS-PF-00938,2026-09-03 17:05:17,DIS-ORD-00938,SKU-01806,A-06-03-01,EMPTY_BIN,URGENT,DISRUPTION
DIS-PF-00843,2026-09-03 17:06:21,DIS-ORD-00843,SKU-00563,E-01-02-01,NOT_FOUND,HIGH,DISRUPTION
DIS-PF-00946,2026-09-03 17:08:15,DIS-ORD-00946,SKU-00469,D-04-01-01,WRONG_LOCATION,HIGH,DISRUPTION
DIS-PF-00750,2026-09-03 17:08:16,DIS-ORD-00750,SKU-00471,F-09-03-01,NOT_FOUND,HIGH,DISRUPTION
DIS-PF-00032,2026-09-03 17:08:21,DIS-ORD-00032,SKU-00379,E-05-02-01,WRONG_LOCATION,HIGH,DISRUPTION
DIS-PF-00656,2026-09-03 17:10:43,DIS-ORD-00656,SKU-01975,E-04-01-01,EMPTY_BIN,HIGH,DISRUPTION
DIS-PF-00881,2026-09-03 17:11:03,DIS-ORD-00881,SKU-00928,E-06-01-01,WRONG_LOCATION,URGENT,DISRUPTION
DIS-PF-00456,2026-09-03 17:12:48,DIS-ORD-00456,SKU-00287,B-05-03-02,EMPTY_BIN,URGENT,DISRUPTION
DIS-PF-00127,2026-09-03 17:13:36,DIS-ORD-00127,SKU-00149,B-03-03-01,EMPTY_BIN,HIGH,DISRUPTION
DIS-PF-00978,2026-09-03 17:14:58,DIS-ORD-00978,SKU-01540,C-08-01-01,WRONG_LOCATION,HIGH,DISRUPTION
DIS-PF-00573,2026-09-03 17:15:55,DIS-ORD-00573,SKU-00647,D-05-03-02,WRONG_LOCATION,URGENT,DISRUPTION
DIS-PF-00950,2026-09-03 17:17:25,DIS-ORD-00950,SKU-01970,D-01-05-02,NOT_FOUND,URGENT,DISRUPTION
DIS-PF-01102,2026-09-03 17:18:27,DIS-ORD-01102,SKU-00772,D-08-01-01,WRONG_LOCATION,HIGH,DISRUPTION
DIS-PF-00252,2026-09-03 17:19:11,DIS-ORD-00252,SKU-01720,E-01-01-02,NOT_FOUND,URGENT,DISRUPTION
DIS-PF-00858,2026-09-03 17:20:30,DIS-ORD-00858,SKU-00187,F-07-02-02,WRONG_LOCATION,URGENT,DISRUPTION
DIS-PF-00297,2026-09-03 17:22:03,DIS-ORD-00297,SKU-01319,B-05-04-02,WRONG_LOCATION,URGENT,DISRUPTION
DIS-PF-00586,2026-09-03 17:22:34,DIS-ORD-00586,SKU-01332,F-03-01-01,WRONG_LOCATION,HIGH,DISRUPTION
DIS-PF-00922,2026-09-03 17:22:52,DIS-ORD-00922,SKU-01244,F-09-05-02,WRONG_LOCATION,HIGH,DISRUPTION
DIS-PF-00096,2026-09-03 17:24:02,DIS-ORD-00096,SKU-00627,F-09-01-01,EMPTY_BIN,URGENT,DISRUPTION
DIS-PF-00336,2026-09-03 17:24:55,DIS-ORD-00336,SKU-01087,D-02-04-02,WRONG_LOCATION,URGENT,DISRUPTION
DIS-PF-00310,2026-09-03 17:26:33,DIS-ORD-00310,SKU-01443,F-09-03-02,NOT_FOUND,URGENT,DISRUPTION
DIS-PF-00397,2026-09-03 17:27:37,DIS-ORD-00397,SKU-00712,E-10-03-01,NOT_FOUND,URGENT,DISRUPTION
DIS-PF-00497,2026-09-03 17:27:43,DIS-ORD-00497,SKU-00770,F-10-02-02,NOT_FOUND,URGENT,DISRUPTION
DIS-PF-00877,2026-09-03 17:27:56,DIS-ORD-00877,SKU-00555,F-04-05-02,NOT_FOUND,HIGH,DISRUPTION
DIS-PF-01100,2026-09-03 17:28:09,DIS-ORD-01100,SKU-01552,C-01-01-01,WRONG_LOCATION,URGENT,DISRUPTION
DIS-PF-00940,2026-09-03 17:31:37,DIS-ORD-00940,SKU-00390,F-03-04-01,WRONG_LOCATION,URGENT,DISRUPTION
DIS-PF-00157,2026-09-03 17:34:33,DIS-ORD-00157,SKU-00265,A-05-03-02,EMPTY_BIN,HIGH,DISRUPTION
DIS-PF-00418,2026-09-03 17:36:38,DIS-ORD-00418,SKU-00218,F-05-05-02,WRONG_LOCATION,HIGH,DISRUPTION
DIS-PF-00198,2026-09-03 17:38:46,DIS-ORD-00198,SKU-00760,C-02-04-02,WRONG_LOCATION,URGENT,DISRUPTION
DIS-PF-00621,2026-09-03 17:39:44,DIS-ORD-00621,SKU-01846,F-02-04-02,EMPTY_BIN,HIGH,DISRUPTION
DIS-PF-01106,2026-09-03 17:41:35,DIS-ORD-01106,SKU-01981,F-06-03-02,WRONG_LOCATION,URGENT,DISRUPTION
DIS-PF-01087,2026-09-03 17:45:28,DIS-ORD-01087,SKU-00703,C-06-01-02,EMPTY_BIN,URGENT,DISRUPTION
DIS-PF-00909,2026-09-03 17:50:46,DIS-ORD-00909,SKU-01747,D-05-02-02,EMPTY_BIN,URGENT,DISRUPTION
DIS-PF-00916,2026-09-03 17:51:22,DIS-ORD-00916,SKU-00469,D-04-01-01,WRONG_LOCATION,URGENT,DISRUPTION
DIS-PF-00133,2026-09-03 17:51:31,DIS-ORD-00133,SKU-01112,B-07-03-01,WRONG_LOCATION,HIGH,DISRUPTION
DIS-PF-00420,2026-09-03 17:55:33,DIS-ORD-00420,SKU-00257,D-06-05-01,NOT_FOUND,URGENT,DISRUPTION
DIS-PF-00125,2026-09-03 17:55:44,DIS-ORD-00125,SKU-00822,F-04-01-01,EMPTY_BIN,URGENT,DISRUPTION
DIS-PF-00112,2026-09-03 17:55:49,DIS-ORD-00112,SKU-01411,E-07-04-01,EMPTY_BIN,HIGH,DISRUPTION
DIS-PF-01028,2026-09-03 18:00:46,DIS-ORD-01028,SKU-00965,B-05-03-01,WRONG_LOCATION,URGENT,DISRUPTION
DIS-PF-00658,2026-09-03 18:00:50,DIS-ORD-00658,SKU-01903,A-07-01-02,EMPTY_BIN,URGENT,DISRUPTION
DIS-PF-00699,2026-09-03 18:02:16,DIS-ORD-00699,SKU-00257,D-06-05-01,WRONG_LOCATION,URGENT,DISRUPTION
DIS-PF-00490,2026-09-03 18:02:32,DIS-ORD-00490,SKU-00432,C-04-03-02,EMPTY_BIN,URGENT,DISRUPTION
DIS-PF-01016,2026-09-03 18:11:50,DIS-ORD-01016,SKU-00770,F-10-02-02,NOT_FOUND,URGENT,DISRUPTION
DIS-PF-00917,2026-09-03 18:14:55,DIS-ORD-00917,SKU-01044,E-06-01-02,NOT_FOUND,URGENT,DISRUPTION
DIS-PF-00106,2026-09-03 18:15:32,DIS-ORD-00106,SKU-00229,C-09-04-02,NOT_FOUND,HIGH,DISRUPTION
DIS-PF-00222,2026-09-03 18:15:57,DIS-ORD-00222,SKU-00071,D-03-05-02,WRONG_LOCATION,URGENT,DISRUPTION
DIS-PF-00037,2026-09-03 18:19:06,DIS-ORD-00037,SKU-01087,D-02-04-02,WRONG_LOCATION,URGENT,DISRUPTION
DIS-PF-00802,2026-09-03 18:19:31,DIS-ORD-00802,SKU-01709,A-06-03-02,WRONG_LOCATION,URGENT,DISRUPTION
DIS-PF-00061,2026-09-03 18:20:22,DIS-ORD-00061,SKU-01552,C-01-01-01,WRONG_LOCATION,HIGH,DISRUPTION
DIS-PF-00224,2026-09-03 18:20:45,DIS-ORD-00224,SKU-00967,D-02-04-01,NOT_FOUND,URGENT,DISRUPTION
DIS-PF-00475,2026-09-03 18:21:03,DIS-ORD-00475,SKU-00769,A-02-04-01,EMPTY_BIN,URGENT,DISRUPTION
DIS-PF-00633,2026-09-03 18:22:34,DIS-ORD-00633,SKU-01319,B-05-04-02,WRONG_LOCATION,HIGH,DISRUPTION
DIS-PF-00963,2026-09-03 18:23:17,DIS-ORD-00963,SKU-00712,E-10-03-01,NOT_FOUND,URGENT,DISRUPTION
DIS-PF-00969,2026-09-03 18:24:08,DIS-ORD-00969,SKU-00332,B-05-02-02,WRONG_LOCATION,HIGH,DISRUPTION
DIS-PF-00854,2026-09-03 18:24:28,DIS-ORD-00854,SKU-00896,D-07-04-02,NOT_FOUND,URGENT,DISRUPTION
DIS-PF-01140,2026-09-03 18:25:31,DIS-ORD-01140,SKU-00158,D-01-03-02,EMPTY_BIN,URGENT,DISRUPTION
DIS-PF-00973,2026-09-03 18:27:02,DIS-ORD-00973,SKU-01575,E-05-04-02,WRONG_LOCATION,HIGH,DISRUPTION
DIS-PF-00343,2026-09-03 18:29:49,DIS-ORD-00343,SKU-01030,D-03-05-01,EMPTY_BIN,URGENT,DISRUPTION
DIS-PF-01193,2026-09-03 18:30:54,DIS-ORD-01193,SKU-00808,F-10-04-02,NOT_FOUND,URGENT,DISRUPTION
DIS-PF-00349,2026-09-03 18:31:40,DIS-ORD-00349,SKU-01720,E-01-01-02,EMPTY_BIN,URGENT,DISRUPTION
DIS-PF-00688,2026-09-03 18:32:16,DIS-ORD-00688,SKU-01572,C-10-03-01,EMPTY_BIN,URGENT,DISRUPTION
DIS-PF-00354,2026-09-03 18:33:39,DIS-ORD-00354,SKU-00127,A-07-04-02,NOT_FOUND,HIGH,DISRUPTION
DIS-PF-00424,2026-09-03 18:33:52,DIS-ORD-00424,SKU-01302,A-06-04-02,WRONG_LOCATION,URGENT,DISRUPTION
DIS-PF-00591,2026-09-03 18:34:09,DIS-ORD-00591,SKU-01411,E-07-04-01,NOT_FOUND,URGENT,DISRUPTION
DIS-PF-00455,2026-09-03 18:35:42,DIS-ORD-00455,SKU-00537,A-10-02-01,EMPTY_BIN,HIGH,DISRUPTION
DIS-PF-00208,2026-09-03 18:38:14,DIS-ORD-00208,SKU-01091,A-08-04-02,EMPTY_BIN,URGENT,DISRUPTION
DIS-PF-01025,2026-09-03 18:38:39,DIS-ORD-01025,SKU-00712,E-10-03-01,NOT_FOUND,HIGH,DISRUPTION
DIS-PF-00144,2026-09-03 18:38:46,DIS-ORD-00144,SKU-00229,C-09-04-02,EMPTY_BIN,URGENT,DISRUPTION
DIS-PF-01004,2026-09-03 18:39:00,DIS-ORD-01004,SKU-01865,C-05-03-01,NOT_FOUND,HIGH,DISRUPTION
DIS-PF-00720,2026-09-03 18:39:35,DIS-ORD-00720,SKU-01632,A-03-05-02,EMPTY_BIN,HIGH,DISRUPTION
DIS-PF-00866,2026-09-03 18:47:47,DIS-ORD-00866,SKU-00723,E-02-03-02,WRONG_LOCATION,URGENT,DISRUPTION
DIS-PF-01144,2026-09-03 18:48:42,DIS-ORD-01144,SKU-00377,F-07-05-02,NOT_FOUND,URGENT,DISRUPTION
DIS-PF-00203,2026-09-03 18:50:49,DIS-ORD-00203,SKU-00839,B-03-05-01,WRONG_LOCATION,URGENT,DISRUPTION
DIS-PF-00625,2026-09-03 18:51:30,DIS-ORD-00625,SKU-00238,A-08-02-02,NOT_FOUND,HIGH,DISRUPTION
DIS-PF-00701,2026-09-03 18:52:52,DIS-ORD-00701,SKU-00541,E-05-02-01,NOT_FOUND,HIGH,DISRUPTION
DIS-PF-00593,2026-09-03 18:53:48,DIS-ORD-00593,SKU-00064,C-01-03-01,WRONG_LOCATION,HIGH,DISRUPTION
DIS-PF-00152,2026-09-03 18:53:56,DIS-ORD-00152,SKU-00712,E-10-03-01,EMPTY_BIN,HIGH,DISRUPTION
DIS-PF-00338,2026-09-03 18:54:01,DIS-ORD-00338,SKU-01411,E-07-04-01,NOT_FOUND,HIGH,DISRUPTION
DIS-PF-00131,2026-09-03 18:54:09,DIS-ORD-00131,SKU-01339,C-03-02-02,WRONG_LOCATION,URGENT,DISRUPTION
DIS-PF-00122,2026-09-03 18:54:27,DIS-ORD-00122,SKU-01185,B-08-01-01,WRONG_LOCATION,HIGH,DISRUPTION
DIS-PF-00599,2026-09-03 18:54:35,DIS-ORD-00599,SKU-00735,D-10-03-02,WRONG_LOCATION,URGENT,DISRUPTION
DIS-PF-00930,2026-09-03 18:55:12,DIS-ORD-00930,SKU-01543,C-01-03-01,WRONG_LOCATION,URGENT,DISRUPTION
DIS-PF-01034,2026-09-03 18:56:41,DIS-ORD-01034,SKU-00718,B-10-03-02,NOT_FOUND,HIGH,DISRUPTION
DIS-PF-00771,2026-09-03 18:56:45,DIS-ORD-00771,SKU-00782,D-09-01-02,WRONG_LOCATION,HIGH,DISRUPTION
DIS-PF-01057,2026-09-03 18:57:09,DIS-ORD-01057,SKU-01157,D-01-05-02,NOT_FOUND,HIGH,DISRUPTION
DIS-PF-00650,2026-09-03 18:57:24,DIS-ORD-00650,SKU-01302,A-06-04-02,EMPTY_BIN,HIGH,DISRUPTION
DIS-PF-00939,2026-09-03 18:59:33,DIS-ORD-00939,SKU-00817,F-02-05-01,NOT_FOUND,URGENT,DISRUPTION
DIS-PF-00170,2026-09-03 19:05:27,DIS-ORD-00170,SKU-00909,F-01-04-01,WRONG_LOCATION,URGENT,DISRUPTION
DIS-PF-00160,2026-09-03 19:10:11,DIS-ORD-00160,SKU-01860,C-01-01-01,WRONG_LOCATION,HIGH,DISRUPTION
DIS-PF-00021,2026-09-03 19:10:16,DIS-ORD-00021,SKU-01044,E-06-01-02,EMPTY_BIN,URGENT,DISRUPTION
DIS-PF-00657,2026-09-03 19:10:23,DIS-ORD-00657,SKU-00324,B-03-01-02,WRONG_LOCATION,HIGH,DISRUPTION
DIS-PF-00896,2026-09-03 19:10:46,DIS-ORD-00896,SKU-00257,D-06-05-01,EMPTY_BIN,URGENT,DISRUPTION
DIS-PF-01050,2026-09-03 19:11:43,DIS-ORD-01050,SKU-00463,B-07-03-01,WRONG_LOCATION,HIGH,DISRUPTION
DIS-PF-00326,2026-09-03 19:12:08,DIS-ORD-00326,SKU-01552,C-01-01-01,EMPTY_BIN,HIGH,DISRUPTION
DIS-PF-00948,2026-09-03 19:14:38,DIS-ORD-00948,SKU-01270,D-04-01-01,EMPTY_BIN,URGENT,DISRUPTION
DIS-PF-00199,2026-09-03 19:14:54,DIS-ORD-00199,SKU-00390,F-03-04-01,NOT_FOUND,URGENT,DISRUPTION
DIS-PF-01153,2026-09-03 19:20:19,DIS-ORD-01153,SKU-00964,B-08-02-02,EMPTY_BIN,URGENT,DISRUPTION
DIS-PF-01098,2026-09-03 19:21:33,DIS-ORD-01098,SKU-01491,E-04-05-01,WRONG_LOCATION,HIGH,DISRUPTION
DIS-PF-00304,2026-09-03 19:22:04,DIS-ORD-00304,SKU-01540,C-08-01-01,WRONG_LOCATION,URGENT,DISRUPTION
DIS-PF-00757,2026-09-03 19:22:15,DIS-ORD-00757,SKU-00751,B-07-04-01,EMPTY_BIN,HIGH,DISRUPTION
DIS-PF-00806,2026-09-03 19:22:50,DIS-ORD-00806,SKU-00673,B-09-01-02,NOT_FOUND,HIGH,DISRUPTION
DIS-PF-00066,2026-09-03 19:23:36,DIS-ORD-00066,SKU-01519,D-08-01-01,NOT_FOUND,HIGH,DISRUPTION
DIS-PF-00649,2026-09-03 19:30:13,DIS-ORD-00649,SKU-00942,B-05-05-01,EMPTY_BIN,URGENT,DISRUPTION
DIS-PF-00325,2026-09-03 19:30:24,DIS-ORD-00325,SKU-01425,C-03-05-01,EMPTY_BIN,URGENT,DISRUPTION
DIS-PF-01071,2026-09-03 19:30:40,DIS-ORD-01071,SKU-00238,A-08-02-02,NOT_FOUND,URGENT,DISRUPTION
DIS-PF-00556,2026-09-03 19:31:37,DIS-ORD-00556,SKU-01036,E-08-02-02,NOT_FOUND,HIGH,DISRUPTION
DIS-PF-00725,2026-09-03 19:32:31,DIS-ORD-00725,SKU-01091,A-08-04-02,NOT_FOUND,URGENT,DISRUPTION
DIS-PF-00499,2026-09-03 19:32:54,DIS-ORD-00499,SKU-00209,D-05-03-02,EMPTY_BIN,URGENT,DISRUPTION
DIS-PF-00444,2026-09-03 19:36:19,DIS-ORD-00444,SKU-01188,A-06-01-02,NOT_FOUND,HIGH,DISRUPTION
DIS-PF-00514,2026-09-03 19:37:02,DIS-ORD-00514,SKU-01646,F-05-03-02,WRONG_LOCATION,HIGH,DISRUPTION
DIS-PF-00728,2026-09-03 19:40:37,DIS-ORD-00728,SKU-00218,F-05-05-02,EMPTY_BIN,HIGH,DISRUPTION
DIS-PF-00100,2026-09-03 19:42:01,DIS-ORD-00100,SKU-00541,E-05-02-01,EMPTY_BIN,URGENT,DISRUPTION
DIS-PF-00749,2026-09-03 19:43:02,DIS-ORD-00749,SKU-00822,F-04-01-01,WRONG_LOCATION,HIGH,DISRUPTION
DIS-PF-00027,2026-09-03 19:43:26,DIS-ORD-00027,SKU-01238,A-10-04-01,WRONG_LOCATION,URGENT,DISRUPTION
DIS-PF-00440,2026-09-03 19:46:25,DIS-ORD-00440,SKU-00923,A-09-02-01,EMPTY_BIN,URGENT,DISRUPTION
DIS-PF-00278,2026-09-03 19:48:03,DIS-ORD-00278,SKU-00332,B-05-02-02,WRONG_LOCATION,URGENT,DISRUPTION
DIS-PF-00799,2026-09-03 19:50:36,DIS-ORD-00799,SKU-01894,C-06-03-02,EMPTY_BIN,URGENT,DISRUPTION
DIS-PF-01077,2026-09-03 19:50:57,DIS-ORD-01077,SKU-01963,B-03-03-02,EMPTY_BIN,URGENT,DISRUPTION
DIS-PF-00692,2026-09-03 19:51:43,DIS-ORD-00692,SKU-00294,E-09-05-02,NOT_FOUND,URGENT,DISRUPTION
DIS-PF-00596,2026-09-03 19:51:55,DIS-ORD-00596,SKU-00770,F-10-02-02,EMPTY_BIN,URGENT,DISRUPTION
DIS-PF-00342,2026-09-03 19:52:12,DIS-ORD-00342,SKU-00197,D-10-04-01,WRONG_LOCATION,URGENT,DISRUPTION
DIS-PF-00417,2026-09-03 19:52:22,DIS-ORD-00417,SKU-00571,F-03-01-02,EMPTY_BIN,URGENT,DISRUPTION
DIS-PF-00929,2026-09-03 19:55:22,DIS-ORD-00929,SKU-01840,D-09-05-02,WRONG_LOCATION,HIGH,DISRUPTION
DIS-PF-00451,2026-09-03 19:57:37,DIS-ORD-00451,SKU-01085,C-03-02-02,EMPTY_BIN,HIGH,DISRUPTION
DIS-PF-00183,2026-09-03 19:58:33,DIS-ORD-00183,SKU-01274,D-08-01-02,EMPTY_BIN,HIGH,DISRUPTION
DIS-PF-00228,2026-09-03 20:01:08,DIS-ORD-00228,SKU-00030,F-09-03-02,EMPTY_BIN,URGENT,DISRUPTION
DIS-PF-00928,2026-09-03 20:02:25,DIS-ORD-00928,SKU-00510,D-02-01-01,EMPTY_BIN,HIGH,DISRUPTION
DIS-PF-00453,2026-09-03 20:02:54,DIS-ORD-00453,SKU-01085,C-03-02-02,WRONG_LOCATION,HIGH,DISRUPTION
DIS-PF-00764,2026-09-03 20:04:03,DIS-ORD-00764,SKU-00297,F-04-05-02,EMPTY_BIN,URGENT,DISRUPTION
DIS-PF-01052,2026-09-03 20:04:13,DIS-ORD-01052,SKU-01646,F-05-03-02,NOT_FOUND,URGENT,DISRUPTION
DIS-PF-00026,2026-09-03 20:04:16,DIS-ORD-00026,SKU-01709,A-06-03-02,EMPTY_BIN,URGENT,DISRUPTION
DIS-PF-00054,2026-09-03 20:04:27,DIS-ORD-00054,SKU-00706,B-05-04-01,NOT_FOUND,HIGH,DISRUPTION
DIS-PF-00642,2026-09-03 20:05:01,DIS-ORD-00642,SKU-01302,A-06-04-02,EMPTY_BIN,URGENT,DISRUPTION
DIS-PF-00241,2026-09-03 20:05:12,DIS-ORD-00241,SKU-00297,F-04-05-02,EMPTY_BIN,URGENT,DISRUPTION
DIS-PF-00236,2026-09-03 20:05:38,DIS-ORD-00236,SKU-01443,F-09-03-02,NOT_FOUND,HIGH,DISRUPTION
DIS-PF-00081,2026-09-03 20:08:05,DIS-ORD-00081,SKU-00553,B-02-03-02,NOT_FOUND,URGENT,DISRUPTION
DIS-PF-01058,2026-09-03 20:09:15,DIS-ORD-01058,SKU-00627,F-09-01-01,WRONG_LOCATION,URGENT,DISRUPTION
DIS-PF-00491,2026-09-03 20:09:41,DIS-ORD-00491,SKU-00967,D-02-04-01,EMPTY_BIN,URGENT,DISRUPTION
DIS-PF-00400,2026-09-03 20:09:55,DIS-ORD-00400,SKU-00811,F-07-03-02,NOT_FOUND,HIGH,DISRUPTION
DIS-PF-00859,2026-09-03 20:10:40,DIS-ORD-00859,SKU-01484,E-07-02-01,WRONG_LOCATION,HIGH,DISRUPTION
DIS-PF-00272,2026-09-03 20:12:02,DIS-ORD-00272,SKU-00703,C-06-01-02,WRONG_LOCATION,URGENT,DISRUPTION
DIS-PF-00104,2026-09-03 20:14:54,DIS-ORD-00104,SKU-00703,C-06-01-02,NOT_FOUND,HIGH,DISRUPTION
DIS-PF-00462,2026-09-03 20:18:06,DIS-ORD-00462,SKU-01052,A-10-04-02,WRONG_LOCATION,URGENT,DISRUPTION
DIS-PF-00077,2026-09-03 20:18:10,DIS-ORD-00077,SKU-00817,F-02-05-01,WRONG_LOCATION,URGENT,DISRUPTION
DIS-PF-00755,2026-09-03 20:19:03,DIS-ORD-00755,SKU-00144,C-08-01-02,WRONG_LOCATION,HIGH,DISRUPTION
DIS-PF-00651,2026-09-03 20:22:43,DIS-ORD-00651,SKU-01185,B-08-01-01,EMPTY_BIN,URGENT,DISRUPTION
DIS-PF-01119,2026-09-03 20:23:58,DIS-ORD-01119,SKU-00765,F-02-02-01,WRONG_LOCATION,HIGH,DISRUPTION
DIS-PF-00999,2026-09-03 20:25:42,DIS-ORD-00999,SKU-00667,F-10-05-02,EMPTY_BIN,URGENT,DISRUPTION
DIS-PF-00038,2026-09-03 20:27:02,DIS-ORD-00038,SKU-00672,C-01-04-01,WRONG_LOCATION,URGENT,DISRUPTION
DIS-PF-00009,2026-09-03 20:27:55,DIS-ORD-00009,SKU-00541,E-05-02-01,WRONG_LOCATION,URGENT,DISRUPTION
DIS-PF-00110,2026-09-03 20:29:28,DIS-ORD-00110,SKU-01865,C-05-03-01,WRONG_LOCATION,URGENT,DISRUPTION
DIS-PF-00506,2026-09-03 20:32:37,DIS-ORD-00506,SKU-01157,D-01-05-02,WRONG_LOCATION,HIGH,DISRUPTION
DIS-PF-00542,2026-09-03 20:32:50,DIS-ORD-00542,SKU-00353,D-03-04-02,NOT_FOUND,URGENT,DISRUPTION
DIS-PF-00959,2026-09-03 20:33:00,DIS-ORD-00959,SKU-01540,C-08-01-01,WRONG_LOCATION,URGENT,DISRUPTION
DIS-PF-00316,2026-09-03 20:33:55,DIS-ORD-00316,SKU-00565,B-10-03-02,EMPTY_BIN,HIGH,DISRUPTION
DIS-PF-00457,2026-09-03 20:35:10,DIS-ORD-00457,SKU-01190,C-06-04-02,EMPTY_BIN,URGENT,DISRUPTION
DIS-PF-00585,2026-09-03 20:37:04,DIS-ORD-00585,SKU-00909,F-01-04-01,EMPTY_BIN,HIGH,DISRUPTION
DIS-PF-01179,2026-09-03 20:37:43,DIS-ORD-01179,SKU-00538,E-05-03-01,NOT_FOUND,URGENT,DISRUPTION
DIS-PF-00865,2026-09-03 20:38:45,DIS-ORD-00865,SKU-00353,D-03-04-02,NOT_FOUND,HIGH,DISRUPTION
DIS-PF-00466,2026-09-03 20:39:32,DIS-ORD-00466,SKU-01253,F-05-05-01,NOT_FOUND,HIGH,DISRUPTION
DIS-PF-00826,2026-09-03 20:39:51,DIS-ORD-00826,SKU-01253,F-05-05-01,WRONG_LOCATION,URGENT,DISRUPTION
DIS-PF-00654,2026-09-03 20:41:19,DIS-ORD-00654,SKU-01975,E-04-01-01,EMPTY_BIN,URGENT,DISRUPTION
DIS-PF-00238,2026-09-03 20:42:47,DIS-ORD-00238,SKU-00782,D-09-01-02,NOT_FOUND,URGENT,DISRUPTION
DIS-PF-00816,2026-09-03 20:43:33,DIS-ORD-00816,SKU-01114,E-10-03-02,WRONG_LOCATION,HIGH,DISRUPTION
DIS-PF-00561,2026-09-03 20:43:42,DIS-ORD-00561,SKU-00293,D-09-01-01,WRONG_LOCATION,URGENT,DISRUPTION
DIS-PF-00715,2026-09-03 20:43:45,DIS-ORD-00715,SKU-00953,C-03-03-01,WRONG_LOCATION,URGENT,DISRUPTION
DIS-PF-00312,2026-09-03 20:44:54,DIS-ORD-00312,SKU-01601,B-10-04-01,NOT_FOUND,URGENT,DISRUPTION
DIS-PF-00439,2026-09-03 20:46:15,DIS-ORD-00439,SKU-00085,F-02-01-02,NOT_FOUND,URGENT,DISRUPTION
DIS-PF-00540,2026-09-03 20:48:27,DIS-ORD-00540,SKU-00287,B-05-03-02,EMPTY_BIN,URGENT,DISRUPTION
DIS-PF-00983,2026-09-03 20:48:39,DIS-ORD-00983,SKU-01185,B-08-01-01,WRONG_LOCATION,HIGH,DISRUPTION
DIS-PF-00887,2026-09-03 20:49:14,DIS-ORD-00887,SKU-00186,E-10-03-01,WRONG_LOCATION,HIGH,DISRUPTION
DIS-PF-01008,2026-09-03 20:51:35,DIS-ORD-01008,SKU-01443,F-09-03-02,EMPTY_BIN,URGENT,DISRUPTION
DIS-PF-00615,2026-09-03 20:52:55,DIS-ORD-00615,SKU-01460,F-02-05-01,NOT_FOUND,URGENT,DISRUPTION
DIS-PF-00746,2026-09-03 20:53:16,DIS-ORD-00746,SKU-00706,B-05-04-01,WRONG_LOCATION,HIGH,DISRUPTION
DIS-PF-00811,2026-09-03 20:53:28,DIS-ORD-00811,SKU-01469,B-06-05-02,WRONG_LOCATION,HIGH,DISRUPTION
DIS-PF-00682,2026-09-03 20:54:12,DIS-ORD-00682,SKU-00193,B-01-04-01,NOT_FOUND,URGENT,DISRUPTION
DIS-PF-01010,2026-09-03 20:57:29,DIS-ORD-01010,SKU-00656,C-08-05-02,WRONG_LOCATION,URGENT,DISRUPTION
DIS-PF-00365,2026-09-03 20:59:02,DIS-ORD-00365,SKU-00379,E-05-02-01,NOT_FOUND,URGENT,DISRUPTION
DIS-PF-00076,2026-09-03 20:59:56,DIS-ORD-00076,SKU-01491,E-04-05-01,NOT_FOUND,HIGH,DISRUPTION
DIS-PF-00611,2026-09-03 21:00:26,DIS-ORD-00611,SKU-00580,E-06-02-01,EMPTY_BIN,URGENT,DISRUPTION
DIS-PF-00530,2026-09-03 21:00:33,DIS-ORD-00530,SKU-01072,B-05-03-02,WRONG_LOCATION,URGENT,DISRUPTION
DIS-PF-00194,2026-09-03 21:00:35,DIS-ORD-00194,SKU-00193,B-01-04-01,NOT_FOUND,HIGH,DISRUPTION
DIS-PF-00217,2026-09-03 21:00:56,DIS-ORD-00217,SKU-00361,D-04-04-01,EMPTY_BIN,URGENT,DISRUPTION
DIS-PF-00317,2026-09-03 21:02:33,DIS-ORD-00317,SKU-00488,B-05-05-02,EMPTY_BIN,URGENT,DISRUPTION
DIS-PF-00926,2026-09-03 21:02:43,DIS-ORD-00926,SKU-00469,D-04-01-01,NOT_FOUND,HIGH,DISRUPTION
DIS-PF-00686,2026-09-03 21:03:15,DIS-ORD-00686,SKU-00257,D-06-05-01,NOT_FOUND,HIGH,DISRUPTION
DIS-PF-00018,2026-09-03 21:03:47,DIS-ORD-00018,SKU-01515,F-09-03-02,EMPTY_BIN,URGENT,DISRUPTION
DIS-PF-01018,2026-09-03 21:04:35,DIS-ORD-01018,SKU-01572,C-10-03-01,WRONG_LOCATION,URGENT,DISRUPTION
DIS-PF-00303,2026-09-03 21:07:39,DIS-ORD-00303,SKU-00839,B-03-05-01,EMPTY_BIN,URGENT,DISRUPTION
DIS-PF-01030,2026-09-03 21:07:51,DIS-ORD-01030,SKU-01469,B-06-05-02,EMPTY_BIN,HIGH,DISRUPTION
DIS-PF-00575,2026-09-03 21:09:47,DIS-ORD-00575,SKU-00158,D-01-03-02,WRONG_LOCATION,HIGH,DISRUPTION
DIS-PF-00590,2026-09-03 21:09:52,DIS-ORD-00590,SKU-01709,A-06-03-02,EMPTY_BIN,URGENT,DISRUPTION
DIS-PF-00005,2026-09-03 21:10:16,DIS-ORD-00005,SKU-01590,F-10-02-02,EMPTY_BIN,URGENT,DISRUPTION
DIS-PF-00758,2026-09-03 21:12:41,DIS-ORD-00758,SKU-01274,D-08-01-02,EMPTY_BIN,URGENT,DISRUPTION
DIS-PF-01080,2026-09-03 21:13:13,DIS-ORD-01080,SKU-01963,B-03-03-02,NOT_FOUND,URGENT,DISRUPTION
DIS-PF-00562,2026-09-03 21:13:15,DIS-ORD-00562,SKU-00751,B-07-04-01,EMPTY_BIN,URGENT,DISRUPTION
DIS-PF-00429,2026-09-03 21:14:55,DIS-ORD-00429,SKU-00725,E-06-05-01,EMPTY_BIN,URGENT,DISRUPTION
DIS-PF-01187,2026-09-03 21:15:55,DIS-ORD-01187,SKU-01865,C-05-03-01,NOT_FOUND,URGENT,DISRUPTION
DIS-PF-00277,2026-09-03 21:16:42,DIS-ORD-00277,SKU-01192,F-07-05-02,WRONG_LOCATION,URGENT,DISRUPTION
DIS-PF-00390,2026-09-03 21:18:24,DIS-ORD-00390,SKU-01510,A-09-03-02,NOT_FOUND,URGENT,DISRUPTION
DIS-PF-00040,2026-09-03 21:18:28,DIS-ORD-00040,SKU-01072,B-05-03-02,WRONG_LOCATION,URGENT,DISRUPTION
DIS-PF-00216,2026-09-03 21:18:49,DIS-ORD-00216,SKU-00463,B-07-03-01,NOT_FOUND,URGENT,DISRUPTION
DIS-PF-00968,2026-09-03 21:20:39,DIS-ORD-00968,SKU-01425,C-03-05-01,WRONG_LOCATION,HIGH,DISRUPTION
DIS-PF-00789,2026-09-03 21:21:38,DIS-ORD-00789,SKU-01352,E-10-02-02,WRONG_LOCATION,URGENT,DISRUPTION
DIS-PF-00630,2026-09-03 21:23:24,DIS-ORD-00630,SKU-01590,F-10-02-02,EMPTY_BIN,URGENT,DISRUPTION
DIS-PF-01096,2026-09-03 21:26:01,DIS-ORD-01096,SKU-00324,B-03-01-02,NOT_FOUND,HIGH,DISRUPTION
DIS-PF-00719,2026-09-03 21:26:45,DIS-ORD-00719,SKU-01552,C-01-01-01,WRONG_LOCATION,URGENT,DISRUPTION
DIS-PF-00619,2026-09-03 21:27:33,DIS-ORD-00619,SKU-00158,D-01-03-02,EMPTY_BIN,URGENT,DISRUPTION
DIS-PF-00114,2026-09-03 21:28:03,DIS-ORD-00114,SKU-00718,B-10-03-02,NOT_FOUND,HIGH,DISRUPTION
DIS-PF-00415,2026-09-03 21:28:21,DIS-ORD-00415,SKU-01185,B-08-01-01,WRONG_LOCATION,URGENT,DISRUPTION
DIS-PF-00931,2026-09-03 21:28:22,DIS-ORD-00931,SKU-00607,F-01-04-01,NOT_FOUND,URGENT,DISRUPTION
DIS-PF-00057,2026-09-03 21:31:45,DIS-ORD-00057,SKU-01540,C-08-01-01,NOT_FOUND,URGENT,DISRUPTION
DIS-PF-00511,2026-09-03 21:32:07,DIS-ORD-00511,SKU-00679,C-03-01-01,NOT_FOUND,URGENT,DISRUPTION
DIS-PF-01047,2026-09-03 21:34:35,DIS-ORD-01047,SKU-01481,E-09-05-02,NOT_FOUND,URGENT,DISRUPTION
DIS-PF-00242,2026-09-03 21:35:06,DIS-ORD-00242,SKU-00316,A-07-03-02,NOT_FOUND,URGENT,DISRUPTION
DIS-PF-00602,2026-09-03 21:35:40,DIS-ORD-00602,SKU-00410,F-05-02-01,NOT_FOUND,HIGH,DISRUPTION
DIS-PF-01158,2026-09-03 21:39:32,DIS-ORD-01158,SKU-01238,A-10-04-01,WRONG_LOCATION,URGENT,DISRUPTION
DIS-PF-01126,2026-09-03 21:41:09,DIS-ORD-01126,SKU-00226,F-05-02-02,WRONG_LOCATION,URGENT,DISRUPTION
DIS-PF-00210,2026-09-03 21:42:01,DIS-ORD-00210,SKU-00923,A-09-02-01,EMPTY_BIN,URGENT,DISRUPTION
DIS-PF-00335,2026-09-03 21:42:33,DIS-ORD-00335,SKU-01234,A-05-03-01,WRONG_LOCATION,URGENT,DISRUPTION
DIS-PF-00177,2026-09-03 21:43:58,DIS-ORD-00177,SKU-00042,D-04-01-02,EMPTY_BIN,URGENT,DISRUPTION
DIS-PF-00042,2026-09-03 21:44:38,DIS-ORD-00042,SKU-00735,D-10-03-02,WRONG_LOCATION,URGENT,DISRUPTION
DIS-PF-01185,2026-09-03 21:45:01,DIS-ORD-01185,SKU-00772,D-08-01-01,EMPTY_BIN,HIGH,DISRUPTION
DIS-PF-00600,2026-09-03 21:45:22,DIS-ORD-00600,SKU-00463,B-07-03-01,EMPTY_BIN,HIGH,DISRUPTION
DIS-PF-00906,2026-09-03 21:45:25,DIS-ORD-00906,SKU-00471,F-09-03-01,WRONG_LOCATION,HIGH,DISRUPTION
DIS-PF-00280,2026-09-03 21:47:45,DIS-ORD-00280,SKU-00957,D-04-01-02,NOT_FOUND,URGENT,DISRUPTION
DIS-PF-00603,2026-09-03 21:49:32,DIS-ORD-00603,SKU-00563,E-01-02-01,EMPTY_BIN,HIGH,DISRUPTION
DIS-PF-01049,2026-09-03 21:50:58,DIS-ORD-01049,SKU-00852,E-08-04-02,NOT_FOUND,URGENT,DISRUPTION
DIS-PF-00512,2026-09-03 21:52:50,DIS-ORD-00512,SKU-00144,C-08-01-02,NOT_FOUND,URGENT,DISRUPTION
DIS-PF-00614,2026-09-03 21:54:12,DIS-ORD-00614,SKU-01244,F-09-05-02,NOT_FOUND,HIGH,DISRUPTION
DIS-PF-00436,2026-09-03 21:54:26,DIS-ORD-00436,SKU-00332,B-05-02-02,EMPTY_BIN,URGENT,DISRUPTION
DIS-PF-00734,2026-09-03 21:54:50,DIS-ORD-00734,SKU-01841,A-02-01-01,WRONG_LOCATION,HIGH,DISRUPTION
DIS-PF-00729,2026-09-03 21:57:37,DIS-ORD-00729,SKU-00998,B-10-03-01,WRONG_LOCATION,URGENT,DISRUPTION
DIS-PF-00993,2026-09-03 21:58:02,DIS-ORD-00993,SKU-00129,F-05-02-01,WRONG_LOCATION,HIGH,DISRUPTION
DIS-PF-00276,2026-09-03 21:59:22,DIS-ORD-00276,SKU-01030,D-03-05-01,NOT_FOUND,URGENT,DISRUPTION
DIS-PF-01186,2026-09-03 22:00:15,DIS-ORD-01186,SKU-01720,E-01-01-02,NOT_FOUND,URGENT,DISRUPTION
DIS-PF-00320,2026-09-03 22:00:30,DIS-ORD-00320,SKU-00377,F-07-05-02,NOT_FOUND,URGENT,DISRUPTION
DIS-PF-00209,2026-09-03 22:01:57,DIS-ORD-00209,SKU-00432,C-04-03-02,EMPTY_BIN,HIGH,DISRUPTION
DIS-PF-01135,2026-09-03 22:02:44,DIS-ORD-01135,SKU-00647,D-05-03-02,WRONG_LOCATION,URGENT,DISRUPTION
DIS-PF-00333,2026-09-03 22:04:59,DIS-ORD-00333,SKU-00510,D-02-01-01,EMPTY_BIN,URGENT,DISRUPTION
DIS-PF-00193,2026-09-03 22:07:45,DIS-ORD-00193,SKU-00042,D-04-01-02,NOT_FOUND,URGENT,DISRUPTION
DIS-PF-01085,2026-09-03 22:08:23,DIS-ORD-01085,SKU-00324,B-03-01-02,WRONG_LOCATION,URGENT,DISRUPTION
DIS-PF-00471,2026-09-03 22:10:25,DIS-ORD-00471,SKU-01534,E-07-01-01,WRONG_LOCATION,URGENT,DISRUPTION
DIS-PF-01099,2026-09-03 22:10:45,DIS-ORD-01099,SKU-00654,B-01-01-02,EMPTY_BIN,URGENT,DISRUPTION
DIS-PF-00662,2026-09-03 22:11:40,DIS-ORD-00662,SKU-00399,D-08-03-01,EMPTY_BIN,HIGH,DISRUPTION
DIS-PF-00142,2026-09-03 22:12:40,DIS-ORD-00142,SKU-00712,E-10-03-01,WRONG_LOCATION,HIGH,DISRUPTION
DIS-PF-01109,2026-09-03 22:15:29,DIS-ORD-01109,SKU-00852,E-08-04-02,NOT_FOUND,URGENT,DISRUPTION
DIS-PF-00074,2026-09-03 22:17:43,DIS-ORD-00074,SKU-01720,E-01-01-02,EMPTY_BIN,URGENT,DISRUPTION
DIS-PF-00903,2026-09-03 22:18:57,DIS-ORD-00903,SKU-00896,D-07-04-02,EMPTY_BIN,URGENT,DISRUPTION
DIS-PF-00123,2026-09-03 22:20:48,DIS-ORD-00123,SKU-00386,E-06-04-02,WRONG_LOCATION,URGENT,DISRUPTION
DIS-PF-00016,2026-09-03 22:21:30,DIS-ORD-00016,SKU-00297,F-04-05-02,NOT_FOUND,URGENT,DISRUPTION
DIS-PF-01068,2026-09-03 22:29:09,DIS-ORD-01068,SKU-00186,E-10-03-01,EMPTY_BIN,HIGH,DISRUPTION
DIS-PF-00823,2026-09-03 22:30:50,DIS-ORD-00823,SKU-00356,E-03-03-02,NOT_FOUND,URGENT,DISRUPTION
DIS-PF-00581,2026-09-03 22:32:21,DIS-ORD-00581,SKU-00294,E-09-05-02,NOT_FOUND,URGENT,DISRUPTION
DIS-PF-01078,2026-09-03 22:32:23,DIS-ORD-01078,SKU-01302,A-06-04-02,EMPTY_BIN,URGENT,DISRUPTION
DIS-PF-00419,2026-09-03 22:33:01,DIS-ORD-00419,SKU-00027,B-05-04-01,EMPTY_BIN,URGENT,DISRUPTION
DIS-PF-00048,2026-09-03 22:39:23,DIS-ORD-00048,SKU-00377,F-07-05-02,WRONG_LOCATION,URGENT,DISRUPTION
DIS-PF-00205,2026-09-03 22:39:23,DIS-ORD-00205,SKU-01112,B-07-03-01,EMPTY_BIN,URGENT,DISRUPTION
DIS-PF-01108,2026-09-03 22:39:54,DIS-ORD-01108,SKU-01841,A-02-01-01,EMPTY_BIN,HIGH,DISRUPTION
DIS-PF-00733,2026-09-03 22:41:37,DIS-ORD-00733,SKU-01632,A-03-05-02,NOT_FOUND,HIGH,DISRUPTION
DIS-PF-00295,2026-09-03 22:42:16,DIS-ORD-00295,SKU-01894,C-06-03-02,EMPTY_BIN,URGENT,DISRUPTION
DIS-PF-00053,2026-09-03 22:42:28,DIS-ORD-00053,SKU-01841,A-02-01-01,EMPTY_BIN,URGENT,DISRUPTION
DIS-PF-00850,2026-09-03 22:44:40,DIS-ORD-00850,SKU-00517,F-08-01-02,WRONG_LOCATION,URGENT,DISRUPTION
DIS-PF-00211,2026-09-03 22:45:32,DIS-ORD-00211,SKU-00346,A-02-01-01,EMPTY_BIN,HIGH,DISRUPTION
DIS-PF-01036,2026-09-03 22:49:13,DIS-ORD-01036,SKU-01295,A-03-02-01,WRONG_LOCATION,URGENT,DISRUPTION
DIS-PF-00711,2026-09-03 22:49:38,DIS-ORD-00711,SKU-01973,D-09-02-01,EMPTY_BIN,HIGH,DISRUPTION
DIS-PF-00337,2026-09-03 22:51:30,DIS-ORD-00337,SKU-01840,D-09-05-02,WRONG_LOCATION,URGENT,DISRUPTION
DIS-PF-00073,2026-09-03 22:51:32,DIS-ORD-00073,SKU-00673,B-09-01-02,NOT_FOUND,HIGH,DISRUPTION
DIS-PF-00706,2026-09-03 22:54:24,DIS-ORD-00706,SKU-00953,C-03-03-01,NOT_FOUND,HIGH,DISRUPTION
DIS-PF-01181,2026-09-03 22:57:59,DIS-ORD-01181,SKU-01894,C-06-03-02,EMPTY_BIN,HIGH,DISRUPTION
DIS-PF-00992,2026-09-03 22:58:35,DIS-ORD-00992,SKU-00238,A-08-02-02,NOT_FOUND,URGENT,DISRUPTION
DIS-PF-00743,2026-09-03 22:59:04,DIS-ORD-00743,SKU-01552,C-01-01-01,WRONG_LOCATION,URGENT,DISRUPTION
DIS-PF-00141,2026-09-03 23:00:35,DIS-ORD-00141,SKU-01234,A-05-03-01,NOT_FOUND,URGENT,DISRUPTION
DIS-PF-00376,2026-09-03 23:02:10,DIS-ORD-00376,SKU-00538,E-05-03-01,EMPTY_BIN,URGENT,DISRUPTION
DIS-PF-00537,2026-09-03 23:02:46,DIS-ORD-00537,SKU-01270,D-04-01-01,WRONG_LOCATION,HIGH,DISRUPTION
DIS-PF-00554,2026-09-03 23:02:49,DIS-ORD-00554,SKU-00998,B-10-03-01,WRONG_LOCATION,HIGH,DISRUPTION
DIS-PF-00988,2026-09-03 23:04:53,DIS-ORD-00988,SKU-00346,A-02-01-01,WRONG_LOCATION,URGENT,DISRUPTION
DIS-PF-00220,2026-09-03 23:05:01,DIS-ORD-00220,SKU-01192,F-07-05-02,WRONG_LOCATION,HIGH,DISRUPTION
DIS-PF-01094,2026-09-03 23:05:36,DIS-ORD-01094,SKU-00719,E-06-02-01,EMPTY_BIN,HIGH,DISRUPTION
DIS-PF-00559,2026-09-03 23:06:07,DIS-ORD-00559,SKU-01332,F-03-01-01,EMPTY_BIN,URGENT,DISRUPTION
DIS-PF-01095,2026-09-03 23:09:36,DIS-ORD-01095,SKU-00265,A-05-03-02,EMPTY_BIN,URGENT,DISRUPTION
DIS-PF-00010,2026-09-03 23:10:46,DIS-ORD-00010,SKU-01157,D-01-05-02,WRONG_LOCATION,URGENT,DISRUPTION
DIS-PF-00759,2026-09-03 23:10:50,DIS-ORD-00759,SKU-00471,F-09-03-01,EMPTY_BIN,URGENT,DISRUPTION
DIS-PF-00059,2026-09-03 23:15:31,DIS-ORD-00059,SKU-00957,D-04-01-02,WRONG_LOCATION,URGENT,DISRUPTION
DIS-PF-01177,2026-09-03 23:15:47,DIS-ORD-01177,SKU-00293,D-09-01-01,WRONG_LOCATION,URGENT,DISRUPTION
DIS-PF-00029,2026-09-03 23:18:14,DIS-ORD-00029,SKU-01810,E-04-04-02,WRONG_LOCATION,URGENT,DISRUPTION
DIS-PF-00115,2026-09-03 23:20:47,DIS-ORD-00115,SKU-02000,E-07-03-01,EMPTY_BIN,HIGH,DISRUPTION
DIS-PF-01198,2026-09-03 23:21:16,DIS-ORD-01198,SKU-01572,C-10-03-01,WRONG_LOCATION,URGENT,DISRUPTION
DIS-PF-00911,2026-09-03 23:22:44,DIS-ORD-00911,SKU-00751,B-07-04-01,EMPTY_BIN,URGENT,DISRUPTION
DIS-PF-01145,2026-09-03 23:22:49,DIS-ORD-01145,SKU-01720,E-01-01-02,NOT_FOUND,URGENT,DISRUPTION
DIS-PF-00002,2026-09-03 23:23:12,DIS-ORD-00002,SKU-01897,D-01-03-02,EMPTY_BIN,HIGH,DISRUPTION
DIS-PF-00263,2026-09-03 23:23:56,DIS-ORD-00263,SKU-00607,F-01-04-01,NOT_FOUND,URGENT,DISRUPTION
DIS-PF-00785,2026-09-03 23:24:16,DIS-ORD-00785,SKU-00229,C-09-04-02,EMPTY_BIN,URGENT,DISRUPTION
DIS-PF-00571,2026-09-03 23:25:12,DIS-ORD-00571,SKU-01534,E-07-01-01,WRONG_LOCATION,HIGH,DISRUPTION
DIS-PF-00510,2026-09-03 23:27:11,DIS-ORD-00510,SKU-01575,E-05-04-02,EMPTY_BIN,URGENT,DISRUPTION
DIS-PF-01033,2026-09-03 23:27:49,DIS-ORD-01033,SKU-01527,C-05-04-01,EMPTY_BIN,URGENT,DISRUPTION
DIS-PF-00215,2026-09-03 23:28:12,DIS-ORD-00215,SKU-02000,E-07-03-01,WRONG_LOCATION,URGENT,DISRUPTION
DIS-PF-00904,2026-09-03 23:31:56,DIS-ORD-00904,SKU-00725,E-06-05-01,WRONG_LOCATION,URGENT,DISRUPTION
DIS-PF-00218,2026-09-03 23:32:14,DIS-ORD-00218,SKU-01894,C-06-03-02,NOT_FOUND,HIGH,DISRUPTION
DIS-PF-00898,2026-09-03 23:32:56,DIS-ORD-00898,SKU-00486,F-01-03-02,WRONG_LOCATION,HIGH,DISRUPTION
DIS-PF-00883,2026-09-03 23:34:00,DIS-ORD-00883,SKU-01927,E-02-05-01,WRONG_LOCATION,URGENT,DISRUPTION
DIS-PF-00188,2026-09-03 23:34:57,DIS-ORD-00188,SKU-01572,C-10-03-01,WRONG_LOCATION,URGENT,DISRUPTION
DIS-PF-00467,2026-09-03 23:40:19,DIS-ORD-00467,SKU-00160,B-03-02-01,EMPTY_BIN,URGENT,DISRUPTION
DIS-PF-00306,2026-09-03 23:40:51,DIS-ORD-00306,SKU-00332,B-05-02-02,EMPTY_BIN,URGENT,DISRUPTION
DIS-PF-00192,2026-09-03 23:41:55,DIS-ORD-00192,SKU-00148,A-03-04-01,WRONG_LOCATION,URGENT,DISRUPTION
DIS-PF-00641,2026-09-03 23:42:42,DIS-ORD-00641,SKU-00368,D-07-03-01,NOT_FOUND,URGENT,DISRUPTION
DIS-PF-00765,2026-09-03 23:44:12,DIS-ORD-00765,SKU-00357,C-05-01-02,EMPTY_BIN,URGENT,DISRUPTION
DIS-PF-00671,2026-09-03 23:45:24,DIS-ORD-00671,SKU-01102,B-10-05-01,EMPTY_BIN,HIGH,DISRUPTION
DIS-PF-01105,2026-09-03 23:47:59,DIS-ORD-01105,SKU-00297,F-04-05-02,WRONG_LOCATION,URGENT,DISRUPTION
DIS-PF-00668,2026-09-03 23:48:13,DIS-ORD-00668,SKU-01654,E-01-02-02,EMPTY_BIN,URGENT,DISRUPTION
DIS-PF-00166,2026-09-03 23:49:52,DIS-ORD-00166,SKU-00769,A-02-04-01,NOT_FOUND,URGENT,DISRUPTION
DIS-PF-00889,2026-09-03 23:50:44,DIS-ORD-00889,SKU-01846,F-02-04-02,EMPTY_BIN,URGENT,DISRUPTION
DIS-PF-00912,2026-09-03 23:50:46,DIS-ORD-00912,SKU-00316,A-07-03-02,NOT_FOUND,URGENT,DISRUPTION
DIS-PF-00838,2026-09-03 23:51:41,DIS-ORD-00838,SKU-00999,E-04-03-01,EMPTY_BIN,URGENT,DISRUPTION
DIS-PF-00704,2026-09-03 23:53:19,DIS-ORD-00704,SKU-01654,E-01-02-02,EMPTY_BIN,URGENT,DISRUPTION
DIS-PF-00732,2026-09-03 23:53:50,DIS-ORD-00732,SKU-01852,A-07-04-01,EMPTY_BIN,HIGH,DISRUPTION
DIS-PF-00841,2026-09-03 23:54:02,DIS-ORD-00841,SKU-00541,E-05-02-01,EMPTY_BIN,URGENT,DISRUPTION
DIS-PF-00986,2026-09-03 23:54:06,DIS-ORD-00986,SKU-00654,B-01-01-02,WRONG_LOCATION,URGENT,DISRUPTION
DIS-PF-00791,2026-09-03 23:54:15,DIS-ORD-00791,SKU-00324,B-03-01-02,WRONG_LOCATION,URGENT,DISRUPTION
DIS-PF-00673,2026-09-03 23:54:42,DIS-ORD-00673,SKU-00316,A-07-03-02,NOT_FOUND,HIGH,DISRUPTION
DIS-PF-00774,2026-09-03 23:56:23,DIS-ORD-00774,SKU-01546,A-06-03-02,EMPTY_BIN,HIGH,DISRUPTION
DIS-PF-01070,2026-09-03 23:57:11,DIS-ORD-01070,SKU-01234,A-05-03-01,EMPTY_BIN,URGENT,DISRUPTION
DIS-PF-00102,2026-09-03 23:57:48,DIS-ORD-00102,SKU-01337,E-05-05-02,EMPTY_BIN,URGENT,DISRUPTION
DIS-PF-00126,2026-09-03 23:58:11,DIS-ORD-00126,SKU-00719,E-06-02-01,WRONG_LOCATION,URGENT,DISRUPTION
DIS-PF-00592,2026-09-03 23:58:52,DIS-ORD-00592,SKU-00238,A-08-02-02,NOT_FOUND,HIGH,DISRUPTION
DIS-PF-00101,2026-09-04 00:00:52,DIS-ORD-00101,SKU-00297,F-04-05-02,EMPTY_BIN,HIGH,DISRUPTION
DIS-PF-00545,2026-09-04 00:03:39,DIS-ORD-00545,SKU-00124,E-03-02-01,NOT_FOUND,URGENT,DISRUPTION
DIS-PF-00001,2026-09-04 00:03:52,DIS-ORD-00001,SKU-01469,B-06-05-02,EMPTY_BIN,HIGH,DISRUPTION
DIS-PF-01122,2026-09-04 00:04:17,DIS-ORD-01122,SKU-00900,E-06-01-01,WRONG_LOCATION,HIGH,DISRUPTION
DIS-PF-00961,2026-09-04 00:04:44,DIS-ORD-00961,SKU-00565,B-10-03-02,EMPTY_BIN,HIGH,DISRUPTION
DIS-PF-00872,2026-09-04 00:05:09,DIS-ORD-00872,SKU-01393,C-10-05-01,EMPTY_BIN,URGENT,DISRUPTION
DIS-PF-01009,2026-09-04 00:06:45,DIS-ORD-01009,SKU-00654,B-01-01-02,NOT_FOUND,URGENT,DISRUPTION
DIS-PF-00185,2026-09-04 00:07:16,DIS-ORD-00185,SKU-00002,B-06-02-02,EMPTY_BIN,HIGH,DISRUPTION
DIS-PF-01054,2026-09-04 00:08:53,DIS-ORD-01054,SKU-00361,D-04-04-01,WRONG_LOCATION,HIGH,DISRUPTION
DIS-PF-01023,2026-09-04 00:10:50,DIS-ORD-01023,SKU-00839,B-03-05-01,WRONG_LOCATION,URGENT,DISRUPTION
DIS-PF-01114,2026-09-04 00:11:04,DIS-ORD-01114,SKU-00209,D-05-03-02,EMPTY_BIN,URGENT,DISRUPTION
DIS-PF-00560,2026-09-04 00:12:43,DIS-ORD-00560,SKU-00158,D-01-03-02,NOT_FOUND,HIGH,DISRUPTION
DIS-PF-00606,2026-09-04 00:12:47,DIS-ORD-00606,SKU-00144,C-08-01-02,WRONG_LOCATION,URGENT,DISRUPTION
DIS-PF-00716,2026-09-04 00:12:55,DIS-ORD-00716,SKU-01927,E-02-05-01,EMPTY_BIN,URGENT,DISRUPTION
DIS-PF-00578,2026-09-04 00:14:15,DIS-ORD-00578,SKU-00101,B-02-03-02,NOT_FOUND,HIGH,DISRUPTION
DIS-PF-01051,2026-09-04 00:16:23,DIS-ORD-01051,SKU-01112,B-07-03-01,WRONG_LOCATION,URGENT,DISRUPTION
DIS-PF-00190,2026-09-04 00:24:56,DIS-ORD-00190,SKU-01425,C-03-05-01,WRONG_LOCATION,HIGH,DISRUPTION
DIS-PF-01081,2026-09-04 00:27:26,DIS-ORD-01081,SKU-00432,C-04-03-02,EMPTY_BIN,URGENT,DISRUPTION
DIS-PF-00519,2026-09-04 00:30:37,DIS-ORD-00519,SKU-00718,B-10-03-02,WRONG_LOCATION,HIGH,DISRUPTION
DIS-PF-00665,2026-09-04 00:30:57,DIS-ORD-00665,SKU-00410,F-05-02-01,EMPTY_BIN,URGENT,DISRUPTION
DIS-PF-00299,2026-09-04 00:32:06,DIS-ORD-00299,SKU-00735,D-10-03-02,WRONG_LOCATION,URGENT,DISRUPTION
DIS-PF-00777,2026-09-04 00:34:50,DIS-ORD-00777,SKU-01575,E-05-04-02,NOT_FOUND,URGENT,DISRUPTION
DIS-PF-00003,2026-09-04 00:34:57,DIS-ORD-00003,SKU-01087,D-02-04-02,NOT_FOUND,URGENT,DISRUPTION
DIS-PF-00739,2026-09-04 00:35:05,DIS-ORD-00739,SKU-00170,F-04-05-01,NOT_FOUND,URGENT,DISRUPTION
DIS-PF-00151,2026-09-04 00:37:12,DIS-ORD-00151,SKU-00064,C-01-03-01,NOT_FOUND,URGENT,DISRUPTION
DIS-PF-00282,2026-09-04 00:39:33,DIS-ORD-00282,SKU-01411,E-07-04-01,NOT_FOUND,URGENT,DISRUPTION
DIS-PF-00563,2026-09-04 00:42:48,DIS-ORD-00563,SKU-00379,E-05-02-01,WRONG_LOCATION,URGENT,DISRUPTION
DIS-PF-00760,2026-09-04 00:43:06,DIS-ORD-00760,SKU-00149,B-03-03-01,WRONG_LOCATION,URGENT,DISRUPTION
DIS-PF-01152,2026-09-04 00:43:47,DIS-ORD-01152,SKU-01860,C-01-01-01,EMPTY_BIN,HIGH,DISRUPTION
DIS-PF-00427,2026-09-04 00:44:03,DIS-ORD-00427,SKU-00999,E-04-03-01,EMPTY_BIN,URGENT,DISRUPTION
DIS-PF-00174,2026-09-04 00:44:08,DIS-ORD-00174,SKU-00719,E-06-02-01,WRONG_LOCATION,URGENT,DISRUPTION
DIS-PF-00610,2026-09-04 00:44:13,DIS-ORD-00610,SKU-00770,F-10-02-02,WRONG_LOCATION,URGENT,DISRUPTION
DIS-PF-01154,2026-09-04 00:44:19,DIS-ORD-01154,SKU-01112,B-07-03-01,EMPTY_BIN,URGENT,DISRUPTION
DIS-PF-00557,2026-09-04 00:47:06,DIS-ORD-00557,SKU-00517,F-08-01-02,WRONG_LOCATION,HIGH,DISRUPTION
DIS-PF-01115,2026-09-04 00:47:27,DIS-ORD-01115,SKU-01393,C-10-05-01,WRONG_LOCATION,URGENT,DISRUPTION
DIS-PF-00825,2026-09-04 00:48:20,DIS-ORD-00825,SKU-00957,D-04-01-02,WRONG_LOCATION,URGENT,DISRUPTION
DIS-PF-00450,2026-09-04 00:48:25,DIS-ORD-00450,SKU-01244,F-09-05-02,EMPTY_BIN,URGENT,DISRUPTION
DIS-PF-00888,2026-09-04 00:48:38,DIS-ORD-00888,SKU-00124,E-03-02-01,WRONG_LOCATION,URGENT,DISRUPTION
DIS-PF-00315,2026-09-04 00:50:54,DIS-ORD-00315,SKU-01033,A-10-05-02,NOT_FOUND,HIGH,DISRUPTION
DIS-PF-00655,2026-09-04 00:53:00,DIS-ORD-00655,SKU-00538,E-05-03-01,EMPTY_BIN,URGENT,DISRUPTION
DIS-PF-01022,2026-09-04 00:54:02,DIS-ORD-01022,SKU-00377,F-07-05-02,WRONG_LOCATION,URGENT,DISRUPTION
DIS-PF-00498,2026-09-04 00:54:09,DIS-ORD-00498,SKU-01810,E-04-04-02,EMPTY_BIN,URGENT,DISRUPTION
DIS-PF-00980,2026-09-04 00:54:32,DIS-ORD-00980,SKU-01632,A-03-05-02,EMPTY_BIN,URGENT,DISRUPTION
DIS-PF-00253,2026-09-04 00:57:59,DIS-ORD-00253,SKU-01469,B-06-05-02,EMPTY_BIN,URGENT,DISRUPTION
DIS-PF-00763,2026-09-04 01:00:05,DIS-ORD-00763,SKU-00839,B-03-05-01,WRONG_LOCATION,URGENT,DISRUPTION
DIS-PF-00788,2026-09-04 01:00:21,DIS-ORD-00788,SKU-00297,F-04-05-02,WRONG_LOCATION,URGENT,DISRUPTION
DIS-PF-01107,2026-09-04 01:06:18,DIS-ORD-01107,SKU-00953,C-03-03-01,EMPTY_BIN,URGENT,DISRUPTION
DIS-PF-00124,2026-09-04 01:06:37,DIS-ORD-00124,SKU-00219,F-09-04-02,WRONG_LOCATION,URGENT,DISRUPTION
DIS-PF-00534,2026-09-04 01:07:06,DIS-ORD-00534,SKU-01864,B-03-04-01,EMPTY_BIN,URGENT,DISRUPTION
DIS-PF-00813,2026-09-04 01:07:39,DIS-ORD-00813,SKU-00718,B-10-03-02,WRONG_LOCATION,URGENT,DISRUPTION
DIS-PF-01120,2026-09-04 01:07:48,DIS-ORD-01120,SKU-01112,B-07-03-01,NOT_FOUND,URGENT,DISRUPTION
DIS-PF-01005,2026-09-04 01:09:26,DIS-ORD-01005,SKU-01590,F-10-02-02,WRONG_LOCATION,URGENT,DISRUPTION
DIS-PF-00063,2026-09-04 01:09:27,DIS-ORD-00063,SKU-00469,D-04-01-01,NOT_FOUND,URGENT,DISRUPTION
DIS-PF-00370,2026-09-04 01:11:41,DIS-ORD-00370,SKU-01963,B-03-03-02,EMPTY_BIN,URGENT,DISRUPTION
DIS-PF-00319,2026-09-04 01:12:53,DIS-ORD-00319,SKU-00998,B-10-03-01,EMPTY_BIN,URGENT,DISRUPTION
DIS-PF-00812,2026-09-04 01:13:37,DIS-ORD-00812,SKU-01157,D-01-05-02,EMPTY_BIN,HIGH,DISRUPTION
DIS-PF-00914,2026-09-04 01:14:21,DIS-ORD-00914,SKU-00030,F-09-03-02,NOT_FOUND,URGENT,DISRUPTION
DIS-PF-00663,2026-09-04 01:14:59,DIS-ORD-00663,SKU-01539,F-03-03-02,EMPTY_BIN,URGENT,DISRUPTION
DIS-PF-01088,2026-09-04 01:15:49,DIS-ORD-01088,SKU-01534,E-07-01-01,EMPTY_BIN,URGENT,DISRUPTION
DIS-PF-00348,2026-09-04 01:16:05,DIS-ORD-00348,SKU-01260,A-06-01-02,EMPTY_BIN,URGENT,DISRUPTION
DIS-PF-01020,2026-09-04 01:17:48,DIS-ORD-01020,SKU-01981,F-06-03-02,WRONG_LOCATION,URGENT,DISRUPTION
DIS-PF-01041,2026-09-04 01:19:59,DIS-ORD-01041,SKU-00407,F-07-05-01,NOT_FOUND,HIGH,DISRUPTION
DIS-PF-00137,2026-09-04 01:20:14,DIS-ORD-00137,SKU-00510,D-02-01-01,WRONG_LOCATION,URGENT,DISRUPTION
DIS-PF-00344,2026-09-04 01:21:08,DIS-ORD-00344,SKU-00332,B-05-02-02,NOT_FOUND,HIGH,DISRUPTION
DIS-PF-00676,2026-09-04 01:23:49,DIS-ORD-00676,SKU-00072,F-05-02-01,NOT_FOUND,HIGH,DISRUPTION
DIS-PF-00878,2026-09-04 01:25:04,DIS-ORD-00878,SKU-01865,C-05-03-01,NOT_FOUND,HIGH,DISRUPTION
DIS-PF-00576,2026-09-04 01:25:06,DIS-ORD-00576,SKU-00769,A-02-04-01,EMPTY_BIN,URGENT,DISRUPTION
DIS-PF-00015,2026-09-04 01:27:35,DIS-ORD-00015,SKU-01838,D-02-01-01,EMPTY_BIN,URGENT,DISRUPTION
DIS-PF-00382,2026-09-04 01:28:01,DIS-ORD-00382,SKU-00064,C-01-03-01,NOT_FOUND,URGENT,DISRUPTION
DIS-PF-00797,2026-09-04 01:28:06,DIS-ORD-00797,SKU-00852,E-08-04-02,WRONG_LOCATION,URGENT,DISRUPTION
DIS-PF-00551,2026-09-04 01:29:48,DIS-ORD-00551,SKU-01302,A-06-04-02,NOT_FOUND,HIGH,DISRUPTION
DIS-PF-01176,2026-09-04 01:30:35,DIS-ORD-01176,SKU-00030,F-09-03-02,WRONG_LOCATION,URGENT,DISRUPTION
DIS-PF-00201,2026-09-04 01:33:19,DIS-ORD-00201,SKU-00755,E-02-02-01,WRONG_LOCATION,URGENT,DISRUPTION
DIS-PF-00454,2026-09-04 01:34:43,DIS-ORD-00454,SKU-00346,A-02-01-01,EMPTY_BIN,URGENT,DISRUPTION
DIS-PF-00552,2026-09-04 01:38:17,DIS-ORD-00552,SKU-01190,C-06-04-02,NOT_FOUND,HIGH,DISRUPTION
DIS-PF-00235,2026-09-04 01:41:12,DIS-ORD-00235,SKU-00193,B-01-04-01,WRONG_LOCATION,URGENT,DISRUPTION
DIS-PF-00359,2026-09-04 01:41:31,DIS-ORD-00359,SKU-01190,C-06-04-02,EMPTY_BIN,HIGH,DISRUPTION
DIS-PF-01166,2026-09-04 01:47:47,DIS-ORD-01166,SKU-01102,B-10-05-01,WRONG_LOCATION,HIGH,DISRUPTION
DIS-PF-01053,2026-09-04 01:48:09,DIS-ORD-01053,SKU-01590,F-10-02-02,NOT_FOUND,HIGH,DISRUPTION
DIS-PF-00996,2026-09-04 01:49:41,DIS-ORD-00996,SKU-00471,F-09-03-01,EMPTY_BIN,URGENT,DISRUPTION
DIS-PF-00392,2026-09-04 01:51:11,DIS-ORD-00392,SKU-00144,C-08-01-02,EMPTY_BIN,HIGH,DISRUPTION
DIS-PF-00956,2026-09-04 01:51:19,DIS-ORD-00956,SKU-01072,B-05-03-02,NOT_FOUND,HIGH,DISRUPTION
DIS-PF-00291,2026-09-04 01:52:19,DIS-ORD-00291,SKU-00535,F-07-04-02,EMPTY_BIN,HIGH,DISRUPTION
DIS-PF-01151,2026-09-04 01:53:01,DIS-ORD-01151,SKU-00965,B-05-03-01,NOT_FOUND,URGENT,DISRUPTION
DIS-PF-00318,2026-09-04 01:53:24,DIS-ORD-00318,SKU-00918,D-09-04-02,NOT_FOUND,HIGH,DISRUPTION
DIS-PF-00924,2026-09-04 01:54:31,DIS-ORD-00924,SKU-01897,D-01-03-02,EMPTY_BIN,URGENT,DISRUPTION
DIS-PF-00778,2026-09-04 01:55:24,DIS-ORD-00778,SKU-00022,D-02-03-01,NOT_FOUND,URGENT,DISRUPTION
DIS-PF-01143,2026-09-04 01:55:54,DIS-ORD-01143,SKU-01337,E-05-05-02,EMPTY_BIN,URGENT,DISRUPTION
DIS-PF-00189,2026-09-04 01:56:13,DIS-ORD-00189,SKU-00735,D-10-03-02,WRONG_LOCATION,HIGH,DISRUPTION
DIS-PF-00404,2026-09-04 01:56:15,DIS-ORD-00404,SKU-00147,E-02-01-02,NOT_FOUND,URGENT,DISRUPTION
DIS-PF-00094,2026-09-04 01:56:24,DIS-ORD-00094,SKU-00627,F-09-01-01,NOT_FOUND,URGENT,DISRUPTION
DIS-PF-00740,2026-09-04 01:57:22,DIS-ORD-00740,SKU-00967,D-02-04-01,EMPTY_BIN,HIGH,DISRUPTION
DIS-PF-00136,2026-09-04 01:57:34,DIS-ORD-00136,SKU-01006,B-04-01-02,EMPTY_BIN,URGENT,DISRUPTION
DIS-PF-00780,2026-09-04 01:57:51,DIS-ORD-00780,SKU-00923,A-09-02-01,NOT_FOUND,HIGH,DISRUPTION
DIS-PF-00150,2026-09-04 01:59:55,DIS-ORD-00150,SKU-00772,D-08-01-01,EMPTY_BIN,URGENT,DISRUPTION
DIS-PF-00900,2026-09-04 02:01:49,DIS-ORD-00900,SKU-01519,D-08-01-01,EMPTY_BIN,URGENT,DISRUPTION
DIS-PF-00394,2026-09-04 02:03:00,DIS-ORD-00394,SKU-00238,A-08-02-02,NOT_FOUND,HIGH,DISRUPTION
DIS-PF-00145,2026-09-04 02:03:12,DIS-ORD-00145,SKU-01072,B-05-03-02,NOT_FOUND,URGENT,DISRUPTION
DIS-PF-00460,2026-09-04 02:03:18,DIS-ORD-00460,SKU-00965,B-05-03-01,EMPTY_BIN,URGENT,DISRUPTION
DIS-PF-00267,2026-09-04 02:04:16,DIS-ORD-00267,SKU-01534,E-07-01-01,WRONG_LOCATION,URGENT,DISRUPTION
DIS-PF-01026,2026-09-04 02:04:31,DIS-ORD-01026,SKU-01963,B-03-03-02,EMPTY_BIN,URGENT,DISRUPTION
DIS-PF-00623,2026-09-04 02:05:14,DIS-ORD-00623,SKU-00332,B-05-02-02,WRONG_LOCATION,URGENT,DISRUPTION
DIS-PF-00052,2026-09-04 02:06:55,DIS-ORD-00052,SKU-00124,E-03-02-01,WRONG_LOCATION,URGENT,DISRUPTION
DIS-PF-00864,2026-09-04 02:07:29,DIS-ORD-00864,SKU-00002,B-06-02-02,WRONG_LOCATION,URGENT,DISRUPTION
DIS-PF-00989,2026-09-04 02:10:52,DIS-ORD-00989,SKU-01724,F-07-01-01,WRONG_LOCATION,URGENT,DISRUPTION
DIS-PF-00472,2026-09-04 02:12:01,DIS-ORD-00472,SKU-00888,B-07-05-01,EMPTY_BIN,HIGH,DISRUPTION
DIS-PF-01061,2026-09-04 02:14:56,DIS-ORD-01061,SKU-00545,F-01-01-02,WRONG_LOCATION,HIGH,DISRUPTION
DIS-PF-00301,2026-09-04 02:16:40,DIS-ORD-00301,SKU-00357,C-05-01-02,WRONG_LOCATION,URGENT,DISRUPTION
DIS-PF-00846,2026-09-04 02:18:48,DIS-ORD-00846,SKU-00535,F-07-04-02,NOT_FOUND,URGENT,DISRUPTION
DIS-PF-00943,2026-09-04 02:20:36,DIS-ORD-00943,SKU-01540,C-08-01-01,NOT_FOUND,URGENT,DISRUPTION
DIS-PF-01116,2026-09-04 02:21:03,DIS-ORD-01116,SKU-01270,D-04-01-01,WRONG_LOCATION,URGENT,DISRUPTION
DIS-PF-00195,2026-09-04 02:22:05,DIS-ORD-00195,SKU-01927,E-02-05-01,EMPTY_BIN,URGENT,DISRUPTION
DIS-PF-00518,2026-09-04 02:24:13,DIS-ORD-00518,SKU-01295,A-03-02-01,NOT_FOUND,URGENT,DISRUPTION
DIS-PF-00647,2026-09-04 02:24:30,DIS-ORD-00647,SKU-00209,D-05-03-02,EMPTY_BIN,URGENT,DISRUPTION
DIS-PF-01159,2026-09-04 02:24:35,DIS-ORD-01159,SKU-01650,A-08-03-02,WRONG_LOCATION,URGENT,DISRUPTION
DIS-PF-00717,2026-09-04 02:26:33,DIS-ORD-00717,SKU-01810,E-04-04-02,NOT_FOUND,URGENT,DISRUPTION
DIS-PF-00830,2026-09-04 02:29:11,DIS-ORD-00830,SKU-01339,C-03-02-02,EMPTY_BIN,URGENT,DISRUPTION
DIS-PF-01157,2026-09-04 02:30:06,DIS-ORD-01157,SKU-01274,D-08-01-02,WRONG_LOCATION,HIGH,DISRUPTION
DIS-PF-00567,2026-09-04 02:31:13,DIS-ORD-00567,SKU-00170,F-04-05-01,NOT_FOUND,HIGH,DISRUPTION
DIS-PF-01192,2026-09-04 02:33:52,DIS-ORD-01192,SKU-00909,F-01-04-01,WRONG_LOCATION,URGENT,DISRUPTION
DIS-PF-00099,2026-09-04 02:35:12,DIS-ORD-00099,SKU-00533,E-03-01-02,EMPTY_BIN,URGENT,DISRUPTION
DIS-PF-00577,2026-09-04 02:36:18,DIS-ORD-00577,SKU-01319,B-05-04-02,EMPTY_BIN,URGENT,DISRUPTION
DIS-PF-01178,2026-09-04 02:41:36,DIS-ORD-01178,SKU-01339,C-03-02-02,EMPTY_BIN,HIGH,DISRUPTION
DIS-PF-00483,2026-09-04 02:42:21,DIS-ORD-00483,SKU-00400,C-10-05-01,EMPTY_BIN,URGENT,DISRUPTION
DIS-PF-00634,2026-09-04 02:42:29,DIS-ORD-00634,SKU-00701,E-06-02-01,WRONG_LOCATION,URGENT,DISRUPTION
DIS-PF-00509,2026-09-04 02:43:03,DIS-ORD-00509,SKU-00998,B-10-03-01,EMPTY_BIN,URGENT,DISRUPTION
DIS-PF-01146,2026-09-04 02:43:06,DIS-ORD-01146,SKU-01261,A-01-03-02,WRONG_LOCATION,HIGH,DISRUPTION
DIS-PF-00064,2026-09-04 02:43:35,DIS-ORD-00064,SKU-00782,D-09-01-02,NOT_FOUND,HIGH,DISRUPTION
DIS-PF-00990,2026-09-04 02:43:47,DIS-ORD-00990,SKU-00822,F-04-01-01,WRONG_LOCATION,URGENT,DISRUPTION
DIS-PF-00679,2026-09-04 02:43:52,DIS-ORD-00679,SKU-00896,D-07-04-02,EMPTY_BIN,URGENT,DISRUPTION
DIS-PF-00207,2026-09-04 02:44:33,DIS-ORD-00207,SKU-01840,D-09-05-02,WRONG_LOCATION,HIGH,DISRUPTION
DIS-PF-00824,2026-09-04 02:44:35,DIS-ORD-00824,SKU-00124,E-03-02-01,EMPTY_BIN,HIGH,DISRUPTION
DIS-PF-00117,2026-09-04 02:48:18,DIS-ORD-00117,SKU-00957,D-04-01-02,NOT_FOUND,URGENT,DISRUPTION
DIS-PF-00965,2026-09-04 02:49:40,DIS-ORD-00965,SKU-00942,B-05-05-01,WRONG_LOCATION,URGENT,DISRUPTION
DIS-PF-00727,2026-09-04 02:49:47,DIS-ORD-00727,SKU-00027,B-05-04-01,NOT_FOUND,URGENT,DISRUPTION
DIS-PF-00744,2026-09-04 02:50:16,DIS-ORD-00744,SKU-01085,C-03-02-02,WRONG_LOCATION,HIGH,DISRUPTION
DIS-PF-00443,2026-09-04 02:50:18,DIS-ORD-00443,SKU-01091,A-08-04-02,EMPTY_BIN,HIGH,DISRUPTION
DIS-PF-00214,2026-09-04 02:50:32,DIS-ORD-00214,SKU-01534,E-07-01-01,WRONG_LOCATION,HIGH,DISRUPTION
DIS-PF-00505,2026-09-04 02:52:32,DIS-ORD-00505,SKU-01006,B-04-01-02,EMPTY_BIN,URGENT,DISRUPTION
DIS-PF-00132,2026-09-04 02:54:27,DIS-ORD-00132,SKU-00712,E-10-03-01,NOT_FOUND,URGENT,DISRUPTION
DIS-PF-01083,2026-09-04 02:57:01,DIS-ORD-01083,SKU-00361,D-04-04-01,WRONG_LOCATION,HIGH,DISRUPTION
DIS-PF-00165,2026-09-04 02:58:18,DIS-ORD-00165,SKU-00998,B-10-03-01,WRONG_LOCATION,HIGH,DISRUPTION
DIS-PF-00541,2026-09-04 02:58:31,DIS-ORD-00541,SKU-00042,D-04-01-02,NOT_FOUND,URGENT,DISRUPTION
DIS-PF-00006,2026-09-04 03:01:40,DIS-ORD-00006,SKU-00811,F-07-03-02,NOT_FOUND,HIGH,DISRUPTION
DIS-PF-00748,2026-09-04 03:03:05,DIS-ORD-00748,SKU-00160,B-03-02-01,NOT_FOUND,URGENT,DISRUPTION
DIS-PF-00019,2026-09-04 03:03:13,DIS-ORD-00019,SKU-00808,F-10-04-02,WRONG_LOCATION,URGENT,DISRUPTION
DIS-PF-00163,2026-09-04 03:03:43,DIS-ORD-00163,SKU-01572,C-10-03-01,NOT_FOUND,URGENT,DISRUPTION
DIS-PF-01130,2026-09-04 03:07:53,DIS-ORD-01130,SKU-00316,A-07-03-02,EMPTY_BIN,URGENT,DISRUPTION
DIS-PF-00249,2026-09-04 03:08:52,DIS-ORD-00249,SKU-01572,C-10-03-01,WRONG_LOCATION,URGENT,DISRUPTION
DIS-PF-00666,2026-09-04 03:08:52,DIS-ORD-00666,SKU-00719,E-06-02-01,NOT_FOUND,HIGH,DISRUPTION
DIS-PF-00910,2026-09-04 03:09:00,DIS-ORD-00910,SKU-00238,A-08-02-02,WRONG_LOCATION,HIGH,DISRUPTION
DIS-PF-00458,2026-09-04 03:10:36,DIS-ORD-00458,SKU-01527,C-05-04-01,WRONG_LOCATION,HIGH,DISRUPTION
DIS-PF-01175,2026-09-04 03:12:01,DIS-ORD-01175,SKU-00399,D-08-03-01,NOT_FOUND,URGENT,DISRUPTION
DIS-PF-00863,2026-09-04 03:13:15,DIS-ORD-00863,SKU-00022,D-02-03-01,EMPTY_BIN,URGENT,DISRUPTION
DIS-PF-01170,2026-09-04 03:13:34,DIS-ORD-01170,SKU-00321,C-02-04-02,EMPTY_BIN,URGENT,DISRUPTION
DIS-PF-00251,2026-09-04 03:14:07,DIS-ORD-00251,SKU-00942,B-05-05-01,NOT_FOUND,URGENT,DISRUPTION
DIS-PF-00171,2026-09-04 03:15:32,DIS-ORD-00171,SKU-00257,D-06-05-01,EMPTY_BIN,HIGH,DISRUPTION
DIS-PF-00399,2026-09-04 03:15:36,DIS-ORD-00399,SKU-01672,D-03-04-01,NOT_FOUND,URGENT,DISRUPTION
DIS-PF-00897,2026-09-04 03:15:47,DIS-ORD-00897,SKU-00868,B-01-03-01,NOT_FOUND,HIGH,DISRUPTION
DIS-PF-01142,2026-09-04 03:16:34,DIS-ORD-01142,SKU-01510,A-09-03-02,NOT_FOUND,URGENT,DISRUPTION
DIS-PF-00480,2026-09-04 03:18:53,DIS-ORD-00480,SKU-00725,E-06-05-01,WRONG_LOCATION,URGENT,DISRUPTION
DIS-PF-00154,2026-09-04 03:21:14,DIS-ORD-00154,SKU-00817,F-02-05-01,EMPTY_BIN,URGENT,DISRUPTION
DIS-PF-00612,2026-09-04 03:21:31,DIS-ORD-00612,SKU-00463,B-07-03-01,NOT_FOUND,URGENT,DISRUPTION
DIS-PF-00410,2026-09-04 03:21:48,DIS-ORD-00410,SKU-01786,F-02-05-02,WRONG_LOCATION,URGENT,DISRUPTION
DIS-PF-00129,2026-09-04 03:24:39,DIS-ORD-00129,SKU-01028,B-01-04-02,NOT_FOUND,HIGH,DISRUPTION
DIS-PF-00967,2026-09-04 03:25:17,DIS-ORD-00967,SKU-00488,B-05-05-02,NOT_FOUND,URGENT,DISRUPTION
DIS-PF-00058,2026-09-04 03:25:43,DIS-ORD-00058,SKU-01552,C-01-01-01,NOT_FOUND,HIGH,DISRUPTION
DIS-PF-00546,2026-09-04 03:26:36,DIS-ORD-00546,SKU-01878,A-02-05-02,EMPTY_BIN,HIGH,DISRUPTION
DIS-PF-01134,2026-09-04 03:26:56,DIS-ORD-01134,SKU-01838,D-02-01-01,EMPTY_BIN,URGENT,DISRUPTION
DIS-PF-00845,2026-09-04 03:29:23,DIS-ORD-00845,SKU-01261,A-01-03-02,NOT_FOUND,HIGH,DISRUPTION
DIS-PF-00972,2026-09-04 03:30:35,DIS-ORD-00972,SKU-01443,F-09-03-02,EMPTY_BIN,HIGH,DISRUPTION
DIS-PF-00008,2026-09-04 03:30:54,DIS-ORD-00008,SKU-00746,A-02-02-01,EMPTY_BIN,HIGH,DISRUPTION
DIS-PF-00386,2026-09-04 03:32:22,DIS-ORD-00386,SKU-00545,F-01-01-02,NOT_FOUND,HIGH,DISRUPTION
DIS-PF-00176,2026-09-04 03:35:26,DIS-ORD-00176,SKU-01087,D-02-04-02,EMPTY_BIN,URGENT,DISRUPTION
DIS-PF-00022,2026-09-04 03:35:34,DIS-ORD-00022,SKU-00352,D-01-02-02,WRONG_LOCATION,HIGH,DISRUPTION
DIS-PF-00464,2026-09-04 03:36:08,DIS-ORD-00464,SKU-00219,F-09-04-02,NOT_FOUND,URGENT,DISRUPTION
DIS-PF-00822,2026-09-04 03:37:38,DIS-ORD-00822,SKU-00545,F-01-01-02,NOT_FOUND,URGENT,DISRUPTION
DIS-PF-00736,2026-09-04 03:39:10,DIS-ORD-00736,SKU-00294,E-09-05-02,NOT_FOUND,URGENT,DISRUPTION
DIS-PF-00683,2026-09-04 03:41:07,DIS-ORD-00683,SKU-01443,F-09-03-02,WRONG_LOCATION,URGENT,DISRUPTION
DIS-PF-00072,2026-09-04 03:42:02,DIS-ORD-00072,SKU-01491,E-04-05-01,WRONG_LOCATION,HIGH,DISRUPTION
DIS-PF-00894,2026-09-04 03:43:43,DIS-ORD-00894,SKU-00226,F-05-02-02,NOT_FOUND,URGENT,DISRUPTION
DIS-PF-00529,2026-09-04 03:45:06,DIS-ORD-00529,SKU-00529,C-04-01-02,NOT_FOUND,URGENT,DISRUPTION
DIS-PF-00292,2026-09-04 03:45:30,DIS-ORD-00292,SKU-00071,D-03-05-02,NOT_FOUND,URGENT,DISRUPTION
DIS-PF-00879,2026-09-04 03:46:30,DIS-ORD-00879,SKU-00953,C-03-03-01,NOT_FOUND,URGENT,DISRUPTION
DIS-PF-00804,2026-09-04 03:46:33,DIS-ORD-00804,SKU-01411,E-07-04-01,WRONG_LOCATION,URGENT,DISRUPTION
DIS-PF-00660,2026-09-04 03:47:15,DIS-ORD-00660,SKU-01072,B-05-03-02,NOT_FOUND,URGENT,DISRUPTION
DIS-PF-00895,2026-09-04 03:49:13,DIS-ORD-00895,SKU-01704,E-08-05-02,WRONG_LOCATION,URGENT,DISRUPTION
DIS-PF-00638,2026-09-04 03:49:21,DIS-ORD-00638,SKU-00580,E-06-02-01,NOT_FOUND,URGENT,DISRUPTION
DIS-PF-00341,2026-09-04 03:49:22,DIS-ORD-00341,SKU-00538,E-05-03-01,WRONG_LOCATION,URGENT,DISRUPTION
DIS-PF-00486,2026-09-04 03:49:51,DIS-ORD-00486,SKU-00538,E-05-03-01,NOT_FOUND,URGENT,DISRUPTION
DIS-PF-00604,2026-09-04 03:50:52,DIS-ORD-00604,SKU-00822,F-04-01-01,WRONG_LOCATION,URGENT,DISRUPTION
DIS-PF-00146,2026-09-04 03:51:10,DIS-ORD-00146,SKU-00999,E-04-03-01,EMPTY_BIN,URGENT,DISRUPTION
DIS-PF-00231,2026-09-04 03:53:01,DIS-ORD-00231,SKU-01903,A-07-01-02,EMPTY_BIN,URGENT,DISRUPTION
DIS-PF-00531,2026-09-04 03:54:20,DIS-ORD-00531,SKU-00922,F-01-01-01,EMPTY_BIN,HIGH,DISRUPTION
DIS-PF-00639,2026-09-04 03:54:54,DIS-ORD-00639,SKU-01981,F-06-03-02,NOT_FOUND,URGENT,DISRUPTION
DIS-PF-00580,2026-09-04 03:55:00,DIS-ORD-00580,SKU-01576,A-02-01-02,NOT_FOUND,URGENT,DISRUPTION
DIS-PF-00628,2026-09-04 03:56:26,DIS-ORD-00628,SKU-01238,A-10-04-01,EMPTY_BIN,URGENT,DISRUPTION
DIS-PF-00403,2026-09-04 03:58:09,DIS-ORD-00403,SKU-01028,B-01-04-02,WRONG_LOCATION,HIGH,DISRUPTION
DIS-PF-00254,2026-09-04 03:58:22,DIS-ORD-00254,SKU-01510,A-09-03-02,EMPTY_BIN,URGENT,DISRUPTION
DIS-PF-00186,2026-09-04 04:01:08,DIS-ORD-00186,SKU-00701,E-06-02-01,WRONG_LOCATION,URGENT,DISRUPTION
DIS-PF-00080,2026-09-04 04:01:35,DIS-ORD-00080,SKU-01185,B-08-01-01,NOT_FOUND,URGENT,DISRUPTION
DIS-PF-00200,2026-09-04 04:02:31,DIS-ORD-00200,SKU-00346,A-02-01-01,WRONG_LOCATION,HIGH,DISRUPTION
DIS-PF-01156,2026-09-04 04:03:47,DIS-ORD-01156,SKU-00822,F-04-01-01,WRONG_LOCATION,HIGH,DISRUPTION
DIS-PF-00258,2026-09-04 04:03:58,DIS-ORD-00258,SKU-00965,B-05-03-01,WRONG_LOCATION,URGENT,DISRUPTION
DIS-PF-00243,2026-09-04 04:07:24,DIS-ORD-00243,SKU-00218,F-05-05-02,WRONG_LOCATION,URGENT,DISRUPTION
DIS-PF-01173,2026-09-04 04:07:51,DIS-ORD-01173,SKU-00382,A-06-02-01,WRONG_LOCATION,HIGH,DISRUPTION
DIS-PF-00067,2026-09-04 04:10:08,DIS-ORD-00067,SKU-00386,E-06-04-02,WRONG_LOCATION,HIGH,DISRUPTION
DIS-PF-00756,2026-09-04 04:11:32,DIS-ORD-00756,SKU-01981,F-06-03-02,NOT_FOUND,HIGH,DISRUPTION
DIS-PF-00587,2026-09-04 04:12:22,DIS-ORD-00587,SKU-01244,F-09-05-02,EMPTY_BIN,URGENT,DISRUPTION
DIS-PF-00772,2026-09-04 04:13:12,DIS-ORD-00772,SKU-00352,D-01-02-02,EMPTY_BIN,HIGH,DISRUPTION
DIS-PF-00971,2026-09-04 04:18:17,DIS-ORD-00971,SKU-01864,B-03-04-01,WRONG_LOCATION,URGENT,DISRUPTION
DIS-PF-00255,2026-09-04 04:18:34,DIS-ORD-00255,SKU-00808,F-10-04-02,WRONG_LOCATION,HIGH,DISRUPTION
DIS-PF-01006,2026-09-04 04:19:09,DIS-ORD-01006,SKU-01052,A-10-04-02,WRONG_LOCATION,URGENT,DISRUPTION
DIS-PF-00753,2026-09-04 04:19:23,DIS-ORD-00753,SKU-00368,D-07-03-01,WRONG_LOCATION,URGENT,DISRUPTION
DIS-PF-00268,2026-09-04 04:19:42,DIS-ORD-00268,SKU-00316,A-07-03-02,NOT_FOUND,URGENT,DISRUPTION
DIS-PF-01112,2026-09-04 04:22:23,DIS-ORD-01112,SKU-00158,D-01-03-02,EMPTY_BIN,HIGH,DISRUPTION
DIS-PF-00434,2026-09-04 04:26:22,DIS-ORD-00434,SKU-01234,A-05-03-01,NOT_FOUND,URGENT,DISRUPTION
DIS-PF-00411,2026-09-04 04:28:50,DIS-ORD-00411,SKU-00808,F-10-04-02,EMPTY_BIN,URGENT,DISRUPTION
DIS-PF-00831,2026-09-04 04:28:54,DIS-ORD-00831,SKU-00839,B-03-05-01,NOT_FOUND,HIGH,DISRUPTION
DIS-PF-00494,2026-09-04 04:30:07,DIS-ORD-00494,SKU-00555,F-04-05-02,WRONG_LOCATION,HIGH,DISRUPTION
DIS-PF-01137,2026-09-04 04:30:44,DIS-ORD-01137,SKU-01033,A-10-05-02,WRONG_LOCATION,URGENT,DISRUPTION
DIS-PF-01074,2026-09-04 04:32:24,DIS-ORD-01074,SKU-00957,D-04-01-02,NOT_FOUND,HIGH,DISRUPTION
DIS-PF-01066,2026-09-04 04:33:36,DIS-ORD-01066,SKU-00390,F-03-04-01,WRONG_LOCATION,URGENT,DISRUPTION
DIS-PF-00521,2026-09-04 04:33:50,DIS-ORD-00521,SKU-00324,B-03-01-02,NOT_FOUND,URGENT,DISRUPTION
DIS-PF-00689,2026-09-04 04:34:14,DIS-ORD-00689,SKU-01546,A-06-03-02,EMPTY_BIN,URGENT,DISRUPTION
DIS-PF-00296,2026-09-04 04:36:17,DIS-ORD-00296,SKU-00957,D-04-01-02,NOT_FOUND,URGENT,DISRUPTION
DIS-PF-00674,2026-09-04 04:38:39,DIS-ORD-00674,SKU-00928,E-06-01-01,EMPTY_BIN,URGENT,DISRUPTION
DIS-PF-01148,2026-09-04 04:39:03,DIS-ORD-01148,SKU-00967,D-02-04-01,EMPTY_BIN,HIGH,DISRUPTION
DIS-PF-00814,2026-09-04 04:41:06,DIS-ORD-00814,SKU-01906,A-02-04-01,NOT_FOUND,HIGH,DISRUPTION
DIS-PF-01097,2026-09-04 04:41:38,DIS-ORD-01097,SKU-00571,F-03-01-02,NOT_FOUND,HIGH,DISRUPTION
DIS-PF-00835,2026-09-04 04:41:55,DIS-ORD-00835,SKU-01862,B-05-04-02,WRONG_LOCATION,URGENT,DISRUPTION
DIS-PF-00372,2026-09-04 04:42:59,DIS-ORD-00372,SKU-01085,C-03-02-02,WRONG_LOCATION,URGENT,DISRUPTION
DIS-PF-00383,2026-09-04 04:43:05,DIS-ORD-00383,SKU-00042,D-04-01-02,EMPTY_BIN,HIGH,DISRUPTION
DIS-PF-00849,2026-09-04 04:43:14,DIS-ORD-00849,SKU-00719,E-06-02-01,EMPTY_BIN,URGENT,DISRUPTION
DIS-PF-00801,2026-09-04 04:46:56,DIS-ORD-00801,SKU-00101,B-02-03-02,EMPTY_BIN,URGENT,DISRUPTION
DIS-PF-00527,2026-09-04 04:47:07,DIS-ORD-00527,SKU-01188,A-06-01-02,NOT_FOUND,URGENT,DISRUPTION
DIS-PF-00714,2026-09-04 04:47:30,DIS-ORD-00714,SKU-00901,F-01-03-02,EMPTY_BIN,HIGH,DISRUPTION
DIS-PF-00271,2026-09-04 04:47:46,DIS-ORD-00271,SKU-00592,D-04-04-02,NOT_FOUND,URGENT,DISRUPTION
DIS-PF-00976,2026-09-04 04:49:18,DIS-ORD-00976,SKU-00725,E-06-05-01,EMPTY_BIN,URGENT,DISRUPTION
DIS-PF-00645,2026-09-04 04:49:59,DIS-ORD-00645,SKU-00332,B-05-02-02,NOT_FOUND,HIGH,DISRUPTION
DIS-PF-00899,2026-09-04 04:50:12,DIS-ORD-00899,SKU-01927,E-02-05-01,NOT_FOUND,URGENT,DISRUPTION
DIS-PF-00031,2026-09-04 04:50:50,DIS-ORD-00031,SKU-01091,A-08-04-02,WRONG_LOCATION,HIGH,DISRUPTION
DIS-PF-00985,2026-09-04 04:52:02,DIS-ORD-00985,SKU-01724,F-07-01-01,NOT_FOUND,HIGH,DISRUPTION
DIS-PF-00119,2026-09-04 04:52:36,DIS-ORD-00119,SKU-01044,E-06-01-02,NOT_FOUND,URGENT,DISRUPTION
DIS-PF-01136,2026-09-04 04:54:02,DIS-ORD-01136,SKU-00508,F-07-01-01,EMPTY_BIN,URGENT,DISRUPTION
DIS-PF-00640,2026-09-04 04:55:32,DIS-ORD-00640,SKU-00187,F-07-02-02,EMPTY_BIN,URGENT,DISRUPTION
DIS-PF-00366,2026-09-04 04:56:54,DIS-ORD-00366,SKU-00316,A-07-03-02,WRONG_LOCATION,URGENT,DISRUPTION
DIS-PF-01197,2026-09-04 04:57:13,DIS-ORD-01197,SKU-00811,F-07-03-02,WRONG_LOCATION,URGENT,DISRUPTION
DIS-PF-00248,2026-09-04 04:57:26,DIS-ORD-00248,SKU-00229,C-09-04-02,WRONG_LOCATION,HIGH,DISRUPTION
DIS-PF-00435,2026-09-04 04:57:49,DIS-ORD-00435,SKU-00085,F-02-01-02,EMPTY_BIN,HIGH,DISRUPTION
DIS-PF-00237,2026-09-04 04:58:19,DIS-ORD-00237,SKU-00030,F-09-03-02,EMPTY_BIN,HIGH,DISRUPTION
DIS-PF-00469,2026-09-04 05:00:20,DIS-ORD-00469,SKU-00746,A-02-02-01,WRONG_LOCATION,URGENT,DISRUPTION
DIS-PF-00885,2026-09-04 05:01:34,DIS-ORD-00885,SKU-01838,D-02-01-01,NOT_FOUND,URGENT,DISRUPTION
DIS-PF-01161,2026-09-04 05:02:05,DIS-ORD-01161,SKU-01906,A-02-04-01,WRONG_LOCATION,HIGH,DISRUPTION
DIS-PF-00987,2026-09-04 05:04:42,DIS-ORD-00987,SKU-01650,A-08-03-02,NOT_FOUND,URGENT,DISRUPTION
DIS-PF-00891,2026-09-04 05:05:22,DIS-ORD-00891,SKU-00486,F-01-03-02,WRONG_LOCATION,URGENT,DISRUPTION
DIS-PF-00800,2026-09-04 05:05:33,DIS-ORD-00800,SKU-00607,F-01-04-01,EMPTY_BIN,URGENT,DISRUPTION
DIS-PF-00473,2026-09-04 05:06:44,DIS-ORD-00473,SKU-01673,F-03-01-01,NOT_FOUND,URGENT,DISRUPTION
DIS-PF-00191,2026-09-04 05:08:22,DIS-ORD-00191,SKU-00379,E-05-02-01,WRONG_LOCATION,HIGH,DISRUPTION
DIS-PF-00718,2026-09-04 05:09:35,DIS-ORD-00718,SKU-01171,C-07-05-01,WRONG_LOCATION,URGENT,DISRUPTION
DIS-PF-00927,2026-09-04 05:10:08,DIS-ORD-00927,SKU-00149,B-03-03-01,EMPTY_BIN,HIGH,DISRUPTION
DIS-PF-00953,2026-09-04 05:11:07,DIS-ORD-00953,SKU-01846,F-02-04-02,EMPTY_BIN,URGENT,DISRUPTION
DIS-PF-00175,2026-09-04 05:12:10,DIS-ORD-00175,SKU-01425,C-03-05-01,NOT_FOUND,URGENT,DISRUPTION
DIS-PF-00745,2026-09-04 05:12:42,DIS-ORD-00745,SKU-01704,E-08-05-02,WRONG_LOCATION,URGENT,DISRUPTION
DIS-PF-00979,2026-09-04 05:12:42,DIS-ORD-00979,SKU-00923,A-09-02-01,WRONG_LOCATION,HIGH,DISRUPTION
DIS-PF-00982,2026-09-04 05:12:50,DIS-ORD-00982,SKU-01491,E-04-05-01,EMPTY_BIN,URGENT,DISRUPTION
DIS-PF-00086,2026-09-04 05:13:05,DIS-ORD-00086,SKU-01895,A-03-02-01,EMPTY_BIN,URGENT,DISRUPTION
DIS-PF-00710,2026-09-04 05:13:54,DIS-ORD-00710,SKU-00400,C-10-05-01,NOT_FOUND,HIGH,DISRUPTION
DIS-PF-01044,2026-09-04 05:15:35,DIS-ORD-01044,SKU-00042,D-04-01-02,EMPTY_BIN,URGENT,DISRUPTION
DIS-PF-00693,2026-09-04 05:15:53,DIS-ORD-00693,SKU-00265,A-05-03-02,NOT_FOUND,HIGH,DISRUPTION
DIS-PF-00447,2026-09-04 05:17:28,DIS-ORD-00447,SKU-01015,F-04-05-01,NOT_FOUND,URGENT,DISRUPTION
DIS-PF-00517,2026-09-04 05:17:53,DIS-ORD-00517,SKU-00316,A-07-03-02,NOT_FOUND,HIGH,DISRUPTION
DIS-PF-00524,2026-09-04 05:19:25,DIS-ORD-00524,SKU-00127,A-07-04-02,EMPTY_BIN,URGENT,DISRUPTION
DIS-PF-00834,2026-09-04 05:23:02,DIS-ORD-00834,SKU-01538,D-08-03-01,EMPTY_BIN,HIGH,DISRUPTION
DIS-PF-00875,2026-09-04 05:23:12,DIS-ORD-00875,SKU-01052,A-10-04-02,EMPTY_BIN,HIGH,DISRUPTION
DIS-PF-00522,2026-09-04 05:23:40,DIS-ORD-00522,SKU-00193,B-01-04-01,WRONG_LOCATION,URGENT,DISRUPTION
DIS-PF-00747,2026-09-04 05:25:28,DIS-ORD-00747,SKU-00297,F-04-05-02,EMPTY_BIN,HIGH,DISRUPTION
DIS-PF-00305,2026-09-04 05:29:15,DIS-ORD-00305,SKU-00187,F-07-02-02,WRONG_LOCATION,URGENT,DISRUPTION
DIS-PF-00373,2026-09-04 05:29:54,DIS-ORD-00373,SKU-00002,B-06-02-02,NOT_FOUND,HIGH,DISRUPTION
DIS-PF-00007,2026-09-04 05:31:07,DIS-ORD-00007,SKU-00667,F-10-05-02,WRONG_LOCATION,URGENT,DISRUPTION
DIS-PF-01032,2026-09-04 05:34:15,DIS-ORD-01032,SKU-01460,F-02-05-01,WRONG_LOCATION,URGENT,DISRUPTION
DIS-PF-00476,2026-09-04 05:34:26,DIS-ORD-00476,SKU-01720,E-01-01-02,EMPTY_BIN,URGENT,DISRUPTION
DIS-PF-00261,2026-09-04 05:35:51,DIS-ORD-00261,SKU-01192,F-07-05-02,EMPTY_BIN,URGENT,DISRUPTION
DIS-PF-00646,2026-09-04 05:36:46,DIS-ORD-00646,SKU-00250,B-04-05-02,NOT_FOUND,URGENT,DISRUPTION
DIS-PF-01093,2026-09-04 05:37:29,DIS-ORD-01093,SKU-01238,A-10-04-01,EMPTY_BIN,HIGH,DISRUPTION
DIS-PF-01031,2026-09-04 05:38:44,DIS-ORD-01031,SKU-00287,B-05-03-02,EMPTY_BIN,URGENT,DISRUPTION
DIS-PF-00685,2026-09-04 05:39:00,DIS-ORD-00685,SKU-00361,D-04-04-01,EMPTY_BIN,URGENT,DISRUPTION
DIS-PF-00179,2026-09-04 05:39:39,DIS-ORD-00179,SKU-01677,F-05-04-02,EMPTY_BIN,URGENT,DISRUPTION
DIS-PF-00620,2026-09-04 05:40:17,DIS-ORD-00620,SKU-00953,C-03-03-01,NOT_FOUND,HIGH,DISRUPTION
DIS-PF-00285,2026-09-04 05:41:13,DIS-ORD-00285,SKU-01114,E-10-03-02,NOT_FOUND,URGENT,DISRUPTION
DIS-PF-00173,2026-09-04 05:42:46,DIS-ORD-00173,SKU-00229,C-09-04-02,WRONG_LOCATION,URGENT,DISRUPTION
DIS-PF-00951,2026-09-04 05:44:15,DIS-ORD-00951,SKU-01302,A-06-04-02,EMPTY_BIN,URGENT,DISRUPTION
DIS-PF-00135,2026-09-04 05:45:59,DIS-ORD-00135,SKU-01028,B-01-04-02,NOT_FOUND,HIGH,DISRUPTION
DIS-PF-00275,2026-09-04 05:46:27,DIS-ORD-00275,SKU-01534,E-07-01-01,WRONG_LOCATION,URGENT,DISRUPTION
DIS-PF-00377,2026-09-04 05:49:36,DIS-ORD-00377,SKU-00957,D-04-01-02,WRONG_LOCATION,URGENT,DISRUPTION
DIS-PF-00921,2026-09-04 05:50:51,DIS-ORD-00921,SKU-00563,E-01-02-01,WRONG_LOCATION,HIGH,DISRUPTION
DIS-PF-00954,2026-09-04 05:53:32,DIS-ORD-00954,SKU-01302,A-06-04-02,WRONG_LOCATION,URGENT,DISRUPTION
DIS-PF-00700,2026-09-04 05:54:06,DIS-ORD-00700,SKU-00538,E-05-03-01,EMPTY_BIN,URGENT,DISRUPTION
DIS-PF-01104,2026-09-04 05:55:45,DIS-ORD-01104,SKU-00324,B-03-01-02,NOT_FOUND,URGENT,DISRUPTION
DIS-PF-01037,2026-09-04 05:56:30,DIS-ORD-01037,SKU-01102,B-10-05-01,EMPTY_BIN,URGENT,DISRUPTION
DIS-PF-01183,2026-09-04 05:58:43,DIS-ORD-01183,SKU-01033,A-10-05-02,EMPTY_BIN,URGENT,DISRUPTION
