scan_id,timestamp,sku,quantity,destination_location,operator_id,event_type,scenario
PA-005599,2026-09-01 06:00:13,SKU-01628,6,E-04-01-01,OP-102,PUT_AWAY,NORMAL
PA-000063,2026-09-01 06:01:04,SKU-00643,6,B-10-03-01,OP-102,PUT_AWAY,NORMAL
PA-003830,2026-09-01 06:01:04,SKU-00039,5,F-07-02-02,OP-106,PUT_AWAY,NORMAL
PA-008682,2026-09-01 06:01:07,SKU-01079,10,F-01-03-02,OP-101,PUT_AWAY,NORMAL
PA-000977,2026-09-01 06:01:10,SKU-00232,1,C-05-05-01,OP-101,PUT_AWAY,NORMAL
PA-006113,2026-09-01 06:01:24,SKU-00999,5,E-04-03-01,OP-105,PUT_AWAY,NORMAL
PA-002188,2026-09-01 06:01:29,SKU-00879,9,F-08-02-01,OP-104,PUT_AWAY,NORMAL
PA-008317,2026-09-01 06:01:59,SKU-00242,3,F-10-04-02,OP-103,PUT_AWAY,NORMAL
PA-000348,2026-09-01 06:02:09,SKU-01846,5,F-02-04-02,OP-107,PUT_AWAY,NORMAL
PA-002777,2026-09-01 06:02:18,SKU-01368,3,A-05-04-02,OP-101,PUT_AWAY,NORMAL
PA-006744,2026-09-01 06:02:27,SKU-01055,9,D-07-01-01,OP-106,PUT_AWAY,NORMAL
PA-001222,2026-09-01 06:02:30,SKU-01507,5,B-10-05-01,OP-108,PUT_AWAY,NORMAL
PA-004011,2026-09-01 06:03:21,SKU-00917,3,C-03-04-01,OP-105,PUT_AWAY,NORMAL
PA-003055,2026-09-01 06:03:35,SKU-00071,2,D-03-05-02,OP-104,PUT_AWAY,NORMAL
PA-002431,2026-09-01 06:04:28,SKU-01352,10,E-10-02-02,OP-103,PUT_AWAY,NORMAL
PA-002558,2026-09-01 06:04:47,SKU-01092,8,C-06-03-02,OP-102,PUT_AWAY,NORMAL
PA-006911,2026-09-01 06:05:07,SKU-00712,9,E-10-03-01,OP-107,PUT_AWAY,NORMAL
PA-006585,2026-09-01 06:05:16,SKU-00331,1,F-04-05-01,OP-103,PUT_AWAY,NORMAL
PA-002581,2026-09-01 06:05:19,SKU-01973,1,D-09-02-01,OP-103,PUT_AWAY,NORMAL
PA-006486,2026-09-01 06:05:57,SKU-00411,10,C-07-02-01,OP-105,PUT_AWAY,NORMAL
PA-002723,2026-09-01 06:06:13,SKU-01373,5,E-01-03-02,OP-106,PUT_AWAY,NORMAL
PA-006693,2026-09-01 06:06:16,SKU-01599,5,A-09-02-01,OP-106,PUT_AWAY,NORMAL
PA-001456,2026-09-01 06:06:20,SKU-00767,2,C-01-05-01,OP-107,PUT_AWAY,NORMAL
PA-001500,2026-09-01 06:06:22,SKU-01429,8,D-07-02-01,OP-104,PUT_AWAY,NORMAL
PA-003425,2026-09-01 06:06:30,SKU-01619,4,B-07-05-01,OP-104,PUT_AWAY,NORMAL
PA-008094,2026-09-01 06:06:49,SKU-00411,7,C-07-02-01,OP-101,PUT_AWAY,NORMAL
PA-000647,2026-09-01 06:07:33,SKU-00234,9,B-10-03-01,OP-101,PUT_AWAY,NORMAL
PA-005959,2026-09-01 06:08:13,SKU-01868,5,A-07-01-02,OP-101,PUT_AWAY,NORMAL
PA-008465,2026-09-01 06:08:29,SKU-00485,2,D-10-03-02,OP-101,PUT_AWAY,NORMAL
PA-001001,2026-09-01 06:08:30,SKU-01634,1,C-02-04-02,OP-107,PUT_AWAY,NORMAL
PA-003426,2026-09-01 06:08:38,SKU-01560,1,E-06-04-02,OP-101,PUT_AWAY,NORMAL
PA-004893,2026-09-01 06:09:00,SKU-00591,1,F-03-04-02,OP-101,PUT_AWAY,NORMAL
PA-002346,2026-09-01 06:09:13,SKU-00285,1,F-08-03-02,OP-102,PUT_AWAY,NORMAL
PA-005559,2026-09-01 06:09:36,SKU-01121,7,D-10-03-01,OP-107,PUT_AWAY,NORMAL
PA-004900,2026-09-01 06:10:44,SKU-00568,8,A-02-01-01,OP-103,PUT_AWAY,NORMAL
PA-004558,2026-09-01 06:10:50,SKU-01561,3,E-10-01-02,OP-106,PUT_AWAY,NORMAL
PA-004407,2026-09-01 06:10:52,SKU-01099,7,C-09-04-02,OP-107,PUT_AWAY,NORMAL
PA-005130,2026-09-01 06:11:25,SKU-01616,1,C-03-04-02,OP-101,PUT_AWAY,NORMAL
PA-005713,2026-09-01 06:11:38,SKU-01068,4,F-02-04-01,OP-106,PUT_AWAY,NORMAL
PA-001988,2026-09-01 06:11:44,SKU-00022,3,D-02-03-01,OP-103,PUT_AWAY,NORMAL
PA-002076,2026-09-01 06:11:56,SKU-00331,2,F-04-05-01,OP-101,PUT_AWAY,NORMAL
PA-001350,2026-09-01 06:11:57,SKU-00986,2,D-09-04-01,OP-108,PUT_AWAY,NORMAL
PA-006910,2026-09-01 06:12:04,SKU-01945,2,A-05-05-01,OP-108,PUT_AWAY,NORMAL
PA-006683,2026-09-01 06:12:19,SKU-01163,4,C-05-03-01,OP-105,PUT_AWAY,NORMAL
PA-005433,2026-09-01 06:13:03,SKU-01782,1,C-07-01-01,OP-105,PUT_AWAY,NORMAL
PA-003889,2026-09-01 06:14:02,SKU-00695,10,C-07-02-01,OP-106,PUT_AWAY,NORMAL
PA-006999,2026-09-01 06:14:14,SKU-01660,6,F-02-01-02,OP-107,PUT_AWAY,NORMAL
PA-003157,2026-09-01 06:14:31,SKU-01731,4,D-03-01-01,OP-107,PUT_AWAY,NORMAL
PA-001385,2026-09-01 06:14:32,SKU-01550,4,B-10-04-02,OP-102,PUT_AWAY,NORMAL
PA-006071,2026-09-01 06:15:03,SKU-00524,3,C-09-03-02,OP-103,PUT_AWAY,NORMAL
PA-004278,2026-09-01 06:15:04,SKU-00478,4,A-08-04-02,OP-106,PUT_AWAY,NORMAL
PA-007369,2026-09-01 06:15:15,SKU-00845,1,B-10-02-01,OP-104,PUT_AWAY,NORMAL
PA-004397,2026-09-01 06:16:08,SKU-00877,9,B-10-03-01,OP-103,PUT_AWAY,NORMAL
PA-004332,2026-09-01 06:16:11,SKU-00483,10,D-05-04-01,OP-108,PUT_AWAY,NORMAL
PA-006499,2026-09-01 06:16:12,SKU-01423,10,F-04-01-01,OP-104,PUT_AWAY,NORMAL
PA-007725,2026-09-01 06:16:18,SKU-01701,8,D-05-05-01,OP-107,PUT_AWAY,NORMAL
PA-007687,2026-09-01 06:16:34,SKU-01029,2,F-06-01-01,OP-101,PUT_AWAY,NORMAL
PA-000833,2026-09-01 06:16:46,SKU-00973,7,C-04-04-01,OP-104,PUT_AWAY,NORMAL
PA-008928,2026-09-01 06:16:50,SKU-00699,5,A-08-02-01,OP-105,PUT_AWAY,NORMAL
PA-006523,2026-09-01 06:17:09,SKU-00588,2,F-02-02-01,OP-108,PUT_AWAY,NORMAL
PA-008306,2026-09-01 06:17:19,SKU-01445,8,E-02-03-01,OP-102,PUT_AWAY,NORMAL
PA-006436,2026-09-01 06:18:15,SKU-01483,3,A-10-01-01,OP-103,PUT_AWAY,NORMAL
PA-003549,2026-09-01 06:18:18,SKU-00988,4,C-01-04-02,OP-108,PUT_AWAY,NORMAL
PA-002565,2026-09-01 06:18:40,SKU-00135,6,F-04-04-02,OP-102,PUT_AWAY,NORMAL
PA-008670,2026-09-01 06:18:47,SKU-00356,9,E-03-03-02,OP-104,PUT_AWAY,NORMAL
PA-004993,2026-09-01 06:18:58,SKU-01169,2,B-01-04-01,OP-102,PUT_AWAY,NORMAL
PA-005205,2026-09-01 06:19:03,SKU-01297,10,E-01-04-01,OP-103,PUT_AWAY,NORMAL
PA-004975,2026-09-01 06:19:05,SKU-01510,3,A-09-03-02,OP-103,PUT_AWAY,NORMAL
PA-007923,2026-09-01 06:19:07,SKU-00546,1,B-03-03-02,OP-105,PUT_AWAY,NORMAL
PA-005070,2026-09-01 06:19:18,SKU-01708,9,F-09-04-01,OP-108,PUT_AWAY,NORMAL
PA-005584,2026-09-01 06:19:47,SKU-01487,1,B-01-04-01,OP-106,PUT_AWAY,NORMAL
PA-007803,2026-09-01 06:20:06,SKU-00119,10,C-10-02-01,OP-107,PUT_AWAY,NORMAL
PA-000648,2026-09-01 06:20:21,SKU-00611,6,E-09-03-02,OP-107,PUT_AWAY,NORMAL
PA-003282,2026-09-01 06:20:28,SKU-01529,6,E-09-01-02,OP-104,PUT_AWAY,NORMAL
PA-007242,2026-09-01 06:21:16,SKU-00717,9,F-01-04-01,OP-102,PUT_AWAY,NORMAL
PA-008703,2026-09-01 06:21:20,SKU-01371,10,B-09-03-02,OP-106,PUT_AWAY,NORMAL
PA-002015,2026-09-01 06:21:27,SKU-00750,10,F-02-05-02,OP-107,PUT_AWAY,NORMAL
PA-006982,2026-09-01 06:21:29,SKU-01499,5,B-01-03-02,OP-103,PUT_AWAY,NORMAL
PA-007907,2026-09-01 06:22:11,SKU-00336,6,A-08-01-01,OP-103,PUT_AWAY,NORMAL
PA-001447,2026-09-01 06:23:05,SKU-01524,9,E-05-01-01,OP-105,PUT_AWAY,NORMAL
PA-003034,2026-09-01 06:23:31,SKU-01754,6,C-10-03-01,OP-104,PUT_AWAY,NORMAL
PA-000022,2026-09-01 06:24:20,SKU-00185,5,B-06-01-02,OP-104,PUT_AWAY,NORMAL
PA-000044,2026-09-01 06:24:28,SKU-01762,5,D-08-02-01,OP-104,PUT_AWAY,NORMAL
PA-000081,2026-09-01 06:24:31,SKU-01893,10,C-03-04-02,OP-105,PUT_AWAY,NORMAL
PA-003842,2026-09-01 06:25:17,SKU-01630,1,B-08-04-01,OP-107,PUT_AWAY,NORMAL
PA-004963,2026-09-01 06:25:23,SKU-01153,7,E-08-04-02,OP-103,PUT_AWAY,NORMAL
PA-006558,2026-09-01 06:25:37,SKU-01579,6,C-04-05-02,OP-106,PUT_AWAY,NORMAL
PA-004001,2026-09-01 06:25:38,SKU-00950,2,E-09-04-01,OP-103,PUT_AWAY,NORMAL
PA-005356,2026-09-01 06:25:40,SKU-01549,3,D-09-03-02,OP-107,PUT_AWAY,NORMAL
PA-006706,2026-09-01 06:26:31,SKU-01465,6,C-02-01-02,OP-101,PUT_AWAY,NORMAL
PA-003153,2026-09-01 06:26:40,SKU-00209,8,D-05-03-02,OP-102,PUT_AWAY,NORMAL
PA-008779,2026-09-01 06:27:08,SKU-01989,6,F-09-04-01,OP-105,PUT_AWAY,NORMAL
PA-003065,2026-09-01 06:27:24,SKU-01353,9,A-03-05-01,OP-102,PUT_AWAY,NORMAL
PA-003376,2026-09-01 06:27:28,SKU-01910,8,B-10-03-01,OP-105,PUT_AWAY,NORMAL
PA-007054,2026-09-01 06:27:29,SKU-00675,9,E-02-01-01,OP-108,PUT_AWAY,NORMAL
PA-000423,2026-09-01 06:27:45,SKU-00316,10,A-07-03-02,OP-107,PUT_AWAY,NORMAL
PA-001940,2026-09-01 06:27:48,SKU-00383,3,B-03-03-01,OP-106,PUT_AWAY,NORMAL
PA-008648,2026-09-01 06:28:36,SKU-00656,3,C-08-05-02,OP-103,PUT_AWAY,NORMAL
PA-003742,2026-09-01 06:28:39,SKU-01297,3,E-01-04-01,OP-104,PUT_AWAY,NORMAL
PA-006834,2026-09-01 06:28:54,SKU-00142,8,F-09-03-02,OP-108,PUT_AWAY,NORMAL
PA-007640,2026-09-01 06:28:57,SKU-01028,10,B-01-04-02,OP-102,PUT_AWAY,NORMAL
PA-008190,2026-09-01 06:29:18,SKU-00515,10,B-01-02-02,OP-105,PUT_AWAY,NORMAL
PA-000628,2026-09-01 06:29:36,SKU-01395,10,F-06-02-02,OP-101,PUT_AWAY,NORMAL
PA-007398,2026-09-01 06:30:10,SKU-01715,9,D-05-03-01,OP-105,PUT_AWAY,NORMAL
PA-006222,2026-09-01 06:30:26,SKU-01000,2,B-06-02-01,OP-106,PUT_AWAY,NORMAL
PA-004151,2026-09-01 06:30:37,SKU-01894,8,C-06-03-02,OP-108,PUT_AWAY,NORMAL
PA-006753,2026-09-01 06:30:43,SKU-00075,8,B-06-02-02,OP-105,PUT_AWAY,NORMAL
PA-008799,2026-09-01 06:30:52,SKU-00797,5,D-03-02-01,OP-106,PUT_AWAY,NORMAL
PA-003268,2026-09-01 06:31:04,SKU-01922,6,A-03-04-01,OP-106,PUT_AWAY,NORMAL
PA-007799,2026-09-01 06:31:04,SKU-00059,2,A-09-04-01,OP-102,PUT_AWAY,NORMAL
PA-007673,2026-09-01 06:31:05,SKU-01240,5,C-09-03-02,OP-108,PUT_AWAY,NORMAL
PA-000953,2026-09-01 06:31:14,SKU-01606,6,B-03-01-02,OP-102,PUT_AWAY,NORMAL
PA-007451,2026-09-01 06:31:33,SKU-01466,4,B-06-05-01,OP-106,PUT_AWAY,NORMAL
PA-007057,2026-09-01 06:31:41,SKU-00677,7,A-02-03-02,OP-103,PUT_AWAY,NORMAL
PA-001408,2026-09-01 06:32:29,SKU-00770,6,F-10-02-02,OP-108,PUT_AWAY,NORMAL
PA-001342,2026-09-01 06:32:30,SKU-01575,3,E-05-04-02,OP-105,PUT_AWAY,NORMAL
PA-001885,2026-09-01 06:33:12,SKU-00190,4,E-07-05-02,OP-105,PUT_AWAY,NORMAL
PA-004803,2026-09-01 06:33:26,SKU-01166,7,F-01-01-01,OP-105,PUT_AWAY,NORMAL
PA-008133,2026-09-01 06:33:39,SKU-01651,6,F-02-05-01,OP-107,PUT_AWAY,NORMAL
PA-004785,2026-09-01 06:33:40,SKU-01170,8,B-04-01-02,OP-107,PUT_AWAY,NORMAL
PA-007996,2026-09-01 06:33:59,SKU-01548,5,A-06-03-02,OP-102,PUT_AWAY,NORMAL
PA-007615,2026-09-01 06:34:25,SKU-00214,4,D-10-04-01,OP-105,PUT_AWAY,NORMAL
PA-000138,2026-09-01 06:34:30,SKU-00842,3,D-01-02-02,OP-107,PUT_AWAY,NORMAL
PA-002827,2026-09-01 06:34:45,SKU-01339,3,C-03-02-02,OP-106,PUT_AWAY,NORMAL
PA-004175,2026-09-01 06:35:00,SKU-01610,10,E-06-04-02,OP-102,PUT_AWAY,NORMAL
PA-008261,2026-09-01 06:35:16,SKU-00120,4,D-05-04-02,OP-105,PUT_AWAY,NORMAL
PA-007151,2026-09-01 06:35:39,SKU-00838,2,A-03-03-02,OP-102,PUT_AWAY,NORMAL
PA-005258,2026-09-01 06:35:47,SKU-00992,1,B-03-01-02,OP-108,PUT_AWAY,NORMAL
PA-003293,2026-09-01 06:36:08,SKU-00570,5,B-01-04-01,OP-103,PUT_AWAY,NORMAL
PA-005164,2026-09-01 06:36:33,SKU-01509,10,A-10-02-02,OP-107,PUT_AWAY,NORMAL
PA-003474,2026-09-01 06:36:47,SKU-00660,5,A-07-01-01,OP-102,PUT_AWAY,NORMAL
PA-001304,2026-09-01 06:37:05,SKU-01392,3,C-08-01-02,OP-107,PUT_AWAY,NORMAL
PA-005364,2026-09-01 06:37:10,SKU-00931,10,C-05-04-02,OP-104,PUT_AWAY,NORMAL
PA-005080,2026-09-01 06:37:39,SKU-00901,8,F-01-03-02,OP-102,PUT_AWAY,NORMAL
PA-003817,2026-09-01 06:37:40,SKU-01419,2,C-02-04-01,OP-103,PUT_AWAY,NORMAL
PA-005723,2026-09-01 06:37:50,SKU-00514,3,A-02-04-02,OP-106,PUT_AWAY,NORMAL
PA-005504,2026-09-01 06:37:54,SKU-00355,8,F-05-03-02,OP-107,PUT_AWAY,NORMAL
PA-008971,2026-09-01 06:38:01,SKU-01702,10,B-04-03-02,OP-103,PUT_AWAY,NORMAL
PA-008603,2026-09-01 06:38:03,SKU-00866,7,A-03-01-01,OP-103,PUT_AWAY,NORMAL
PA-005391,2026-09-01 06:38:36,SKU-00154,8,F-07-03-01,OP-102,PUT_AWAY,NORMAL
PA-007263,2026-09-01 06:38:44,SKU-01945,4,A-05-05-01,OP-101,PUT_AWAY,NORMAL
PA-003439,2026-09-01 06:38:54,SKU-00858,9,C-01-04-01,OP-106,PUT_AWAY,NORMAL
PA-005109,2026-09-01 06:38:56,SKU-01594,1,A-05-04-02,OP-101,PUT_AWAY,NORMAL
PA-007883,2026-09-01 06:39:14,SKU-00422,6,E-05-05-01,OP-101,PUT_AWAY,NORMAL
PA-005815,2026-09-01 06:39:51,SKU-01788,5,F-08-03-01,OP-108,PUT_AWAY,NORMAL
PA-006692,2026-09-01 06:40:24,SKU-00151,4,D-09-01-02,OP-104,PUT_AWAY,NORMAL
PA-006350,2026-09-01 06:40:26,SKU-00117,1,C-01-01-02,OP-108,PUT_AWAY,NORMAL
PA-005460,2026-09-01 06:41:07,SKU-01114,7,E-10-03-02,OP-102,PUT_AWAY,NORMAL
PA-003566,2026-09-01 06:41:10,SKU-00003,2,A-05-05-01,OP-102,PUT_AWAY,NORMAL
PA-003601,2026-09-01 06:42:08,SKU-00486,4,F-01-03-02,OP-104,PUT_AWAY,NORMAL
PA-001154,2026-09-01 06:43:03,SKU-00701,2,E-06-02-01,OP-106,PUT_AWAY,NORMAL
PA-003100,2026-09-01 06:43:09,SKU-00888,10,B-07-05-01,OP-103,PUT_AWAY,NORMAL
PA-003102,2026-09-01 06:43:18,SKU-01474,6,F-06-04-02,OP-103,PUT_AWAY,NORMAL
PA-003359,2026-09-01 06:43:35,SKU-01514,6,A-02-03-02,OP-108,PUT_AWAY,NORMAL
PA-002859,2026-09-01 06:44:23,SKU-01282,1,A-07-01-02,OP-105,PUT_AWAY,NORMAL
PA-002590,2026-09-01 06:44:35,SKU-00530,3,B-08-01-02,OP-101,PUT_AWAY,NORMAL
PA-000700,2026-09-01 06:44:41,SKU-00594,7,D-02-02-02,OP-107,PUT_AWAY,NORMAL
PA-003653,2026-09-01 06:44:56,SKU-01926,8,C-04-02-01,OP-107,PUT_AWAY,NORMAL
PA-001057,2026-09-01 06:44:58,SKU-01291,3,D-02-04-02,OP-101,PUT_AWAY,NORMAL
PA-003850,2026-09-01 06:45:06,SKU-00980,1,B-03-01-01,OP-106,PUT_AWAY,NORMAL
PA-003252,2026-09-01 06:45:35,SKU-01739,4,E-08-03-02,OP-103,PUT_AWAY,NORMAL
PA-007891,2026-09-01 06:46:26,SKU-01165,4,F-07-02-02,OP-105,PUT_AWAY,NORMAL
PA-001656,2026-09-01 06:46:37,SKU-00205,3,A-08-02-02,OP-104,PUT_AWAY,NORMAL
PA-000079,2026-09-01 06:46:37,SKU-00855,4,E-04-05-02,OP-108,PUT_AWAY,NORMAL
PA-006680,2026-09-01 06:46:54,SKU-00746,8,A-02-02-01,OP-103,PUT_AWAY,NORMAL
PA-008457,2026-09-01 06:46:56,SKU-00016,4,F-09-02-02,OP-103,PUT_AWAY,NORMAL
PA-006066,2026-09-01 06:47:04,SKU-00063,8,C-06-01-01,OP-105,PUT_AWAY,NORMAL
PA-008111,2026-09-01 06:47:21,SKU-00254,10,B-03-05-02,OP-103,PUT_AWAY,NORMAL
PA-000913,2026-09-01 06:47:41,SKU-01343,5,F-08-03-02,OP-105,PUT_AWAY,NORMAL
PA-004176,2026-09-01 06:47:50,SKU-00021,4,D-08-04-02,OP-101,PUT_AWAY,NORMAL
PA-004002,2026-09-01 06:47:51,SKU-00128,5,F-03-05-02,OP-103,PUT_AWAY,NORMAL
PA-006000,2026-09-01 06:48:04,SKU-00324,1,B-03-01-02,OP-108,PUT_AWAY,NORMAL
PA-001252,2026-09-01 06:48:18,SKU-01784,2,F-02-05-02,OP-103,PUT_AWAY,NORMAL
PA-004033,2026-09-01 06:48:24,SKU-01963,7,B-03-03-02,OP-107,PUT_AWAY,NORMAL
PA-003912,2026-09-01 06:48:27,SKU-00355,9,F-05-03-02,OP-105,PUT_AWAY,NORMAL
PA-005780,2026-09-01 06:48:35,SKU-00015,6,F-08-03-02,OP-104,PUT_AWAY,NORMAL
PA-007401,2026-09-01 06:48:40,SKU-00279,5,A-03-05-02,OP-104,PUT_AWAY,NORMAL
PA-001091,2026-09-01 06:48:54,SKU-00285,6,F-08-03-02,OP-101,PUT_AWAY,NORMAL
PA-005519,2026-09-01 06:48:57,SKU-01517,3,A-08-05-02,OP-105,PUT_AWAY,NORMAL
PA-000978,2026-09-01 06:48:59,SKU-00811,5,F-07-03-02,OP-101,PUT_AWAY,NORMAL
PA-007179,2026-09-01 06:49:34,SKU-00752,4,E-06-02-01,OP-102,PUT_AWAY,NORMAL
PA-004688,2026-09-01 06:49:34,SKU-01495,4,A-03-04-02,OP-107,PUT_AWAY,NORMAL
PA-006036,2026-09-01 06:49:53,SKU-00355,4,F-05-03-02,OP-101,PUT_AWAY,NORMAL
PA-006279,2026-09-01 06:50:21,SKU-01328,2,C-05-03-02,OP-105,PUT_AWAY,NORMAL
PA-002183,2026-09-01 06:50:44,SKU-00027,3,B-05-04-01,OP-106,PUT_AWAY,NORMAL
PA-000496,2026-09-01 06:51:10,SKU-00656,10,C-08-05-02,OP-108,PUT_AWAY,NORMAL
PA-002967,2026-09-01 06:51:18,SKU-01515,5,F-09-03-02,OP-108,PUT_AWAY,NORMAL
PA-004990,2026-09-01 06:51:20,SKU-01823,7,B-01-03-01,OP-104,PUT_AWAY,NORMAL
PA-008698,2026-09-01 06:51:29,SKU-00938,3,F-05-04-02,OP-105,PUT_AWAY,NORMAL
PA-002310,2026-09-01 06:51:37,SKU-00132,1,E-08-01-01,OP-102,PUT_AWAY,NORMAL
PA-007291,2026-09-01 06:52:20,SKU-00074,2,F-09-05-01,OP-107,PUT_AWAY,NORMAL
PA-003453,2026-09-01 06:52:35,SKU-01050,2,A-03-01-02,OP-106,PUT_AWAY,NORMAL
PA-004204,2026-09-01 06:52:44,SKU-01031,4,A-09-01-01,OP-107,PUT_AWAY,NORMAL
PA-004597,2026-09-01 06:53:27,SKU-00613,7,E-03-04-01,OP-101,PUT_AWAY,NORMAL
PA-004116,2026-09-01 06:55:03,SKU-00925,5,E-06-03-02,OP-106,PUT_AWAY,NORMAL
PA-006410,2026-09-01 06:55:07,SKU-01546,2,A-06-03-02,OP-103,PUT_AWAY,NORMAL
PA-003117,2026-09-01 06:55:35,SKU-00117,1,C-01-01-02,OP-101,PUT_AWAY,NORMAL
PA-005797,2026-09-01 06:55:53,SKU-00477,7,B-03-02-02,OP-106,PUT_AWAY,NORMAL
PA-005142,2026-09-01 06:56:12,SKU-00803,2,A-02-02-01,OP-101,PUT_AWAY,NORMAL
PA-006679,2026-09-01 06:56:12,SKU-00676,4,A-06-05-01,OP-107,PUT_AWAY,NORMAL
PA-000882,2026-09-01 06:56:39,SKU-00363,5,A-06-04-02,OP-103,PUT_AWAY,NORMAL
PA-002369,2026-09-01 06:56:58,SKU-01035,7,C-03-04-01,OP-106,PUT_AWAY,NORMAL
PA-006421,2026-09-01 06:57:37,SKU-01615,4,F-01-02-02,OP-105,PUT_AWAY,NORMAL
PA-004460,2026-09-01 06:57:58,SKU-00731,8,C-01-01-01,OP-108,PUT_AWAY,NORMAL
PA-002670,2026-09-01 06:59:11,SKU-01469,8,B-06-05-02,OP-105,PUT_AWAY,NORMAL
PA-005222,2026-09-01 06:59:35,SKU-01572,8,C-10-03-01,OP-104,PUT_AWAY,NORMAL
PA-006797,2026-09-01 06:59:39,SKU-01651,4,F-02-05-01,OP-104,PUT_AWAY,NORMAL
PA-007200,2026-09-01 06:59:42,SKU-01527,6,C-05-04-01,OP-105,PUT_AWAY,NORMAL
PA-008695,2026-09-01 07:00:07,SKU-00969,9,D-05-04-01,OP-101,PUT_AWAY,NORMAL
PA-001481,2026-09-01 07:00:09,SKU-00308,8,D-03-02-01,OP-102,PUT_AWAY,NORMAL
PA-003319,2026-09-01 07:00:50,SKU-01351,5,A-09-02-01,OP-102,PUT_AWAY,NORMAL
PA-002543,2026-09-01 07:00:55,SKU-00168,3,A-06-04-02,OP-102,PUT_AWAY,NORMAL
PA-003345,2026-09-01 07:01:07,SKU-01660,5,F-02-01-02,OP-104,PUT_AWAY,NORMAL
PA-002616,2026-09-01 07:01:07,SKU-00277,9,C-04-05-01,OP-101,PUT_AWAY,NORMAL
PA-006884,2026-09-01 07:01:34,SKU-00375,8,D-05-02-01,OP-101,PUT_AWAY,NORMAL
PA-000320,2026-09-01 07:02:10,SKU-00704,2,A-09-03-02,OP-106,PUT_AWAY,NORMAL
PA-008792,2026-09-01 07:02:28,SKU-00754,8,A-08-01-01,OP-102,PUT_AWAY,NORMAL
PA-007481,2026-09-01 07:03:15,SKU-01198,5,F-06-02-02,OP-106,PUT_AWAY,NORMAL
PA-003424,2026-09-01 07:03:32,SKU-00965,6,B-05-03-01,OP-106,PUT_AWAY,NORMAL
PA-002439,2026-09-01 07:04:15,SKU-01184,1,C-04-01-01,OP-108,PUT_AWAY,NORMAL
PA-003586,2026-09-01 07:04:21,SKU-00730,3,F-10-05-01,OP-105,PUT_AWAY,NORMAL
PA-004832,2026-09-01 07:04:32,SKU-01710,7,B-02-01-01,OP-102,PUT_AWAY,NORMAL
PA-003765,2026-09-01 07:05:02,SKU-01773,7,E-02-05-02,OP-103,PUT_AWAY,NORMAL
PA-007949,2026-09-01 07:05:04,SKU-00967,5,D-02-04-01,OP-105,PUT_AWAY,NORMAL
PA-001741,2026-09-01 07:05:14,SKU-01751,9,B-09-02-01,OP-108,PUT_AWAY,NORMAL
PA-004861,2026-09-01 07:05:18,SKU-01262,3,C-05-04-01,OP-105,PUT_AWAY,NORMAL
PA-003518,2026-09-01 07:05:43,SKU-01180,1,D-08-04-01,OP-107,PUT_AWAY,NORMAL
PA-002381,2026-09-01 07:07:23,SKU-00977,9,D-04-02-02,OP-104,PUT_AWAY,NORMAL
PA-002321,2026-09-01 07:08:01,SKU-01585,6,A-08-03-01,OP-104,PUT_AWAY,NORMAL
PA-006568,2026-09-01 07:08:03,SKU-00396,2,B-03-03-01,OP-105,PUT_AWAY,NORMAL
PA-008284,2026-09-01 07:08:20,SKU-00104,5,C-07-04-01,OP-103,PUT_AWAY,NORMAL
PA-008531,2026-09-01 07:08:28,SKU-01160,2,A-02-05-02,OP-108,PUT_AWAY,NORMAL
PA-001708,2026-09-01 07:08:54,SKU-00484,8,C-05-01-01,OP-105,PUT_AWAY,NORMAL
PA-000455,2026-09-01 07:09:14,SKU-01675,5,C-02-03-01,OP-106,PUT_AWAY,NORMAL
PA-005794,2026-09-01 07:09:37,SKU-01238,7,A-10-04-01,OP-101,PUT_AWAY,NORMAL
PA-000801,2026-09-01 07:09:42,SKU-01741,10,E-07-01-01,OP-107,PUT_AWAY,NORMAL
PA-004732,2026-09-01 07:10:52,SKU-00145,3,E-04-05-01,OP-105,PUT_AWAY,NORMAL
PA-001370,2026-09-01 07:11:24,SKU-00505,9,E-06-02-02,OP-105,PUT_AWAY,NORMAL
PA-005607,2026-09-01 07:12:41,SKU-00954,6,E-02-02-01,OP-107,PUT_AWAY,NORMAL
PA-004057,2026-09-01 07:12:53,SKU-00121,4,E-09-04-02,OP-108,PUT_AWAY,NORMAL
PA-003994,2026-09-01 07:13:09,SKU-01013,4,D-05-03-02,OP-102,PUT_AWAY,NORMAL
PA-005696,2026-09-01 07:13:17,SKU-01413,9,D-08-04-01,OP-102,PUT_AWAY,NORMAL
PA-002362,2026-09-01 07:13:50,SKU-01825,8,F-07-03-01,OP-107,PUT_AWAY,NORMAL
PA-002772,2026-09-01 07:13:52,SKU-00063,10,C-06-01-01,OP-102,PUT_AWAY,NORMAL
PA-003618,2026-09-01 07:14:36,SKU-00201,2,A-01-05-01,OP-105,PUT_AWAY,NORMAL
PA-002046,2026-09-01 07:14:39,SKU-00761,2,F-05-05-01,OP-104,PUT_AWAY,NORMAL
PA-003021,2026-09-01 07:14:44,SKU-00289,5,B-09-05-01,OP-102,PUT_AWAY,NORMAL
PA-003530,2026-09-01 07:15:06,SKU-01508,7,D-01-02-01,OP-105,PUT_AWAY,NORMAL
PA-007546,2026-09-01 07:15:27,SKU-01692,8,B-03-02-02,OP-102,PUT_AWAY,NORMAL
PA-005770,2026-09-01 07:15:27,SKU-00336,1,A-08-01-01,OP-103,PUT_AWAY,NORMAL
PA-002004,2026-09-01 07:15:44,SKU-00235,5,C-05-03-01,OP-105,PUT_AWAY,NORMAL
PA-006346,2026-09-01 07:16:14,SKU-00514,7,A-02-04-02,OP-102,PUT_AWAY,NORMAL
PA-005095,2026-09-01 07:16:18,SKU-00472,10,B-06-02-02,OP-106,PUT_AWAY,NORMAL
PA-005134,2026-09-01 07:16:19,SKU-00979,6,B-04-03-01,OP-102,PUT_AWAY,NORMAL
PA-002980,2026-09-01 07:16:37,SKU-00205,7,A-08-02-02,OP-102,PUT_AWAY,NORMAL
PA-000888,2026-09-01 07:17:22,SKU-00480,8,B-04-04-02,OP-106,PUT_AWAY,NORMAL
PA-006427,2026-09-01 07:17:35,SKU-00595,8,D-03-05-01,OP-105,PUT_AWAY,NORMAL
PA-001684,2026-09-01 07:18:30,SKU-01737,1,E-03-02-01,OP-104,PUT_AWAY,NORMAL
PA-005211,2026-09-01 07:18:43,SKU-00410,2,F-05-02-01,OP-102,PUT_AWAY,NORMAL
PA-000234,2026-09-01 07:18:57,SKU-00646,6,B-07-05-01,OP-104,PUT_AWAY,NORMAL
PA-003107,2026-09-01 07:18:59,SKU-00239,9,D-06-05-01,OP-103,PUT_AWAY,NORMAL
PA-003452,2026-09-01 07:19:23,SKU-01843,4,D-09-04-01,OP-105,PUT_AWAY,NORMAL
PA-003427,2026-09-01 07:19:24,SKU-00112,9,D-03-05-01,OP-107,PUT_AWAY,NORMAL
PA-003542,2026-09-01 07:19:53,SKU-01694,6,E-02-01-02,OP-102,PUT_AWAY,NORMAL
PA-006740,2026-09-01 07:20:02,SKU-00107,5,D-07-02-02,OP-106,PUT_AWAY,NORMAL
PA-004118,2026-09-01 07:20:16,SKU-01401,4,F-04-05-01,OP-103,PUT_AWAY,NORMAL
PA-005606,2026-09-01 07:21:28,SKU-00498,5,E-10-04-02,OP-106,PUT_AWAY,NORMAL
PA-005923,2026-09-01 07:21:53,SKU-00181,6,D-06-03-01,OP-106,PUT_AWAY,NORMAL
PA-004381,2026-09-01 07:22:18,SKU-01240,6,C-09-03-02,OP-101,PUT_AWAY,NORMAL
PA-006695,2026-09-01 07:22:24,SKU-01042,7,B-07-01-02,OP-102,PUT_AWAY,NORMAL
PA-000424,2026-09-01 07:22:27,SKU-00998,1,B-10-03-01,OP-104,PUT_AWAY,NORMAL
PA-005624,2026-09-01 07:22:46,SKU-00814,2,E-10-04-01,OP-101,PUT_AWAY,NORMAL
PA-008103,2026-09-01 07:22:46,SKU-01017,3,B-07-04-02,OP-106,PUT_AWAY,NORMAL
PA-004608,2026-09-01 07:23:25,SKU-01843,2,D-09-04-01,OP-107,PUT_AWAY,NORMAL
PA-007278,2026-09-01 07:24:09,SKU-00946,4,F-07-01-01,OP-105,PUT_AWAY,NORMAL
PA-006238,2026-09-01 07:24:44,SKU-00823,8,A-10-01-01,OP-106,PUT_AWAY,NORMAL
PA-000897,2026-09-01 07:24:44,SKU-01426,6,F-04-01-02,OP-102,PUT_AWAY,NORMAL
PA-006878,2026-09-01 07:24:59,SKU-01713,7,B-01-05-01,OP-105,PUT_AWAY,NORMAL
PA-006674,2026-09-01 07:25:07,SKU-00301,1,D-08-03-01,OP-106,PUT_AWAY,NORMAL
PA-002366,2026-09-01 07:25:23,SKU-01275,1,F-07-03-02,OP-107,PUT_AWAY,NORMAL
PA-003331,2026-09-01 07:25:59,SKU-01531,1,B-02-05-02,OP-108,PUT_AWAY,NORMAL
PA-003871,2026-09-01 07:26:23,SKU-00315,2,B-01-03-01,OP-108,PUT_AWAY,NORMAL
PA-000741,2026-09-01 07:26:28,SKU-00479,8,C-02-02-02,OP-107,PUT_AWAY,NORMAL
PA-005223,2026-09-01 07:26:33,SKU-01366,3,A-02-03-02,OP-105,PUT_AWAY,NORMAL
PA-008830,2026-09-01 07:26:35,SKU-00213,2,E-03-02-02,OP-102,PUT_AWAY,NORMAL
PA-003250,2026-09-01 07:27:16,SKU-00976,2,E-09-03-01,OP-102,PUT_AWAY,NORMAL
PA-005601,2026-09-01 07:27:23,SKU-00242,2,F-10-04-02,OP-107,PUT_AWAY,NORMAL
PA-001553,2026-09-01 07:27:30,SKU-00605,4,A-10-04-02,OP-107,PUT_AWAY,NORMAL
PA-007574,2026-09-01 07:28:05,SKU-01618,10,A-06-05-01,OP-107,PUT_AWAY,NORMAL
PA-003915,2026-09-01 07:29:16,SKU-01798,5,C-09-05-02,OP-104,PUT_AWAY,NORMAL
PA-008458,2026-09-01 07:30:00,SKU-00032,5,F-05-02-01,OP-104,PUT_AWAY,NORMAL
PA-001378,2026-09-01 07:30:23,SKU-01472,2,E-02-05-02,OP-103,PUT_AWAY,NORMAL
PA-001619,2026-09-01 07:30:28,SKU-01776,4,B-02-05-02,OP-107,PUT_AWAY,NORMAL
PA-001176,2026-09-01 07:30:30,SKU-01413,8,D-08-04-01,OP-107,PUT_AWAY,NORMAL
PA-008464,2026-09-01 07:30:55,SKU-00902,5,C-08-01-01,OP-107,PUT_AWAY,NORMAL
PA-002968,2026-09-01 07:30:55,SKU-01980,3,E-06-01-01,OP-101,PUT_AWAY,NORMAL
PA-005572,2026-09-01 07:30:58,SKU-00737,8,A-07-05-02,OP-105,PUT_AWAY,NORMAL
PA-004827,2026-09-01 07:31:07,SKU-00747,9,A-08-02-01,OP-105,PUT_AWAY,NORMAL
PA-000750,2026-09-01 07:31:28,SKU-00470,7,E-04-02-02,OP-105,PUT_AWAY,NORMAL
PA-003843,2026-09-01 07:32:55,SKU-00654,9,B-01-01-02,OP-103,PUT_AWAY,NORMAL
PA-006515,2026-09-01 07:33:08,SKU-00171,1,B-08-05-02,OP-105,PUT_AWAY,NORMAL
PA-007913,2026-09-01 07:33:11,SKU-00774,10,A-06-05-01,OP-103,PUT_AWAY,NORMAL
PA-008832,2026-09-01 07:33:43,SKU-00730,7,F-10-05-01,OP-106,PUT_AWAY,NORMAL
PA-000777,2026-09-01 07:33:47,SKU-01630,1,B-08-04-01,OP-101,PUT_AWAY,NORMAL
PA-007273,2026-09-01 07:33:49,SKU-00617,10,A-02-04-01,OP-104,PUT_AWAY,NORMAL
PA-000422,2026-09-01 07:33:51,SKU-01820,7,E-04-01-02,OP-105,PUT_AWAY,NORMAL
PA-003299,2026-09-01 07:34:24,SKU-01735,10,D-05-05-02,OP-107,PUT_AWAY,NORMAL
PA-008517,2026-09-01 07:34:39,SKU-00268,10,E-09-05-01,OP-105,PUT_AWAY,NORMAL
PA-004255,2026-09-01 07:34:46,SKU-00229,10,C-09-04-02,OP-102,PUT_AWAY,NORMAL
PA-003732,2026-09-01 07:34:48,SKU-01778,3,E-05-02-02,OP-101,PUT_AWAY,NORMAL
PA-007864,2026-09-01 07:34:55,SKU-01102,7,B-10-05-01,OP-102,PUT_AWAY,NORMAL
PA-000143,2026-09-01 07:35:01,SKU-01415,8,B-01-03-01,OP-108,PUT_AWAY,NORMAL
PA-006490,2026-09-01 07:35:09,SKU-00314,4,C-05-04-01,OP-102,PUT_AWAY,NORMAL
PA-004970,2026-09-01 07:35:10,SKU-00779,10,E-04-01-01,OP-108,PUT_AWAY,NORMAL
PA-005431,2026-09-01 07:35:27,SKU-00383,4,B-03-03-01,OP-107,PUT_AWAY,NORMAL
PA-000400,2026-09-01 07:35:28,SKU-01189,3,D-03-04-02,OP-102,PUT_AWAY,NORMAL
PA-001186,2026-09-01 07:35:35,SKU-00747,7,A-08-02-01,OP-106,PUT_AWAY,NORMAL
PA-001282,2026-09-01 07:37:06,SKU-00775,7,D-10-01-01,OP-108,PUT_AWAY,NORMAL
PA-003922,2026-09-01 07:37:13,SKU-00758,7,E-01-05-01,OP-108,PUT_AWAY,NORMAL
PA-006635,2026-09-01 07:38:14,SKU-01813,4,D-04-03-01,OP-103,PUT_AWAY,NORMAL
PA-006667,2026-09-01 07:38:19,SKU-01516,9,B-09-01-01,OP-105,PUT_AWAY,NORMAL
PA-005661,2026-09-01 07:38:25,SKU-01700,8,B-04-04-02,OP-107,PUT_AWAY,NORMAL
PA-004775,2026-09-01 07:38:32,SKU-00201,1,A-01-05-01,OP-102,PUT_AWAY,NORMAL
PA-006156,2026-09-01 07:38:33,SKU-01646,7,F-05-03-02,OP-101,PUT_AWAY,NORMAL
PA-004818,2026-09-01 07:38:37,SKU-00428,7,B-04-04-02,OP-104,PUT_AWAY,NORMAL
PA-007070,2026-09-01 07:38:56,SKU-01199,5,F-07-01-02,OP-103,PUT_AWAY,NORMAL
PA-003241,2026-09-01 07:39:01,SKU-00367,10,D-05-04-01,OP-103,PUT_AWAY,NORMAL
PA-000272,2026-09-01 07:39:45,SKU-01941,6,B-04-03-02,OP-104,PUT_AWAY,NORMAL
PA-001812,2026-09-01 07:40:07,SKU-00130,8,B-05-03-01,OP-107,PUT_AWAY,NORMAL
PA-005000,2026-09-01 07:40:13,SKU-00944,9,A-10-05-02,OP-103,PUT_AWAY,NORMAL
PA-005123,2026-09-01 07:40:15,SKU-01655,4,A-09-05-02,OP-102,PUT_AWAY,NORMAL
PA-000822,2026-09-01 07:40:31,SKU-00679,3,C-03-01-01,OP-102,PUT_AWAY,NORMAL
PA-001173,2026-09-01 07:40:36,SKU-01723,9,D-03-02-01,OP-105,PUT_AWAY,NORMAL
PA-003323,2026-09-01 07:41:19,SKU-00449,3,B-07-03-01,OP-103,PUT_AWAY,NORMAL
PA-004180,2026-09-01 07:41:49,SKU-00977,10,D-04-02-02,OP-105,PUT_AWAY,NORMAL
PA-003728,2026-09-01 07:42:12,SKU-01143,8,F-09-05-02,OP-101,PUT_AWAY,NORMAL
PA-000950,2026-09-01 07:42:43,SKU-01122,7,F-04-04-01,OP-102,PUT_AWAY,NORMAL
PA-003407,2026-09-01 07:43:15,SKU-00612,9,F-01-02-02,OP-104,PUT_AWAY,NORMAL
PA-008638,2026-09-01 07:43:24,SKU-01092,3,C-06-03-02,OP-104,PUT_AWAY,NORMAL
PA-008450,2026-09-01 07:43:42,SKU-00502,9,D-08-04-02,OP-102,PUT_AWAY,NORMAL
PA-005254,2026-09-01 07:43:53,SKU-00022,5,D-02-03-01,OP-106,PUT_AWAY,NORMAL
PA-004503,2026-09-01 07:44:42,SKU-01436,8,E-03-02-01,OP-104,PUT_AWAY,NORMAL
PA-005006,2026-09-01 07:44:58,SKU-01670,9,E-06-05-01,OP-106,PUT_AWAY,NORMAL
PA-007095,2026-09-01 07:44:59,SKU-00772,9,D-08-01-01,OP-106,PUT_AWAY,NORMAL
PA-004923,2026-09-01 07:45:02,SKU-00631,7,F-08-02-02,OP-108,PUT_AWAY,NORMAL
PA-001256,2026-09-01 07:45:28,SKU-00331,8,F-04-05-01,OP-107,PUT_AWAY,NORMAL
PA-000569,2026-09-01 07:45:29,SKU-00672,6,C-01-04-01,OP-102,PUT_AWAY,NORMAL
PA-001574,2026-09-01 07:45:45,SKU-00338,1,C-02-04-01,OP-102,PUT_AWAY,NORMAL
PA-004982,2026-09-01 07:45:51,SKU-01640,4,A-03-03-02,OP-104,PUT_AWAY,NORMAL
PA-001184,2026-09-01 07:46:03,SKU-01157,10,D-01-05-02,OP-104,PUT_AWAY,NORMAL
PA-008612,2026-09-01 07:46:25,SKU-01280,8,F-10-02-01,OP-103,PUT_AWAY,NORMAL
PA-008890,2026-09-01 07:46:47,SKU-01775,3,F-07-05-01,OP-105,PUT_AWAY,NORMAL
PA-005177,2026-09-01 07:47:22,SKU-00440,2,C-05-03-01,OP-107,PUT_AWAY,NORMAL
PA-002702,2026-09-01 07:47:25,SKU-01019,6,A-07-03-02,OP-106,PUT_AWAY,NORMAL
PA-001254,2026-09-01 07:47:50,SKU-00572,9,C-09-03-01,OP-104,PUT_AWAY,NORMAL
PA-006131,2026-09-01 07:48:02,SKU-01495,4,A-03-04-02,OP-101,PUT_AWAY,NORMAL
PA-008768,2026-09-01 07:48:45,SKU-01298,8,A-07-05-02,OP-105,PUT_AWAY,NORMAL
PA-004713,2026-09-01 07:48:51,SKU-00704,1,A-09-03-02,OP-105,PUT_AWAY,NORMAL
PA-003372,2026-09-01 07:49:00,SKU-01614,5,A-07-03-01,OP-106,PUT_AWAY,NORMAL
PA-005660,2026-09-01 07:49:19,SKU-01403,5,A-05-01-01,OP-103,PUT_AWAY,NORMAL
PA-003499,2026-09-01 07:49:53,SKU-01029,2,F-06-01-01,OP-102,PUT_AWAY,NORMAL
PA-005411,2026-09-01 07:50:21,SKU-00286,6,E-04-03-01,OP-106,PUT_AWAY,NORMAL
PA-000915,2026-09-01 07:50:27,SKU-01040,1,F-09-02-02,OP-107,PUT_AWAY,NORMAL
PA-001924,2026-09-01 07:50:57,SKU-01763,3,E-10-04-01,OP-101,PUT_AWAY,NORMAL
PA-005970,2026-09-01 07:50:58,SKU-00189,4,D-10-02-02,OP-107,PUT_AWAY,NORMAL
PA-003777,2026-09-01 07:50:59,SKU-01415,10,B-01-03-01,OP-107,PUT_AWAY,NORMAL
PA-000439,2026-09-01 07:51:04,SKU-01949,8,E-02-04-01,OP-104,PUT_AWAY,NORMAL
PA-004240,2026-09-01 07:51:33,SKU-01751,10,B-09-02-01,OP-106,PUT_AWAY,NORMAL
PA-004097,2026-09-01 07:52:09,SKU-00819,8,D-01-03-01,OP-107,PUT_AWAY,NORMAL
PA-000469,2026-09-01 07:52:51,SKU-00816,6,D-04-02-02,OP-101,PUT_AWAY,NORMAL
PA-004520,2026-09-01 07:52:51,SKU-01767,3,F-01-03-01,OP-103,PUT_AWAY,NORMAL
PA-000305,2026-09-01 07:53:20,SKU-01320,4,D-03-05-01,OP-106,PUT_AWAY,NORMAL
PA-003364,2026-09-01 07:53:34,SKU-00937,8,F-09-03-01,OP-104,PUT_AWAY,NORMAL
PA-001423,2026-09-01 07:54:14,SKU-01667,5,C-04-01-01,OP-106,PUT_AWAY,NORMAL
PA-000431,2026-09-01 07:54:34,SKU-00561,9,D-06-04-01,OP-101,PUT_AWAY,NORMAL
PA-004557,2026-09-01 07:55:01,SKU-01411,4,E-07-04-01,OP-106,PUT_AWAY,NORMAL
PA-008443,2026-09-01 07:55:06,SKU-00251,1,D-06-04-02,OP-104,PUT_AWAY,NORMAL
PA-008669,2026-09-01 07:55:06,SKU-00873,6,A-07-04-02,OP-103,PUT_AWAY,NORMAL
PA-001671,2026-09-01 07:55:14,SKU-00239,10,D-06-05-01,OP-103,PUT_AWAY,NORMAL
PA-008199,2026-09-01 07:55:17,SKU-01703,10,B-07-05-02,OP-104,PUT_AWAY,NORMAL
PA-004875,2026-09-01 07:55:31,SKU-01242,5,B-05-02-01,OP-102,PUT_AWAY,NORMAL
PA-003779,2026-09-01 07:55:33,SKU-01177,1,D-08-01-01,OP-103,PUT_AWAY,NORMAL
PA-006540,2026-09-01 07:55:50,SKU-01045,4,C-06-04-02,OP-104,PUT_AWAY,NORMAL
PA-004447,2026-09-01 07:56:00,SKU-01611,8,E-03-01-02,OP-101,PUT_AWAY,NORMAL
PA-001657,2026-09-01 07:56:04,SKU-00557,1,C-05-01-02,OP-102,PUT_AWAY,NORMAL
PA-006894,2026-09-01 07:57:17,SKU-01958,1,A-05-01-02,OP-106,PUT_AWAY,NORMAL
PA-001531,2026-09-01 07:57:31,SKU-00772,2,D-08-01-01,OP-101,PUT_AWAY,NORMAL
PA-007147,2026-09-01 07:57:34,SKU-00331,5,F-04-05-01,OP-108,PUT_AWAY,NORMAL
PA-002052,2026-09-01 07:58:08,SKU-00976,5,E-09-03-01,OP-102,PUT_AWAY,NORMAL
PA-004212,2026-09-01 07:58:43,SKU-01535,2,E-04-05-01,OP-106,PUT_AWAY,NORMAL
PA-003637,2026-09-01 07:59:20,SKU-01896,8,E-03-01-02,OP-104,PUT_AWAY,NORMAL
PA-006496,2026-09-01 07:59:22,SKU-00565,4,B-10-03-02,OP-104,PUT_AWAY,NORMAL
PA-003575,2026-09-01 08:00:06,SKU-00309,9,B-01-03-01,OP-102,PUT_AWAY,NORMAL
PA-005657,2026-09-01 08:00:08,SKU-01788,4,F-08-03-01,OP-108,PUT_AWAY,NORMAL
PA-008684,2026-09-01 08:00:13,SKU-00850,9,E-03-04-02,OP-108,PUT_AWAY,NORMAL
PA-000622,2026-09-01 08:00:29,SKU-01867,10,A-08-05-02,OP-108,PUT_AWAY,NORMAL
PA-008565,2026-09-01 08:01:19,SKU-00531,7,B-06-03-01,OP-101,PUT_AWAY,NORMAL
PA-002983,2026-09-01 08:01:21,SKU-00380,6,A-03-02-02,OP-103,PUT_AWAY,NORMAL
PA-007186,2026-09-01 08:01:31,SKU-00124,8,E-03-02-01,OP-102,PUT_AWAY,NORMAL
PA-006030,2026-09-01 08:01:54,SKU-00405,2,E-09-02-02,OP-105,PUT_AWAY,NORMAL
PA-002651,2026-09-01 08:02:17,SKU-01982,6,D-06-02-02,OP-105,PUT_AWAY,NORMAL
PA-006925,2026-09-01 08:02:40,SKU-00515,3,B-01-02-02,OP-101,PUT_AWAY,NORMAL
PA-003339,2026-09-01 08:03:02,SKU-01844,10,B-05-05-02,OP-108,PUT_AWAY,NORMAL
PA-002210,2026-09-01 08:03:26,SKU-01465,10,C-02-01-02,OP-107,PUT_AWAY,NORMAL
PA-002791,2026-09-01 08:03:43,SKU-00766,8,D-05-02-01,OP-106,PUT_AWAY,NORMAL
PA-004523,2026-09-01 08:05:16,SKU-00273,3,F-06-01-01,OP-107,PUT_AWAY,NORMAL
PA-000963,2026-09-01 08:05:54,SKU-01607,8,A-10-04-02,OP-107,PUT_AWAY,NORMAL
PA-005678,2026-09-01 08:06:16,SKU-01146,10,C-02-04-02,OP-102,PUT_AWAY,NORMAL
PA-004935,2026-09-01 08:06:20,SKU-00672,4,C-01-04-01,OP-108,PUT_AWAY,NORMAL
PA-007871,2026-09-01 08:06:40,SKU-01431,7,E-01-03-02,OP-108,PUT_AWAY,NORMAL
PA-002918,2026-09-01 08:06:53,SKU-01614,4,A-07-03-01,OP-105,PUT_AWAY,NORMAL
PA-006601,2026-09-01 08:06:56,SKU-01365,3,C-07-01-01,OP-104,PUT_AWAY,NORMAL
PA-007053,2026-09-01 08:06:57,SKU-00689,4,C-08-01-01,OP-103,PUT_AWAY,NORMAL
PA-006840,2026-09-01 08:07:42,SKU-01026,9,A-03-01-02,OP-103,PUT_AWAY,NORMAL
PA-001970,2026-09-01 08:07:52,SKU-01837,6,F-01-05-01,OP-103,PUT_AWAY,NORMAL
PA-003547,2026-09-01 08:08:02,SKU-01035,2,C-03-04-01,OP-107,PUT_AWAY,NORMAL
PA-007843,2026-09-01 08:08:04,SKU-01636,6,A-06-02-01,OP-102,PUT_AWAY,NORMAL
PA-005195,2026-09-01 08:08:07,SKU-01754,2,C-10-03-01,OP-105,PUT_AWAY,NORMAL
PA-004050,2026-09-01 08:08:08,SKU-01737,1,E-03-02-01,OP-102,PUT_AWAY,NORMAL
PA-003146,2026-09-01 08:08:26,SKU-01291,5,D-02-04-02,OP-108,PUT_AWAY,NORMAL
PA-001749,2026-09-01 08:08:41,SKU-01748,3,E-10-04-02,OP-108,PUT_AWAY,NORMAL
PA-002101,2026-09-01 08:09:41,SKU-00459,4,A-05-04-01,OP-102,PUT_AWAY,NORMAL
PA-004800,2026-09-01 08:09:46,SKU-00546,6,B-03-03-02,OP-104,PUT_AWAY,NORMAL
PA-007589,2026-09-01 08:10:21,SKU-01017,7,B-07-04-02,OP-101,PUT_AWAY,NORMAL
PA-007977,2026-09-01 08:10:30,SKU-01676,3,D-05-04-02,OP-108,PUT_AWAY,NORMAL
PA-001857,2026-09-01 08:10:37,SKU-01970,6,D-01-05-02,OP-107,PUT_AWAY,NORMAL
PA-000994,2026-09-01 08:10:37,SKU-00030,1,F-09-03-02,OP-108,PUT_AWAY,NORMAL
PA-007997,2026-09-01 08:10:56,SKU-00762,9,D-06-05-01,OP-107,PUT_AWAY,NORMAL
PA-003456,2026-09-01 08:10:56,SKU-00861,8,E-03-04-01,OP-106,PUT_AWAY,NORMAL
PA-008031,2026-09-01 08:11:00,SKU-00844,5,E-03-03-02,OP-108,PUT_AWAY,NORMAL
PA-003361,2026-09-01 08:11:10,SKU-00441,1,F-06-05-02,OP-102,PUT_AWAY,NORMAL
PA-002339,2026-09-01 08:11:26,SKU-00484,7,C-05-01-01,OP-103,PUT_AWAY,NORMAL
PA-007182,2026-09-01 08:11:49,SKU-00843,2,B-08-02-01,OP-104,PUT_AWAY,NORMAL
PA-003984,2026-09-01 08:11:54,SKU-01736,1,F-01-05-02,OP-108,PUT_AWAY,NORMAL
PA-004366,2026-09-01 08:12:48,SKU-00675,10,E-02-01-01,OP-105,PUT_AWAY,NORMAL
PA-008424,2026-09-01 08:12:59,SKU-01976,5,B-01-02-02,OP-102,PUT_AWAY,NORMAL
PA-007951,2026-09-01 08:13:02,SKU-00482,9,D-06-05-02,OP-103,PUT_AWAY,NORMAL
PA-004207,2026-09-01 08:13:11,SKU-01292,8,A-04-01-02,OP-101,PUT_AWAY,NORMAL
PA-008178,2026-09-01 08:13:22,SKU-01032,2,C-09-05-02,OP-101,PUT_AWAY,NORMAL
PA-007211,2026-09-01 08:13:47,SKU-00699,7,A-08-02-01,OP-106,PUT_AWAY,NORMAL
PA-006698,2026-09-01 08:13:48,SKU-00850,9,E-03-04-02,OP-105,PUT_AWAY,NORMAL
PA-006653,2026-09-01 08:13:49,SKU-01298,1,A-07-05-02,OP-101,PUT_AWAY,NORMAL
PA-002385,2026-09-01 08:13:50,SKU-00420,6,D-08-02-02,OP-107,PUT_AWAY,NORMAL
PA-001860,2026-09-01 08:13:50,SKU-01950,2,C-06-02-01,OP-103,PUT_AWAY,NORMAL
PA-005529,2026-09-01 08:14:38,SKU-00532,3,A-07-05-01,OP-105,PUT_AWAY,NORMAL
PA-007644,2026-09-01 08:15:18,SKU-00508,9,F-07-01-01,OP-108,PUT_AWAY,NORMAL
PA-007250,2026-09-01 08:15:38,SKU-01092,4,C-06-03-02,OP-107,PUT_AWAY,NORMAL
PA-008618,2026-09-01 08:15:47,SKU-01301,8,F-09-04-01,OP-103,PUT_AWAY,NORMAL
PA-003978,2026-09-01 08:15:49,SKU-00990,9,C-01-01-01,OP-101,PUT_AWAY,NORMAL
PA-001034,2026-09-01 08:15:52,SKU-00191,5,D-02-01-01,OP-102,PUT_AWAY,NORMAL
PA-003130,2026-09-01 08:16:26,SKU-00752,2,E-06-02-01,OP-104,PUT_AWAY,NORMAL
PA-008515,2026-09-01 08:16:40,SKU-01741,1,E-07-01-01,OP-108,PUT_AWAY,NORMAL
PA-008771,2026-09-01 08:17:07,SKU-00591,1,F-03-04-02,OP-105,PUT_AWAY,NORMAL
PA-008585,2026-09-01 08:17:11,SKU-00940,3,F-02-05-02,OP-104,PUT_AWAY,NORMAL
PA-002505,2026-09-01 08:17:19,SKU-00129,4,F-05-02-01,OP-107,PUT_AWAY,NORMAL
PA-001538,2026-09-01 08:17:35,SKU-01212,2,E-09-03-02,OP-104,PUT_AWAY,NORMAL
PA-005378,2026-09-01 08:17:44,SKU-01236,9,C-08-02-02,OP-104,PUT_AWAY,NORMAL
PA-008271,2026-09-01 08:18:18,SKU-00988,10,C-01-04-02,OP-103,PUT_AWAY,NORMAL
PA-007870,2026-09-01 08:18:31,SKU-00342,3,F-02-05-02,OP-108,PUT_AWAY,NORMAL
PA-007094,2026-09-01 08:18:49,SKU-00893,8,F-04-01-01,OP-107,PUT_AWAY,NORMAL
PA-004853,2026-09-01 08:19:24,SKU-01789,5,B-01-04-02,OP-102,PUT_AWAY,NORMAL
PA-002538,2026-09-01 08:19:35,SKU-01149,10,F-04-02-02,OP-101,PUT_AWAY,NORMAL
PA-004795,2026-09-01 08:19:35,SKU-00379,1,E-05-02-01,OP-105,PUT_AWAY,NORMAL
PA-002494,2026-09-01 08:19:46,SKU-01713,8,B-01-05-01,OP-105,PUT_AWAY,NORMAL
PA-006655,2026-09-01 08:20:07,SKU-00359,9,B-01-03-01,OP-103,PUT_AWAY,NORMAL
PA-002109,2026-09-01 08:20:10,SKU-00370,1,F-04-04-01,OP-105,PUT_AWAY,NORMAL
PA-007506,2026-09-01 08:20:39,SKU-00952,4,B-05-05-01,OP-108,PUT_AWAY,NORMAL
PA-005707,2026-09-01 08:20:49,SKU-01316,5,C-05-05-01,OP-108,PUT_AWAY,NORMAL
PA-000244,2026-09-01 08:20:58,SKU-00560,10,A-01-05-01,OP-102,PUT_AWAY,NORMAL
PA-005668,2026-09-01 08:21:12,SKU-01093,1,C-08-04-01,OP-105,PUT_AWAY,NORMAL
PA-006400,2026-09-01 08:21:26,SKU-00899,3,B-09-02-01,OP-106,PUT_AWAY,NORMAL
PA-003690,2026-09-01 08:21:28,SKU-01811,6,D-05-01-02,OP-103,PUT_AWAY,NORMAL
PA-003556,2026-09-01 08:21:42,SKU-00208,1,B-04-02-01,OP-104,PUT_AWAY,NORMAL
PA-007737,2026-09-01 08:21:49,SKU-01934,5,A-09-03-02,OP-106,PUT_AWAY,NORMAL
PA-005310,2026-09-01 08:21:56,SKU-00991,6,D-09-05-02,OP-103,PUT_AWAY,NORMAL
PA-003895,2026-09-01 08:22:00,SKU-00903,10,A-01-03-02,OP-104,PUT_AWAY,NORMAL
PA-007928,2026-09-01 08:22:08,SKU-01025,10,F-01-02-02,OP-104,PUT_AWAY,NORMAL
PA-007229,2026-09-01 08:22:10,SKU-00882,5,B-03-04-01,OP-104,PUT_AWAY,NORMAL
PA-006929,2026-09-01 08:23:11,SKU-01568,2,A-02-01-01,OP-101,PUT_AWAY,NORMAL
PA-004696,2026-09-01 08:23:34,SKU-00686,2,E-02-04-02,OP-107,PUT_AWAY,NORMAL
PA-008988,2026-09-01 08:23:54,SKU-00896,2,D-07-04-02,OP-105,PUT_AWAY,NORMAL
PA-006165,2026-09-01 08:24:12,SKU-01676,7,D-05-04-02,OP-105,PUT_AWAY,NORMAL
PA-008166,2026-09-01 08:24:12,SKU-00205,3,A-08-02-02,OP-102,PUT_AWAY,NORMAL
PA-004882,2026-09-01 08:24:15,SKU-01987,4,A-03-02-01,OP-102,PUT_AWAY,NORMAL
PA-002816,2026-09-01 08:24:17,SKU-00126,1,B-05-05-01,OP-107,PUT_AWAY,NORMAL
PA-006269,2026-09-01 08:24:24,SKU-00501,4,E-02-02-02,OP-107,PUT_AWAY,NORMAL
PA-001573,2026-09-01 08:24:38,SKU-00027,1,B-05-04-01,OP-101,PUT_AWAY,NORMAL
PA-003917,2026-09-01 08:25:20,SKU-01435,6,E-07-04-02,OP-101,PUT_AWAY,NORMAL
PA-006897,2026-09-01 08:25:22,SKU-00588,6,F-02-02-01,OP-107,PUT_AWAY,NORMAL
PA-006811,2026-09-01 08:25:50,SKU-00435,10,F-09-03-01,OP-104,PUT_AWAY,NORMAL
PA-008009,2026-09-01 08:25:58,SKU-01817,6,F-01-03-01,OP-106,PUT_AWAY,NORMAL
PA-005669,2026-09-01 08:26:21,SKU-01118,7,A-03-02-01,OP-106,PUT_AWAY,NORMAL
PA-008926,2026-09-01 08:26:47,SKU-01553,7,D-04-02-02,OP-106,PUT_AWAY,NORMAL
PA-003467,2026-09-01 08:27:09,SKU-00438,9,C-08-02-02,OP-106,PUT_AWAY,NORMAL
PA-006139,2026-09-01 08:27:32,SKU-00031,10,E-06-04-01,OP-108,PUT_AWAY,NORMAL
PA-002815,2026-09-01 08:27:33,SKU-00162,5,D-09-04-01,OP-106,PUT_AWAY,NORMAL
PA-001833,2026-09-01 08:28:09,SKU-00060,10,B-03-04-02,OP-104,PUT_AWAY,NORMAL
PA-007281,2026-09-01 08:28:13,SKU-01961,1,E-10-04-01,OP-107,PUT_AWAY,NORMAL
PA-007400,2026-09-01 08:28:40,SKU-00472,4,B-06-02-02,OP-108,PUT_AWAY,NORMAL
PA-001054,2026-09-01 08:30:02,SKU-00718,6,B-10-03-02,OP-105,PUT_AWAY,NORMAL
PA-004302,2026-09-01 08:30:12,SKU-01569,10,D-04-02-01,OP-106,PUT_AWAY,NORMAL
PA-004280,2026-09-01 08:30:57,SKU-00822,6,F-04-01-01,OP-106,PUT_AWAY,NORMAL
PA-002361,2026-09-01 08:32:20,SKU-01791,1,C-08-04-01,OP-104,PUT_AWAY,NORMAL
PA-003286,2026-09-01 08:32:45,SKU-01659,2,E-03-03-02,OP-108,PUT_AWAY,NORMAL
PA-006922,2026-09-01 08:32:51,SKU-01262,10,C-05-04-01,OP-101,PUT_AWAY,NORMAL
PA-000985,2026-09-01 08:32:53,SKU-00719,2,E-06-02-01,OP-105,PUT_AWAY,NORMAL
PA-003312,2026-09-01 08:33:25,SKU-01110,4,A-03-04-02,OP-105,PUT_AWAY,NORMAL
PA-007355,2026-09-01 08:33:27,SKU-00034,10,D-02-01-02,OP-104,PUT_AWAY,NORMAL
PA-005548,2026-09-01 08:33:56,SKU-00006,3,F-06-03-02,OP-104,PUT_AWAY,NORMAL
PA-003348,2026-09-01 08:34:51,SKU-00390,4,F-03-04-01,OP-105,PUT_AWAY,NORMAL
PA-001840,2026-09-01 08:36:24,SKU-01131,8,B-01-01-02,OP-102,PUT_AWAY,NORMAL
PA-007888,2026-09-01 08:36:28,SKU-00548,8,C-08-01-02,OP-104,PUT_AWAY,NORMAL
PA-004421,2026-09-01 08:36:54,SKU-00675,7,E-02-01-01,OP-106,PUT_AWAY,NORMAL
PA-007042,2026-09-01 08:37:18,SKU-00440,6,C-05-03-01,OP-103,PUT_AWAY,NORMAL
PA-007537,2026-09-01 08:38:04,SKU-01574,6,D-06-03-02,OP-106,PUT_AWAY,NORMAL
PA-001194,2026-09-01 08:38:34,SKU-01960,7,D-01-05-01,OP-106,PUT_AWAY,NORMAL
PA-002704,2026-09-01 08:38:53,SKU-01021,1,E-02-04-02,OP-103,PUT_AWAY,NORMAL
PA-008875,2026-09-01 08:39:20,SKU-00960,9,D-02-03-01,OP-103,PUT_AWAY,NORMAL
PA-000210,2026-09-01 08:39:57,SKU-00410,9,F-05-02-01,OP-107,PUT_AWAY,NORMAL
PA-003182,2026-09-01 08:40:06,SKU-00658,6,F-04-02-02,OP-104,PUT_AWAY,NORMAL
PA-004605,2026-09-01 08:40:12,SKU-00100,2,A-02-05-01,OP-106,PUT_AWAY,NORMAL
PA-005677,2026-09-01 08:40:51,SKU-00300,5,A-03-01-02,OP-108,PUT_AWAY,NORMAL
PA-008218,2026-09-01 08:41:18,SKU-00304,6,B-07-04-02,OP-102,PUT_AWAY,NORMAL
PA-003210,2026-09-01 08:41:21,SKU-01717,2,D-08-03-02,OP-101,PUT_AWAY,NORMAL
PA-006527,2026-09-01 08:41:32,SKU-00310,8,F-02-05-01,OP-102,PUT_AWAY,NORMAL
PA-002030,2026-09-01 08:41:45,SKU-01465,5,C-02-01-02,OP-104,PUT_AWAY,NORMAL
PA-004107,2026-09-01 08:41:49,SKU-01936,10,B-04-03-01,OP-102,PUT_AWAY,NORMAL
PA-005969,2026-09-01 08:42:00,SKU-00391,2,B-02-05-02,OP-108,PUT_AWAY,NORMAL
PA-005497,2026-09-01 08:43:03,SKU-01174,2,C-05-05-01,OP-107,PUT_AWAY,NORMAL
PA-002116,2026-09-01 08:43:11,SKU-00948,1,E-03-02-02,OP-105,PUT_AWAY,NORMAL
PA-004612,2026-09-01 08:43:13,SKU-01110,1,A-03-04-02,OP-106,PUT_AWAY,NORMAL
PA-008447,2026-09-01 08:43:33,SKU-01337,1,E-05-05-02,OP-103,PUT_AWAY,NORMAL
PA-006514,2026-09-01 08:43:37,SKU-01310,7,D-03-02-02,OP-105,PUT_AWAY,NORMAL
PA-004478,2026-09-01 08:43:43,SKU-00724,10,B-07-01-01,OP-108,PUT_AWAY,NORMAL
PA-004744,2026-09-01 08:43:52,SKU-01252,8,C-02-01-02,OP-105,PUT_AWAY,NORMAL
PA-007320,2026-09-01 08:43:55,SKU-00990,9,C-01-01-01,OP-105,PUT_AWAY,NORMAL
PA-002893,2026-09-01 08:44:00,SKU-01709,5,A-06-03-02,OP-104,PUT_AWAY,NORMAL
PA-008244,2026-09-01 08:44:09,SKU-00620,4,A-10-05-01,OP-102,PUT_AWAY,NORMAL
PA-008296,2026-09-01 08:44:12,SKU-00819,4,D-01-03-01,OP-105,PUT_AWAY,NORMAL
PA-004283,2026-09-01 08:44:14,SKU-00509,8,B-08-05-01,OP-105,PUT_AWAY,NORMAL
PA-002819,2026-09-01 08:44:25,SKU-01904,10,F-09-03-02,OP-107,PUT_AWAY,NORMAL
PA-005870,2026-09-01 08:44:26,SKU-00339,2,A-06-03-01,OP-106,PUT_AWAY,NORMAL
PA-004709,2026-09-01 08:44:42,SKU-00280,2,F-04-05-02,OP-105,PUT_AWAY,NORMAL
PA-008689,2026-09-01 08:45:09,SKU-00451,3,D-05-05-01,OP-104,PUT_AWAY,NORMAL
PA-008650,2026-09-01 08:45:25,SKU-01983,8,E-09-03-01,OP-105,PUT_AWAY,NORMAL
PA-007104,2026-09-01 08:46:51,SKU-01660,9,F-02-01-02,OP-101,PUT_AWAY,NORMAL
PA-000091,2026-09-01 08:46:52,SKU-01436,6,E-03-02-01,OP-101,PUT_AWAY,NORMAL
PA-006364,2026-09-01 08:47:10,SKU-00905,5,B-01-03-02,OP-107,PUT_AWAY,NORMAL
PA-006682,2026-09-01 08:47:16,SKU-00066,3,C-03-02-02,OP-104,PUT_AWAY,NORMAL
PA-003138,2026-09-01 08:48:43,SKU-00513,7,A-08-02-02,OP-103,PUT_AWAY,NORMAL
PA-001049,2026-09-01 08:48:57,SKU-00902,8,C-08-01-01,OP-102,PUT_AWAY,NORMAL
PA-002459,2026-09-01 08:50:02,SKU-01014,7,A-04-03-01,OP-108,PUT_AWAY,NORMAL
PA-006746,2026-09-01 08:50:17,SKU-01430,2,B-05-05-01,OP-106,PUT_AWAY,NORMAL
PA-003105,2026-09-01 08:50:45,SKU-01925,7,A-03-04-02,OP-107,PUT_AWAY,NORMAL
PA-001651,2026-09-01 08:51:18,SKU-00590,7,F-08-02-02,OP-101,PUT_AWAY,NORMAL
PA-008739,2026-09-01 08:51:36,SKU-01786,8,F-02-05-02,OP-104,PUT_AWAY,NORMAL
PA-000790,2026-09-01 08:52:02,SKU-01612,3,A-10-02-02,OP-107,PUT_AWAY,NORMAL
PA-001925,2026-09-01 08:52:09,SKU-00959,1,D-03-05-02,OP-103,PUT_AWAY,NORMAL
PA-001312,2026-09-01 08:52:38,SKU-01504,10,B-04-04-01,OP-101,PUT_AWAY,NORMAL
PA-008429,2026-09-01 08:52:44,SKU-00072,4,F-05-02-01,OP-103,PUT_AWAY,NORMAL
PA-008392,2026-09-01 08:53:35,SKU-01123,5,E-07-02-01,OP-103,PUT_AWAY,NORMAL
PA-006972,2026-09-01 08:54:15,SKU-01511,3,A-07-01-02,OP-103,PUT_AWAY,NORMAL
PA-004290,2026-09-01 08:54:48,SKU-01380,4,C-06-05-01,OP-107,PUT_AWAY,NORMAL
PA-000951,2026-09-01 08:55:19,SKU-01363,4,D-04-04-02,OP-101,PUT_AWAY,NORMAL
PA-000148,2026-09-01 08:55:19,SKU-00334,4,E-09-03-01,OP-102,PUT_AWAY,NORMAL
PA-008110,2026-09-01 08:55:24,SKU-00942,7,B-05-05-01,OP-102,PUT_AWAY,NORMAL
PA-004092,2026-09-01 08:56:08,SKU-01723,4,D-03-02-01,OP-105,PUT_AWAY,NORMAL
PA-003581,2026-09-01 08:56:09,SKU-01749,8,B-02-01-01,OP-107,PUT_AWAY,NORMAL
PA-001697,2026-09-01 08:56:15,SKU-00963,2,B-03-05-01,OP-104,PUT_AWAY,NORMAL
PA-001588,2026-09-01 08:56:26,SKU-00541,9,E-05-02-01,OP-107,PUT_AWAY,NORMAL
PA-008643,2026-09-01 08:56:39,SKU-01533,5,C-02-03-01,OP-107,PUT_AWAY,NORMAL
PA-001249,2026-09-01 08:57:03,SKU-01959,8,F-04-03-02,OP-102,PUT_AWAY,NORMAL
PA-001366,2026-09-01 08:57:08,SKU-01335,4,D-02-01-01,OP-108,PUT_AWAY,NORMAL
PA-002619,2026-09-01 08:57:17,SKU-01059,7,F-10-04-01,OP-104,PUT_AWAY,NORMAL
PA-008819,2026-09-01 08:57:21,SKU-00736,7,E-01-03-02,OP-103,PUT_AWAY,NORMAL
PA-003443,2026-09-01 08:57:31,SKU-01217,1,A-10-01-01,OP-101,PUT_AWAY,NORMAL
PA-000216,2026-09-01 08:57:33,SKU-01019,2,A-07-03-02,OP-106,PUT_AWAY,NORMAL
PA-000596,2026-09-01 08:58:08,SKU-00165,4,E-06-04-02,OP-103,PUT_AWAY,NORMAL
PA-001623,2026-09-01 08:58:09,SKU-01064,7,A-01-05-01,OP-105,PUT_AWAY,NORMAL
PA-004390,2026-09-01 08:58:33,SKU-00987,4,B-01-04-01,OP-102,PUT_AWAY,NORMAL
PA-006142,2026-09-01 08:58:36,SKU-01593,4,F-10-03-01,OP-107,PUT_AWAY,NORMAL
PA-007306,2026-09-01 08:58:55,SKU-01441,5,D-06-04-02,OP-105,PUT_AWAY,NORMAL
PA-004138,2026-09-01 08:59:14,SKU-00222,2,E-08-05-02,OP-102,PUT_AWAY,NORMAL
PA-008661,2026-09-01 08:59:24,SKU-01095,1,C-09-03-01,OP-103,PUT_AWAY,NORMAL
PA-005650,2026-09-01 08:59:44,SKU-01103,9,E-08-04-02,OP-108,PUT_AWAY,NORMAL
PA-003111,2026-09-01 08:59:46,SKU-01658,6,B-07-05-02,OP-108,PUT_AWAY,NORMAL
PA-003874,2026-09-01 08:59:54,SKU-01098,3,D-01-04-02,OP-105,PUT_AWAY,NORMAL
PA-004946,2026-09-01 09:00:11,SKU-00832,2,D-07-04-02,OP-102,PUT_AWAY,NORMAL
PA-006352,2026-09-01 09:01:28,SKU-01836,5,E-01-03-01,OP-103,PUT_AWAY,NORMAL
PA-006462,2026-09-01 09:01:32,SKU-00701,4,E-06-02-01,OP-102,PUT_AWAY,NORMAL
PA-000965,2026-09-01 09:02:00,SKU-01800,7,B-04-01-02,OP-102,PUT_AWAY,NORMAL
PA-005800,2026-09-01 09:02:00,SKU-00479,10,C-02-02-02,OP-101,PUT_AWAY,NORMAL
PA-008484,2026-09-01 09:02:16,SKU-01357,5,E-09-01-01,OP-108,PUT_AWAY,NORMAL
PA-008966,2026-09-01 09:02:31,SKU-01014,4,A-04-03-01,OP-104,PUT_AWAY,NORMAL
PA-006047,2026-09-01 09:02:36,SKU-00994,5,A-05-02-01,OP-107,PUT_AWAY,NORMAL
PA-000560,2026-09-01 09:03:56,SKU-01493,10,E-01-05-02,OP-102,PUT_AWAY,NORMAL
PA-003256,2026-09-01 09:04:38,SKU-01368,10,A-05-04-02,OP-101,PUT_AWAY,NORMAL
PA-001626,2026-09-01 09:04:53,SKU-00601,3,B-02-05-02,OP-107,PUT_AWAY,NORMAL
PA-000945,2026-09-01 09:05:13,SKU-01095,1,C-09-03-01,OP-104,PUT_AWAY,NORMAL
PA-007521,2026-09-01 09:05:16,SKU-01775,5,F-07-05-01,OP-102,PUT_AWAY,NORMAL
PA-004137,2026-09-01 09:05:56,SKU-00646,10,B-07-05-01,OP-103,PUT_AWAY,NORMAL
PA-005898,2026-09-01 09:06:00,SKU-00767,3,C-01-05-01,OP-102,PUT_AWAY,NORMAL
PA-007654,2026-09-01 09:06:16,SKU-00057,10,B-10-03-02,OP-107,PUT_AWAY,NORMAL
PA-006291,2026-09-01 09:06:35,SKU-00401,4,B-08-05-01,OP-103,PUT_AWAY,NORMAL
PA-005388,2026-09-01 09:06:44,SKU-00295,1,D-09-02-02,OP-106,PUT_AWAY,NORMAL
PA-001679,2026-09-01 09:07:13,SKU-01121,6,D-10-03-01,OP-101,PUT_AWAY,NORMAL
PA-004187,2026-09-01 09:07:51,SKU-01260,3,A-06-01-02,OP-108,PUT_AWAY,NORMAL
PA-002167,2026-09-01 09:08:27,SKU-00726,10,B-10-04-01,OP-106,PUT_AWAY,NORMAL
PA-006800,2026-09-01 09:08:49,SKU-00752,3,E-06-02-01,OP-104,PUT_AWAY,NORMAL
PA-008767,2026-09-01 09:10:05,SKU-01583,7,F-04-04-02,OP-101,PUT_AWAY,NORMAL
PA-008615,2026-09-01 09:10:09,SKU-01508,2,D-01-02-01,OP-107,PUT_AWAY,NORMAL
PA-008944,2026-09-01 09:10:28,SKU-00749,10,B-09-05-01,OP-101,PUT_AWAY,NORMAL
PA-002998,2026-09-01 09:10:31,SKU-00429,5,E-06-04-02,OP-104,PUT_AWAY,NORMAL
PA-003412,2026-09-01 09:10:32,SKU-00987,1,B-01-04-01,OP-107,PUT_AWAY,NORMAL
PA-008117,2026-09-01 09:11:02,SKU-00797,5,D-03-02-01,OP-104,PUT_AWAY,NORMAL
PA-002495,2026-09-01 09:11:28,SKU-00688,8,C-02-03-01,OP-102,PUT_AWAY,NORMAL
PA-004191,2026-09-01 09:11:33,SKU-01296,6,D-08-01-01,OP-105,PUT_AWAY,NORMAL
PA-002437,2026-09-01 09:11:35,SKU-01771,1,C-03-05-02,OP-108,PUT_AWAY,NORMAL
PA-001070,2026-09-01 09:11:41,SKU-00905,5,B-01-03-02,OP-103,PUT_AWAY,NORMAL
PA-001268,2026-09-01 09:12:17,SKU-00199,5,A-10-05-01,OP-101,PUT_AWAY,NORMAL
PA-004173,2026-09-01 09:12:18,SKU-01716,3,D-03-04-02,OP-102,PUT_AWAY,NORMAL
PA-002171,2026-09-01 09:12:19,SKU-00720,8,C-02-04-02,OP-104,PUT_AWAY,NORMAL
PA-001566,2026-09-01 09:12:19,SKU-01819,7,F-07-01-01,OP-108,PUT_AWAY,NORMAL
PA-002520,2026-09-01 09:12:37,SKU-01076,4,C-02-03-01,OP-108,PUT_AWAY,NORMAL
PA-001523,2026-09-01 09:12:59,SKU-01173,8,D-10-04-01,OP-105,PUT_AWAY,NORMAL
PA-004456,2026-09-01 09:13:16,SKU-01505,7,B-06-02-01,OP-108,PUT_AWAY,NORMAL
PA-006223,2026-09-01 09:13:28,SKU-00113,2,E-03-01-02,OP-107,PUT_AWAY,NORMAL
PA-005955,2026-09-01 09:13:35,SKU-00157,3,E-07-05-02,OP-105,PUT_AWAY,NORMAL
PA-007043,2026-09-01 09:14:13,SKU-01645,4,E-03-03-01,OP-102,PUT_AWAY,NORMAL
PA-006109,2026-09-01 09:14:53,SKU-00056,4,A-08-02-02,OP-104,PUT_AWAY,NORMAL
PA-005369,2026-09-01 09:15:05,SKU-00125,2,C-07-03-02,OP-104,PUT_AWAY,NORMAL
PA-008107,2026-09-01 09:15:30,SKU-01115,5,A-06-02-01,OP-101,PUT_AWAY,NORMAL
PA-002344,2026-09-01 09:15:39,SKU-00521,2,C-01-03-01,OP-101,PUT_AWAY,NORMAL
PA-005582,2026-09-01 09:15:44,SKU-00234,5,B-10-03-01,OP-108,PUT_AWAY,NORMAL
PA-007885,2026-09-01 09:16:02,SKU-01607,7,A-10-04-02,OP-106,PUT_AWAY,NORMAL
PA-007858,2026-09-01 09:16:15,SKU-01976,8,B-01-02-02,OP-102,PUT_AWAY,NORMAL
PA-007789,2026-09-01 09:16:50,SKU-00140,3,C-08-03-02,OP-104,PUT_AWAY,NORMAL
PA-007499,2026-09-01 09:16:57,SKU-01227,9,F-06-04-01,OP-107,PUT_AWAY,NORMAL
PA-000691,2026-09-01 09:17:37,SKU-00402,7,B-02-01-02,OP-104,PUT_AWAY,NORMAL
PA-002349,2026-09-01 09:17:57,SKU-01239,1,E-08-02-01,OP-108,PUT_AWAY,NORMAL
PA-004589,2026-09-01 09:18:04,SKU-00553,10,B-02-03-02,OP-107,PUT_AWAY,NORMAL
PA-002411,2026-09-01 09:18:13,SKU-01556,6,B-02-03-01,OP-107,PUT_AWAY,NORMAL
PA-000456,2026-09-01 09:18:13,SKU-00174,3,B-03-02-01,OP-104,PUT_AWAY,NORMAL
PA-005482,2026-09-01 09:18:23,SKU-01918,5,C-09-01-01,OP-101,PUT_AWAY,NORMAL
PA-006395,2026-09-01 09:18:30,SKU-00094,6,F-10-04-02,OP-106,PUT_AWAY,NORMAL
PA-003022,2026-09-01 09:18:40,SKU-01087,5,D-02-04-02,OP-103,PUT_AWAY,NORMAL
PA-005986,2026-09-01 09:18:41,SKU-01184,8,C-04-01-01,OP-101,PUT_AWAY,NORMAL
PA-002730,2026-09-01 09:19:03,SKU-01042,9,B-07-01-02,OP-103,PUT_AWAY,NORMAL
PA-005610,2026-09-01 09:19:03,SKU-00629,3,A-03-01-01,OP-105,PUT_AWAY,NORMAL
PA-003561,2026-09-01 09:19:10,SKU-01421,2,A-09-03-02,OP-107,PUT_AWAY,NORMAL
PA-004706,2026-09-01 09:19:11,SKU-00615,10,F-03-04-01,OP-105,PUT_AWAY,NORMAL
PA-002506,2026-09-01 09:19:15,SKU-00142,9,F-09-03-02,OP-105,PUT_AWAY,NORMAL
PA-003651,2026-09-01 09:19:38,SKU-00184,8,D-06-02-01,OP-107,PUT_AWAY,NORMAL
PA-007844,2026-09-01 09:20:29,SKU-00072,3,F-05-02-01,OP-107,PUT_AWAY,NORMAL
PA-000388,2026-09-01 09:20:58,SKU-01134,7,A-09-05-02,OP-108,PUT_AWAY,NORMAL
PA-007669,2026-09-01 09:21:14,SKU-01942,4,B-08-05-01,OP-105,PUT_AWAY,NORMAL
PA-004869,2026-09-01 09:21:22,SKU-01750,5,B-02-02-01,OP-101,PUT_AWAY,NORMAL
PA-006039,2026-09-01 09:21:53,SKU-01886,10,B-04-05-01,OP-101,PUT_AWAY,NORMAL
PA-006227,2026-09-01 09:21:56,SKU-00927,2,C-01-03-01,OP-103,PUT_AWAY,NORMAL
PA-004455,2026-09-01 09:21:56,SKU-00421,4,B-02-03-01,OP-106,PUT_AWAY,NORMAL
PA-008005,2026-09-01 09:21:57,SKU-01044,10,E-06-01-02,OP-104,PUT_AWAY,NORMAL
PA-008981,2026-09-01 09:22:01,SKU-00008,9,E-06-03-02,OP-102,PUT_AWAY,NORMAL
PA-001682,2026-09-01 09:22:32,SKU-01309,9,E-02-01-02,OP-102,PUT_AWAY,NORMAL
PA-002552,2026-09-01 09:22:50,SKU-01379,4,A-03-02-01,OP-104,PUT_AWAY,NORMAL
PA-007351,2026-09-01 09:23:47,SKU-00311,4,F-04-03-02,OP-108,PUT_AWAY,NORMAL
PA-006719,2026-09-01 09:24:08,SKU-01809,2,C-08-01-02,OP-102,PUT_AWAY,NORMAL
PA-002896,2026-09-01 09:25:02,SKU-00641,3,D-04-02-02,OP-103,PUT_AWAY,NORMAL
PA-008700,2026-09-01 09:25:41,SKU-01819,8,F-07-01-01,OP-107,PUT_AWAY,NORMAL
PA-006085,2026-09-01 09:25:43,SKU-00512,2,F-06-05-02,OP-103,PUT_AWAY,NORMAL
PA-005993,2026-09-01 09:25:54,SKU-01578,10,C-09-01-01,OP-108,PUT_AWAY,NORMAL
PA-002289,2026-09-01 09:25:59,SKU-00363,1,A-06-04-02,OP-107,PUT_AWAY,NORMAL
PA-001003,2026-09-01 09:26:37,SKU-01609,5,D-07-03-02,OP-106,PUT_AWAY,NORMAL
PA-005473,2026-09-01 09:26:55,SKU-00452,2,F-06-02-02,OP-104,PUT_AWAY,NORMAL
PA-003132,2026-09-01 09:27:59,SKU-01665,4,B-06-04-01,OP-105,PUT_AWAY,NORMAL
PA-001771,2026-09-01 09:28:22,SKU-01673,3,F-03-01-01,OP-102,PUT_AWAY,NORMAL
PA-005935,2026-09-01 09:28:34,SKU-01763,2,E-10-04-01,OP-102,PUT_AWAY,NORMAL
PA-006487,2026-09-01 09:28:41,SKU-01010,7,F-02-01-02,OP-108,PUT_AWAY,NORMAL
PA-001792,2026-09-01 09:28:46,SKU-01266,3,A-06-05-01,OP-107,PUT_AWAY,NORMAL
PA-004749,2026-09-01 09:29:12,SKU-00368,2,D-07-03-01,OP-104,PUT_AWAY,NORMAL
PA-006578,2026-09-01 09:29:19,SKU-01991,2,E-06-02-01,OP-102,PUT_AWAY,NORMAL
PA-001756,2026-09-01 09:29:20,SKU-00853,2,A-01-02-02,OP-107,PUT_AWAY,NORMAL
PA-001195,2026-09-01 09:29:37,SKU-01276,4,A-02-02-02,OP-102,PUT_AWAY,NORMAL
PA-000408,2026-09-01 09:29:51,SKU-00039,9,F-07-02-02,OP-101,PUT_AWAY,NORMAL
PA-002877,2026-09-01 09:29:58,SKU-01859,4,E-05-04-01,OP-105,PUT_AWAY,NORMAL
PA-007565,2026-09-01 09:30:00,SKU-00379,2,E-05-02-01,OP-102,PUT_AWAY,NORMAL
PA-001215,2026-09-01 09:31:13,SKU-01402,8,E-03-01-02,OP-103,PUT_AWAY,NORMAL
PA-004169,2026-09-01 09:31:32,SKU-00714,6,F-07-03-01,OP-101,PUT_AWAY,NORMAL
PA-004833,2026-09-01 09:31:46,SKU-00682,7,C-02-04-01,OP-106,PUT_AWAY,NORMAL
PA-008014,2026-09-01 09:31:50,SKU-01498,1,B-06-04-01,OP-104,PUT_AWAY,NORMAL
PA-002691,2026-09-01 09:32:22,SKU-01732,2,A-04-01-02,OP-108,PUT_AWAY,NORMAL
PA-000225,2026-09-01 09:33:20,SKU-01338,6,F-09-04-02,OP-108,PUT_AWAY,NORMAL
PA-004045,2026-09-01 09:33:27,SKU-01750,9,B-02-02-01,OP-105,PUT_AWAY,NORMAL
PA-001337,2026-09-01 09:33:42,SKU-01417,1,C-01-01-02,OP-105,PUT_AWAY,NORMAL
PA-002729,2026-09-01 09:33:53,SKU-00236,9,A-09-02-02,OP-108,PUT_AWAY,NORMAL
PA-008203,2026-09-01 09:33:54,SKU-01257,1,A-01-02-01,OP-104,PUT_AWAY,NORMAL
PA-004995,2026-09-01 09:34:07,SKU-01170,9,B-04-01-02,OP-105,PUT_AWAY,NORMAL
PA-001430,2026-09-01 09:34:25,SKU-01234,5,A-05-03-01,OP-105,PUT_AWAY,NORMAL
PA-002239,2026-09-01 09:34:44,SKU-00298,1,F-03-03-01,OP-105,PUT_AWAY,NORMAL
PA-005783,2026-09-01 09:34:46,SKU-00055,4,A-05-05-01,OP-103,PUT_AWAY,NORMAL
PA-005152,2026-09-01 09:35:41,SKU-00232,5,C-05-05-01,OP-104,PUT_AWAY,NORMAL
PA-002826,2026-09-01 09:36:28,SKU-01767,6,F-01-03-01,OP-108,PUT_AWAY,NORMAL
PA-005232,2026-09-01 09:37:08,SKU-00015,7,F-08-03-02,OP-108,PUT_AWAY,NORMAL
PA-008208,2026-09-01 09:37:22,SKU-00448,2,C-08-05-01,OP-105,PUT_AWAY,NORMAL
PA-003647,2026-09-01 09:37:37,SKU-01951,3,D-02-02-01,OP-103,PUT_AWAY,NORMAL
PA-003836,2026-09-01 09:38:01,SKU-01535,2,E-04-05-01,OP-104,PUT_AWAY,NORMAL
PA-002807,2026-09-01 09:38:11,SKU-01594,1,A-05-04-02,OP-103,PUT_AWAY,NORMAL
PA-002245,2026-09-01 09:38:27,SKU-01686,6,B-10-01-02,OP-107,PUT_AWAY,NORMAL
PA-006361,2026-09-01 09:38:41,SKU-01109,4,A-09-02-01,OP-103,PUT_AWAY,NORMAL
PA-000203,2026-09-01 09:38:46,SKU-01491,10,E-04-05-01,OP-106,PUT_AWAY,NORMAL
PA-002468,2026-09-01 09:38:58,SKU-00649,7,F-10-04-01,OP-106,PUT_AWAY,NORMAL
PA-008744,2026-09-01 09:39:12,SKU-00784,4,F-09-02-02,OP-103,PUT_AWAY,NORMAL
PA-003351,2026-09-01 09:39:35,SKU-00044,8,D-04-04-01,OP-101,PUT_AWAY,NORMAL
PA-008996,2026-09-01 09:39:45,SKU-00411,8,C-07-02-01,OP-103,PUT_AWAY,NORMAL
PA-002573,2026-09-01 09:39:57,SKU-00004,6,F-07-05-01,OP-104,PUT_AWAY,NORMAL
PA-006261,2026-09-01 09:40:55,SKU-00303,1,A-04-02-01,OP-101,PUT_AWAY,NORMAL
PA-008311,2026-09-01 09:41:14,SKU-00965,7,B-05-03-01,OP-101,PUT_AWAY,NORMAL
PA-002592,2026-09-01 09:41:32,SKU-00286,5,E-04-03-01,OP-103,PUT_AWAY,NORMAL
PA-007998,2026-09-01 09:42:00,SKU-00154,5,F-07-03-01,OP-104,PUT_AWAY,NORMAL
PA-000766,2026-09-01 09:42:19,SKU-00112,4,D-03-05-01,OP-104,PUT_AWAY,NORMAL
PA-003548,2026-09-01 09:42:38,SKU-01659,5,E-03-03-02,OP-107,PUT_AWAY,NORMAL
PA-006832,2026-09-01 09:43:03,SKU-00269,3,F-05-04-01,OP-107,PUT_AWAY,NORMAL
PA-007812,2026-09-01 09:43:05,SKU-00483,3,D-05-04-01,OP-107,PUT_AWAY,NORMAL
PA-005355,2026-09-01 09:43:20,SKU-00994,1,A-05-02-01,OP-103,PUT_AWAY,NORMAL
PA-003902,2026-09-01 09:43:49,SKU-01257,7,A-01-02-01,OP-107,PUT_AWAY,NORMAL
PA-006923,2026-09-01 09:43:52,SKU-01339,8,C-03-02-02,OP-101,PUT_AWAY,NORMAL
PA-001243,2026-09-01 09:44:20,SKU-01458,4,B-10-03-01,OP-103,PUT_AWAY,NORMAL
PA-001306,2026-09-01 09:44:23,SKU-00844,1,E-03-03-02,OP-108,PUT_AWAY,NORMAL
PA-004473,2026-09-01 09:44:35,SKU-01869,2,C-09-04-02,OP-103,PUT_AWAY,NORMAL
PA-008061,2026-09-01 09:44:49,SKU-01551,5,D-02-02-01,OP-106,PUT_AWAY,NORMAL
PA-006119,2026-09-01 09:44:51,SKU-01594,8,A-05-04-02,OP-106,PUT_AWAY,NORMAL
PA-008313,2026-09-01 09:44:52,SKU-01522,8,F-04-02-02,OP-106,PUT_AWAY,NORMAL
PA-008673,2026-09-01 09:46:03,SKU-01996,8,B-05-01-01,OP-104,PUT_AWAY,NORMAL
PA-004578,2026-09-01 09:46:10,SKU-01625,9,C-09-01-02,OP-106,PUT_AWAY,NORMAL
PA-006153,2026-09-01 09:46:41,SKU-00399,3,D-08-03-01,OP-104,PUT_AWAY,NORMAL
PA-001692,2026-09-01 09:47:25,SKU-01282,7,A-07-01-02,OP-103,PUT_AWAY,NORMAL
PA-006530,2026-09-01 09:47:30,SKU-00302,1,F-10-05-01,OP-105,PUT_AWAY,NORMAL
PA-002924,2026-09-01 09:47:42,SKU-00227,6,E-01-05-01,OP-101,PUT_AWAY,NORMAL
PA-007553,2026-09-01 09:47:53,SKU-00088,4,D-05-02-02,OP-108,PUT_AWAY,NORMAL
PA-000064,2026-09-01 09:48:01,SKU-01792,3,D-07-03-02,OP-108,PUT_AWAY,NORMAL
PA-004346,2026-09-01 09:48:30,SKU-01617,7,B-06-02-01,OP-108,PUT_AWAY,NORMAL
PA-004279,2026-09-01 09:48:45,SKU-00425,4,B-04-02-01,OP-107,PUT_AWAY,NORMAL
PA-008732,2026-09-01 09:48:52,SKU-01212,2,E-09-03-02,OP-103,PUT_AWAY,NORMAL
PA-000924,2026-09-01 09:49:02,SKU-01850,6,C-06-02-01,OP-108,PUT_AWAY,NORMAL
PA-000944,2026-09-01 09:49:18,SKU-00558,4,F-03-02-02,OP-108,PUT_AWAY,NORMAL
PA-003831,2026-09-01 09:49:52,SKU-01013,10,D-05-03-02,OP-106,PUT_AWAY,NORMAL
PA-005503,2026-09-01 09:50:20,SKU-01786,10,F-02-05-02,OP-104,PUT_AWAY,NORMAL
PA-008568,2026-09-01 09:50:30,SKU-01055,1,D-07-01-01,OP-106,PUT_AWAY,NORMAL
PA-004598,2026-09-01 09:50:39,SKU-01624,3,F-06-01-02,OP-104,PUT_AWAY,NORMAL
PA-001559,2026-09-01 09:50:49,SKU-00510,9,D-02-01-01,OP-103,PUT_AWAY,NORMAL
PA-002418,2026-09-01 09:50:51,SKU-00579,8,E-04-02-02,OP-103,PUT_AWAY,NORMAL
PA-008602,2026-09-01 09:50:59,SKU-00066,1,C-03-02-02,OP-107,PUT_AWAY,NORMAL
PA-003551,2026-09-01 09:50:59,SKU-01759,1,C-07-03-02,OP-104,PUT_AWAY,NORMAL
PA-008163,2026-09-01 09:51:16,SKU-01480,1,B-03-04-01,OP-105,PUT_AWAY,NORMAL
PA-001602,2026-09-01 09:51:43,SKU-01751,7,B-09-02-01,OP-104,PUT_AWAY,NORMAL
PA-006062,2026-09-01 09:51:54,SKU-00120,2,D-05-04-02,OP-102,PUT_AWAY,NORMAL
PA-008298,2026-09-01 09:52:28,SKU-01418,2,F-06-01-01,OP-107,PUT_AWAY,NORMAL
PA-008057,2026-09-01 09:52:34,SKU-01168,7,D-10-05-01,OP-102,PUT_AWAY,NORMAL
PA-007856,2026-09-01 09:53:11,SKU-01322,2,C-05-05-01,OP-101,PUT_AWAY,NORMAL
PA-001704,2026-09-01 09:53:18,SKU-00891,2,B-02-05-01,OP-106,PUT_AWAY,NORMAL
PA-002317,2026-09-01 09:53:41,SKU-01726,9,B-02-01-01,OP-104,PUT_AWAY,NORMAL
PA-002023,2026-09-01 09:53:45,SKU-00071,2,D-03-05-02,OP-102,PUT_AWAY,NORMAL
PA-000981,2026-09-01 09:53:54,SKU-00074,6,F-09-05-01,OP-104,PUT_AWAY,NORMAL
PA-006522,2026-09-01 09:53:59,SKU-01730,8,E-10-02-01,OP-108,PUT_AWAY,NORMAL
PA-005342,2026-09-01 09:54:04,SKU-01532,9,E-07-01-01,OP-108,PUT_AWAY,NORMAL
PA-004284,2026-09-01 09:54:22,SKU-00737,3,A-07-05-02,OP-108,PUT_AWAY,NORMAL
PA-008880,2026-09-01 09:54:25,SKU-01037,8,E-05-01-01,OP-106,PUT_AWAY,NORMAL
PA-007706,2026-09-01 09:54:33,SKU-00142,3,F-09-03-02,OP-102,PUT_AWAY,NORMAL
PA-003485,2026-09-01 09:54:58,SKU-00922,2,F-01-01-01,OP-103,PUT_AWAY,NORMAL
PA-003378,2026-09-01 09:55:01,SKU-01574,3,D-06-03-02,OP-104,PUT_AWAY,NORMAL
PA-002091,2026-09-01 09:55:25,SKU-01316,8,C-05-05-01,OP-104,PUT_AWAY,NORMAL
PA-008066,2026-09-01 09:56:25,SKU-00105,6,B-01-01-01,OP-106,PUT_AWAY,NORMAL
PA-006328,2026-09-01 09:56:32,SKU-01036,10,E-08-02-02,OP-105,PUT_AWAY,NORMAL
PA-002257,2026-09-01 09:56:46,SKU-00157,2,E-07-05-02,OP-107,PUT_AWAY,NORMAL
PA-004599,2026-09-01 09:56:56,SKU-01477,3,A-07-05-01,OP-107,PUT_AWAY,NORMAL
PA-001150,2026-09-01 09:58:07,SKU-01965,1,F-07-01-02,OP-102,PUT_AWAY,NORMAL
PA-000191,2026-09-01 09:58:09,SKU-00557,5,C-05-01-02,OP-107,PUT_AWAY,NORMAL
PA-006495,2026-09-01 09:58:46,SKU-00921,8,E-10-03-01,OP-105,PUT_AWAY,NORMAL
PA-006353,2026-09-01 09:59:08,SKU-01532,6,E-07-01-01,OP-107,PUT_AWAY,NORMAL
PA-003847,2026-09-01 09:59:49,SKU-00942,8,B-05-05-01,OP-107,PUT_AWAY,NORMAL
PA-001417,2026-09-01 09:59:55,SKU-01964,5,D-06-04-02,OP-103,PUT_AWAY,NORMAL
PA-003598,2026-09-01 09:59:56,SKU-00306,2,D-03-04-01,OP-107,PUT_AWAY,NORMAL
PA-002142,2026-09-01 09:59:57,SKU-01420,3,E-05-04-02,OP-101,PUT_AWAY,NORMAL
PA-006321,2026-09-01 10:00:08,SKU-01013,4,D-05-03-02,OP-104,PUT_AWAY,NORMAL
PA-000678,2026-09-01 10:00:48,SKU-01325,9,E-06-04-01,OP-101,PUT_AWAY,NORMAL
PA-006146,2026-09-01 10:01:03,SKU-00773,8,F-02-04-01,OP-104,PUT_AWAY,NORMAL
PA-005360,2026-09-01 10:01:33,SKU-01457,3,C-03-04-02,OP-106,PUT_AWAY,NORMAL
PA-000377,2026-09-01 10:01:38,SKU-00330,7,D-07-05-02,OP-106,PUT_AWAY,NORMAL
PA-007840,2026-09-01 10:01:52,SKU-00333,5,C-10-02-02,OP-102,PUT_AWAY,NORMAL
PA-006579,2026-09-01 10:01:58,SKU-00211,2,D-04-01-01,OP-106,PUT_AWAY,NORMAL
PA-001685,2026-09-01 10:01:59,SKU-01254,9,A-07-05-02,OP-104,PUT_AWAY,NORMAL
PA-006542,2026-09-01 10:02:03,SKU-00616,5,C-04-04-01,OP-103,PUT_AWAY,NORMAL
PA-001990,2026-09-01 10:02:12,SKU-00958,6,C-05-03-01,OP-104,PUT_AWAY,NORMAL
PA-007927,2026-09-01 10:02:20,SKU-00203,5,B-01-05-02,OP-102,PUT_AWAY,NORMAL
PA-004132,2026-09-01 10:02:27,SKU-01477,4,A-07-05-01,OP-108,PUT_AWAY,NORMAL
PA-006203,2026-09-01 10:02:43,SKU-00648,5,E-06-01-02,OP-107,PUT_AWAY,NORMAL
PA-004423,2026-09-01 10:03:02,SKU-00796,9,A-10-04-01,OP-105,PUT_AWAY,NORMAL
PA-007929,2026-09-01 10:04:17,SKU-01414,6,D-04-04-02,OP-105,PUT_AWAY,NORMAL
PA-000330,2026-09-01 10:04:33,SKU-00004,8,F-07-05-01,OP-104,PUT_AWAY,NORMAL
PA-008146,2026-09-01 10:04:57,SKU-00353,8,D-03-04-02,OP-105,PUT_AWAY,NORMAL
PA-005204,2026-09-01 10:05:01,SKU-00616,6,C-04-04-01,OP-101,PUT_AWAY,NORMAL
PA-004987,2026-09-01 10:05:06,SKU-00333,10,C-10-02-02,OP-105,PUT_AWAY,NORMAL
PA-006938,2026-09-01 10:05:21,SKU-01207,5,F-03-04-01,OP-102,PUT_AWAY,NORMAL
PA-003760,2026-09-01 10:06:35,SKU-01428,2,D-10-04-01,OP-103,PUT_AWAY,NORMAL
PA-004223,2026-09-01 10:07:21,SKU-00486,7,F-01-03-02,OP-105,PUT_AWAY,NORMAL
PA-002014,2026-09-01 10:07:40,SKU-01804,10,E-10-04-01,OP-104,PUT_AWAY,NORMAL
PA-006963,2026-09-01 10:07:57,SKU-00596,9,A-01-04-02,OP-106,PUT_AWAY,NORMAL
PA-008622,2026-09-01 10:08:02,SKU-00205,4,A-08-02-02,OP-103,PUT_AWAY,NORMAL
PA-005143,2026-09-01 10:08:26,SKU-00259,1,B-09-04-01,OP-101,PUT_AWAY,NORMAL
PA-008554,2026-09-01 10:08:27,SKU-00222,1,E-08-05-02,OP-104,PUT_AWAY,NORMAL
PA-006095,2026-09-01 10:08:57,SKU-01711,10,B-06-01-02,OP-105,PUT_AWAY,NORMAL
PA-003031,2026-09-01 10:09:05,SKU-00793,4,B-06-05-02,OP-107,PUT_AWAY,NORMAL
PA-008400,2026-09-01 10:09:09,SKU-00666,6,B-06-05-01,OP-101,PUT_AWAY,NORMAL
PA-007792,2026-09-01 10:09:37,SKU-00816,6,D-04-02-02,OP-107,PUT_AWAY,NORMAL
PA-005317,2026-09-01 10:09:50,SKU-01246,3,E-03-03-01,OP-106,PUT_AWAY,NORMAL
PA-001578,2026-09-01 10:10:07,SKU-00651,10,D-02-01-02,OP-101,PUT_AWAY,NORMAL
PA-006716,2026-09-01 10:10:11,SKU-00244,5,D-07-04-02,OP-108,PUT_AWAY,NORMAL
PA-008980,2026-09-01 10:10:51,SKU-01647,3,F-10-05-01,OP-108,PUT_AWAY,NORMAL
PA-008131,2026-09-01 10:10:58,SKU-01465,3,C-02-01-02,OP-108,PUT_AWAY,NORMAL
PA-004349,2026-09-01 10:11:10,SKU-01370,6,B-03-05-02,OP-102,PUT_AWAY,NORMAL
PA-003664,2026-09-01 10:11:22,SKU-00936,6,D-05-04-02,OP-106,PUT_AWAY,NORMAL
PA-007498,2026-09-01 10:12:20,SKU-00881,3,D-09-01-02,OP-104,PUT_AWAY,NORMAL
PA-004322,2026-09-01 10:12:34,SKU-01567,6,C-10-05-01,OP-105,PUT_AWAY,NORMAL
PA-007455,2026-09-01 10:14:18,SKU-01405,9,E-01-03-02,OP-108,PUT_AWAY,NORMAL
PA-007477,2026-09-01 10:14:37,SKU-01383,10,E-09-04-01,OP-101,PUT_AWAY,NORMAL
PA-004764,2026-09-01 10:14:57,SKU-00131,1,E-02-04-02,OP-106,PUT_AWAY,NORMAL
PA-003461,2026-09-01 10:15:51,SKU-00697,9,B-05-04-02,OP-103,PUT_AWAY,NORMAL
PA-002066,2026-09-01 10:16:14,SKU-00894,2,E-10-04-02,OP-101,PUT_AWAY,NORMAL
PA-003937,2026-09-01 10:16:23,SKU-01035,5,C-03-04-01,OP-107,PUT_AWAY,NORMAL
PA-004178,2026-09-01 10:16:28,SKU-00397,4,B-05-04-02,OP-101,PUT_AWAY,NORMAL
PA-004728,2026-09-01 10:16:43,SKU-00835,2,F-10-05-01,OP-106,PUT_AWAY,NORMAL
PA-003405,2026-09-01 10:16:50,SKU-00749,1,B-09-05-01,OP-105,PUT_AWAY,NORMAL
PA-008911,2026-09-01 10:17:12,SKU-01383,2,E-09-04-01,OP-104,PUT_AWAY,NORMAL
PA-000018,2026-09-01 10:17:28,SKU-00830,8,E-10-01-02,OP-105,PUT_AWAY,NORMAL
PA-000528,2026-09-01 10:18:44,SKU-00303,7,A-04-02-01,OP-103,PUT_AWAY,NORMAL
PA-000390,2026-09-01 10:19:09,SKU-00371,2,E-08-03-01,OP-101,PUT_AWAY,NORMAL
PA-005309,2026-09-01 10:19:09,SKU-01357,5,E-09-01-01,OP-106,PUT_AWAY,NORMAL
PA-002514,2026-09-01 10:19:11,SKU-00204,7,E-02-05-02,OP-108,PUT_AWAY,NORMAL
PA-005667,2026-09-01 10:19:30,SKU-00912,10,E-07-03-02,OP-101,PUT_AWAY,NORMAL
PA-006423,2026-09-01 10:19:41,SKU-01245,1,E-09-04-02,OP-101,PUT_AWAY,NORMAL
PA-002488,2026-09-01 10:20:03,SKU-01410,1,A-09-04-01,OP-103,PUT_AWAY,NORMAL
PA-007561,2026-09-01 10:20:09,SKU-01891,7,D-08-05-01,OP-106,PUT_AWAY,NORMAL
PA-005255,2026-09-01 10:20:16,SKU-01899,6,E-02-04-01,OP-101,PUT_AWAY,NORMAL
PA-001477,2026-09-01 10:20:21,SKU-01935,8,F-03-05-02,OP-105,PUT_AWAY,NORMAL
PA-003680,2026-09-01 10:20:33,SKU-01421,3,A-09-03-02,OP-103,PUT_AWAY,NORMAL
PA-003044,2026-09-01 10:20:34,SKU-01492,8,B-06-02-01,OP-107,PUT_AWAY,NORMAL
PA-006033,2026-09-01 10:20:40,SKU-00425,2,B-04-02-01,OP-102,PUT_AWAY,NORMAL
PA-001104,2026-09-01 10:20:42,SKU-00622,7,F-04-02-02,OP-101,PUT_AWAY,NORMAL
PA-000877,2026-09-01 10:21:05,SKU-00827,6,F-01-05-01,OP-102,PUT_AWAY,NORMAL
PA-003910,2026-09-01 10:21:18,SKU-01255,3,C-09-02-02,OP-108,PUT_AWAY,NORMAL
PA-004723,2026-09-01 10:21:46,SKU-01200,4,F-02-05-01,OP-106,PUT_AWAY,NORMAL
PA-002270,2026-09-01 10:22:00,SKU-00437,1,A-07-01-01,OP-101,PUT_AWAY,NORMAL
PA-008945,2026-09-01 10:22:07,SKU-01978,7,B-09-05-02,OP-104,PUT_AWAY,NORMAL
PA-008583,2026-09-01 10:22:15,SKU-01292,9,A-04-01-02,OP-102,PUT_AWAY,NORMAL
PA-005374,2026-09-01 10:22:36,SKU-01669,2,A-08-02-02,OP-105,PUT_AWAY,NORMAL
PA-007327,2026-09-01 10:23:40,SKU-01588,10,A-05-04-01,OP-108,PUT_AWAY,NORMAL
PA-000851,2026-09-01 10:23:54,SKU-00008,10,E-06-03-02,OP-107,PUT_AWAY,NORMAL
PA-008616,2026-09-01 10:24:05,SKU-01190,10,C-06-04-02,OP-104,PUT_AWAY,NORMAL
PA-007873,2026-09-01 10:24:09,SKU-01510,8,A-09-03-02,OP-102,PUT_AWAY,NORMAL
PA-004364,2026-09-01 10:25:28,SKU-00858,3,C-01-04-01,OP-101,PUT_AWAY,NORMAL
PA-006750,2026-09-01 10:25:35,SKU-01723,1,D-03-02-01,OP-104,PUT_AWAY,NORMAL
PA-003482,2026-09-01 10:25:46,SKU-01716,8,D-03-04-02,OP-103,PUT_AWAY,NORMAL
PA-003712,2026-09-01 10:25:55,SKU-01084,3,D-02-03-01,OP-106,PUT_AWAY,NORMAL
PA-000337,2026-09-01 10:25:55,SKU-01697,4,A-03-04-02,OP-104,PUT_AWAY,NORMAL
PA-002003,2026-09-01 10:25:59,SKU-01741,1,E-07-01-01,OP-104,PUT_AWAY,NORMAL
PA-007067,2026-09-01 10:26:03,SKU-00016,3,F-09-02-02,OP-108,PUT_AWAY,NORMAL
PA-003638,2026-09-01 10:27:09,SKU-00524,9,C-09-03-02,OP-108,PUT_AWAY,NORMAL
PA-000460,2026-09-01 10:27:18,SKU-01116,10,A-08-03-02,OP-104,PUT_AWAY,NORMAL
PA-003941,2026-09-01 10:27:21,SKU-00096,2,B-05-04-01,OP-107,PUT_AWAY,NORMAL
PA-005018,2026-09-01 10:27:36,SKU-00377,5,F-07-05-02,OP-101,PUT_AWAY,NORMAL
PA-008883,2026-09-01 10:27:46,SKU-01872,3,C-06-04-02,OP-105,PUT_AWAY,NORMAL
PA-005522,2026-09-01 10:27:57,SKU-00946,7,F-07-01-01,OP-104,PUT_AWAY,NORMAL
PA-004725,2026-09-01 10:28:11,SKU-01971,8,A-01-02-02,OP-102,PUT_AWAY,NORMAL
PA-004863,2026-09-01 10:28:24,SKU-01479,4,F-07-05-01,OP-104,PUT_AWAY,NORMAL
PA-008357,2026-09-01 10:29:17,SKU-01708,9,F-09-04-01,OP-106,PUT_AWAY,NORMAL
PA-002155,2026-09-01 10:29:38,SKU-00345,1,C-05-03-02,OP-105,PUT_AWAY,NORMAL
PA-007386,2026-09-01 10:30:13,SKU-00151,6,D-09-01-02,OP-104,PUT_AWAY,NORMAL
PA-007958,2026-09-01 10:30:53,SKU-00732,9,B-06-03-01,OP-103,PUT_AWAY,NORMAL
PA-006844,2026-09-01 10:31:10,SKU-00091,10,F-05-04-02,OP-108,PUT_AWAY,NORMAL
PA-007011,2026-09-01 10:31:19,SKU-01689,8,A-02-04-02,OP-101,PUT_AWAY,NORMAL
PA-006870,2026-09-01 10:31:29,SKU-00087,7,F-02-03-01,OP-104,PUT_AWAY,NORMAL
PA-007023,2026-09-01 10:33:37,SKU-01090,2,C-03-05-02,OP-103,PUT_AWAY,NORMAL
PA-008453,2026-09-01 10:33:51,SKU-01780,7,D-02-03-01,OP-108,PUT_AWAY,NORMAL
PA-000850,2026-09-01 10:34:18,SKU-00177,8,C-09-04-02,OP-106,PUT_AWAY,NORMAL
PA-003783,2026-09-01 10:34:21,SKU-00563,6,E-01-02-01,OP-104,PUT_AWAY,NORMAL
PA-007806,2026-09-01 10:34:32,SKU-01636,1,A-06-02-01,OP-106,PUT_AWAY,NORMAL
PA-004211,2026-09-01 10:34:45,SKU-00417,6,D-08-02-02,OP-106,PUT_AWAY,NORMAL
PA-007622,2026-09-01 10:34:50,SKU-01590,6,F-10-02-02,OP-108,PUT_AWAY,NORMAL
PA-003087,2026-09-01 10:34:56,SKU-00378,8,D-08-03-01,OP-107,PUT_AWAY,NORMAL
PA-000505,2026-09-01 10:35:45,SKU-01480,6,B-03-04-01,OP-107,PUT_AWAY,NORMAL
PA-007346,2026-09-01 10:36:01,SKU-00933,7,F-09-04-01,OP-105,PUT_AWAY,NORMAL
PA-002765,2026-09-01 10:36:22,SKU-01318,6,D-04-01-02,OP-105,PUT_AWAY,NORMAL
PA-000992,2026-09-01 10:36:29,SKU-01353,3,A-03-05-01,OP-104,PUT_AWAY,NORMAL
PA-001967,2026-09-01 10:36:39,SKU-01853,8,E-09-03-01,OP-104,PUT_AWAY,NORMAL
PA-002416,2026-09-01 10:36:51,SKU-01373,7,E-01-03-02,OP-104,PUT_AWAY,NORMAL
PA-005265,2026-09-01 10:37:09,SKU-01988,7,A-07-04-02,OP-103,PUT_AWAY,NORMAL
PA-007507,2026-09-01 10:37:25,SKU-00921,1,E-10-03-01,OP-101,PUT_AWAY,NORMAL
PA-004573,2026-09-01 10:37:33,SKU-00891,3,B-02-05-01,OP-101,PUT_AWAY,NORMAL
PA-002660,2026-09-01 10:37:47,SKU-00729,7,E-05-05-01,OP-104,PUT_AWAY,NORMAL
PA-004511,2026-09-01 10:38:03,SKU-01575,8,E-05-04-02,OP-101,PUT_AWAY,NORMAL
PA-000235,2026-09-01 10:38:24,SKU-00025,10,A-06-03-01,OP-105,PUT_AWAY,NORMAL
PA-000620,2026-09-01 10:38:38,SKU-01298,6,A-07-05-02,OP-102,PUT_AWAY,NORMAL
PA-005213,2026-09-01 10:38:46,SKU-01638,9,D-05-03-02,OP-107,PUT_AWAY,NORMAL
PA-004472,2026-09-01 10:39:08,SKU-00951,5,B-08-03-02,OP-108,PUT_AWAY,NORMAL
PA-004898,2026-09-01 10:39:34,SKU-00709,9,F-04-04-01,OP-106,PUT_AWAY,NORMAL
PA-007001,2026-09-01 10:39:37,SKU-01788,10,F-08-03-01,OP-104,PUT_AWAY,NORMAL
PA-006666,2026-09-01 10:39:51,SKU-00308,10,D-03-02-01,OP-108,PUT_AWAY,NORMAL
PA-004319,2026-09-01 10:40:33,SKU-01111,9,E-02-01-01,OP-103,PUT_AWAY,NORMAL
PA-006979,2026-09-01 10:40:39,SKU-01039,5,C-04-01-01,OP-108,PUT_AWAY,NORMAL
PA-002507,2026-09-01 10:41:24,SKU-01859,2,E-05-04-01,OP-105,PUT_AWAY,NORMAL
PA-000617,2026-09-01 10:42:29,SKU-00211,3,D-04-01-01,OP-101,PUT_AWAY,NORMAL
PA-003636,2026-09-01 10:42:29,SKU-00110,8,B-10-03-01,OP-102,PUT_AWAY,NORMAL
PA-008384,2026-09-01 10:42:48,SKU-01102,7,B-10-05-01,OP-104,PUT_AWAY,NORMAL
PA-005272,2026-09-01 10:42:48,SKU-01417,3,C-01-01-02,OP-108,PUT_AWAY,NORMAL
PA-007319,2026-09-01 10:42:53,SKU-00067,9,A-06-02-01,OP-108,PUT_AWAY,NORMAL
PA-003539,2026-09-01 10:42:59,SKU-00730,9,F-10-05-01,OP-105,PUT_AWAY,NORMAL
PA-008900,2026-09-01 10:43:25,SKU-00544,8,E-09-03-02,OP-103,PUT_AWAY,NORMAL
PA-001317,2026-09-01 10:43:44,SKU-01747,8,D-05-02-02,OP-105,PUT_AWAY,NORMAL
PA-000101,2026-09-01 10:43:47,SKU-01219,4,E-08-05-02,OP-103,PUT_AWAY,NORMAL
PA-008957,2026-09-01 10:44:14,SKU-01414,6,D-04-04-02,OP-105,PUT_AWAY,NORMAL
PA-000993,2026-09-01 10:44:40,SKU-01405,7,E-01-03-02,OP-107,PUT_AWAY,NORMAL
PA-008671,2026-09-01 10:46:08,SKU-00549,9,B-10-02-01,OP-108,PUT_AWAY,NORMAL
PA-008882,2026-09-01 10:46:22,SKU-01140,5,D-04-01-02,OP-103,PUT_AWAY,NORMAL
PA-000359,2026-09-01 10:46:26,SKU-01622,7,E-06-01-01,OP-105,PUT_AWAY,NORMAL
PA-005043,2026-09-01 10:46:55,SKU-01173,8,D-10-04-01,OP-101,PUT_AWAY,NORMAL
PA-006045,2026-09-01 10:46:57,SKU-00797,7,D-03-02-01,OP-103,PUT_AWAY,NORMAL
PA-004099,2026-09-01 10:46:59,SKU-00609,1,F-10-03-01,OP-108,PUT_AWAY,NORMAL
PA-002706,2026-09-01 10:47:06,SKU-00786,5,A-08-01-01,OP-103,PUT_AWAY,NORMAL
PA-002500,2026-09-01 10:47:19,SKU-01046,1,A-03-05-02,OP-101,PUT_AWAY,NORMAL
PA-005145,2026-09-01 10:48:12,SKU-01989,9,F-09-04-01,OP-108,PUT_AWAY,NORMAL
PA-004565,2026-09-01 10:48:48,SKU-00755,5,E-02-02-01,OP-106,PUT_AWAY,NORMAL
PA-006672,2026-09-01 10:49:19,SKU-01597,3,E-03-01-02,OP-106,PUT_AWAY,NORMAL
PA-001113,2026-09-01 10:49:49,SKU-00821,9,E-09-05-02,OP-102,PUT_AWAY,NORMAL
PA-005514,2026-09-01 10:50:43,SKU-00627,4,F-09-01-01,OP-104,PUT_AWAY,NORMAL
PA-001142,2026-09-01 10:50:44,SKU-01245,4,E-09-04-02,OP-105,PUT_AWAY,NORMAL
PA-003833,2026-09-01 10:51:38,SKU-00355,8,F-05-03-02,OP-105,PUT_AWAY,NORMAL
PA-000048,2026-09-01 10:51:43,SKU-01419,6,C-02-04-01,OP-104,PUT_AWAY,NORMAL
PA-001087,2026-09-01 10:51:56,SKU-00394,3,F-01-05-01,OP-107,PUT_AWAY,NORMAL
PA-007292,2026-09-01 10:52:00,SKU-01012,8,E-08-01-01,OP-104,PUT_AWAY,NORMAL
PA-002612,2026-09-01 10:52:12,SKU-00376,10,A-07-05-02,OP-107,PUT_AWAY,NORMAL
PA-004915,2026-09-01 10:52:16,SKU-00563,3,E-01-02-01,OP-101,PUT_AWAY,NORMAL
PA-000878,2026-09-01 10:52:19,SKU-01572,6,C-10-03-01,OP-108,PUT_AWAY,NORMAL
PA-000901,2026-09-01 10:52:24,SKU-00767,8,C-01-05-01,OP-107,PUT_AWAY,NORMAL
PA-001080,2026-09-01 10:52:27,SKU-01785,2,A-09-02-01,OP-102,PUT_AWAY,NORMAL
PA-002137,2026-09-01 10:52:42,SKU-01091,5,A-08-04-02,OP-103,PUT_AWAY,NORMAL
PA-001036,2026-09-01 10:52:49,SKU-01319,5,B-05-04-02,OP-108,PUT_AWAY,NORMAL
PA-008697,2026-09-01 10:52:53,SKU-00856,8,F-09-03-02,OP-106,PUT_AWAY,NORMAL
PA-001221,2026-09-01 10:53:03,SKU-00187,7,F-07-02-02,OP-103,PUT_AWAY,NORMAL
PA-008067,2026-09-01 10:53:10,SKU-00320,3,C-01-05-01,OP-107,PUT_AWAY,NORMAL
PA-006849,2026-09-01 10:53:19,SKU-01623,6,B-02-05-02,OP-102,PUT_AWAY,NORMAL
PA-001774,2026-09-01 10:53:25,SKU-01145,4,E-09-04-02,OP-104,PUT_AWAY,NORMAL
PA-002575,2026-09-01 10:53:27,SKU-01048,9,C-02-04-02,OP-107,PUT_AWAY,NORMAL
PA-005705,2026-09-01 10:53:44,SKU-00667,4,F-10-05-02,OP-102,PUT_AWAY,NORMAL
PA-002303,2026-09-01 10:53:54,SKU-00354,10,E-05-02-01,OP-107,PUT_AWAY,NORMAL
PA-001207,2026-09-01 10:54:23,SKU-00267,2,D-09-05-01,OP-105,PUT_AWAY,NORMAL
PA-004323,2026-09-01 10:54:26,SKU-01187,7,E-01-05-02,OP-101,PUT_AWAY,NORMAL
PA-000717,2026-09-01 10:54:28,SKU-01505,4,B-06-02-01,OP-107,PUT_AWAY,NORMAL
PA-002563,2026-09-01 10:55:01,SKU-00773,6,F-02-04-01,OP-102,PUT_AWAY,NORMAL
PA-003655,2026-09-01 10:55:20,SKU-01983,4,E-09-03-01,OP-106,PUT_AWAY,NORMAL
PA-007667,2026-09-01 10:55:23,SKU-01742,8,E-03-01-01,OP-103,PUT_AWAY,NORMAL
PA-008448,2026-09-01 10:55:52,SKU-01482,9,C-03-02-02,OP-103,PUT_AWAY,NORMAL
PA-002113,2026-09-01 10:56:16,SKU-01954,2,D-09-01-01,OP-101,PUT_AWAY,NORMAL
PA-008961,2026-09-01 10:57:01,SKU-00801,9,F-03-01-01,OP-106,PUT_AWAY,NORMAL
PA-003159,2026-09-01 10:57:03,SKU-01218,8,A-05-05-01,OP-104,PUT_AWAY,NORMAL
PA-001100,2026-09-01 10:57:04,SKU-01223,8,B-10-04-01,OP-102,PUT_AWAY,NORMAL
PA-002921,2026-09-01 10:57:32,SKU-01280,10,F-10-02-01,OP-101,PUT_AWAY,NORMAL
PA-008667,2026-09-01 10:58:20,SKU-00549,6,B-10-02-01,OP-106,PUT_AWAY,NORMAL
PA-007559,2026-09-01 10:58:22,SKU-00939,3,B-07-04-01,OP-107,PUT_AWAY,NORMAL
PA-008849,2026-09-01 10:58:22,SKU-00354,8,E-05-02-01,OP-103,PUT_AWAY,NORMAL
PA-006006,2026-09-01 10:58:26,SKU-00040,3,B-05-05-02,OP-107,PUT_AWAY,NORMAL
PA-007247,2026-09-01 10:59:01,SKU-01398,2,E-02-04-02,OP-107,PUT_AWAY,NORMAL
PA-008006,2026-09-01 10:59:34,SKU-01776,7,B-02-05-02,OP-101,PUT_AWAY,NORMAL
PA-003490,2026-09-01 10:59:54,SKU-01388,6,A-07-05-02,OP-102,PUT_AWAY,NORMAL
PA-003285,2026-09-01 11:00:06,SKU-01035,7,C-03-04-01,OP-102,PUT_AWAY,NORMAL
PA-001437,2026-09-01 11:00:21,SKU-00588,2,F-02-02-01,OP-101,PUT_AWAY,NORMAL
PA-002872,2026-09-01 11:00:31,SKU-00048,5,A-09-04-02,OP-106,PUT_AWAY,NORMAL
PA-008154,2026-09-01 11:00:41,SKU-00175,2,E-09-02-02,OP-106,PUT_AWAY,NORMAL
PA-004500,2026-09-01 11:01:20,SKU-00003,9,A-05-05-01,OP-106,PUT_AWAY,NORMAL
PA-004367,2026-09-01 11:02:10,SKU-00691,4,D-09-05-02,OP-105,PUT_AWAY,NORMAL
PA-007178,2026-09-01 11:02:21,SKU-00239,8,D-06-05-01,OP-102,PUT_AWAY,NORMAL
PA-004921,2026-09-01 11:02:32,SKU-00912,2,E-07-03-02,OP-107,PUT_AWAY,NORMAL
PA-000433,2026-09-01 11:02:37,SKU-01419,6,C-02-04-01,OP-106,PUT_AWAY,NORMAL
PA-000650,2026-09-01 11:03:09,SKU-01453,3,E-10-05-01,OP-104,PUT_AWAY,NORMAL
PA-006445,2026-09-01 11:03:25,SKU-00207,7,E-09-03-02,OP-107,PUT_AWAY,NORMAL
PA-003262,2026-09-01 11:04:25,SKU-01637,6,D-10-01-02,OP-108,PUT_AWAY,NORMAL
PA-005492,2026-09-01 11:04:41,SKU-01693,10,F-01-05-01,OP-103,PUT_AWAY,NORMAL
PA-006478,2026-09-01 11:04:47,SKU-01260,9,A-06-01-02,OP-102,PUT_AWAY,NORMAL
PA-000285,2026-09-01 11:05:08,SKU-00323,1,D-01-02-01,OP-101,PUT_AWAY,NORMAL
PA-003357,2026-09-01 11:06:10,SKU-01158,10,B-09-03-02,OP-106,PUT_AWAY,NORMAL
PA-008978,2026-09-01 11:06:12,SKU-01819,5,F-07-01-01,OP-103,PUT_AWAY,NORMAL
PA-006245,2026-09-01 11:06:13,SKU-00213,3,E-03-02-02,OP-105,PUT_AWAY,NORMAL
PA-005679,2026-09-01 11:06:26,SKU-01842,1,F-08-03-01,OP-104,PUT_AWAY,NORMAL
PA-008438,2026-09-01 11:07:16,SKU-01168,2,D-10-05-01,OP-105,PUT_AWAY,NORMAL
PA-006752,2026-09-01 11:07:21,SKU-00728,3,F-05-01-01,OP-104,PUT_AWAY,NORMAL
PA-006581,2026-09-01 11:07:38,SKU-01142,10,C-03-04-01,OP-108,PUT_AWAY,NORMAL
PA-000705,2026-09-01 11:08:07,SKU-00768,2,B-03-04-01,OP-102,PUT_AWAY,NORMAL
PA-008435,2026-09-01 11:08:28,SKU-00885,3,F-05-03-02,OP-108,PUT_AWAY,NORMAL
PA-002450,2026-09-01 11:08:59,SKU-00734,1,D-02-01-02,OP-105,PUT_AWAY,NORMAL
PA-006964,2026-09-01 11:09:25,SKU-00601,9,B-02-05-02,OP-105,PUT_AWAY,NORMAL
PA-007111,2026-09-01 11:09:40,SKU-00644,6,D-10-02-02,OP-107,PUT_AWAY,NORMAL
PA-002438,2026-09-01 11:09:40,SKU-01854,7,D-06-01-02,OP-106,PUT_AWAY,NORMAL
PA-008137,2026-09-01 11:10:11,SKU-00768,3,B-03-04-01,OP-102,PUT_AWAY,NORMAL
PA-000630,2026-09-01 11:10:15,SKU-00705,10,E-02-01-01,OP-102,PUT_AWAY,NORMAL
PA-006332,2026-09-01 11:11:06,SKU-00799,2,E-08-02-01,OP-103,PUT_AWAY,NORMAL
PA-003612,2026-09-01 11:11:22,SKU-00825,7,C-03-04-02,OP-108,PUT_AWAY,NORMAL
PA-005939,2026-09-01 11:13:30,SKU-00118,5,D-03-02-02,OP-108,PUT_AWAY,NORMAL
PA-006596,2026-09-01 11:13:47,SKU-01394,9,E-04-04-01,OP-103,PUT_AWAY,NORMAL
PA-005882,2026-09-01 11:14:31,SKU-00613,6,E-03-04-01,OP-104,PUT_AWAY,NORMAL
PA-002770,2026-09-01 11:14:39,SKU-00980,2,B-03-01-01,OP-106,PUT_AWAY,NORMAL
PA-005612,2026-09-01 11:15:00,SKU-00410,8,F-05-02-01,OP-103,PUT_AWAY,NORMAL
PA-001462,2026-09-01 11:15:26,SKU-01641,7,D-02-04-02,OP-103,PUT_AWAY,NORMAL
PA-004535,2026-09-01 11:16:11,SKU-01386,4,C-07-03-02,OP-108,PUT_AWAY,NORMAL
PA-006637,2026-09-01 11:16:35,SKU-01801,9,B-02-05-01,OP-101,PUT_AWAY,NORMAL
PA-002876,2026-09-01 11:16:39,SKU-01996,4,B-05-01-01,OP-106,PUT_AWAY,NORMAL
PA-004081,2026-09-01 11:16:56,SKU-01389,4,B-06-01-01,OP-108,PUT_AWAY,NORMAL
PA-006323,2026-09-01 11:17:17,SKU-01850,7,C-06-02-01,OP-101,PUT_AWAY,NORMAL
PA-001689,2026-09-01 11:17:32,SKU-01891,6,D-08-05-01,OP-104,PUT_AWAY,NORMAL
PA-003600,2026-09-01 11:17:37,SKU-01700,1,B-04-04-02,OP-108,PUT_AWAY,NORMAL
PA-001826,2026-09-01 11:17:51,SKU-00149,10,B-03-03-01,OP-103,PUT_AWAY,NORMAL
PA-004808,2026-09-01 11:18:00,SKU-00978,1,B-04-04-02,OP-105,PUT_AWAY,NORMAL
PA-002395,2026-09-01 11:18:14,SKU-00006,8,F-06-03-02,OP-106,PUT_AWAY,NORMAL
PA-008842,2026-09-01 11:18:19,SKU-00289,8,B-09-05-01,OP-104,PUT_AWAY,NORMAL
PA-001825,2026-09-01 11:18:20,SKU-00950,9,E-09-04-01,OP-103,PUT_AWAY,NORMAL
PA-002529,2026-09-01 11:18:24,SKU-00377,8,F-07-05-02,OP-104,PUT_AWAY,NORMAL
PA-003645,2026-09-01 11:18:29,SKU-01641,5,D-02-04-02,OP-106,PUT_AWAY,NORMAL
PA-008410,2026-09-01 11:18:45,SKU-01058,10,F-09-03-01,OP-105,PUT_AWAY,NORMAL
PA-000689,2026-09-01 11:18:46,SKU-00997,4,A-08-03-01,OP-108,PUT_AWAY,NORMAL
PA-007321,2026-09-01 11:18:52,SKU-00227,1,E-01-05-01,OP-108,PUT_AWAY,NORMAL
PA-007554,2026-09-01 11:19:07,SKU-01376,8,D-07-03-01,OP-108,PUT_AWAY,NORMAL
PA-000417,2026-09-01 11:19:18,SKU-01673,7,F-03-01-01,OP-105,PUT_AWAY,NORMAL
PA-004313,2026-09-01 11:19:57,SKU-00785,3,C-07-04-01,OP-108,PUT_AWAY,NORMAL
PA-001230,2026-09-01 11:20:45,SKU-00984,10,C-02-03-02,OP-106,PUT_AWAY,NORMAL
PA-005823,2026-09-01 11:20:46,SKU-01601,10,B-10-04-01,OP-102,PUT_AWAY,NORMAL
PA-007562,2026-09-01 11:20:49,SKU-01924,7,A-04-02-01,OP-106,PUT_AWAY,NORMAL
PA-001674,2026-09-01 11:21:07,SKU-00273,4,F-06-01-01,OP-108,PUT_AWAY,NORMAL
PA-006590,2026-09-01 11:21:27,SKU-00614,1,A-05-03-02,OP-105,PUT_AWAY,NORMAL
PA-002518,2026-09-01 11:21:56,SKU-01259,9,F-07-04-02,OP-107,PUT_AWAY,NORMAL
PA-006096,2026-09-01 11:22:03,SKU-01061,3,A-03-02-01,OP-105,PUT_AWAY,NORMAL
PA-005308,2026-09-01 11:22:14,SKU-01188,7,A-06-01-02,OP-108,PUT_AWAY,NORMAL
PA-005810,2026-09-01 11:23:36,SKU-01697,4,A-03-04-02,OP-107,PUT_AWAY,NORMAL
PA-008266,2026-09-01 11:24:01,SKU-00985,3,B-06-04-01,OP-105,PUT_AWAY,NORMAL
PA-004919,2026-09-01 11:24:05,SKU-01228,10,A-07-03-02,OP-101,PUT_AWAY,NORMAL
PA-007127,2026-09-01 11:24:38,SKU-00324,7,B-03-01-02,OP-106,PUT_AWAY,NORMAL
PA-007122,2026-09-01 11:24:39,SKU-00179,9,E-07-04-02,OP-104,PUT_AWAY,NORMAL
PA-006621,2026-09-01 11:24:59,SKU-00950,5,E-09-04-01,OP-104,PUT_AWAY,NORMAL
PA-001420,2026-09-01 11:25:02,SKU-01778,9,E-05-02-02,OP-106,PUT_AWAY,NORMAL
PA-005992,2026-09-01 11:25:06,SKU-00370,5,F-04-04-01,OP-104,PUT_AWAY,NORMAL
PA-007778,2026-09-01 11:25:52,SKU-00412,5,E-02-03-02,OP-101,PUT_AWAY,NORMAL
PA-002401,2026-09-01 11:26:03,SKU-01483,2,A-10-01-01,OP-103,PUT_AWAY,NORMAL
PA-004757,2026-09-01 11:27:54,SKU-00347,1,C-05-03-01,OP-103,PUT_AWAY,NORMAL
PA-001754,2026-09-01 11:27:55,SKU-00636,2,F-08-03-02,OP-104,PUT_AWAY,NORMAL
PA-003067,2026-09-01 11:27:56,SKU-01021,10,E-02-04-02,OP-103,PUT_AWAY,NORMAL
PA-003020,2026-09-01 11:28:07,SKU-01682,4,E-01-04-02,OP-103,PUT_AWAY,NORMAL
PA-001421,2026-09-01 11:28:10,SKU-01700,8,B-04-04-02,OP-105,PUT_AWAY,NORMAL
PA-003988,2026-09-01 11:28:49,SKU-01545,7,B-06-04-01,OP-101,PUT_AWAY,NORMAL
PA-004606,2026-09-01 11:29:22,SKU-00999,5,E-04-03-01,OP-106,PUT_AWAY,NORMAL
PA-000826,2026-09-01 11:29:28,SKU-00903,1,A-01-03-02,OP-101,PUT_AWAY,NORMAL
PA-004275,2026-09-01 11:29:34,SKU-01577,7,C-08-05-02,OP-101,PUT_AWAY,NORMAL
PA-006220,2026-09-01 11:29:45,SKU-01607,5,A-10-04-02,OP-106,PUT_AWAY,NORMAL
PA-003370,2026-09-01 11:30:10,SKU-00453,7,D-09-02-01,OP-108,PUT_AWAY,NORMAL
PA-005732,2026-09-01 11:31:56,SKU-00336,3,A-08-01-01,OP-107,PUT_AWAY,NORMAL
PA-005544,2026-09-01 11:32:27,SKU-01973,2,D-09-02-01,OP-101,PUT_AWAY,NORMAL
PA-007251,2026-09-01 11:32:36,SKU-01721,2,B-05-04-02,OP-103,PUT_AWAY,NORMAL
PA-002278,2026-09-01 11:32:39,SKU-01037,3,E-05-01-01,OP-102,PUT_AWAY,NORMAL
PA-001384,2026-09-01 11:33:02,SKU-00136,3,D-01-04-02,OP-102,PUT_AWAY,NORMAL
PA-001511,2026-09-01 11:33:13,SKU-00734,2,D-02-01-02,OP-103,PUT_AWAY,NORMAL
PA-006967,2026-09-01 11:33:41,SKU-01064,4,A-01-05-01,OP-106,PUT_AWAY,NORMAL
PA-005687,2026-09-01 11:34:14,SKU-01644,5,B-05-01-01,OP-105,PUT_AWAY,NORMAL
PA-003512,2026-09-01 11:34:37,SKU-00933,10,F-09-04-01,OP-108,PUT_AWAY,NORMAL
PA-005379,2026-09-01 11:35:31,SKU-00603,7,F-09-03-02,OP-102,PUT_AWAY,NORMAL
PA-007542,2026-09-01 11:35:33,SKU-01567,8,C-10-05-01,OP-101,PUT_AWAY,NORMAL
PA-006461,2026-09-01 11:35:35,SKU-01807,5,A-10-02-01,OP-106,PUT_AWAY,NORMAL
PA-001652,2026-09-01 11:35:43,SKU-01541,2,D-01-04-02,OP-108,PUT_AWAY,NORMAL
PA-005475,2026-09-01 11:35:48,SKU-01704,7,E-08-05-02,OP-108,PUT_AWAY,NORMAL
PA-003675,2026-09-01 11:36:18,SKU-01438,10,B-09-01-01,OP-101,PUT_AWAY,NORMAL
PA-008818,2026-09-01 11:36:26,SKU-01971,9,A-01-02-02,OP-106,PUT_AWAY,NORMAL
PA-000608,2026-09-01 11:36:35,SKU-01229,3,F-03-05-02,OP-106,PUT_AWAY,NORMAL
PA-004811,2026-09-01 11:37:17,SKU-01831,10,B-04-01-01,OP-106,PUT_AWAY,NORMAL
PA-000176,2026-09-01 11:37:35,SKU-01629,4,F-03-02-01,OP-103,PUT_AWAY,NORMAL
PA-006356,2026-09-01 11:37:55,SKU-00846,5,B-10-02-01,OP-104,PUT_AWAY,NORMAL
PA-003697,2026-09-01 11:38:18,SKU-00162,1,D-09-04-01,OP-107,PUT_AWAY,NORMAL
PA-005012,2026-09-01 11:38:21,SKU-01072,2,B-05-03-02,OP-106,PUT_AWAY,NORMAL
PA-000054,2026-09-01 11:38:29,SKU-00692,10,C-09-01-01,OP-103,PUT_AWAY,NORMAL
PA-002387,2026-09-01 11:38:45,SKU-01134,10,A-09-05-02,OP-108,PUT_AWAY,NORMAL
PA-002649,2026-09-01 11:38:48,SKU-00698,2,B-06-03-01,OP-106,PUT_AWAY,NORMAL
PA-002556,2026-09-01 11:39:38,SKU-00740,5,D-02-03-01,OP-108,PUT_AWAY,NORMAL
PA-003938,2026-09-01 11:39:41,SKU-00057,9,B-10-03-02,OP-107,PUT_AWAY,NORMAL
PA-003877,2026-09-01 11:39:46,SKU-00809,8,E-01-03-02,OP-103,PUT_AWAY,NORMAL
PA-004530,2026-09-01 11:40:36,SKU-01161,1,B-09-04-01,OP-103,PUT_AWAY,NORMAL
PA-001247,2026-09-01 11:41:19,SKU-01477,10,A-07-05-01,OP-105,PUT_AWAY,NORMAL
PA-003343,2026-09-01 11:41:20,SKU-01445,8,E-02-03-01,OP-105,PUT_AWAY,NORMAL
PA-007597,2026-09-01 11:41:32,SKU-01560,5,E-06-04-02,OP-103,PUT_AWAY,NORMAL
PA-005405,2026-09-01 11:41:52,SKU-01117,4,E-04-04-02,OP-108,PUT_AWAY,NORMAL
PA-004105,2026-09-01 11:42:47,SKU-01198,5,F-06-02-02,OP-106,PUT_AWAY,NORMAL
PA-002232,2026-09-01 11:43:26,SKU-00259,7,B-09-04-01,OP-101,PUT_AWAY,NORMAL
PA-002393,2026-09-01 11:43:40,SKU-00495,9,D-10-03-01,OP-101,PUT_AWAY,NORMAL
PA-000916,2026-09-01 11:43:53,SKU-01118,6,A-03-02-01,OP-108,PUT_AWAY,NORMAL
PA-004140,2026-09-01 11:44:32,SKU-01016,2,B-02-05-01,OP-104,PUT_AWAY,NORMAL
PA-007678,2026-09-01 11:45:17,SKU-01934,3,A-09-03-02,OP-101,PUT_AWAY,NORMAL
PA-002267,2026-09-01 11:45:26,SKU-01211,3,E-03-03-01,OP-105,PUT_AWAY,NORMAL
PA-006872,2026-09-01 11:45:48,SKU-01681,3,E-02-03-01,OP-107,PUT_AWAY,NORMAL
PA-001327,2026-09-01 11:47:08,SKU-00535,1,F-07-04-02,OP-102,PUT_AWAY,NORMAL
PA-007999,2026-09-01 11:47:09,SKU-00297,8,F-04-05-02,OP-102,PUT_AWAY,NORMAL
PA-005625,2026-09-01 11:47:11,SKU-00454,3,D-10-04-01,OP-108,PUT_AWAY,NORMAL
PA-007244,2026-09-01 11:47:12,SKU-01122,6,F-04-04-01,OP-108,PUT_AWAY,NORMAL
PA-000840,2026-09-01 11:47:35,SKU-00635,3,A-04-02-02,OP-104,PUT_AWAY,NORMAL
PA-005817,2026-09-01 11:47:57,SKU-00687,10,F-04-01-01,OP-101,PUT_AWAY,NORMAL
PA-008660,2026-09-01 11:48:42,SKU-01217,6,A-10-01-01,OP-102,PUT_AWAY,NORMAL
PA-004155,2026-09-01 11:49:12,SKU-01968,8,E-02-02-02,OP-102,PUT_AWAY,NORMAL
PA-000852,2026-09-01 11:49:18,SKU-01017,8,B-07-04-02,OP-101,PUT_AWAY,NORMAL
PA-001758,2026-09-01 11:49:58,SKU-00083,5,C-07-03-02,OP-102,PUT_AWAY,NORMAL
PA-003814,2026-09-01 11:50:11,SKU-01844,10,B-05-05-02,OP-107,PUT_AWAY,NORMAL
PA-003555,2026-09-01 11:50:19,SKU-01266,2,A-06-05-01,OP-105,PUT_AWAY,NORMAL
PA-004911,2026-09-01 11:50:44,SKU-00818,8,A-03-05-01,OP-108,PUT_AWAY,NORMAL
PA-005202,2026-09-01 11:50:44,SKU-00988,2,C-01-04-02,OP-105,PUT_AWAY,NORMAL
PA-007427,2026-09-01 11:50:50,SKU-01151,6,C-10-02-01,OP-101,PUT_AWAY,NORMAL
PA-008397,2026-09-01 11:52:20,SKU-01673,7,F-03-01-01,OP-103,PUT_AWAY,NORMAL
PA-006675,2026-09-01 11:52:51,SKU-01118,1,A-03-02-01,OP-102,PUT_AWAY,NORMAL
PA-008645,2026-09-01 11:52:53,SKU-01992,3,A-04-04-02,OP-107,PUT_AWAY,NORMAL
PA-002434,2026-09-01 11:53:19,SKU-00991,1,D-09-05-02,OP-106,PUT_AWAY,NORMAL
PA-008398,2026-09-01 11:53:20,SKU-00687,4,F-04-01-01,OP-106,PUT_AWAY,NORMAL
PA-005397,2026-09-01 11:53:34,SKU-01029,2,F-06-01-01,OP-102,PUT_AWAY,NORMAL
PA-007516,2026-09-01 11:54:10,SKU-01886,3,B-04-05-01,OP-103,PUT_AWAY,NORMAL
PA-001291,2026-09-01 11:54:27,SKU-00050,4,B-08-04-01,OP-103,PUT_AWAY,NORMAL
PA-008501,2026-09-01 11:54:33,SKU-01663,10,F-04-01-02,OP-106,PUT_AWAY,NORMAL
PA-005851,2026-09-01 11:54:35,SKU-01177,8,D-08-01-01,OP-106,PUT_AWAY,NORMAL
PA-006510,2026-09-01 11:54:49,SKU-00625,1,F-10-02-02,OP-107,PUT_AWAY,NORMAL
PA-000114,2026-09-01 11:55:05,SKU-00790,4,A-08-03-01,OP-105,PUT_AWAY,NORMAL
PA-003926,2026-09-01 11:55:07,SKU-00626,10,D-06-03-01,OP-101,PUT_AWAY,NORMAL
PA-000899,2026-09-01 11:55:14,SKU-00082,9,C-03-05-01,OP-108,PUT_AWAY,NORMAL
PA-006092,2026-09-01 11:55:50,SKU-00308,8,D-03-02-01,OP-101,PUT_AWAY,NORMAL
PA-004657,2026-09-01 11:57:22,SKU-01681,3,E-02-03-01,OP-108,PUT_AWAY,NORMAL
PA-003238,2026-09-01 11:57:53,SKU-00752,10,E-06-02-01,OP-104,PUT_AWAY,NORMAL
PA-003229,2026-09-01 11:58:02,SKU-01712,8,A-09-02-02,OP-101,PUT_AWAY,NORMAL
PA-005444,2026-09-01 11:58:04,SKU-01274,9,D-08-01-02,OP-108,PUT_AWAY,NORMAL
PA-001442,2026-09-01 11:58:18,SKU-00441,6,F-06-05-02,OP-103,PUT_AWAY,NORMAL
PA-005594,2026-09-01 11:58:25,SKU-01597,2,E-03-01-02,OP-101,PUT_AWAY,NORMAL
PA-005718,2026-09-01 11:58:38,SKU-00953,9,C-03-03-01,OP-107,PUT_AWAY,NORMAL
PA-008789,2026-09-01 11:58:57,SKU-00249,3,E-04-02-01,OP-103,PUT_AWAY,NORMAL
PA-003546,2026-09-01 11:59:24,SKU-01936,3,B-04-03-01,OP-104,PUT_AWAY,NORMAL
PA-003384,2026-09-01 11:59:29,SKU-01899,3,E-02-04-01,OP-101,PUT_AWAY,NORMAL
PA-003903,2026-09-01 11:59:48,SKU-01624,9,F-06-01-02,OP-108,PUT_AWAY,NORMAL
PA-000674,2026-09-01 11:59:57,SKU-01974,8,C-06-02-01,OP-101,PUT_AWAY,NORMAL
PA-004750,2026-09-01 12:00:00,SKU-00062,6,F-01-04-01,OP-104,PUT_AWAY,NORMAL
PA-006286,2026-09-01 12:00:05,SKU-00128,6,F-03-05-02,OP-104,PUT_AWAY,NORMAL
PA-008775,2026-09-01 12:00:13,SKU-00361,7,D-04-04-01,OP-104,PUT_AWAY,NORMAL
PA-006725,2026-09-01 12:00:15,SKU-00007,8,F-03-01-01,OP-105,PUT_AWAY,NORMAL
PA-005106,2026-09-01 12:00:57,SKU-01296,6,D-08-01-01,OP-101,PUT_AWAY,NORMAL
PA-001576,2026-09-01 12:01:01,SKU-01501,4,F-04-04-01,OP-108,PUT_AWAY,NORMAL
PA-008118,2026-09-01 12:01:15,SKU-00543,10,B-03-03-02,OP-103,PUT_AWAY,NORMAL
PA-002486,2026-09-01 12:01:17,SKU-00224,3,A-06-05-02,OP-103,PUT_AWAY,NORMAL
PA-008259,2026-09-01 12:01:20,SKU-00650,8,E-10-03-02,OP-108,PUT_AWAY,NORMAL
PA-007900,2026-09-01 12:01:21,SKU-01878,7,A-02-05-02,OP-108,PUT_AWAY,NORMAL
PA-001051,2026-09-01 12:02:28,SKU-01298,4,A-07-05-02,OP-102,PUT_AWAY,NORMAL
PA-001923,2026-09-01 12:02:32,SKU-00657,7,A-09-02-02,OP-106,PUT_AWAY,NORMAL
PA-004837,2026-09-01 12:02:36,SKU-00083,7,C-07-03-02,OP-106,PUT_AWAY,NORMAL
PA-000800,2026-09-01 12:02:57,SKU-00164,6,D-04-03-01,OP-108,PUT_AWAY,NORMAL
PA-000554,2026-09-01 12:03:02,SKU-00872,1,C-04-01-01,OP-102,PUT_AWAY,NORMAL
PA-000246,2026-09-01 12:03:02,SKU-00918,4,D-09-04-02,OP-106,PUT_AWAY,NORMAL
PA-003186,2026-09-01 12:03:16,SKU-00951,2,B-08-03-02,OP-104,PUT_AWAY,NORMAL
PA-002485,2026-09-01 12:03:19,SKU-00812,3,F-02-04-02,OP-101,PUT_AWAY,NORMAL
PA-007750,2026-09-01 12:03:20,SKU-00417,7,D-08-02-02,OP-106,PUT_AWAY,NORMAL
PA-006906,2026-09-01 12:03:31,SKU-00361,7,D-04-04-01,OP-101,PUT_AWAY,NORMAL
PA-006661,2026-09-01 12:03:36,SKU-00896,3,D-07-04-02,OP-108,PUT_AWAY,NORMAL
PA-006237,2026-09-01 12:03:51,SKU-00314,5,C-05-04-01,OP-103,PUT_AWAY,NORMAL
PA-000820,2026-09-01 12:03:58,SKU-01699,8,C-01-05-01,OP-102,PUT_AWAY,NORMAL
PA-000342,2026-09-01 12:04:19,SKU-00753,8,F-09-04-01,OP-104,PUT_AWAY,NORMAL
PA-004336,2026-09-01 12:05:34,SKU-01388,7,A-07-05-02,OP-107,PUT_AWAY,NORMAL
PA-004932,2026-09-01 12:06:04,SKU-01510,2,A-09-03-02,OP-105,PUT_AWAY,NORMAL
PA-003668,2026-09-01 12:06:09,SKU-00789,6,B-01-03-01,OP-108,PUT_AWAY,NORMAL
PA-005305,2026-09-01 12:06:17,SKU-00756,10,C-01-02-01,OP-107,PUT_AWAY,NORMAL
PA-000016,2026-09-01 12:06:30,SKU-00710,3,E-07-04-01,OP-107,PUT_AWAY,NORMAL
PA-008338,2026-09-01 12:07:23,SKU-01112,4,B-07-03-01,OP-106,PUT_AWAY,NORMAL
PA-000454,2026-09-01 12:08:58,SKU-00993,7,B-02-05-01,OP-108,PUT_AWAY,NORMAL
PA-002641,2026-09-01 12:09:46,SKU-01437,10,B-04-04-01,OP-107,PUT_AWAY,NORMAL
PA-006907,2026-09-01 12:10:14,SKU-01579,10,C-04-05-02,OP-102,PUT_AWAY,NORMAL
PA-004892,2026-09-01 12:10:17,SKU-01148,10,F-05-02-01,OP-101,PUT_AWAY,NORMAL
PA-004817,2026-09-01 12:11:22,SKU-00279,9,A-03-05-02,OP-104,PUT_AWAY,NORMAL
PA-005593,2026-09-01 12:11:23,SKU-01157,5,D-01-05-02,OP-108,PUT_AWAY,NORMAL
PA-000796,2026-09-01 12:11:24,SKU-00453,6,D-09-02-01,OP-102,PUT_AWAY,NORMAL
PA-001582,2026-09-01 12:11:32,SKU-00499,9,F-08-01-01,OP-103,PUT_AWAY,NORMAL
PA-006861,2026-09-01 12:11:32,SKU-00853,3,A-01-02-02,OP-103,PUT_AWAY,NORMAL
PA-005329,2026-09-01 12:11:43,SKU-01857,9,A-10-02-01,OP-104,PUT_AWAY,NORMAL
PA-004072,2026-09-01 12:12:08,SKU-00841,8,D-03-02-01,OP-106,PUT_AWAY,NORMAL
PA-005039,2026-09-01 12:12:11,SKU-00163,10,A-10-01-01,OP-108,PUT_AWAY,NORMAL
PA-001409,2026-09-01 12:12:21,SKU-01268,3,A-10-01-02,OP-102,PUT_AWAY,NORMAL
PA-008578,2026-09-01 12:12:33,SKU-00162,9,D-09-04-01,OP-105,PUT_AWAY,NORMAL
PA-006021,2026-09-01 12:12:48,SKU-01594,4,A-05-04-02,OP-107,PUT_AWAY,NORMAL
PA-006645,2026-09-01 12:12:50,SKU-00757,2,A-04-02-02,OP-102,PUT_AWAY,NORMAL
PA-008685,2026-09-01 12:13:04,SKU-00937,3,F-09-03-01,OP-102,PUT_AWAY,NORMAL
PA-003411,2026-09-01 12:14:39,SKU-00212,7,D-03-02-02,OP-105,PUT_AWAY,NORMAL
PA-006481,2026-09-01 12:15:24,SKU-01506,4,E-01-04-02,OP-103,PUT_AWAY,NORMAL
PA-002943,2026-09-01 12:15:31,SKU-01197,1,F-04-04-01,OP-102,PUT_AWAY,NORMAL
PA-008725,2026-09-01 12:15:55,SKU-00694,1,A-10-02-02,OP-107,PUT_AWAY,NORMAL
PA-007264,2026-09-01 12:16:45,SKU-01495,2,A-03-04-02,OP-107,PUT_AWAY,NORMAL
PA-005133,2026-09-01 12:17:18,SKU-01190,5,C-06-04-02,OP-107,PUT_AWAY,NORMAL
PA-006888,2026-09-01 12:17:32,SKU-01061,3,A-03-02-01,OP-108,PUT_AWAY,NORMAL
PA-008124,2026-09-01 12:17:41,SKU-00736,7,E-01-03-02,OP-106,PUT_AWAY,NORMAL
PA-002769,2026-09-01 12:17:49,SKU-01521,7,E-04-02-01,OP-105,PUT_AWAY,NORMAL
PA-007380,2026-09-01 12:18:06,SKU-01355,7,A-04-05-02,OP-106,PUT_AWAY,NORMAL
PA-006087,2026-09-01 12:19:09,SKU-01814,10,E-02-02-01,OP-106,PUT_AWAY,NORMAL
PA-008120,2026-09-01 12:20:03,SKU-01973,3,D-09-02-01,OP-107,PUT_AWAY,NORMAL
PA-006801,2026-09-01 12:20:06,SKU-01685,3,B-03-02-01,OP-107,PUT_AWAY,NORMAL
PA-007779,2026-09-01 12:20:14,SKU-01936,1,B-04-03-01,OP-107,PUT_AWAY,NORMAL
PA-003954,2026-09-01 12:20:32,SKU-00766,4,D-05-02-01,OP-106,PUT_AWAY,NORMAL
PA-001903,2026-09-01 12:20:42,SKU-00529,1,C-04-01-02,OP-106,PUT_AWAY,NORMAL
PA-005448,2026-09-01 12:22:18,SKU-01559,9,F-09-03-01,OP-102,PUT_AWAY,NORMAL
PA-007634,2026-09-01 12:22:58,SKU-00252,4,C-02-05-01,OP-102,PUT_AWAY,NORMAL
PA-002550,2026-09-01 12:23:17,SKU-01708,3,F-09-04-01,OP-107,PUT_AWAY,NORMAL
PA-002447,2026-09-01 12:24:52,SKU-00122,10,A-10-02-02,OP-103,PUT_AWAY,NORMAL
PA-000109,2026-09-01 12:25:11,SKU-01798,2,C-09-05-02,OP-102,PUT_AWAY,NORMAL
PA-000853,2026-09-01 12:25:29,SKU-01828,6,C-02-04-01,OP-106,PUT_AWAY,NORMAL
PA-005665,2026-09-01 12:25:38,SKU-01511,2,A-07-01-02,OP-106,PUT_AWAY,NORMAL
PA-005162,2026-09-01 12:25:41,SKU-01115,1,A-06-02-01,OP-106,PUT_AWAY,NORMAL
PA-008039,2026-09-01 12:25:50,SKU-01902,5,D-08-02-02,OP-105,PUT_AWAY,NORMAL
PA-005790,2026-09-01 12:26:06,SKU-00800,5,E-05-03-01,OP-106,PUT_AWAY,NORMAL
PA-002544,2026-09-01 12:26:09,SKU-01139,7,F-04-02-01,OP-107,PUT_AWAY,NORMAL
PA-001004,2026-09-01 12:26:17,SKU-00982,10,B-03-04-02,OP-106,PUT_AWAY,NORMAL
PA-004692,2026-09-01 12:26:21,SKU-00749,10,B-09-05-01,OP-107,PUT_AWAY,NORMAL
PA-002169,2026-09-01 12:26:23,SKU-00497,10,F-07-04-02,OP-107,PUT_AWAY,NORMAL
PA-006008,2026-09-01 12:26:29,SKU-00062,3,F-01-04-01,OP-103,PUT_AWAY,NORMAL
PA-002633,2026-09-01 12:26:29,SKU-01399,5,F-03-04-01,OP-103,PUT_AWAY,NORMAL
PA-004707,2026-09-01 12:27:08,SKU-01323,1,C-06-03-01,OP-102,PUT_AWAY,NORMAL
PA-005470,2026-09-01 12:27:26,SKU-01960,10,D-01-05-01,OP-104,PUT_AWAY,NORMAL
PA-002423,2026-09-01 12:28:40,SKU-01878,8,A-02-05-02,OP-103,PUT_AWAY,NORMAL
PA-006502,2026-09-01 12:28:40,SKU-00316,3,A-07-03-02,OP-107,PUT_AWAY,NORMAL
PA-008844,2026-09-01 12:28:48,SKU-00881,4,D-09-01-02,OP-106,PUT_AWAY,NORMAL
PA-002813,2026-09-01 12:28:57,SKU-00404,7,B-04-05-02,OP-104,PUT_AWAY,NORMAL
PA-008295,2026-09-01 12:29:30,SKU-01699,6,C-01-05-01,OP-108,PUT_AWAY,NORMAL
PA-002196,2026-09-01 12:29:38,SKU-01762,5,D-08-02-01,OP-102,PUT_AWAY,NORMAL
PA-001776,2026-09-01 12:29:39,SKU-01072,3,B-05-03-02,OP-106,PUT_AWAY,NORMAL
PA-005903,2026-09-01 12:30:20,SKU-00964,3,B-08-02-02,OP-107,PUT_AWAY,NORMAL
PA-007258,2026-09-01 12:31:03,SKU-00652,5,A-01-04-01,OP-101,PUT_AWAY,NORMAL
PA-002332,2026-09-01 12:31:12,SKU-01016,10,B-02-05-01,OP-107,PUT_AWAY,NORMAL
PA-002738,2026-09-01 12:31:38,SKU-00152,8,A-08-01-02,OP-107,PUT_AWAY,NORMAL
PA-001713,2026-09-01 12:31:42,SKU-01599,9,A-09-02-01,OP-105,PUT_AWAY,NORMAL
PA-003488,2026-09-01 12:32:02,SKU-00231,3,E-01-03-01,OP-104,PUT_AWAY,NORMAL
PA-007365,2026-09-01 12:32:23,SKU-00997,10,A-08-03-01,OP-103,PUT_AWAY,NORMAL
PA-004103,2026-09-01 12:32:27,SKU-01919,8,C-06-03-02,OP-104,PUT_AWAY,NORMAL
PA-002082,2026-09-01 12:33:07,SKU-00313,8,E-09-05-01,OP-103,PUT_AWAY,NORMAL
PA-003026,2026-09-01 12:33:25,SKU-00305,8,E-05-05-01,OP-108,PUT_AWAY,NORMAL
PA-002036,2026-09-01 12:33:39,SKU-00457,5,E-03-02-02,OP-101,PUT_AWAY,NORMAL
PA-003853,2026-09-01 12:33:47,SKU-00526,8,E-01-04-02,OP-107,PUT_AWAY,NORMAL
PA-000161,2026-09-01 12:33:56,SKU-00875,4,B-05-02-01,OP-103,PUT_AWAY,NORMAL
PA-006163,2026-09-01 12:34:43,SKU-00602,3,F-04-05-01,OP-106,PUT_AWAY,NORMAL
PA-000580,2026-09-01 12:35:06,SKU-00403,7,B-10-04-01,OP-106,PUT_AWAY,NORMAL
PA-005316,2026-09-01 12:35:11,SKU-00546,5,B-03-03-02,OP-103,PUT_AWAY,NORMAL
PA-008861,2026-09-01 12:35:12,SKU-01871,1,C-03-01-02,OP-103,PUT_AWAY,NORMAL
PA-004499,2026-09-01 12:35:16,SKU-01042,7,B-07-01-02,OP-106,PUT_AWAY,NORMAL
PA-007301,2026-09-01 12:35:23,SKU-01355,8,A-04-05-02,OP-101,PUT_AWAY,NORMAL
PA-004128,2026-09-01 12:35:35,SKU-01936,7,B-04-03-01,OP-105,PUT_AWAY,NORMAL
PA-000130,2026-09-01 12:36:31,SKU-00164,9,D-04-03-01,OP-104,PUT_AWAY,NORMAL
PA-008629,2026-09-01 12:36:44,SKU-00558,8,F-03-02-02,OP-105,PUT_AWAY,NORMAL
PA-002559,2026-09-01 12:36:51,SKU-01460,6,F-02-05-01,OP-103,PUT_AWAY,NORMAL
PA-002922,2026-09-01 12:37:00,SKU-00344,8,A-03-05-02,OP-103,PUT_AWAY,NORMAL
PA-000274,2026-09-01 12:37:26,SKU-00182,6,B-05-03-01,OP-101,PUT_AWAY,NORMAL
PA-001555,2026-09-01 12:37:41,SKU-01954,10,D-09-01-01,OP-102,PUT_AWAY,NORMAL
PA-007300,2026-09-01 12:38:00,SKU-01964,1,D-06-04-02,OP-101,PUT_AWAY,NORMAL
PA-003544,2026-09-01 12:38:03,SKU-01699,3,C-01-05-01,OP-106,PUT_AWAY,NORMAL
PA-007100,2026-09-01 12:38:05,SKU-00452,7,F-06-02-02,OP-103,PUT_AWAY,NORMAL
PA-007045,2026-09-01 12:38:19,SKU-01083,3,B-03-04-02,OP-104,PUT_AWAY,NORMAL
PA-005032,2026-09-01 12:38:30,SKU-00800,10,E-05-03-01,OP-101,PUT_AWAY,NORMAL
PA-000335,2026-09-01 12:39:09,SKU-00520,4,A-09-05-02,OP-102,PUT_AWAY,NORMAL
PA-007476,2026-09-01 12:39:10,SKU-00953,8,C-03-03-01,OP-107,PUT_AWAY,NORMAL
PA-002430,2026-09-01 12:39:37,SKU-00332,2,B-05-02-02,OP-106,PUT_AWAY,NORMAL
PA-002161,2026-09-01 12:39:47,SKU-00411,2,C-07-02-01,OP-103,PUT_AWAY,NORMAL
PA-007138,2026-09-01 12:40:02,SKU-00036,3,B-08-02-02,OP-105,PUT_AWAY,NORMAL
PA-000935,2026-09-01 12:41:20,SKU-01145,6,E-09-04-02,OP-106,PUT_AWAY,NORMAL
PA-004638,2026-09-01 12:42:27,SKU-01071,6,A-03-05-02,OP-103,PUT_AWAY,NORMAL
PA-007699,2026-09-01 12:42:58,SKU-01950,1,C-06-02-01,OP-101,PUT_AWAY,NORMAL
PA-004796,2026-09-01 12:43:07,SKU-01106,1,D-09-02-01,OP-105,PUT_AWAY,NORMAL
PA-004410,2026-09-01 12:43:08,SKU-00674,9,E-09-02-02,OP-102,PUT_AWAY,NORMAL
PA-002686,2026-09-01 12:43:36,SKU-00278,9,B-09-03-02,OP-105,PUT_AWAY,NORMAL
PA-003449,2026-09-01 12:43:59,SKU-01716,10,D-03-04-02,OP-106,PUT_AWAY,NORMAL
PA-002012,2026-09-01 12:44:01,SKU-00662,5,E-02-05-02,OP-104,PUT_AWAY,NORMAL
PA-006554,2026-09-01 12:44:05,SKU-01711,5,B-06-01-02,OP-102,PUT_AWAY,NORMAL
PA-007129,2026-09-01 12:44:16,SKU-00857,5,D-02-04-01,OP-106,PUT_AWAY,NORMAL
PA-008172,2026-09-01 12:44:17,SKU-01526,8,B-04-02-01,OP-106,PUT_AWAY,NORMAL
PA-008973,2026-09-01 12:44:29,SKU-00016,5,F-09-02-02,OP-106,PUT_AWAY,NORMAL
PA-004556,2026-09-01 12:44:55,SKU-00234,5,B-10-03-01,OP-101,PUT_AWAY,NORMAL
PA-007651,2026-09-01 12:45:08,SKU-01235,4,A-01-01-01,OP-108,PUT_AWAY,NORMAL
PA-007195,2026-09-01 12:45:32,SKU-00993,1,B-02-05-01,OP-106,PUT_AWAY,NORMAL
PA-006532,2026-09-01 12:45:33,SKU-01438,5,B-09-01-01,OP-105,PUT_AWAY,NORMAL
PA-008011,2026-09-01 12:45:36,SKU-00102,2,C-01-04-02,OP-106,PUT_AWAY,NORMAL
PA-003381,2026-09-01 12:45:38,SKU-00511,7,B-09-02-01,OP-101,PUT_AWAY,NORMAL
PA-000443,2026-09-01 12:45:40,SKU-01434,3,C-06-03-01,OP-102,PUT_AWAY,NORMAL
PA-000179,2026-09-01 12:45:40,SKU-00672,6,C-01-04-01,OP-107,PUT_AWAY,NORMAL
PA-005555,2026-09-01 12:45:44,SKU-00156,2,E-08-02-01,OP-104,PUT_AWAY,NORMAL
PA-006942,2026-09-01 12:45:57,SKU-01123,4,E-07-02-01,OP-104,PUT_AWAY,NORMAL
PA-002353,2026-09-01 12:46:03,SKU-01300,5,E-07-05-02,OP-101,PUT_AWAY,NORMAL
PA-005689,2026-09-01 12:46:21,SKU-00001,9,B-04-04-02,OP-107,PUT_AWAY,NORMAL
PA-000004,2026-09-01 12:46:35,SKU-00303,4,A-04-02-01,OP-107,PUT_AWAY,NORMAL
PA-006098,2026-09-01 12:47:17,SKU-00798,7,D-10-03-01,OP-105,PUT_AWAY,NORMAL
PA-004839,2026-09-01 12:47:20,SKU-00546,4,B-03-03-02,OP-107,PUT_AWAY,NORMAL
PA-008547,2026-09-01 12:47:23,SKU-01746,9,D-01-01-02,OP-107,PUT_AWAY,NORMAL
PA-005554,2026-09-01 12:47:30,SKU-01194,10,A-09-04-02,OP-105,PUT_AWAY,NORMAL
PA-005036,2026-09-01 12:48:06,SKU-00153,2,D-08-03-02,OP-106,PUT_AWAY,NORMAL
PA-003617,2026-09-01 12:48:23,SKU-01875,1,F-05-02-02,OP-106,PUT_AWAY,NORMAL
PA-008002,2026-09-01 12:48:27,SKU-00340,10,E-01-03-02,OP-108,PUT_AWAY,NORMAL
PA-001522,2026-09-01 12:48:33,SKU-00377,5,F-07-05-02,OP-104,PUT_AWAY,NORMAL
PA-005010,2026-09-01 12:48:51,SKU-00957,10,D-04-01-02,OP-104,PUT_AWAY,NORMAL
PA-004984,2026-09-01 12:48:58,SKU-01864,5,B-03-04-01,OP-108,PUT_AWAY,NORMAL
PA-002158,2026-09-01 12:49:22,SKU-00689,3,C-08-01-01,OP-104,PUT_AWAY,NORMAL
PA-006046,2026-09-01 12:49:51,SKU-01171,8,C-07-05-01,OP-103,PUT_AWAY,NORMAL
PA-003899,2026-09-01 12:50:05,SKU-00970,5,D-10-05-02,OP-104,PUT_AWAY,NORMAL
PA-007772,2026-09-01 12:50:35,SKU-00878,2,F-03-01-02,OP-102,PUT_AWAY,NORMAL
PA-007175,2026-09-01 12:51:07,SKU-01413,8,D-08-04-01,OP-103,PUT_AWAY,NORMAL
PA-005525,2026-09-01 12:51:19,SKU-01301,9,F-09-04-01,OP-102,PUT_AWAY,NORMAL
PA-000635,2026-09-01 12:51:23,SKU-00889,7,C-06-03-02,OP-107,PUT_AWAY,NORMAL
PA-003390,2026-09-01 12:52:19,SKU-01340,4,F-03-01-01,OP-103,PUT_AWAY,NORMAL
PA-001794,2026-09-01 12:52:56,SKU-00952,7,B-05-05-01,OP-105,PUT_AWAY,NORMAL
PA-000360,2026-09-01 12:53:10,SKU-01419,8,C-02-04-01,OP-106,PUT_AWAY,NORMAL
PA-001644,2026-09-01 12:53:12,SKU-01375,10,C-08-03-01,OP-108,PUT_AWAY,NORMAL
PA-000507,2026-09-01 12:53:14,SKU-01547,4,C-05-01-02,OP-108,PUT_AWAY,NORMAL
PA-002479,2026-09-01 12:53:59,SKU-00752,10,E-06-02-01,OP-101,PUT_AWAY,NORMAL
PA-004577,2026-09-01 12:54:00,SKU-00556,9,B-10-05-01,OP-104,PUT_AWAY,NORMAL
PA-000485,2026-09-01 12:54:08,SKU-01847,7,D-06-03-01,OP-105,PUT_AWAY,NORMAL
PA-007337,2026-09-01 12:54:13,SKU-01808,3,A-09-04-01,OP-102,PUT_AWAY,NORMAL
PA-000869,2026-09-01 12:54:23,SKU-01361,1,E-09-02-02,OP-107,PUT_AWAY,NORMAL
PA-003063,2026-09-01 12:54:56,SKU-01811,1,D-05-01-02,OP-107,PUT_AWAY,NORMAL
PA-008356,2026-09-01 12:55:30,SKU-00503,2,E-09-02-01,OP-104,PUT_AWAY,NORMAL
PA-005945,2026-09-01 12:56:04,SKU-00672,7,C-01-04-01,OP-106,PUT_AWAY,NORMAL
PA-002537,2026-09-01 12:56:08,SKU-01821,2,F-07-04-02,OP-101,PUT_AWAY,NORMAL
PA-004110,2026-09-01 12:56:58,SKU-00433,6,B-05-01-02,OP-108,PUT_AWAY,NORMAL
PA-005296,2026-09-01 12:57:06,SKU-00582,3,B-08-05-01,OP-102,PUT_AWAY,NORMAL
PA-003695,2026-09-01 12:57:55,SKU-00190,5,E-07-05-02,OP-103,PUT_AWAY,NORMAL
PA-008105,2026-09-01 12:58:02,SKU-01422,2,A-07-05-01,OP-105,PUT_AWAY,NORMAL
PA-007317,2026-09-01 12:58:48,SKU-01003,2,D-01-03-02,OP-106,PUT_AWAY,NORMAL
PA-000638,2026-09-01 12:58:49,SKU-00021,5,D-08-04-02,OP-106,PUT_AWAY,NORMAL
PA-006705,2026-09-01 12:58:57,SKU-01842,2,F-08-03-01,OP-106,PUT_AWAY,NORMAL
PA-005915,2026-09-01 12:59:19,SKU-01202,5,F-08-02-01,OP-103,PUT_AWAY,NORMAL
PA-001505,2026-09-01 12:59:49,SKU-01175,7,F-01-01-02,OP-108,PUT_AWAY,NORMAL
PA-005107,2026-09-01 13:00:13,SKU-00718,1,B-10-03-02,OP-102,PUT_AWAY,NORMAL
PA-007128,2026-09-01 13:00:39,SKU-00209,2,D-05-03-02,OP-103,PUT_AWAY,NORMAL
PA-000504,2026-09-01 13:01:37,SKU-00883,6,F-01-05-01,OP-105,PUT_AWAY,NORMAL
PA-000610,2026-09-01 13:02:08,SKU-01760,9,A-08-05-02,OP-108,PUT_AWAY,NORMAL
PA-007649,2026-09-01 13:02:21,SKU-00426,2,F-05-04-01,OP-107,PUT_AWAY,NORMAL
PA-007694,2026-09-01 13:02:25,SKU-01306,2,F-05-01-02,OP-106,PUT_AWAY,NORMAL
PA-007479,2026-09-01 13:02:36,SKU-00923,7,A-09-02-01,OP-105,PUT_AWAY,NORMAL
PA-008551,2026-09-01 13:03:21,SKU-01686,9,B-10-01-02,OP-102,PUT_AWAY,NORMAL
PA-002216,2026-09-01 13:03:21,SKU-00611,5,E-09-03-02,OP-102,PUT_AWAY,NORMAL
PA-004083,2026-09-01 13:03:30,SKU-01520,1,D-03-05-01,OP-101,PUT_AWAY,NORMAL
PA-000255,2026-09-01 13:03:42,SKU-00374,7,A-01-03-01,OP-104,PUT_AWAY,NORMAL
PA-000776,2026-09-01 13:04:04,SKU-01214,2,A-10-01-02,OP-102,PUT_AWAY,NORMAL
PA-003123,2026-09-01 13:04:11,SKU-00397,9,B-05-04-02,OP-105,PUT_AWAY,NORMAL
PA-002996,2026-09-01 13:04:13,SKU-00920,4,F-05-05-02,OP-104,PUT_AWAY,NORMAL
PA-000233,2026-09-01 13:04:26,SKU-01536,4,B-02-05-01,OP-104,PUT_AWAY,NORMAL
PA-006962,2026-09-01 13:04:32,SKU-00401,2,B-08-05-01,OP-102,PUT_AWAY,NORMAL
PA-007780,2026-09-01 13:04:53,SKU-00986,7,D-09-04-01,OP-105,PUT_AWAY,NORMAL
PA-006420,2026-09-01 13:05:31,SKU-00901,7,F-01-03-02,OP-104,PUT_AWAY,NORMAL
PA-000096,2026-09-01 13:05:52,SKU-00222,9,E-08-05-02,OP-105,PUT_AWAY,NORMAL
PA-005814,2026-09-01 13:06:48,SKU-00267,4,D-09-05-01,OP-107,PUT_AWAY,NORMAL
PA-003642,2026-09-01 13:06:52,SKU-00210,8,C-08-01-02,OP-106,PUT_AWAY,NORMAL
PA-005979,2026-09-01 13:07:35,SKU-00779,7,E-04-01-01,OP-103,PUT_AWAY,NORMAL
PA-001577,2026-09-01 13:09:18,SKU-01993,8,F-04-01-01,OP-106,PUT_AWAY,NORMAL
PA-005413,2026-09-01 13:10:06,SKU-00295,4,D-09-02-02,OP-108,PUT_AWAY,NORMAL
PA-007940,2026-09-01 13:10:12,SKU-00319,9,E-10-01-02,OP-106,PUT_AWAY,NORMAL
PA-005376,2026-09-01 13:10:31,SKU-01024,4,B-03-02-02,OP-103,PUT_AWAY,NORMAL
PA-001995,2026-09-01 13:10:35,SKU-00045,3,D-03-02-02,OP-106,PUT_AWAY,NORMAL
PA-004406,2026-09-01 13:11:02,SKU-00224,8,A-06-05-02,OP-104,PUT_AWAY,NORMAL
PA-002734,2026-09-01 13:11:05,SKU-01157,1,D-01-05-02,OP-108,PUT_AWAY,NORMAL
PA-006709,2026-09-01 13:11:17,SKU-00796,4,A-10-04-01,OP-102,PUT_AWAY,NORMAL
PA-003337,2026-09-01 13:11:37,SKU-01659,3,E-03-03-02,OP-103,PUT_AWAY,NORMAL
PA-003559,2026-09-01 13:12:06,SKU-00396,10,B-03-03-01,OP-108,PUT_AWAY,NORMAL
PA-003860,2026-09-01 13:13:09,SKU-00817,7,F-02-05-01,OP-106,PUT_AWAY,NORMAL
PA-003058,2026-09-01 13:13:11,SKU-01116,9,A-08-03-02,OP-104,PUT_AWAY,NORMAL
PA-003350,2026-09-01 13:13:29,SKU-01151,7,C-10-02-01,OP-104,PUT_AWAY,NORMAL
PA-006405,2026-09-01 13:14:22,SKU-00744,7,A-01-01-02,OP-108,PUT_AWAY,NORMAL
PA-008419,2026-09-01 13:14:43,SKU-01848,1,A-08-02-01,OP-107,PUT_AWAY,NORMAL
PA-002129,2026-09-01 13:15:03,SKU-01778,3,E-05-02-02,OP-104,PUT_AWAY,NORMAL
PA-000002,2026-09-01 13:15:30,SKU-01830,5,A-03-04-01,OP-108,PUT_AWAY,NORMAL
PA-006027,2026-09-01 13:15:40,SKU-01929,9,F-08-04-02,OP-105,PUT_AWAY,NORMAL
PA-005390,2026-09-01 13:15:41,SKU-01880,1,E-09-01-01,OP-108,PUT_AWAY,NORMAL
PA-000660,2026-09-01 13:15:41,SKU-00888,8,B-07-05-01,OP-104,PUT_AWAY,NORMAL
PA-002942,2026-09-01 13:15:43,SKU-01101,3,E-09-02-01,OP-102,PUT_AWAY,NORMAL
PA-002477,2026-09-01 13:15:43,SKU-00896,2,D-07-04-02,OP-102,PUT_AWAY,NORMAL
PA-002850,2026-09-01 13:15:51,SKU-01504,4,B-04-04-01,OP-103,PUT_AWAY,NORMAL
PA-002736,2026-09-01 13:15:55,SKU-01272,6,B-01-02-02,OP-104,PUT_AWAY,NORMAL
PA-005757,2026-09-01 13:16:04,SKU-01423,1,F-04-01-01,OP-107,PUT_AWAY,NORMAL
PA-006700,2026-09-01 13:16:15,SKU-00401,6,B-08-05-01,OP-102,PUT_AWAY,NORMAL
PA-000343,2026-09-01 13:16:21,SKU-01331,9,C-03-01-02,OP-104,PUT_AWAY,NORMAL
PA-004580,2026-09-01 13:16:29,SKU-01550,9,B-10-04-02,OP-108,PUT_AWAY,NORMAL
PA-000164,2026-09-01 13:16:31,SKU-00046,8,F-03-02-02,OP-107,PUT_AWAY,NORMAL
PA-002268,2026-09-01 13:16:32,SKU-00024,2,B-05-04-01,OP-106,PUT_AWAY,NORMAL
PA-001690,2026-09-01 13:16:40,SKU-00966,3,E-06-05-01,OP-104,PUT_AWAY,NORMAL
PA-006091,2026-09-01 13:16:45,SKU-00156,8,E-08-02-01,OP-108,PUT_AWAY,NORMAL
PA-001311,2026-09-01 13:16:46,SKU-00259,1,B-09-04-01,OP-102,PUT_AWAY,NORMAL
PA-002236,2026-09-01 13:16:56,SKU-00784,9,F-09-02-02,OP-105,PUT_AWAY,NORMAL
PA-000451,2026-09-01 13:17:11,SKU-01074,6,D-06-01-01,OP-106,PUT_AWAY,NORMAL
PA-006488,2026-09-01 13:17:17,SKU-01002,5,E-05-02-01,OP-108,PUT_AWAY,NORMAL
PA-003870,2026-09-01 13:17:17,SKU-01879,9,B-04-03-01,OP-108,PUT_AWAY,NORMAL
PA-002111,2026-09-01 13:17:38,SKU-01826,5,C-05-02-02,OP-106,PUT_AWAY,NORMAL
PA-004142,2026-09-01 13:18:02,SKU-01000,2,B-06-02-01,OP-106,PUT_AWAY,NORMAL
PA-001170,2026-09-01 13:18:30,SKU-00509,2,B-08-05-01,OP-107,PUT_AWAY,NORMAL
PA-004075,2026-09-01 13:19:06,SKU-00274,9,D-05-05-02,OP-107,PUT_AWAY,NORMAL
PA-008211,2026-09-01 13:19:20,SKU-00590,2,F-08-02-02,OP-106,PUT_AWAY,NORMAL
PA-002373,2026-09-01 13:19:24,SKU-01068,7,F-02-04-01,OP-105,PUT_AWAY,NORMAL
PA-001303,2026-09-01 13:19:47,SKU-01825,2,F-07-03-01,OP-102,PUT_AWAY,NORMAL
PA-003543,2026-09-01 13:20:12,SKU-00646,1,B-07-05-01,OP-103,PUT_AWAY,NORMAL
PA-005971,2026-09-01 13:20:17,SKU-01781,1,C-01-01-01,OP-102,PUT_AWAY,NORMAL
PA-004309,2026-09-01 13:20:35,SKU-00472,3,B-06-02-02,OP-102,PUT_AWAY,NORMAL
PA-008866,2026-09-01 13:20:39,SKU-01411,3,E-07-04-01,OP-102,PUT_AWAY,NORMAL
PA-006393,2026-09-01 13:21:10,SKU-00477,2,B-03-02-02,OP-107,PUT_AWAY,NORMAL
PA-003532,2026-09-01 13:21:36,SKU-00094,10,F-10-04-02,OP-108,PUT_AWAY,NORMAL
PA-003275,2026-09-01 13:22:25,SKU-01359,7,D-03-02-01,OP-105,PUT_AWAY,NORMAL
PA-004664,2026-09-01 13:22:26,SKU-01503,7,B-10-04-01,OP-103,PUT_AWAY,NORMAL
PA-000186,2026-09-01 13:23:02,SKU-00429,7,E-06-04-02,OP-101,PUT_AWAY,NORMAL
PA-004669,2026-09-01 13:23:29,SKU-00065,7,E-06-05-01,OP-104,PUT_AWAY,NORMAL
PA-003199,2026-09-01 13:23:34,SKU-01952,9,A-05-03-01,OP-102,PUT_AWAY,NORMAL
PA-001073,2026-09-01 13:23:37,SKU-00833,3,E-03-05-02,OP-103,PUT_AWAY,NORMAL
PA-001797,2026-09-01 13:23:57,SKU-00843,7,B-08-02-01,OP-108,PUT_AWAY,NORMAL
PA-006612,2026-09-01 13:24:19,SKU-00784,3,F-09-02-02,OP-107,PUT_AWAY,NORMAL
PA-006471,2026-09-01 13:25:21,SKU-00003,10,A-05-05-01,OP-103,PUT_AWAY,NORMAL
PA-007249,2026-09-01 13:25:32,SKU-01643,5,B-08-01-02,OP-107,PUT_AWAY,NORMAL
PA-007396,2026-09-01 13:25:40,SKU-01791,1,C-08-04-01,OP-104,PUT_AWAY,NORMAL
PA-002128,2026-09-01 13:25:53,SKU-01311,7,F-01-05-02,OP-107,PUT_AWAY,NORMAL
PA-007505,2026-09-01 13:26:10,SKU-00546,6,B-03-03-02,OP-107,PUT_AWAY,NORMAL
PA-007585,2026-09-01 13:26:32,SKU-00917,5,C-03-04-01,OP-101,PUT_AWAY,NORMAL
PA-002184,2026-09-01 13:26:33,SKU-01962,7,E-08-02-01,OP-103,PUT_AWAY,NORMAL
PA-001878,2026-09-01 13:26:36,SKU-00557,4,C-05-01-02,OP-102,PUT_AWAY,NORMAL
PA-001964,2026-09-01 13:26:44,SKU-00552,7,C-05-05-02,OP-101,PUT_AWAY,NORMAL
PA-004809,2026-09-01 13:27:04,SKU-00142,10,F-09-03-02,OP-105,PUT_AWAY,NORMAL
PA-001803,2026-09-01 13:27:07,SKU-00079,4,C-10-02-01,OP-105,PUT_AWAY,NORMAL
PA-008641,2026-09-01 13:27:13,SKU-01993,8,F-04-01-01,OP-107,PUT_AWAY,NORMAL
PA-007881,2026-09-01 13:27:37,SKU-01507,4,B-10-05-01,OP-104,PUT_AWAY,NORMAL
PA-004205,2026-09-01 13:28:02,SKU-00307,7,B-07-03-01,OP-103,PUT_AWAY,NORMAL
PA-004780,2026-09-01 13:28:17,SKU-01277,1,F-06-04-02,OP-101,PUT_AWAY,NORMAL
PA-000365,2026-09-01 13:29:39,SKU-01816,5,F-02-02-02,OP-104,PUT_AWAY,NORMAL
PA-003971,2026-09-01 13:29:49,SKU-01105,7,F-04-05-02,OP-105,PUT_AWAY,NORMAL
PA-000055,2026-09-01 13:29:54,SKU-01082,4,F-08-03-02,OP-105,PUT_AWAY,NORMAL
PA-006049,2026-09-01 13:29:55,SKU-00291,9,B-10-04-02,OP-107,PUT_AWAY,NORMAL
PA-005537,2026-09-01 13:30:13,SKU-01668,5,C-10-03-01,OP-108,PUT_AWAY,NORMAL
PA-007326,2026-09-01 13:30:19,SKU-01017,10,B-07-04-02,OP-104,PUT_AWAY,NORMAL
PA-005028,2026-09-01 13:30:29,SKU-00618,7,C-07-03-02,OP-106,PUT_AWAY,NORMAL
PA-005715,2026-09-01 13:30:30,SKU-01986,1,B-02-05-01,OP-103,PUT_AWAY,NORMAL
PA-006385,2026-09-01 13:31:03,SKU-01222,5,D-04-04-01,OP-106,PUT_AWAY,NORMAL
PA-004656,2026-09-01 13:31:08,SKU-00289,6,B-09-05-01,OP-108,PUT_AWAY,NORMAL
PA-004942,2026-09-01 13:31:14,SKU-00125,8,C-07-03-02,OP-104,PUT_AWAY,NORMAL
PA-003682,2026-09-01 13:31:16,SKU-01020,2,D-09-02-01,OP-102,PUT_AWAY,NORMAL
PA-003691,2026-09-01 13:32:29,SKU-01168,7,D-10-05-01,OP-101,PUT_AWAY,NORMAL
PA-002950,2026-09-01 13:32:29,SKU-01274,10,D-08-01-02,OP-105,PUT_AWAY,NORMAL
PA-001399,2026-09-01 13:32:30,SKU-01022,9,D-09-03-02,OP-107,PUT_AWAY,NORMAL
PA-002851,2026-09-01 13:32:41,SKU-01753,1,A-06-02-01,OP-108,PUT_AWAY,NORMAL
PA-000594,2026-09-01 13:32:44,SKU-00119,5,C-10-02-01,OP-102,PUT_AWAY,NORMAL
PA-006984,2026-09-01 13:33:02,SKU-00023,8,F-03-03-01,OP-105,PUT_AWAY,NORMAL
PA-000737,2026-09-01 13:33:28,SKU-00589,4,B-05-03-01,OP-101,PUT_AWAY,NORMAL
PA-005171,2026-09-01 13:33:42,SKU-01220,7,C-09-01-01,OP-108,PUT_AWAY,NORMAL
PA-006743,2026-09-01 13:34:43,SKU-00562,2,F-10-05-02,OP-107,PUT_AWAY,NORMAL
PA-008620,2026-09-01 13:35:03,SKU-01944,8,B-03-04-02,OP-105,PUT_AWAY,NORMAL
PA-005395,2026-09-01 13:35:15,SKU-00675,3,E-02-01-01,OP-104,PUT_AWAY,NORMAL
PA-002681,2026-09-01 13:35:28,SKU-01034,1,C-10-05-02,OP-101,PUT_AWAY,NORMAL
PA-007076,2026-09-01 13:35:31,SKU-01335,2,D-02-01-01,OP-107,PUT_AWAY,NORMAL
PA-004310,2026-09-01 13:35:49,SKU-01632,6,A-03-05-02,OP-105,PUT_AWAY,NORMAL
PA-008711,2026-09-01 13:36:03,SKU-00531,9,B-06-03-01,OP-102,PUT_AWAY,NORMAL
PA-007755,2026-09-01 13:36:08,SKU-01717,4,D-08-03-02,OP-107,PUT_AWAY,NORMAL
PA-008462,2026-09-01 13:36:27,SKU-01518,1,E-07-01-02,OP-107,PUT_AWAY,NORMAL
PA-004297,2026-09-01 13:36:30,SKU-00219,9,F-09-04-02,OP-104,PUT_AWAY,NORMAL
PA-002756,2026-09-01 13:36:44,SKU-00631,4,F-08-02-02,OP-101,PUT_AWAY,NORMAL
PA-004471,2026-09-01 13:37:18,SKU-00299,2,E-10-03-01,OP-105,PUT_AWAY,NORMAL
PA-003053,2026-09-01 13:37:40,SKU-01363,4,D-04-04-02,OP-107,PUT_AWAY,NORMAL
PA-003553,2026-09-01 13:38:54,SKU-00863,10,D-08-01-02,OP-108,PUT_AWAY,NORMAL
PA-000026,2026-09-01 13:38:56,SKU-01003,7,D-01-03-02,OP-102,PUT_AWAY,NORMAL
PA-008440,2026-09-01 13:39:25,SKU-00130,1,B-05-03-01,OP-107,PUT_AWAY,NORMAL
PA-002409,2026-09-01 13:39:46,SKU-00187,9,F-07-02-02,OP-106,PUT_AWAY,NORMAL
PA-008546,2026-09-01 13:39:59,SKU-01502,4,B-01-04-01,OP-101,PUT_AWAY,NORMAL
PA-003242,2026-09-01 13:40:21,SKU-01029,8,F-06-01-01,OP-108,PUT_AWAY,NORMAL
PA-008520,2026-09-01 13:41:35,SKU-00640,8,A-07-02-01,OP-106,PUT_AWAY,NORMAL
PA-003311,2026-09-01 13:41:37,SKU-01600,7,A-05-04-01,OP-105,PUT_AWAY,NORMAL
PA-002141,2026-09-01 13:41:46,SKU-01360,2,A-09-02-02,OP-107,PUT_AWAY,NORMAL
PA-005491,2026-09-01 13:42:25,SKU-00395,8,D-02-04-02,OP-105,PUT_AWAY,NORMAL
PA-007530,2026-09-01 13:42:48,SKU-00328,1,E-04-03-01,OP-102,PUT_AWAY,NORMAL
PA-004765,2026-09-01 13:42:58,SKU-01976,10,B-01-02-02,OP-106,PUT_AWAY,NORMAL
PA-006924,2026-09-01 13:43:42,SKU-01411,8,E-07-04-01,OP-106,PUT_AWAY,NORMAL
PA-008283,2026-09-01 13:43:47,SKU-00288,1,D-05-04-02,OP-102,PUT_AWAY,NORMAL
PA-004888,2026-09-01 13:44:10,SKU-00814,10,E-10-04-01,OP-104,PUT_AWAY,NORMAL
PA-006428,2026-09-01 13:44:40,SKU-00382,8,A-06-02-01,OP-107,PUT_AWAY,NORMAL
PA-008941,2026-09-01 13:44:58,SKU-01279,1,B-04-04-01,OP-104,PUT_AWAY,NORMAL
PA-005456,2026-09-01 13:45:06,SKU-00032,8,F-05-02-01,OP-102,PUT_AWAY,NORMAL
PA-005591,2026-09-01 13:45:16,SKU-00322,8,A-08-01-02,OP-101,PUT_AWAY,NORMAL
PA-001286,2026-09-01 13:45:17,SKU-01348,3,A-05-04-01,OP-104,PUT_AWAY,NORMAL
PA-005409,2026-09-01 13:45:31,SKU-00972,3,E-06-01-01,OP-107,PUT_AWAY,NORMAL
PA-006529,2026-09-01 13:45:49,SKU-01760,10,A-08-05-02,OP-107,PUT_AWAY,NORMAL
PA-001438,2026-09-01 13:46:44,SKU-01426,8,F-04-01-02,OP-101,PUT_AWAY,NORMAL
PA-001466,2026-09-01 13:47:17,SKU-00484,6,C-05-01-01,OP-104,PUT_AWAY,NORMAL
PA-002997,2026-09-01 13:47:21,SKU-01123,4,E-07-02-01,OP-101,PUT_AWAY,NORMAL
PA-006738,2026-09-01 13:47:22,SKU-01768,4,A-02-04-02,OP-108,PUT_AWAY,NORMAL
PA-002175,2026-09-01 13:47:31,SKU-00578,8,D-08-03-02,OP-107,PUT_AWAY,NORMAL
PA-005895,2026-09-01 13:47:51,SKU-00587,10,A-04-04-01,OP-103,PUT_AWAY,NORMAL
PA-003477,2026-09-01 13:48:17,SKU-01567,9,C-10-05-01,OP-102,PUT_AWAY,NORMAL
PA-001896,2026-09-01 13:48:27,SKU-01218,4,A-05-05-01,OP-103,PUT_AWAY,NORMAL
PA-008421,2026-09-01 13:48:36,SKU-01740,4,A-06-02-02,OP-107,PUT_AWAY,NORMAL
PA-001167,2026-09-01 13:49:10,SKU-01589,1,B-06-02-01,OP-104,PUT_AWAY,NORMAL
PA-004697,2026-09-01 13:49:23,SKU-01494,3,B-07-03-01,OP-106,PUT_AWAY,NORMAL
PA-006122,2026-09-01 13:49:41,SKU-00858,1,C-01-04-01,OP-108,PUT_AWAY,NORMAL
PA-005510,2026-09-01 13:50:09,SKU-01690,8,F-10-03-02,OP-108,PUT_AWAY,NORMAL
PA-006408,2026-09-01 13:50:41,SKU-01673,6,F-03-01-01,OP-105,PUT_AWAY,NORMAL
PA-003347,2026-09-01 13:51:20,SKU-01125,9,F-01-04-01,OP-101,PUT_AWAY,NORMAL
PA-002087,2026-09-01 13:52:39,SKU-01987,6,A-03-02-01,OP-101,PUT_AWAY,NORMAL
PA-006012,2026-09-01 13:52:45,SKU-00326,10,C-09-05-01,OP-108,PUT_AWAY,NORMAL
PA-008962,2026-09-01 13:52:50,SKU-01234,8,A-05-03-01,OP-107,PUT_AWAY,NORMAL
PA-005088,2026-09-01 13:53:19,SKU-01959,7,F-04-03-02,OP-106,PUT_AWAY,NORMAL
PA-002271,2026-09-01 13:53:22,SKU-00639,8,A-07-03-02,OP-107,PUT_AWAY,NORMAL
PA-008314,2026-09-01 13:53:24,SKU-00896,7,D-07-04-02,OP-104,PUT_AWAY,NORMAL
PA-006041,2026-09-01 13:53:38,SKU-00338,9,C-02-04-01,OP-104,PUT_AWAY,NORMAL
PA-007348,2026-09-01 13:53:40,SKU-00470,1,E-04-02-02,OP-101,PUT_AWAY,NORMAL
PA-000711,2026-09-01 13:54:00,SKU-00800,2,E-05-03-01,OP-107,PUT_AWAY,NORMAL
PA-001544,2026-09-01 13:54:09,SKU-00700,2,D-05-05-01,OP-103,PUT_AWAY,NORMAL
PA-000764,2026-09-01 13:54:41,SKU-00048,9,A-09-04-02,OP-108,PUT_AWAY,NORMAL
PA-008576,2026-09-01 13:54:46,SKU-00218,6,F-05-05-02,OP-105,PUT_AWAY,NORMAL
PA-003714,2026-09-01 13:55:01,SKU-01199,10,F-07-01-02,OP-104,PUT_AWAY,NORMAL
PA-004441,2026-09-01 13:55:14,SKU-00004,3,F-07-05-01,OP-102,PUT_AWAY,NORMAL
PA-008786,2026-09-01 13:55:28,SKU-00765,10,F-02-02-01,OP-108,PUT_AWAY,NORMAL
PA-001668,2026-09-01 13:55:35,SKU-01933,9,E-09-04-02,OP-105,PUT_AWAY,NORMAL
PA-003519,2026-09-01 13:55:35,SKU-01817,9,F-01-03-01,OP-105,PUT_AWAY,NORMAL
PA-003368,2026-09-01 13:56:54,SKU-01301,4,F-09-04-01,OP-107,PUT_AWAY,NORMAL
PA-006359,2026-09-01 13:57:33,SKU-00688,1,C-02-03-01,OP-102,PUT_AWAY,NORMAL
PA-002952,2026-09-01 13:57:56,SKU-01012,8,E-08-01-01,OP-102,PUT_AWAY,NORMAL
PA-002007,2026-09-01 13:58:19,SKU-00442,8,E-02-05-01,OP-102,PUT_AWAY,NORMAL
PA-004373,2026-09-01 13:58:28,SKU-01138,4,A-02-03-01,OP-106,PUT_AWAY,NORMAL
PA-008734,2026-09-01 13:58:28,SKU-00787,7,D-08-03-01,OP-105,PUT_AWAY,NORMAL
PA-001066,2026-09-01 13:59:10,SKU-01850,3,C-06-02-01,OP-102,PUT_AWAY,NORMAL
PA-001490,2026-09-01 13:59:49,SKU-01648,5,B-01-01-02,OP-106,PUT_AWAY,NORMAL
PA-004690,2026-09-01 13:59:53,SKU-00496,3,A-07-04-02,OP-107,PUT_AWAY,NORMAL
PA-005980,2026-09-01 13:59:54,SKU-00118,6,D-03-02-02,OP-104,PUT_AWAY,NORMAL
PA-004966,2026-09-01 13:59:58,SKU-01099,3,C-09-04-02,OP-101,PUT_AWAY,NORMAL
PA-001219,2026-09-01 14:00:03,SKU-00093,4,B-09-01-01,OP-103,PUT_AWAY,NORMAL
PA-006463,2026-09-01 14:00:03,SKU-01678,9,F-08-01-01,OP-101,PUT_AWAY,NORMAL
PA-005267,2026-09-01 14:00:19,SKU-01135,6,E-10-04-02,OP-101,PUT_AWAY,NORMAL
PA-005030,2026-09-01 14:00:33,SKU-01563,8,D-01-01-01,OP-108,PUT_AWAY,NORMAL
PA-004548,2026-09-01 14:00:47,SKU-00325,9,B-01-05-01,OP-107,PUT_AWAY,NORMAL
PA-008337,2026-09-01 14:01:17,SKU-01605,5,E-03-04-02,OP-101,PUT_AWAY,NORMAL
PA-007564,2026-09-01 14:01:19,SKU-00698,2,B-06-03-01,OP-107,PUT_AWAY,NORMAL
PA-005326,2026-09-01 14:01:28,SKU-01120,6,D-03-04-02,OP-105,PUT_AWAY,NORMAL
PA-005869,2026-09-01 14:01:43,SKU-01591,7,B-05-05-01,OP-104,PUT_AWAY,NORMAL
PA-008152,2026-09-01 14:02:12,SKU-01832,10,F-10-04-02,OP-101,PUT_AWAY,NORMAL
PA-005457,2026-09-01 14:02:15,SKU-00560,5,A-01-05-01,OP-107,PUT_AWAY,NORMAL
PA-004855,2026-09-01 14:03:15,SKU-00559,6,B-09-04-01,OP-106,PUT_AWAY,NORMAL
PA-006528,2026-09-01 14:03:25,SKU-00271,2,F-08-03-02,OP-108,PUT_AWAY,NORMAL
PA-001465,2026-09-01 14:03:58,SKU-00202,1,B-05-01-02,OP-107,PUT_AWAY,NORMAL
PA-005838,2026-09-01 14:04:01,SKU-00378,9,D-08-03-01,OP-104,PUT_AWAY,NORMAL
PA-006479,2026-09-01 14:04:22,SKU-01497,9,D-07-01-01,OP-102,PUT_AWAY,NORMAL
PA-007004,2026-09-01 14:04:26,SKU-00355,3,F-05-03-02,OP-105,PUT_AWAY,NORMAL
PA-003030,2026-09-01 14:04:30,SKU-01288,9,F-02-01-02,OP-101,PUT_AWAY,NORMAL
PA-007243,2026-09-01 14:04:33,SKU-01144,5,F-02-05-02,OP-105,PUT_AWAY,NORMAL
PA-005282,2026-09-01 14:05:00,SKU-01097,1,C-09-03-01,OP-106,PUT_AWAY,NORMAL
PA-000508,2026-09-01 14:05:33,SKU-01723,2,D-03-02-01,OP-105,PUT_AWAY,NORMAL
PA-003855,2026-09-01 14:06:22,SKU-01557,4,C-01-04-01,OP-104,PUT_AWAY,NORMAL
PA-000733,2026-09-01 14:06:33,SKU-00934,2,B-08-02-01,OP-107,PUT_AWAY,NORMAL
PA-002293,2026-09-01 14:06:43,SKU-01960,3,D-01-05-01,OP-104,PUT_AWAY,NORMAL
PA-000715,2026-09-01 14:06:44,SKU-00419,4,E-10-03-02,OP-101,PUT_AWAY,NORMAL
PA-002699,2026-09-01 14:07:02,SKU-00334,5,E-09-03-01,OP-101,PUT_AWAY,NORMAL
PA-000586,2026-09-01 14:07:03,SKU-01743,4,A-01-03-01,OP-105,PUT_AWAY,NORMAL
PA-000346,2026-09-01 14:07:15,SKU-01712,8,A-09-02-02,OP-104,PUT_AWAY,NORMAL
PA-005864,2026-09-01 14:07:33,SKU-01852,10,A-07-04-01,OP-107,PUT_AWAY,NORMAL
PA-000195,2026-09-01 14:07:54,SKU-00003,3,A-05-05-01,OP-107,PUT_AWAY,NORMAL
PA-005276,2026-09-01 14:07:55,SKU-01403,3,A-05-01-01,OP-104,PUT_AWAY,NORMAL
PA-003018,2026-09-01 14:08:25,SKU-00695,10,C-07-02-01,OP-103,PUT_AWAY,NORMAL
PA-001020,2026-09-01 14:08:48,SKU-00725,9,E-06-05-01,OP-101,PUT_AWAY,NORMAL
PA-003306,2026-09-01 14:08:50,SKU-01648,4,B-01-01-02,OP-106,PUT_AWAY,NORMAL
PA-008241,2026-09-01 14:09:03,SKU-01580,10,E-09-05-01,OP-102,PUT_AWAY,NORMAL
PA-003396,2026-09-01 14:09:06,SKU-01372,7,E-03-04-01,OP-101,PUT_AWAY,NORMAL
PA-008831,2026-09-01 14:09:30,SKU-00053,9,A-07-02-01,OP-105,PUT_AWAY,NORMAL
PA-004184,2026-09-01 14:09:49,SKU-01590,10,F-10-02-02,OP-103,PUT_AWAY,NORMAL
PA-003178,2026-09-01 14:09:55,SKU-01769,8,F-03-01-02,OP-102,PUT_AWAY,NORMAL
PA-007742,2026-09-01 14:11:22,SKU-00305,9,E-05-05-01,OP-105,PUT_AWAY,NORMAL
PA-006859,2026-09-01 14:11:24,SKU-00302,1,F-10-05-01,OP-106,PUT_AWAY,NORMAL
PA-002170,2026-09-01 14:11:29,SKU-00700,6,D-05-05-01,OP-107,PUT_AWAY,NORMAL
PA-003604,2026-09-01 14:11:32,SKU-00679,10,C-03-01-01,OP-104,PUT_AWAY,NORMAL
PA-001992,2026-09-01 14:11:34,SKU-01084,4,D-02-03-01,OP-108,PUT_AWAY,NORMAL
PA-003094,2026-09-01 14:11:42,SKU-00385,7,E-06-05-02,OP-108,PUT_AWAY,NORMAL
PA-005932,2026-09-01 14:11:45,SKU-01297,6,E-01-04-01,OP-104,PUT_AWAY,NORMAL
PA-000989,2026-09-01 14:11:53,SKU-00268,2,E-09-05-01,OP-104,PUT_AWAY,NORMAL
PA-002338,2026-09-01 14:12:31,SKU-00539,9,A-10-04-02,OP-108,PUT_AWAY,NORMAL
PA-003024,2026-09-01 14:12:41,SKU-01178,5,A-07-03-02,OP-108,PUT_AWAY,NORMAL
PA-003956,2026-09-01 14:13:30,SKU-01129,5,F-08-02-01,OP-106,PUT_AWAY,NORMAL
PA-006072,2026-09-01 14:14:03,SKU-01914,7,C-09-02-02,OP-101,PUT_AWAY,NORMAL
PA-003707,2026-09-01 14:14:16,SKU-01692,8,B-03-02-02,OP-103,PUT_AWAY,NORMAL
PA-001888,2026-09-01 14:14:33,SKU-01441,8,D-06-04-02,OP-108,PUT_AWAY,NORMAL
PA-002231,2026-09-01 14:15:24,SKU-01837,2,F-01-05-01,OP-108,PUT_AWAY,NORMAL
PA-000030,2026-09-01 14:16:36,SKU-00379,1,E-05-02-01,OP-107,PUT_AWAY,NORMAL
PA-007409,2026-09-01 14:16:38,SKU-00113,8,E-03-01-02,OP-107,PUT_AWAY,NORMAL
PA-004394,2026-09-01 14:16:40,SKU-00195,5,A-01-01-01,OP-102,PUT_AWAY,NORMAL
PA-008355,2026-09-01 14:16:40,SKU-01522,9,F-04-02-02,OP-101,PUT_AWAY,NORMAL
PA-005008,2026-09-01 14:16:52,SKU-00237,4,C-05-02-02,OP-103,PUT_AWAY,NORMAL
PA-008254,2026-09-01 14:16:55,SKU-00416,3,D-04-02-02,OP-103,PUT_AWAY,NORMAL
PA-004476,2026-09-01 14:17:20,SKU-01420,6,E-05-04-02,OP-107,PUT_AWAY,NORMAL
PA-007152,2026-09-01 14:17:25,SKU-00103,4,E-04-03-02,OP-105,PUT_AWAY,NORMAL
PA-004618,2026-09-01 14:17:30,SKU-00792,4,B-05-05-01,OP-105,PUT_AWAY,NORMAL
PA-005348,2026-09-01 14:17:40,SKU-00222,1,E-08-05-02,OP-106,PUT_AWAY,NORMAL
PA-003688,2026-09-01 14:18:09,SKU-00698,5,B-06-03-01,OP-105,PUT_AWAY,NORMAL
PA-001276,2026-09-01 14:19:06,SKU-01534,2,E-07-01-01,OP-108,PUT_AWAY,NORMAL
PA-008288,2026-09-01 14:21:16,SKU-00555,1,F-04-05-02,OP-102,PUT_AWAY,NORMAL
PA-005403,2026-09-01 14:21:56,SKU-01050,10,A-03-01-02,OP-103,PUT_AWAY,NORMAL
PA-005477,2026-09-01 14:22:05,SKU-01514,7,A-02-03-02,OP-104,PUT_AWAY,NORMAL
PA-007572,2026-09-01 14:22:32,SKU-00424,5,C-01-04-01,OP-106,PUT_AWAY,NORMAL
PA-002853,2026-09-01 14:23:04,SKU-00369,8,A-01-03-01,OP-101,PUT_AWAY,NORMAL
PA-000942,2026-09-01 14:23:31,SKU-01929,5,F-08-04-02,OP-104,PUT_AWAY,NORMAL
PA-006102,2026-09-01 14:23:46,SKU-00651,9,D-02-01-02,OP-108,PUT_AWAY,NORMAL
PA-004799,2026-09-01 14:24:27,SKU-01187,4,E-01-05-02,OP-106,PUT_AWAY,NORMAL
PA-006997,2026-09-01 14:24:49,SKU-00507,10,A-03-02-02,OP-103,PUT_AWAY,NORMAL
PA-003168,2026-09-01 14:25:18,SKU-01954,9,D-09-01-01,OP-106,PUT_AWAY,NORMAL
PA-007517,2026-09-01 14:25:54,SKU-00627,6,F-09-01-01,OP-101,PUT_AWAY,NORMAL
PA-006720,2026-09-01 14:25:59,SKU-00290,6,B-10-01-02,OP-103,PUT_AWAY,NORMAL
PA-001088,2026-09-01 14:26:09,SKU-00511,9,B-09-02-01,OP-101,PUT_AWAY,NORMAL
PA-001373,2026-09-01 14:26:15,SKU-00557,4,C-05-01-02,OP-107,PUT_AWAY,NORMAL
PA-002024,2026-09-01 14:26:31,SKU-00050,2,B-08-04-01,OP-107,PUT_AWAY,NORMAL
PA-000692,2026-09-01 14:28:15,SKU-01851,5,B-09-04-01,OP-101,PUT_AWAY,NORMAL
PA-002677,2026-09-01 14:28:18,SKU-00329,5,F-03-01-01,OP-106,PUT_AWAY,NORMAL
PA-000223,2026-09-01 14:28:40,SKU-01980,4,E-06-01-01,OP-105,PUT_AWAY,NORMAL
PA-006169,2026-09-01 14:28:46,SKU-00908,10,F-01-02-01,OP-101,PUT_AWAY,NORMAL
PA-007160,2026-09-01 14:28:59,SKU-00111,3,B-06-02-02,OP-101,PUT_AWAY,NORMAL
PA-001683,2026-09-01 14:29:03,SKU-00880,3,B-10-03-02,OP-107,PUT_AWAY,NORMAL
PA-004623,2026-09-01 14:30:03,SKU-00554,4,F-10-02-01,OP-103,PUT_AWAY,NORMAL
PA-001753,2026-09-01 14:30:14,SKU-01698,7,B-09-02-01,OP-104,PUT_AWAY,NORMAL
PA-001024,2026-09-01 14:30:50,SKU-01190,6,C-06-04-02,OP-106,PUT_AWAY,NORMAL
PA-008858,2026-09-01 14:30:50,SKU-01547,8,C-05-01-02,OP-108,PUT_AWAY,NORMAL
PA-007105,2026-09-01 14:31:02,SKU-00437,6,A-07-01-01,OP-104,PUT_AWAY,NORMAL
PA-002985,2026-09-01 14:31:17,SKU-00886,2,E-01-01-01,OP-106,PUT_AWAY,NORMAL
PA-001133,2026-09-01 14:32:06,SKU-01934,5,A-09-03-02,OP-104,PUT_AWAY,NORMAL
PA-003419,2026-09-01 14:32:21,SKU-01037,4,E-05-01-01,OP-107,PUT_AWAY,NORMAL
PA-007099,2026-09-01 14:32:36,SKU-00185,4,B-06-01-02,OP-108,PUT_AWAY,NORMAL
PA-000562,2026-09-01 14:33:14,SKU-00171,4,B-08-05-02,OP-106,PUT_AWAY,NORMAL
PA-000034,2026-09-01 14:33:43,SKU-01359,7,D-03-02-01,OP-105,PUT_AWAY,NORMAL
PA-004804,2026-09-01 14:34:03,SKU-01400,6,B-07-03-02,OP-108,PUT_AWAY,NORMAL
PA-007898,2026-09-01 14:34:10,SKU-01700,8,B-04-04-02,OP-104,PUT_AWAY,NORMAL
PA-000107,2026-09-01 14:34:18,SKU-01785,6,A-09-02-01,OP-108,PUT_AWAY,NORMAL
PA-002397,2026-09-01 14:34:34,SKU-01489,8,C-04-03-01,OP-108,PUT_AWAY,NORMAL
PA-000501,2026-09-01 14:34:45,SKU-00289,5,B-09-05-01,OP-106,PUT_AWAY,NORMAL
PA-004679,2026-09-01 14:34:47,SKU-01195,3,C-04-01-02,OP-102,PUT_AWAY,NORMAL
PA-005533,2026-09-01 14:35:37,SKU-01262,9,C-05-04-01,OP-107,PUT_AWAY,NORMAL
PA-003103,2026-09-01 14:36:43,SKU-00134,1,D-05-03-01,OP-103,PUT_AWAY,NORMAL
PA-007745,2026-09-01 14:37:05,SKU-00341,1,A-04-02-01,OP-107,PUT_AWAY,NORMAL
PA-002261,2026-09-01 14:37:21,SKU-01419,3,C-02-04-01,OP-103,PUT_AWAY,NORMAL
PA-004449,2026-09-01 14:37:23,SKU-01603,1,C-09-05-02,OP-108,PUT_AWAY,NORMAL
PA-000786,2026-09-01 14:37:28,SKU-01850,9,C-06-02-01,OP-107,PUT_AWAY,NORMAL
PA-002615,2026-09-01 14:37:48,SKU-00705,7,E-02-01-01,OP-108,PUT_AWAY,NORMAL
PA-003446,2026-09-01 14:38:47,SKU-00402,2,B-02-01-02,OP-104,PUT_AWAY,NORMAL
PA-007008,2026-09-01 14:39:10,SKU-01980,2,E-06-01-01,OP-106,PUT_AWAY,NORMAL
PA-004019,2026-09-01 14:39:17,SKU-00659,6,A-04-05-02,OP-108,PUT_AWAY,NORMAL
PA-001037,2026-09-01 14:39:42,SKU-01657,7,A-01-05-01,OP-106,PUT_AWAY,NORMAL
PA-004748,2026-09-01 14:39:47,SKU-00047,6,F-02-04-01,OP-105,PUT_AWAY,NORMAL
PA-004490,2026-09-01 14:40:01,SKU-01048,6,C-02-04-02,OP-108,PUT_AWAY,NORMAL
PA-007886,2026-09-01 14:40:22,SKU-01556,1,B-02-03-01,OP-107,PUT_AWAY,NORMAL
PA-004877,2026-09-01 14:40:53,SKU-01038,6,A-03-01-01,OP-104,PUT_AWAY,NORMAL
PA-004334,2026-09-01 14:41:21,SKU-01595,1,B-06-01-02,OP-101,PUT_AWAY,NORMAL
PA-002610,2026-09-01 14:41:22,SKU-01409,1,B-03-03-02,OP-105,PUT_AWAY,NORMAL
PA-003569,2026-09-01 14:41:34,SKU-01465,1,C-02-01-02,OP-108,PUT_AWAY,NORMAL
PA-000094,2026-09-01 14:41:47,SKU-01266,1,A-06-05-01,OP-108,PUT_AWAY,NORMAL
PA-000634,2026-09-01 14:42:06,SKU-01020,6,D-09-02-01,OP-102,PUT_AWAY,NORMAL
PA-008164,2026-09-01 14:42:10,SKU-01226,7,C-07-01-02,OP-105,PUT_AWAY,NORMAL
PA-005762,2026-09-01 14:42:53,SKU-00399,9,D-08-03-01,OP-103,PUT_AWAY,NORMAL
PA-001413,2026-09-01 14:43:12,SKU-00577,10,E-05-02-02,OP-101,PUT_AWAY,NORMAL
PA-002708,2026-09-01 14:43:55,SKU-00475,7,E-06-01-02,OP-101,PUT_AWAY,NORMAL
PA-008575,2026-09-01 14:43:56,SKU-01643,2,B-08-01-02,OP-107,PUT_AWAY,NORMAL
PA-007727,2026-09-01 14:44:55,SKU-01638,3,D-05-03-02,OP-103,PUT_AWAY,NORMAL
PA-003923,2026-09-01 14:45:20,SKU-00396,9,B-03-03-01,OP-103,PUT_AWAY,NORMAL
PA-001519,2026-09-01 14:45:30,SKU-01211,5,E-03-03-01,OP-108,PUT_AWAY,NORMAL
PA-002126,2026-09-01 14:45:30,SKU-01579,7,C-04-05-02,OP-107,PUT_AWAY,NORMAL
PA-005087,2026-09-01 14:45:38,SKU-00326,10,C-09-05-01,OP-108,PUT_AWAY,NORMAL
PA-004961,2026-09-01 14:45:39,SKU-01407,1,B-06-05-01,OP-105,PUT_AWAY,NORMAL
PA-003778,2026-09-01 14:46:19,SKU-00966,8,E-06-05-01,OP-104,PUT_AWAY,NORMAL
PA-008950,2026-09-01 14:46:53,SKU-01948,8,B-07-02-01,OP-103,PUT_AWAY,NORMAL
PA-003579,2026-09-01 14:46:58,SKU-00041,9,C-09-03-02,OP-104,PUT_AWAY,NORMAL
PA-002732,2026-09-01 14:47:45,SKU-01567,9,C-10-05-01,OP-103,PUT_AWAY,NORMAL
PA-007538,2026-09-01 14:47:50,SKU-01538,10,D-08-03-01,OP-102,PUT_AWAY,NORMAL
PA-007728,2026-09-01 14:48:19,SKU-01343,10,F-08-03-02,OP-104,PUT_AWAY,NORMAL
PA-001966,2026-09-01 14:48:21,SKU-00035,8,F-06-02-01,OP-103,PUT_AWAY,NORMAL
PA-002802,2026-09-01 14:48:52,SKU-00051,10,C-03-02-01,OP-102,PUT_AWAY,NORMAL
PA-008959,2026-09-01 14:49:02,SKU-01420,8,E-05-04-02,OP-106,PUT_AWAY,NORMAL
PA-003255,2026-09-01 14:49:48,SKU-00900,4,E-06-01-01,OP-107,PUT_AWAY,NORMAL
PA-008197,2026-09-01 14:49:53,SKU-00297,9,F-04-05-02,OP-107,PUT_AWAY,NORMAL
PA-008611,2026-09-01 14:49:53,SKU-00451,1,D-05-05-01,OP-105,PUT_AWAY,NORMAL
PA-003432,2026-09-01 14:50:02,SKU-01683,5,F-06-01-01,OP-102,PUT_AWAY,NORMAL
PA-006562,2026-09-01 14:50:33,SKU-00094,7,F-10-04-02,OP-103,PUT_AWAY,NORMAL
PA-007566,2026-09-01 14:50:34,SKU-01402,3,E-03-01-02,OP-104,PUT_AWAY,NORMAL
PA-004787,2026-09-01 14:51:46,SKU-01353,6,A-03-05-01,OP-103,PUT_AWAY,NORMAL
PA-008050,2026-09-01 14:51:52,SKU-01137,9,E-08-03-01,OP-103,PUT_AWAY,NORMAL
PA-008699,2026-09-01 14:51:59,SKU-00747,4,A-08-02-01,OP-101,PUT_AWAY,NORMAL
PA-008984,2026-09-01 14:52:24,SKU-00729,1,E-05-05-01,OP-104,PUT_AWAY,NORMAL
PA-004720,2026-09-01 14:52:59,SKU-01440,4,B-02-03-01,OP-105,PUT_AWAY,NORMAL
PA-004746,2026-09-01 14:53:31,SKU-00139,10,E-05-04-02,OP-105,PUT_AWAY,NORMAL
PA-001642,2026-09-01 14:53:48,SKU-01819,7,F-07-01-01,OP-104,PUT_AWAY,NORMAL
PA-003621,2026-09-01 14:54:14,SKU-01214,6,A-10-01-02,OP-108,PUT_AWAY,NORMAL
PA-006180,2026-09-01 14:54:31,SKU-01652,4,B-04-02-01,OP-102,PUT_AWAY,NORMAL
PA-003755,2026-09-01 14:54:59,SKU-01311,3,F-01-05-02,OP-105,PUT_AWAY,NORMAL
PA-003639,2026-09-01 14:55:13,SKU-01141,6,B-03-01-01,OP-107,PUT_AWAY,NORMAL
PA-008851,2026-09-01 14:55:56,SKU-00282,10,F-08-04-01,OP-102,PUT_AWAY,NORMAL
PA-008791,2026-09-01 14:55:57,SKU-00676,6,A-06-05-01,OP-101,PUT_AWAY,NORMAL
PA-008647,2026-09-01 14:56:23,SKU-00765,1,F-02-02-01,OP-106,PUT_AWAY,NORMAL
PA-002909,2026-09-01 14:56:45,SKU-01907,7,C-08-02-01,OP-108,PUT_AWAY,NORMAL
PA-004927,2026-09-01 14:57:51,SKU-01113,9,C-10-02-02,OP-106,PUT_AWAY,NORMAL
PA-002055,2026-09-01 14:57:53,SKU-00841,6,D-03-02-01,OP-103,PUT_AWAY,NORMAL
PA-001667,2026-09-01 14:58:09,SKU-01048,9,C-02-04-02,OP-105,PUT_AWAY,NORMAL
PA-006903,2026-09-01 14:58:18,SKU-00340,3,E-01-03-02,OP-105,PUT_AWAY,NORMAL
PA-008303,2026-09-01 14:59:19,SKU-01710,4,B-02-01-01,OP-106,PUT_AWAY,NORMAL
PA-007608,2026-09-01 14:59:25,SKU-01627,8,B-04-03-01,OP-105,PUT_AWAY,NORMAL
PA-000535,2026-09-01 14:59:27,SKU-00196,10,B-07-05-02,OP-103,PUT_AWAY,NORMAL
PA-005772,2026-09-01 14:59:34,SKU-00667,7,F-10-05-02,OP-103,PUT_AWAY,NORMAL
PA-001428,2026-09-01 15:00:34,SKU-01880,3,E-09-01-01,OP-104,PUT_AWAY,NORMAL
PA-007403,2026-09-01 15:00:50,SKU-00531,9,B-06-03-01,OP-104,PUT_AWAY,NORMAL
PA-000842,2026-09-01 15:01:48,SKU-01339,2,C-03-02-02,OP-104,PUT_AWAY,NORMAL
PA-002227,2026-09-01 15:02:16,SKU-00675,10,E-02-01-01,OP-103,PUT_AWAY,NORMAL
PA-007909,2026-09-01 15:02:37,SKU-01856,6,C-05-03-02,OP-103,PUT_AWAY,NORMAL
PA-008235,2026-09-01 15:02:37,SKU-01789,3,B-01-04-02,OP-106,PUT_AWAY,NORMAL
PA-004269,2026-09-01 15:03:08,SKU-00446,1,B-09-03-02,OP-101,PUT_AWAY,NORMAL
PA-006556,2026-09-01 15:03:22,SKU-01949,8,E-02-04-01,OP-107,PUT_AWAY,NORMAL
PA-003290,2026-09-01 15:03:41,SKU-01598,1,B-09-01-02,OP-104,PUT_AWAY,NORMAL
PA-005583,2026-09-01 15:04:23,SKU-00580,9,E-06-02-01,OP-104,PUT_AWAY,NORMAL
PA-002735,2026-09-01 15:04:44,SKU-00743,3,B-10-03-02,OP-107,PUT_AWAY,NORMAL
PA-005196,2026-09-01 15:05:15,SKU-00312,8,C-01-01-01,OP-102,PUT_AWAY,NORMAL
PA-000541,2026-09-01 15:05:32,SKU-01918,9,C-09-01-01,OP-108,PUT_AWAY,NORMAL
PA-005311,2026-09-01 15:06:19,SKU-00533,7,E-03-01-02,OP-108,PUT_AWAY,NORMAL
PA-005072,2026-09-01 15:06:24,SKU-00717,1,F-01-04-01,OP-108,PUT_AWAY,NORMAL
PA-003491,2026-09-01 15:06:32,SKU-00763,1,C-03-02-01,OP-105,PUT_AWAY,NORMAL
PA-004069,2026-09-01 15:06:34,SKU-00616,10,C-04-04-01,OP-101,PUT_AWAY,NORMAL
PA-006493,2026-09-01 15:06:45,SKU-01092,3,C-06-03-02,OP-108,PUT_AWAY,NORMAL
PA-008362,2026-09-01 15:07:48,SKU-00523,3,E-05-04-02,OP-105,PUT_AWAY,NORMAL
PA-003722,2026-09-01 15:08:02,SKU-00046,7,F-03-02-02,OP-107,PUT_AWAY,NORMAL
PA-007303,2026-09-01 15:08:05,SKU-00985,10,B-06-04-01,OP-105,PUT_AWAY,NORMAL
PA-006324,2026-09-01 15:08:22,SKU-01402,4,E-03-01-02,OP-103,PUT_AWAY,NORMAL
PA-002858,2026-09-01 15:09:01,SKU-01899,1,E-02-04-01,OP-104,PUT_AWAY,NORMAL
PA-008808,2026-09-01 15:09:17,SKU-01687,1,D-02-01-02,OP-106,PUT_AWAY,NORMAL
PA-001606,2026-09-01 15:09:28,SKU-00344,2,A-03-05-02,OP-101,PUT_AWAY,NORMAL
PA-000483,2026-09-01 15:09:46,SKU-00785,4,C-07-04-01,OP-103,PUT_AWAY,NORMAL
PA-006280,2026-09-01 15:09:57,SKU-01885,10,D-01-05-02,OP-104,PUT_AWAY,NORMAL
PA-008605,2026-09-01 15:10:05,SKU-01639,8,B-01-03-01,OP-106,PUT_AWAY,NORMAL
PA-003139,2026-09-01 15:10:42,SKU-01657,2,A-01-05-01,OP-106,PUT_AWAY,NORMAL
PA-004049,2026-09-01 15:10:44,SKU-00973,7,C-04-04-01,OP-101,PUT_AWAY,NORMAL
PA-008527,2026-09-01 15:10:51,SKU-01410,5,A-09-04-01,OP-105,PUT_AWAY,NORMAL
PA-001329,2026-09-01 15:10:58,SKU-00056,3,A-08-02-02,OP-102,PUT_AWAY,NORMAL
PA-007964,2026-09-01 15:11:20,SKU-00034,4,D-02-01-02,OP-108,PUT_AWAY,NORMAL
PA-003507,2026-09-01 15:11:27,SKU-00669,8,E-04-02-02,OP-103,PUT_AWAY,NORMAL
PA-001229,2026-09-01 15:11:33,SKU-01964,1,D-06-04-02,OP-104,PUT_AWAY,NORMAL
PA-004812,2026-09-01 15:11:35,SKU-01946,9,E-05-04-02,OP-102,PUT_AWAY,NORMAL
PA-005873,2026-09-01 15:11:36,SKU-01713,9,B-01-05-01,OP-105,PUT_AWAY,NORMAL
PA-000509,2026-09-01 15:11:48,SKU-01270,6,D-04-01-01,OP-105,PUT_AWAY,NORMAL
PA-002062,2026-09-01 15:12:36,SKU-01044,5,E-06-01-02,OP-102,PUT_AWAY,NORMAL
PA-002389,2026-09-01 15:12:42,SKU-01056,1,E-07-02-01,OP-102,PUT_AWAY,NORMAL
PA-000057,2026-09-01 15:13:34,SKU-01917,9,A-05-03-01,OP-107,PUT_AWAY,NORMAL
PA-001556,2026-09-01 15:13:54,SKU-00457,1,E-03-02-02,OP-104,PUT_AWAY,NORMAL
PA-004941,2026-09-01 15:14:02,SKU-00102,8,C-01-04-02,OP-105,PUT_AWAY,NORMAL
PA-004265,2026-09-01 15:14:09,SKU-01066,7,C-03-04-02,OP-101,PUT_AWAY,NORMAL
PA-001832,2026-09-01 15:14:19,SKU-01986,1,B-02-05-01,OP-106,PUT_AWAY,NORMAL
PA-004466,2026-09-01 15:14:46,SKU-00936,2,D-05-04-02,OP-108,PUT_AWAY,NORMAL
PA-003489,2026-09-01 15:15:32,SKU-00379,10,E-05-02-01,OP-107,PUT_AWAY,NORMAL
PA-002595,2026-09-01 15:15:42,SKU-00228,2,A-04-01-02,OP-104,PUT_AWAY,NORMAL
PA-008864,2026-09-01 15:15:46,SKU-01737,1,E-03-02-01,OP-104,PUT_AWAY,NORMAL
PA-004652,2026-09-01 15:16:06,SKU-00357,10,C-05-01-02,OP-106,PUT_AWAY,NORMAL
PA-001108,2026-09-01 15:16:17,SKU-01990,8,D-02-04-02,OP-107,PUT_AWAY,NORMAL
PA-000432,2026-09-01 15:16:17,SKU-01025,9,F-01-02-02,OP-106,PUT_AWAY,NORMAL
PA-007878,2026-09-01 15:16:30,SKU-01853,4,E-09-03-01,OP-108,PUT_AWAY,NORMAL
PA-001152,2026-09-01 15:16:42,SKU-00530,2,B-08-01-02,OP-107,PUT_AWAY,NORMAL
PA-008258,2026-09-01 15:17:12,SKU-00174,3,B-03-02-01,OP-104,PUT_AWAY,NORMAL
PA-002591,2026-09-01 15:17:24,SKU-01503,1,B-10-04-01,OP-104,PUT_AWAY,NORMAL
PA-004807,2026-09-01 15:17:36,SKU-01305,9,F-07-05-01,OP-101,PUT_AWAY,NORMAL
PA-003158,2026-09-01 15:18:02,SKU-01210,3,B-06-05-02,OP-102,PUT_AWAY,NORMAL
PA-007432,2026-09-01 15:18:13,SKU-01402,6,E-03-01-02,OP-101,PUT_AWAY,NORMAL
PA-006589,2026-09-01 15:18:36,SKU-01709,4,A-06-03-02,OP-104,PUT_AWAY,NORMAL
PA-008709,2026-09-01 15:18:57,SKU-01689,8,A-02-04-02,OP-103,PUT_AWAY,NORMAL
PA-000458,2026-09-01 15:19:00,SKU-00248,9,F-01-01-02,OP-103,PUT_AWAY,NORMAL
PA-007924,2026-09-01 15:19:20,SKU-00300,4,A-03-01-02,OP-102,PUT_AWAY,NORMAL
PA-003773,2026-09-01 15:19:42,SKU-00052,7,A-06-05-02,OP-105,PUT_AWAY,NORMAL
PA-001458,2026-09-01 15:20:04,SKU-01978,10,B-09-05-02,OP-103,PUT_AWAY,NORMAL
PA-000480,2026-09-01 15:20:06,SKU-00628,6,E-10-04-01,OP-106,PUT_AWAY,NORMAL
PA-002045,2026-09-01 15:20:07,SKU-01014,10,A-04-03-01,OP-108,PUT_AWAY,NORMAL
PA-002848,2026-09-01 15:20:34,SKU-00804,10,E-08-05-02,OP-108,PUT_AWAY,NORMAL
PA-007684,2026-09-01 15:20:57,SKU-01773,2,E-02-05-02,OP-101,PUT_AWAY,NORMAL
PA-008569,2026-09-01 15:21:50,SKU-01808,3,A-09-04-01,OP-102,PUT_AWAY,NORMAL
PA-004098,2026-09-01 15:22:10,SKU-00361,4,D-04-04-01,OP-106,PUT_AWAY,NORMAL
PA-004320,2026-09-01 15:22:35,SKU-00916,4,B-05-04-02,OP-108,PUT_AWAY,NORMAL
PA-007097,2026-09-01 15:22:37,SKU-01730,1,E-10-02-01,OP-104,PUT_AWAY,NORMAL
PA-005787,2026-09-01 15:22:48,SKU-00159,5,F-09-04-02,OP-104,PUT_AWAY,NORMAL
PA-006677,2026-09-01 15:23:09,SKU-00859,3,F-04-02-01,OP-107,PUT_AWAY,NORMAL
PA-004219,2026-09-01 15:23:23,SKU-00316,3,A-07-03-02,OP-105,PUT_AWAY,NORMAL
PA-006681,2026-09-01 15:23:37,SKU-00688,4,C-02-03-01,OP-106,PUT_AWAY,NORMAL
PA-002852,2026-09-01 15:23:59,SKU-00593,1,A-02-01-02,OP-103,PUT_AWAY,NORMAL
PA-008896,2026-09-01 15:24:33,SKU-00888,8,B-07-05-01,OP-108,PUT_AWAY,NORMAL
PA-008640,2026-09-01 15:25:06,SKU-01330,8,B-07-03-01,OP-107,PUT_AWAY,NORMAL
PA-004027,2026-09-01 15:25:07,SKU-01754,6,C-10-03-01,OP-105,PUT_AWAY,NORMAL
PA-005389,2026-09-01 15:25:21,SKU-01130,2,A-05-05-01,OP-105,PUT_AWAY,NORMAL
PA-002631,2026-09-01 15:25:41,SKU-00245,3,B-02-01-02,OP-107,PUT_AWAY,NORMAL
PA-001852,2026-09-01 15:25:44,SKU-01713,6,B-01-05-01,OP-104,PUT_AWAY,NORMAL
PA-005782,2026-09-01 15:25:49,SKU-00188,3,F-04-02-02,OP-108,PUT_AWAY,NORMAL
PA-004166,2026-09-01 15:26:50,SKU-00870,6,C-02-05-01,OP-108,PUT_AWAY,NORMAL
PA-003577,2026-09-01 15:27:00,SKU-01234,4,A-05-03-01,OP-107,PUT_AWAY,NORMAL
PA-003848,2026-09-01 15:27:06,SKU-01449,7,D-05-01-02,OP-105,PUT_AWAY,NORMAL
PA-006799,2026-09-01 15:27:31,SKU-01828,9,C-02-04-01,OP-106,PUT_AWAY,NORMAL
PA-002531,2026-09-01 15:28:00,SKU-01239,7,E-08-02-01,OP-103,PUT_AWAY,NORMAL
PA-001678,2026-09-01 15:28:12,SKU-01213,9,A-03-04-01,OP-107,PUT_AWAY,NORMAL
PA-007236,2026-09-01 15:29:09,SKU-00345,1,C-05-03-02,OP-107,PUT_AWAY,NORMAL
PA-007768,2026-09-01 15:29:11,SKU-01076,4,C-02-03-01,OP-104,PUT_AWAY,NORMAL
PA-007289,2026-09-01 15:29:51,SKU-00105,8,B-01-01-01,OP-106,PUT_AWAY,NORMAL
PA-001620,2026-09-01 15:30:12,SKU-00684,6,C-10-04-02,OP-107,PUT_AWAY,NORMAL
PA-007016,2026-09-01 15:30:19,SKU-00485,8,D-10-03-02,OP-105,PUT_AWAY,NORMAL
PA-002597,2026-09-01 15:30:47,SKU-00444,9,E-01-03-01,OP-102,PUT_AWAY,NORMAL
PA-000811,2026-09-01 15:30:49,SKU-01616,10,C-03-04-02,OP-101,PUT_AWAY,NORMAL
PA-001994,2026-09-01 15:30:53,SKU-00663,3,F-10-01-01,OP-101,PUT_AWAY,NORMAL
PA-007487,2026-09-01 15:31:20,SKU-01069,9,B-01-04-02,OP-101,PUT_AWAY,NORMAL
PA-004973,2026-09-01 15:32:18,SKU-00264,10,B-04-04-02,OP-102,PUT_AWAY,NORMAL
PA-007524,2026-09-01 15:32:26,SKU-01328,9,C-05-03-02,OP-107,PUT_AWAY,NORMAL
PA-002742,2026-09-01 15:32:27,SKU-00074,3,F-09-05-01,OP-104,PUT_AWAY,NORMAL
PA-004210,2026-09-01 15:32:42,SKU-01629,4,F-03-02-01,OP-106,PUT_AWAY,NORMAL
PA-007560,2026-09-01 15:33:41,SKU-01823,1,B-01-03-01,OP-104,PUT_AWAY,NORMAL
PA-003906,2026-09-01 15:33:58,SKU-01684,7,E-06-02-01,OP-104,PUT_AWAY,NORMAL
PA-003397,2026-09-01 15:34:09,SKU-01515,2,F-09-03-02,OP-102,PUT_AWAY,NORMAL
PA-003134,2026-09-01 15:34:38,SKU-01307,10,C-03-03-01,OP-101,PUT_AWAY,NORMAL
PA-006334,2026-09-01 15:34:57,SKU-00499,6,F-08-01-01,OP-104,PUT_AWAY,NORMAL
PA-008918,2026-09-01 15:34:57,SKU-01297,10,E-01-04-01,OP-101,PUT_AWAY,NORMAL
PA-000093,2026-09-01 15:35:10,SKU-00134,2,D-05-03-01,OP-107,PUT_AWAY,NORMAL
PA-000490,2026-09-01 15:35:26,SKU-01222,6,D-04-04-01,OP-107,PUT_AWAY,NORMAL
PA-002919,2026-09-01 15:35:53,SKU-01725,1,C-02-02-02,OP-103,PUT_AWAY,NORMAL
PA-002790,2026-09-01 15:36:04,SKU-00388,8,C-09-04-02,OP-107,PUT_AWAY,NORMAL
PA-001074,2026-09-01 15:36:42,SKU-01739,10,E-08-03-02,OP-101,PUT_AWAY,NORMAL
PA-002605,2026-09-01 15:36:48,SKU-01919,2,C-06-03-02,OP-101,PUT_AWAY,NORMAL
PA-007623,2026-09-01 15:37:18,SKU-01375,4,C-08-03-01,OP-102,PUT_AWAY,NORMAL
PA-002334,2026-09-01 15:37:35,SKU-01693,4,F-01-05-01,OP-104,PUT_AWAY,NORMAL
PA-006225,2026-09-01 15:37:44,SKU-00319,1,E-10-01-02,OP-103,PUT_AWAY,NORMAL
PA-003753,2026-09-01 15:37:51,SKU-00136,1,D-01-04-02,OP-101,PUT_AWAY,NORMAL
PA-001216,2026-09-01 15:37:59,SKU-00889,4,C-06-03-02,OP-106,PUT_AWAY,NORMAL
PA-006572,2026-09-01 15:38:06,SKU-01704,8,E-08-05-02,OP-102,PUT_AWAY,NORMAL
PA-001785,2026-09-01 15:38:16,SKU-01421,8,A-09-03-02,OP-108,PUT_AWAY,NORMAL
PA-004059,2026-09-01 15:38:26,SKU-00018,1,D-03-04-01,OP-107,PUT_AWAY,NORMAL
PA-004337,2026-09-01 15:38:30,SKU-00860,1,B-05-05-02,OP-102,PUT_AWAY,NORMAL
PA-004736,2026-09-01 15:38:59,SKU-01365,9,C-07-01-01,OP-108,PUT_AWAY,NORMAL
PA-000336,2026-09-01 15:39:06,SKU-01967,9,A-04-04-02,OP-105,PUT_AWAY,NORMAL
PA-005520,2026-09-01 15:39:21,SKU-00662,3,E-02-05-02,OP-103,PUT_AWAY,NORMAL
PA-005268,2026-09-01 15:39:34,SKU-01961,1,E-10-04-01,OP-105,PUT_AWAY,NORMAL
PA-002390,2026-09-01 15:39:46,SKU-01007,7,A-04-01-02,OP-106,PUT_AWAY,NORMAL
PA-008637,2026-09-01 15:39:52,SKU-01011,3,F-06-02-01,OP-105,PUT_AWAY,NORMAL
PA-007422,2026-09-01 15:40:09,SKU-00352,9,D-01-02-02,OP-104,PUT_AWAY,NORMAL
PA-001269,2026-09-01 15:40:49,SKU-00369,4,A-01-03-01,OP-107,PUT_AWAY,NORMAL
PA-004013,2026-09-01 15:40:54,SKU-00217,5,A-05-01-02,OP-101,PUT_AWAY,NORMAL
PA-008470,2026-09-01 15:41:46,SKU-01337,1,E-05-05-02,OP-108,PUT_AWAY,NORMAL
PA-005694,2026-09-01 15:41:48,SKU-01542,6,E-07-05-02,OP-107,PUT_AWAY,NORMAL
PA-008658,2026-09-01 15:41:55,SKU-01603,8,C-09-05-02,OP-104,PUT_AWAY,NORMAL
PA-007363,2026-09-01 15:42:05,SKU-00785,7,C-07-04-01,OP-108,PUT_AWAY,NORMAL
PA-004244,2026-09-01 15:42:13,SKU-01540,4,C-08-01-01,OP-107,PUT_AWAY,NORMAL
PA-004772,2026-09-01 15:42:15,SKU-00599,6,D-02-01-02,OP-107,PUT_AWAY,NORMAL
PA-002901,2026-09-01 15:43:10,SKU-00203,9,B-01-05-02,OP-103,PUT_AWAY,NORMAL
PA-001487,2026-09-01 15:43:12,SKU-01780,1,D-02-03-01,OP-104,PUT_AWAY,NORMAL
PA-005940,2026-09-01 15:43:14,SKU-00033,3,A-02-01-01,OP-106,PUT_AWAY,NORMAL
PA-004416,2026-09-01 15:43:20,SKU-00887,8,E-10-04-01,OP-103,PUT_AWAY,NORMAL
PA-000168,2026-09-01 15:43:23,SKU-01975,7,E-04-01-01,OP-106,PUT_AWAY,NORMAL
PA-006904,2026-09-01 15:43:25,SKU-01848,9,A-08-02-01,OP-106,PUT_AWAY,NORMAL
PA-008586,2026-09-01 15:43:33,SKU-01582,4,F-01-02-01,OP-106,PUT_AWAY,NORMAL
PA-003010,2026-09-01 15:43:33,SKU-01444,1,C-05-03-01,OP-101,PUT_AWAY,NORMAL
PA-001665,2026-09-01 15:45:07,SKU-01372,1,E-03-04-01,OP-102,PUT_AWAY,NORMAL
PA-002644,2026-09-01 15:45:21,SKU-01594,5,A-05-04-02,OP-108,PUT_AWAY,NORMAL
PA-003626,2026-09-01 15:45:23,SKU-00482,4,D-06-05-02,OP-106,PUT_AWAY,NORMAL
PA-007119,2026-09-01 15:45:28,SKU-01575,10,E-05-04-02,OP-102,PUT_AWAY,NORMAL
PA-003277,2026-09-01 15:45:33,SKU-01803,9,F-04-02-01,OP-104,PUT_AWAY,NORMAL
PA-008375,2026-09-01 15:45:51,SKU-01090,2,C-03-05-02,OP-101,PUT_AWAY,NORMAL
PA-006975,2026-09-01 15:46:34,SKU-00146,1,A-02-01-02,OP-106,PUT_AWAY,NORMAL
PA-000394,2026-09-01 15:46:41,SKU-00768,2,B-03-04-01,OP-106,PUT_AWAY,NORMAL
PA-003829,2026-09-01 15:47:06,SKU-00676,7,A-06-05-01,OP-107,PUT_AWAY,NORMAL
PA-003254,2026-09-01 15:47:12,SKU-00787,6,D-08-03-01,OP-106,PUT_AWAY,NORMAL
PA-004533,2026-09-01 15:47:19,SKU-00268,3,E-09-05-01,OP-103,PUT_AWAY,NORMAL
PA-003839,2026-09-01 15:47:30,SKU-00172,3,A-04-03-01,OP-105,PUT_AWAY,NORMAL
PA-005110,2026-09-01 15:47:51,SKU-00139,7,E-05-04-02,OP-106,PUT_AWAY,NORMAL
PA-006219,2026-09-01 15:47:59,SKU-00170,7,F-04-05-01,OP-108,PUT_AWAY,NORMAL
PA-002039,2026-09-01 15:48:13,SKU-00273,3,F-06-01-01,OP-105,PUT_AWAY,NORMAL
PA-002632,2026-09-01 15:48:28,SKU-01459,7,B-08-01-01,OP-102,PUT_AWAY,NORMAL
PA-004029,2026-09-01 15:49:20,SKU-00102,1,C-01-04-02,OP-105,PUT_AWAY,NORMAL
PA-004371,2026-09-01 15:49:30,SKU-01737,5,E-03-02-01,OP-106,PUT_AWAY,NORMAL
PA-006419,2026-09-01 15:50:16,SKU-01603,5,C-09-05-02,OP-107,PUT_AWAY,NORMAL
PA-008025,2026-09-01 15:50:19,SKU-00910,1,E-01-04-02,OP-104,PUT_AWAY,NORMAL
PA-004731,2026-09-01 15:50:50,SKU-01351,2,A-09-02-01,OP-105,PUT_AWAY,NORMAL
PA-004282,2026-09-01 15:51:00,SKU-01348,5,A-05-04-01,OP-102,PUT_AWAY,NORMAL
PA-002584,2026-09-01 15:51:00,SKU-00712,3,E-10-03-01,OP-101,PUT_AWAY,NORMAL
PA-003292,2026-09-01 15:51:26,SKU-01555,8,C-06-05-02,OP-104,PUT_AWAY,NORMAL
PA-004784,2026-09-01 15:52:20,SKU-00155,9,F-01-03-02,OP-103,PUT_AWAY,NORMAL
PA-005188,2026-09-01 15:52:21,SKU-00661,6,E-06-03-02,OP-106,PUT_AWAY,NORMAL
PA-005508,2026-09-01 15:52:29,SKU-00902,5,C-08-01-01,OP-101,PUT_AWAY,NORMAL
PA-003260,2026-09-01 15:52:34,SKU-01483,5,A-10-01-01,OP-104,PUT_AWAY,NORMAL
PA-001959,2026-09-01 15:52:44,SKU-01687,7,D-02-01-02,OP-103,PUT_AWAY,NORMAL
PA-004611,2026-09-01 15:52:48,SKU-01292,3,A-04-01-02,OP-105,PUT_AWAY,NORMAL
PA-005292,2026-09-01 15:52:56,SKU-01996,8,B-05-01-01,OP-103,PUT_AWAY,NORMAL
PA-002240,2026-09-01 15:53:41,SKU-01253,5,F-05-05-01,OP-105,PUT_AWAY,NORMAL
PA-008204,2026-09-01 15:53:54,SKU-00999,8,E-04-03-01,OP-107,PUT_AWAY,NORMAL
PA-002781,2026-09-01 15:53:59,SKU-00090,2,B-07-02-02,OP-103,PUT_AWAY,NORMAL
PA-002028,2026-09-01 15:54:08,SKU-00189,6,D-10-02-02,OP-108,PUT_AWAY,NORMAL
PA-005892,2026-09-01 15:54:20,SKU-01659,1,E-03-03-02,OP-106,PUT_AWAY,NORMAL
PA-008574,2026-09-01 15:54:34,SKU-00959,6,D-03-05-02,OP-107,PUT_AWAY,NORMAL
PA-007010,2026-09-01 15:54:38,SKU-00492,3,F-01-05-01,OP-104,PUT_AWAY,NORMAL
PA-007050,2026-09-01 15:54:59,SKU-00437,7,A-07-01-01,OP-106,PUT_AWAY,NORMAL
PA-002903,2026-09-01 15:55:28,SKU-00328,1,E-04-03-01,OP-103,PUT_AWAY,NORMAL
PA-007149,2026-09-01 15:55:29,SKU-00337,4,F-08-02-02,OP-103,PUT_AWAY,NORMAL
PA-002865,2026-09-01 15:55:46,SKU-01891,2,D-08-05-01,OP-104,PUT_AWAY,NORMAL
PA-003207,2026-09-01 15:56:36,SKU-00302,10,F-10-05-01,OP-105,PUT_AWAY,NORMAL
PA-004254,2026-09-01 15:57:04,SKU-01461,4,F-08-04-02,OP-103,PUT_AWAY,NORMAL
PA-004495,2026-09-01 15:57:16,SKU-00569,10,F-04-02-01,OP-102,PUT_AWAY,NORMAL
PA-002671,2026-09-01 15:57:17,SKU-00063,4,C-06-01-01,OP-106,PUT_AWAY,NORMAL
PA-004738,2026-09-01 15:57:19,SKU-01338,8,F-09-04-02,OP-102,PUT_AWAY,NORMAL
PA-005349,2026-09-01 15:58:09,SKU-01121,10,D-10-03-01,OP-108,PUT_AWAY,NORMAL
PA-007203,2026-09-01 15:58:14,SKU-01586,4,E-05-01-02,OP-104,PUT_AWAY,NORMAL
PA-003154,2026-09-01 15:59:20,SKU-00502,5,D-08-04-02,OP-106,PUT_AWAY,NORMAL
PA-006876,2026-09-01 16:00:06,SKU-01764,5,C-04-05-01,OP-108,PUT_AWAY,NORMAL
PA-002824,2026-09-01 16:00:06,SKU-00723,10,E-02-03-02,OP-107,PUT_AWAY,NORMAL
PA-008054,2026-09-01 16:00:10,SKU-00759,3,F-08-03-01,OP-101,PUT_AWAY,NORMAL
PA-008857,2026-09-01 16:00:15,SKU-01973,7,D-09-02-01,OP-106,PUT_AWAY,NORMAL
PA-008358,2026-09-01 16:00:17,SKU-01773,4,E-02-05-02,OP-102,PUT_AWAY,NORMAL
PA-003781,2026-09-01 16:00:26,SKU-01918,5,C-09-01-01,OP-101,PUT_AWAY,NORMAL
PA-002635,2026-09-01 16:00:30,SKU-00768,6,B-03-04-01,OP-106,PUT_AWAY,NORMAL
PA-002192,2026-09-01 16:00:34,SKU-01209,5,F-06-02-01,OP-107,PUT_AWAY,NORMAL
PA-001083,2026-09-01 16:00:51,SKU-01146,2,C-02-04-02,OP-101,PUT_AWAY,NORMAL
PA-003572,2026-09-01 16:01:11,SKU-01884,8,A-07-01-02,OP-101,PUT_AWAY,NORMAL
PA-001013,2026-09-01 16:01:21,SKU-01579,6,C-04-05-02,OP-106,PUT_AWAY,NORMAL
PA-003227,2026-09-01 16:01:26,SKU-01863,5,A-08-03-02,OP-104,PUT_AWAY,NORMAL
PA-004288,2026-09-01 16:01:42,SKU-00673,6,B-09-01-02,OP-101,PUT_AWAY,NORMAL
PA-006668,2026-09-01 16:01:44,SKU-01565,9,F-05-01-02,OP-108,PUT_AWAY,NORMAL
PA-002403,2026-09-01 16:01:55,SKU-01591,7,B-05-05-01,OP-105,PUT_AWAY,NORMAL
PA-003464,2026-09-01 16:01:56,SKU-01231,4,B-04-03-01,OP-108,PUT_AWAY,NORMAL
PA-004164,2026-09-01 16:02:21,SKU-01809,7,C-08-01-02,OP-102,PUT_AWAY,NORMAL
PA-002465,2026-09-01 16:02:29,SKU-00931,9,C-05-04-02,OP-101,PUT_AWAY,NORMAL
PA-002399,2026-09-01 16:02:47,SKU-01902,8,D-08-02-02,OP-105,PUT_AWAY,NORMAL
PA-004929,2026-09-01 16:03:11,SKU-01215,7,F-03-01-02,OP-105,PUT_AWAY,NORMAL
PA-001917,2026-09-01 16:03:53,SKU-00975,8,A-02-05-01,OP-106,PUT_AWAY,NORMAL
PA-002108,2026-09-01 16:03:54,SKU-00669,8,E-04-02-02,OP-101,PUT_AWAY,NORMAL
PA-004994,2026-09-01 16:04:19,SKU-01822,3,C-10-03-01,OP-101,PUT_AWAY,NORMAL
PA-005097,2026-09-01 16:04:43,SKU-01786,7,F-02-05-02,OP-106,PUT_AWAY,NORMAL
PA-000637,2026-09-01 16:05:09,SKU-00986,6,D-09-04-01,OP-103,PUT_AWAY,NORMAL
PA-000270,2026-09-01 16:05:25,SKU-01251,10,F-04-05-02,OP-102,PUT_AWAY,NORMAL
PA-000831,2026-09-01 16:06:03,SKU-00113,4,E-03-01-02,OP-102,PUT_AWAY,NORMAL
PA-008910,2026-09-01 16:06:35,SKU-00317,2,C-06-04-02,OP-106,PUT_AWAY,NORMAL
PA-003436,2026-09-01 16:06:42,SKU-01334,8,F-04-03-02,OP-104,PUT_AWAY,NORMAL
PA-005225,2026-09-01 16:06:49,SKU-01939,5,C-02-02-02,OP-108,PUT_AWAY,NORMAL
PA-007607,2026-09-01 16:07:13,SKU-00386,9,E-06-04-02,OP-107,PUT_AWAY,NORMAL
PA-003936,2026-09-01 16:07:17,SKU-01968,2,E-02-02-02,OP-108,PUT_AWAY,NORMAL
PA-008051,2026-09-01 16:07:45,SKU-00416,10,D-04-02-02,OP-103,PUT_AWAY,NORMAL
PA-005781,2026-09-01 16:07:57,SKU-01310,6,D-03-02-02,OP-108,PUT_AWAY,NORMAL
PA-007726,2026-09-01 16:08:23,SKU-01764,3,C-04-05-01,OP-103,PUT_AWAY,NORMAL
PA-006584,2026-09-01 16:08:40,SKU-01450,2,E-07-02-01,OP-104,PUT_AWAY,NORMAL
PA-005167,2026-09-01 16:09:31,SKU-00345,2,C-05-03-02,OP-102,PUT_AWAY,NORMAL
PA-006597,2026-09-01 16:10:23,SKU-00671,1,B-03-01-02,OP-107,PUT_AWAY,NORMAL
PA-005415,2026-09-01 16:10:45,SKU-01355,4,A-04-05-02,OP-105,PUT_AWAY,NORMAL
PA-000134,2026-09-01 16:10:51,SKU-00463,8,B-07-03-01,OP-106,PUT_AWAY,NORMAL
PA-004870,2026-09-01 16:10:53,SKU-00154,10,F-07-03-01,OP-107,PUT_AWAY,NORMAL
PA-008516,2026-09-01 16:10:57,SKU-00067,1,A-06-02-01,OP-105,PUT_AWAY,NORMAL
PA-003264,2026-09-01 16:11:03,SKU-00912,8,E-07-03-02,OP-102,PUT_AWAY,NORMAL
PA-000032,2026-09-01 16:11:04,SKU-01623,9,B-02-05-02,OP-107,PUT_AWAY,NORMAL
PA-000933,2026-09-01 16:11:16,SKU-01499,3,B-01-03-02,OP-102,PUT_AWAY,NORMAL
PA-008431,2026-09-01 16:11:21,SKU-00933,9,F-09-04-01,OP-102,PUT_AWAY,NORMAL
PA-008112,2026-09-01 16:11:22,SKU-00530,2,B-08-01-02,OP-107,PUT_AWAY,NORMAL
PA-004788,2026-09-01 16:11:41,SKU-00340,4,E-01-03-02,OP-103,PUT_AWAY,NORMAL
PA-004842,2026-09-01 16:11:43,SKU-00843,6,B-08-02-01,OP-104,PUT_AWAY,NORMAL
PA-000304,2026-09-01 16:11:45,SKU-00967,3,D-02-04-01,OP-105,PUT_AWAY,NORMAL
PA-004547,2026-09-01 16:12:09,SKU-01287,7,C-04-05-01,OP-101,PUT_AWAY,NORMAL
PA-000459,2026-09-01 16:12:37,SKU-01121,8,D-10-03-01,OP-101,PUT_AWAY,NORMAL
PA-000406,2026-09-01 16:12:50,SKU-01952,2,A-05-03-01,OP-107,PUT_AWAY,NORMAL
PA-008505,2026-09-01 16:12:51,SKU-01902,1,D-08-02-02,OP-108,PUT_AWAY,NORMAL
PA-005157,2026-09-01 16:13:06,SKU-00242,3,F-10-04-02,OP-107,PUT_AWAY,NORMAL
PA-001345,2026-09-01 16:13:09,SKU-01077,4,E-02-03-01,OP-108,PUT_AWAY,NORMAL
PA-004382,2026-09-01 16:13:13,SKU-01540,7,C-08-01-01,OP-101,PUT_AWAY,NORMAL
PA-000118,2026-09-01 16:13:31,SKU-00343,10,C-09-01-02,OP-106,PUT_AWAY,NORMAL
PA-008326,2026-09-01 16:13:45,SKU-01172,9,F-06-02-02,OP-106,PUT_AWAY,NORMAL
PA-006162,2026-09-01 16:14:10,SKU-00888,10,B-07-05-01,OP-105,PUT_AWAY,NORMAL
PA-004562,2026-09-01 16:14:38,SKU-00205,3,A-08-02-02,OP-104,PUT_AWAY,NORMAL
PA-005929,2026-09-01 16:15:26,SKU-01538,1,D-08-03-01,OP-105,PUT_AWAY,NORMAL
PA-007579,2026-09-01 16:15:57,SKU-01105,1,F-04-05-02,OP-104,PUT_AWAY,NORMAL
PA-005341,2026-09-01 16:17:09,SKU-01330,10,B-07-03-01,OP-102,PUT_AWAY,NORMAL
PA-001721,2026-09-01 16:17:18,SKU-01588,7,A-05-04-01,OP-107,PUT_AWAY,NORMAL
PA-005210,2026-09-01 16:17:19,SKU-01174,10,C-05-05-01,OP-104,PUT_AWAY,NORMAL
PA-008617,2026-09-01 16:17:30,SKU-00705,5,E-02-01-01,OP-108,PUT_AWAY,NORMAL
PA-003635,2026-09-01 16:17:33,SKU-00880,1,B-10-03-02,OP-106,PUT_AWAY,NORMAL
PA-005764,2026-09-01 16:17:36,SKU-00461,7,A-08-01-01,OP-105,PUT_AWAY,NORMAL
PA-005407,2026-09-01 16:17:38,SKU-00537,7,A-10-02-01,OP-104,PUT_AWAY,NORMAL
PA-000665,2026-09-01 16:17:42,SKU-01666,4,A-07-04-01,OP-108,PUT_AWAY,NORMAL
PA-001643,2026-09-01 16:17:51,SKU-00083,2,C-07-03-02,OP-102,PUT_AWAY,NORMAL
PA-002864,2026-09-01 16:17:56,SKU-00056,6,A-08-02-02,OP-102,PUT_AWAY,NORMAL
PA-002554,2026-09-01 16:18:04,SKU-00652,8,A-01-04-01,OP-106,PUT_AWAY,NORMAL
PA-000037,2026-09-01 16:18:17,SKU-01031,5,A-09-01-01,OP-104,PUT_AWAY,NORMAL
PA-005082,2026-09-01 16:18:28,SKU-00316,5,A-07-03-02,OP-103,PUT_AWAY,NORMAL
PA-006075,2026-09-01 16:18:30,SKU-00972,10,E-06-01-01,OP-104,PUT_AWAY,NORMAL
PA-001199,2026-09-01 16:18:48,SKU-00716,7,F-01-03-01,OP-105,PUT_AWAY,NORMAL
PA-000696,2026-09-01 16:18:57,SKU-00873,10,A-07-04-02,OP-104,PUT_AWAY,NORMAL
PA-002982,2026-09-01 16:19:21,SKU-01994,10,C-06-01-01,OP-103,PUT_AWAY,NORMAL
PA-005401,2026-09-01 16:19:23,SKU-01561,10,E-10-01-02,OP-107,PUT_AWAY,NORMAL
PA-000986,2026-09-01 16:19:42,SKU-01699,5,C-01-05-01,OP-108,PUT_AWAY,NORMAL
PA-003597,2026-09-01 16:20:34,SKU-01187,2,E-01-05-02,OP-106,PUT_AWAY,NORMAL
PA-002684,2026-09-01 16:20:47,SKU-00784,2,F-09-02-02,OP-102,PUT_AWAY,NORMAL
PA-006842,2026-09-01 16:20:55,SKU-00553,7,B-02-03-02,OP-101,PUT_AWAY,NORMAL
PA-007217,2026-09-01 16:21:01,SKU-01515,9,F-09-03-02,OP-106,PUT_AWAY,NORMAL
PA-001265,2026-09-01 16:21:19,SKU-01877,4,A-06-05-02,OP-102,PUT_AWAY,NORMAL
PA-003550,2026-09-01 16:21:37,SKU-00677,2,A-02-03-02,OP-107,PUT_AWAY,NORMAL
PA-002480,2026-09-01 16:21:49,SKU-01111,6,E-02-01-01,OP-105,PUT_AWAY,NORMAL
PA-006684,2026-09-01 16:21:55,SKU-00339,5,A-06-03-01,OP-104,PUT_AWAY,NORMAL
PA-008426,2026-09-01 16:21:59,SKU-01723,3,D-03-02-01,OP-104,PUT_AWAY,NORMAL
PA-001961,2026-09-01 16:22:21,SKU-01275,10,F-07-03-02,OP-102,PUT_AWAY,NORMAL
PA-003371,2026-09-01 16:22:44,SKU-01514,3,A-02-03-02,OP-102,PUT_AWAY,NORMAL
PA-007399,2026-09-01 16:22:55,SKU-01138,4,A-02-03-01,OP-105,PUT_AWAY,NORMAL
PA-000484,2026-09-01 16:23:00,SKU-01332,4,F-03-01-01,OP-102,PUT_AWAY,NORMAL
PA-008153,2026-09-01 16:23:23,SKU-01102,1,B-10-05-01,OP-105,PUT_AWAY,NORMAL
PA-006702,2026-09-01 16:23:28,SKU-00994,10,A-05-02-01,OP-107,PUT_AWAY,NORMAL
PA-003085,2026-09-01 16:23:33,SKU-01848,10,A-08-02-01,OP-107,PUT_AWAY,NORMAL
PA-000719,2026-09-01 16:23:43,SKU-01132,8,C-08-04-02,OP-101,PUT_AWAY,NORMAL
PA-004594,2026-09-01 16:23:50,SKU-00359,7,B-01-03-01,OP-104,PUT_AWAY,NORMAL
PA-004179,2026-09-01 16:25:29,SKU-01171,6,C-07-05-01,OP-103,PUT_AWAY,NORMAL
PA-004938,2026-09-01 16:25:39,SKU-01371,5,B-09-03-02,OP-107,PUT_AWAY,NORMAL
PA-000062,2026-09-01 16:26:13,SKU-00010,3,F-03-03-02,OP-108,PUT_AWAY,NORMAL
PA-007125,2026-09-01 16:26:34,SKU-01121,1,D-10-03-01,OP-108,PUT_AWAY,NORMAL
PA-003225,2026-09-01 16:26:46,SKU-01581,2,B-06-05-01,OP-108,PUT_AWAY,NORMAL
PA-008815,2026-09-01 16:27:21,SKU-00329,8,F-03-01-01,OP-106,PUT_AWAY,NORMAL
PA-000013,2026-09-01 16:28:08,SKU-00171,2,B-08-05-02,OP-102,PUT_AWAY,NORMAL
PA-000529,2026-09-01 16:28:14,SKU-00499,8,F-08-01-01,OP-103,PUT_AWAY,NORMAL
PA-004838,2026-09-01 16:28:42,SKU-01286,8,B-02-02-01,OP-107,PUT_AWAY,NORMAL
PA-000751,2026-09-01 16:29:04,SKU-00878,1,F-03-01-02,OP-108,PUT_AWAY,NORMAL
PA-001937,2026-09-01 16:29:27,SKU-01734,8,E-01-05-01,OP-104,PUT_AWAY,NORMAL
PA-003382,2026-09-01 16:29:27,SKU-01723,6,D-03-02-01,OP-103,PUT_AWAY,NORMAL
PA-008305,2026-09-01 16:29:31,SKU-01064,4,A-01-05-01,OP-105,PUT_AWAY,NORMAL
PA-003344,2026-09-01 16:29:48,SKU-00922,3,F-01-01-01,OP-105,PUT_AWAY,NORMAL
PA-000627,2026-09-01 16:30:09,SKU-00523,9,E-05-04-02,OP-106,PUT_AWAY,NORMAL
PA-006143,2026-09-01 16:30:31,SKU-01937,7,C-09-03-01,OP-104,PUT_AWAY,NORMAL
PA-002958,2026-09-01 16:30:38,SKU-00125,2,C-07-03-02,OP-107,PUT_AWAY,NORMAL
PA-006902,2026-09-01 16:30:39,SKU-01056,8,E-07-02-01,OP-104,PUT_AWAY,NORMAL
PA-008236,2026-09-01 16:31:44,SKU-00513,1,A-08-02-02,OP-102,PUT_AWAY,NORMAL
PA-000213,2026-09-01 16:31:57,SKU-00096,8,B-05-04-01,OP-107,PUT_AWAY,NORMAL
PA-002801,2026-09-01 16:32:20,SKU-00260,1,B-01-01-02,OP-103,PUT_AWAY,NORMAL
PA-005789,2026-09-01 16:32:24,SKU-01791,10,C-08-04-01,OP-106,PUT_AWAY,NORMAL
PA-006456,2026-09-01 16:32:24,SKU-01501,3,F-04-04-01,OP-105,PUT_AWAY,NORMAL
PA-005320,2026-09-01 16:32:26,SKU-01342,9,A-01-04-02,OP-103,PUT_AWAY,NORMAL
PA-000373,2026-09-01 16:33:27,SKU-01931,5,D-06-05-02,OP-106,PUT_AWAY,NORMAL
PA-005443,2026-09-01 16:34:11,SKU-01427,10,E-01-04-02,OP-102,PUT_AWAY,NORMAL
PA-001714,2026-09-01 16:34:18,SKU-01637,9,D-10-01-02,OP-106,PUT_AWAY,NORMAL
PA-004141,2026-09-01 16:34:38,SKU-00231,7,E-01-03-01,OP-107,PUT_AWAY,NORMAL
PA-006961,2026-09-01 16:35:04,SKU-01248,8,C-05-01-01,OP-102,PUT_AWAY,NORMAL
PA-007228,2026-09-01 16:35:07,SKU-01906,4,A-02-04-01,OP-101,PUT_AWAY,NORMAL
PA-000600,2026-09-01 16:35:09,SKU-01539,1,F-03-03-02,OP-105,PUT_AWAY,NORMAL
PA-005490,2026-09-01 16:35:41,SKU-00355,6,F-05-03-02,OP-106,PUT_AWAY,NORMAL
PA-006761,2026-09-01 16:35:50,SKU-01344,9,F-01-03-02,OP-106,PUT_AWAY,NORMAL
PA-001114,2026-09-01 16:35:58,SKU-00406,1,F-08-03-01,OP-106,PUT_AWAY,NORMAL
PA-002292,2026-09-01 16:36:19,SKU-01008,4,A-03-05-01,OP-102,PUT_AWAY,NORMAL
PA-004769,2026-09-01 16:36:19,SKU-01213,3,A-03-04-01,OP-108,PUT_AWAY,NORMAL
PA-000592,2026-09-01 16:36:51,SKU-01516,6,B-09-01-01,OP-106,PUT_AWAY,NORMAL
PA-005784,2026-09-01 16:36:52,SKU-00428,1,B-04-04-02,OP-101,PUT_AWAY,NORMAL
PA-004821,2026-09-01 16:37:29,SKU-00782,2,D-09-01-02,OP-104,PUT_AWAY,NORMAL
PA-007921,2026-09-01 16:37:45,SKU-01173,10,D-10-04-01,OP-106,PUT_AWAY,NORMAL
PA-000294,2026-09-01 16:37:48,SKU-00230,5,E-10-05-01,OP-102,PUT_AWAY,NORMAL
PA-005777,2026-09-01 16:37:55,SKU-01890,1,F-08-04-01,OP-104,PUT_AWAY,NORMAL
PA-002846,2026-09-01 16:38:20,SKU-00347,4,C-05-03-01,OP-101,PUT_AWAY,NORMAL
PA-001099,2026-09-01 16:38:22,SKU-00534,3,B-09-05-01,OP-103,PUT_AWAY,NORMAL
PA-004896,2026-09-01 16:38:51,SKU-01419,3,C-02-04-01,OP-106,PUT_AWAY,NORMAL
PA-005081,2026-09-01 16:39:44,SKU-00246,2,F-04-05-01,OP-101,PUT_AWAY,NORMAL
PA-007458,2026-09-01 16:39:56,SKU-01830,8,A-03-04-01,OP-104,PUT_AWAY,NORMAL
PA-002512,2026-09-01 16:40:06,SKU-01775,1,F-07-05-01,OP-106,PUT_AWAY,NORMAL
PA-002146,2026-09-01 16:40:31,SKU-01296,2,D-08-01-01,OP-102,PUT_AWAY,NORMAL
PA-004089,2026-09-01 16:40:33,SKU-01458,6,B-10-03-01,OP-102,PUT_AWAY,NORMAL
PA-007381,2026-09-01 16:40:40,SKU-01896,3,E-03-01-02,OP-105,PUT_AWAY,NORMAL
PA-000789,2026-09-01 16:40:42,SKU-00146,8,A-02-01-02,OP-102,PUT_AWAY,NORMAL
PA-005634,2026-09-01 16:40:51,SKU-00395,1,D-02-04-02,OP-104,PUT_AWAY,NORMAL
PA-003965,2026-09-01 16:40:56,SKU-01951,2,D-02-02-01,OP-108,PUT_AWAY,NORMAL
PA-004149,2026-09-01 16:41:07,SKU-01921,1,E-06-03-01,OP-106,PUT_AWAY,NORMAL
PA-008471,2026-09-01 16:41:07,SKU-01485,3,F-07-05-01,OP-104,PUT_AWAY,NORMAL
PA-004053,2026-09-01 16:41:21,SKU-00919,10,A-06-05-01,OP-102,PUT_AWAY,NORMAL
PA-007641,2026-09-01 16:41:44,SKU-01313,10,C-10-05-02,OP-105,PUT_AWAY,NORMAL
PA-001716,2026-09-01 16:41:57,SKU-00677,6,A-02-03-02,OP-102,PUT_AWAY,NORMAL
PA-005336,2026-09-01 16:42:35,SKU-01238,10,A-10-04-01,OP-102,PUT_AWAY,NORMAL
PA-002323,2026-09-01 16:42:37,SKU-00078,9,E-01-04-02,OP-108,PUT_AWAY,NORMAL
PA-003677,2026-09-01 16:42:57,SKU-00442,3,E-02-05-01,OP-108,PUT_AWAY,NORMAL
PA-003985,2026-09-01 16:43:35,SKU-00575,9,A-09-03-01,OP-106,PUT_AWAY,NORMAL
PA-006608,2026-09-01 16:43:44,SKU-00256,4,B-07-05-01,OP-102,PUT_AWAY,NORMAL
PA-008934,2026-09-01 16:43:48,SKU-00431,3,B-05-04-02,OP-101,PUT_AWAY,NORMAL
PA-003611,2026-09-01 16:43:49,SKU-01680,2,C-04-04-01,OP-106,PUT_AWAY,NORMAL
PA-005630,2026-09-01 16:44:07,SKU-00835,8,F-10-05-01,OP-108,PUT_AWAY,NORMAL
PA-007624,2026-09-01 16:44:30,SKU-01452,6,B-06-03-01,OP-103,PUT_AWAY,NORMAL
PA-002694,2026-09-01 16:44:49,SKU-01873,4,A-08-03-02,OP-108,PUT_AWAY,NORMAL
PA-000917,2026-09-01 16:44:56,SKU-01379,8,A-03-02-01,OP-107,PUT_AWAY,NORMAL
PA-001328,2026-09-01 16:45:13,SKU-00840,2,C-01-01-01,OP-108,PUT_AWAY,NORMAL
PA-001352,2026-09-01 16:45:46,SKU-01703,6,B-07-05-02,OP-105,PUT_AWAY,NORMAL
PA-008149,2026-09-01 16:46:12,SKU-00671,5,B-03-01-02,OP-103,PUT_AWAY,NORMAL
PA-002086,2026-09-01 16:47:11,SKU-01451,10,B-02-03-02,OP-101,PUT_AWAY,NORMAL
PA-003460,2026-09-01 16:47:48,SKU-00857,1,D-02-04-01,OP-102,PUT_AWAY,NORMAL
PA-000313,2026-09-01 16:48:12,SKU-01601,10,B-10-04-01,OP-101,PUT_AWAY,NORMAL
PA-002862,2026-09-01 16:48:17,SKU-01225,10,E-02-02-01,OP-104,PUT_AWAY,NORMAL
PA-007965,2026-09-01 16:48:18,SKU-00332,5,B-05-02-02,OP-104,PUT_AWAY,NORMAL
PA-002760,2026-09-01 16:48:47,SKU-01854,1,D-06-01-02,OP-102,PUT_AWAY,NORMAL
PA-006795,2026-09-01 16:49:17,SKU-01979,4,E-04-04-01,OP-104,PUT_AWAY,NORMAL
PA-008240,2026-09-01 16:49:41,SKU-01837,7,F-01-05-01,OP-108,PUT_AWAY,NORMAL
PA-001326,2026-09-01 16:49:46,SKU-00910,3,E-01-04-02,OP-101,PUT_AWAY,NORMAL
PA-006814,2026-09-01 16:50:06,SKU-01195,1,C-04-01-02,OP-101,PUT_AWAY,NORMAL
PA-002106,2026-09-01 16:50:36,SKU-01914,2,C-09-02-02,OP-106,PUT_AWAY,NORMAL
PA-001498,2026-09-01 16:51:24,SKU-00729,1,E-05-05-01,OP-106,PUT_AWAY,NORMAL
PA-007371,2026-09-01 16:51:42,SKU-01202,1,F-08-02-01,OP-103,PUT_AWAY,NORMAL
PA-002010,2026-09-01 16:51:55,SKU-00051,10,C-03-02-01,OP-103,PUT_AWAY,NORMAL
PA-005217,2026-09-01 16:52:01,SKU-01735,3,D-05-05-02,OP-103,PUT_AWAY,NORMAL
PA-008187,2026-09-01 16:52:02,SKU-00639,6,A-07-03-02,OP-104,PUT_AWAY,NORMAL
PA-003466,2026-09-01 16:52:15,SKU-00769,7,A-02-04-01,OP-103,PUT_AWAY,NORMAL
PA-003352,2026-09-01 16:52:20,SKU-01663,9,F-04-01-02,OP-107,PUT_AWAY,NORMAL
PA-006664,2026-09-01 16:52:30,SKU-01646,3,F-05-03-02,OP-101,PUT_AWAY,NORMAL
PA-003116,2026-09-01 16:52:38,SKU-01562,8,F-03-05-01,OP-106,PUT_AWAY,NORMAL
PA-004201,2026-09-01 16:52:46,SKU-01571,2,A-05-01-02,OP-108,PUT_AWAY,NORMAL
PA-007639,2026-09-01 16:52:50,SKU-00758,3,E-01-05-01,OP-102,PUT_AWAY,NORMAL
PA-007457,2026-09-01 16:53:41,SKU-00103,2,E-04-03-02,OP-101,PUT_AWAY,NORMAL
PA-001579,2026-09-01 16:54:22,SKU-01465,6,C-02-01-02,OP-106,PUT_AWAY,NORMAL
PA-005212,2026-09-01 16:55:02,SKU-00904,6,F-06-02-01,OP-101,PUT_AWAY,NORMAL
PA-006197,2026-09-01 16:55:38,SKU-01966,1,E-08-02-02,OP-103,PUT_AWAY,NORMAL
PA-007632,2026-09-01 16:56:13,SKU-01076,1,C-02-03-01,OP-106,PUT_AWAY,NORMAL
PA-000043,2026-09-01 16:56:53,SKU-00371,8,E-08-03-01,OP-102,PUT_AWAY,NORMAL
PA-000197,2026-09-01 16:57:03,SKU-01528,1,E-07-04-02,OP-106,PUT_AWAY,NORMAL
PA-008871,2026-09-01 16:57:33,SKU-01882,1,C-06-02-01,OP-102,PUT_AWAY,NORMAL
PA-004715,2026-09-01 16:57:38,SKU-01744,9,A-04-05-01,OP-107,PUT_AWAY,NORMAL
PA-001585,2026-09-01 16:57:52,SKU-01506,3,E-01-04-02,OP-105,PUT_AWAY,NORMAL
PA-007655,2026-09-01 16:57:59,SKU-01953,5,F-07-05-01,OP-103,PUT_AWAY,NORMAL
PA-000020,2026-09-01 16:58:02,SKU-01368,1,A-05-04-02,OP-106,PUT_AWAY,NORMAL
PA-003074,2026-09-01 16:58:18,SKU-00463,7,B-07-03-01,OP-107,PUT_AWAY,NORMAL
PA-000773,2026-09-01 16:58:20,SKU-00157,7,E-07-05-02,OP-106,PUT_AWAY,NORMAL
PA-006871,2026-09-01 16:58:31,SKU-01913,3,D-05-03-01,OP-101,PUT_AWAY,NORMAL
PA-000181,2026-09-01 16:58:37,SKU-00368,5,D-07-03-01,OP-105,PUT_AWAY,NORMAL
PA-002721,2026-09-01 16:58:45,SKU-01036,8,E-08-02-02,OP-104,PUT_AWAY,NORMAL
PA-003526,2026-09-01 16:58:55,SKU-00968,2,B-10-05-01,OP-106,PUT_AWAY,NORMAL
PA-002984,2026-09-01 16:59:19,SKU-01723,10,D-03-02-01,OP-105,PUT_AWAY,NORMAL
PA-003340,2026-09-01 16:59:49,SKU-00410,7,F-05-02-01,OP-105,PUT_AWAY,NORMAL
PA-004926,2026-09-01 17:00:27,SKU-00058,4,E-02-05-02,OP-108,PUT_AWAY,NORMAL
PA-002457,2026-09-01 17:01:24,SKU-00749,7,B-09-05-01,OP-101,PUT_AWAY,NORMAL
PA-003354,2026-09-01 17:01:40,SKU-01732,1,A-04-01-02,OP-101,PUT_AWAY,NORMAL
PA-004419,2026-09-01 17:01:55,SKU-00373,3,A-02-03-02,OP-104,PUT_AWAY,NORMAL
PA-004126,2026-09-01 17:02:08,SKU-01071,7,A-03-05-02,OP-106,PUT_AWAY,NORMAL
PA-002987,2026-09-01 17:02:30,SKU-01009,10,D-04-02-01,OP-106,PUT_AWAY,NORMAL
PA-001271,2026-09-01 17:02:33,SKU-01390,7,C-06-04-02,OP-105,PUT_AWAY,NORMAL
PA-005948,2026-09-01 17:02:33,SKU-01848,4,A-08-02-01,OP-103,PUT_AWAY,NORMAL
PA-002182,2026-09-01 17:02:44,SKU-00502,2,D-08-04-02,OP-108,PUT_AWAY,NORMAL
PA-006128,2026-09-01 17:02:47,SKU-01539,3,F-03-03-02,OP-107,PUT_AWAY,NORMAL
PA-001159,2026-09-01 17:02:48,SKU-01219,1,E-08-05-02,OP-106,PUT_AWAY,NORMAL
PA-002020,2026-09-01 17:03:10,SKU-01153,2,E-08-04-02,OP-104,PUT_AWAY,NORMAL
PA-006330,2026-09-01 17:03:35,SKU-01179,3,F-07-05-02,OP-105,PUT_AWAY,NORMAL
PA-005774,2026-09-01 17:03:51,SKU-01725,2,C-02-02-02,OP-108,PUT_AWAY,NORMAL
PA-006631,2026-09-01 17:03:51,SKU-01522,1,F-04-02-02,OP-105,PUT_AWAY,NORMAL
PA-000785,2026-09-01 17:04:10,SKU-01977,3,E-09-05-02,OP-107,PUT_AWAY,NORMAL
PA-007191,2026-09-01 17:04:12,SKU-00822,4,F-04-01-01,OP-102,PUT_AWAY,NORMAL
PA-000520,2026-09-01 17:04:19,SKU-01332,9,F-03-01-01,OP-107,PUT_AWAY,NORMAL
PA-008345,2026-09-01 17:04:44,SKU-00110,1,B-10-03-01,OP-105,PUT_AWAY,NORMAL
PA-004933,2026-09-01 17:05:04,SKU-01622,10,E-06-01-01,OP-105,PUT_AWAY,NORMAL
PA-004022,2026-09-01 17:05:16,SKU-00097,4,A-02-01-01,OP-103,PUT_AWAY,NORMAL
PA-005096,2026-09-01 17:05:34,SKU-01966,3,E-08-02-02,OP-105,PUT_AWAY,NORMAL
PA-006464,2026-09-01 17:06:16,SKU-01209,7,F-06-02-01,OP-107,PUT_AWAY,NORMAL
PA-002701,2026-09-01 17:06:17,SKU-01534,8,E-07-01-01,OP-102,PUT_AWAY,NORMAL
PA-006318,2026-09-01 17:06:24,SKU-00399,5,D-08-03-01,OP-108,PUT_AWAY,NORMAL
PA-007959,2026-09-01 17:06:28,SKU-01526,8,B-04-02-01,OP-108,PUT_AWAY,NORMAL
PA-008046,2026-09-01 17:06:42,SKU-00403,7,B-10-04-01,OP-101,PUT_AWAY,NORMAL
PA-003511,2026-09-01 17:06:54,SKU-01208,3,E-02-03-01,OP-105,PUT_AWAY,NORMAL
PA-000863,2026-09-01 17:07:05,SKU-00829,3,B-06-03-01,OP-107,PUT_AWAY,NORMAL
PA-007445,2026-09-01 17:07:10,SKU-00425,2,B-04-02-01,OP-106,PUT_AWAY,NORMAL
PA-000722,2026-09-01 17:07:12,SKU-00237,6,C-05-02-02,OP-105,PUT_AWAY,NORMAL
PA-004372,2026-09-01 17:07:50,SKU-01568,9,A-02-01-01,OP-105,PUT_AWAY,NORMAL
PA-004077,2026-09-01 17:08:11,SKU-00230,5,E-10-05-01,OP-101,PUT_AWAY,NORMAL
PA-007981,2026-09-01 17:08:39,SKU-01650,8,A-08-03-02,OP-103,PUT_AWAY,NORMAL
PA-000746,2026-09-01 17:09:04,SKU-01696,8,A-01-03-01,OP-106,PUT_AWAY,NORMAL
PA-005488,2026-09-01 17:09:06,SKU-01979,8,E-04-04-01,OP-105,PUT_AWAY,NORMAL
PA-006889,2026-09-01 17:09:08,SKU-01092,9,C-06-03-02,OP-105,PUT_AWAY,NORMAL
PA-001288,2026-09-01 17:09:35,SKU-01068,2,F-02-04-01,OP-106,PUT_AWAY,NORMAL
PA-003793,2026-09-01 17:09:53,SKU-00635,2,A-04-02-02,OP-104,PUT_AWAY,NORMAL
PA-001263,2026-09-01 17:09:54,SKU-00419,7,E-10-03-02,OP-106,PUT_AWAY,NORMAL
PA-003027,2026-09-01 17:10:19,SKU-01293,7,C-09-04-01,OP-105,PUT_AWAY,NORMAL
PA-007190,2026-09-01 17:10:38,SKU-00859,6,F-04-02-01,OP-108,PUT_AWAY,NORMAL
PA-003632,2026-09-01 17:10:41,SKU-01011,5,F-06-02-01,OP-105,PUT_AWAY,NORMAL
PA-000542,2026-09-01 17:11:25,SKU-00760,2,C-02-04-02,OP-106,PUT_AWAY,NORMAL
PA-007548,2026-09-01 17:11:31,SKU-01506,10,E-01-04-02,OP-104,PUT_AWAY,NORMAL
PA-008342,2026-09-01 17:12:07,SKU-00166,1,C-01-01-02,OP-102,PUT_AWAY,NORMAL
PA-004363,2026-09-01 17:12:19,SKU-00821,4,E-09-05-02,OP-107,PUT_AWAY,NORMAL
PA-004352,2026-09-01 17:12:25,SKU-00268,3,E-09-05-01,OP-105,PUT_AWAY,NORMAL
PA-001540,2026-09-01 17:12:31,SKU-01183,2,A-04-05-01,OP-103,PUT_AWAY,NORMAL
PA-003744,2026-09-01 17:12:40,SKU-01181,6,E-09-05-01,OP-106,PUT_AWAY,NORMAL
PA-007744,2026-09-01 17:12:55,SKU-00699,5,A-08-02-01,OP-103,PUT_AWAY,NORMAL
PA-007975,2026-09-01 17:13:00,SKU-01912,6,E-05-04-02,OP-106,PUT_AWAY,NORMAL
PA-002294,2026-09-01 17:13:33,SKU-01416,8,D-02-03-02,OP-105,PUT_AWAY,NORMAL
PA-004333,2026-09-01 17:13:33,SKU-01997,4,A-09-02-01,OP-107,PUT_AWAY,NORMAL
PA-005839,2026-09-01 17:13:58,SKU-01924,4,A-04-02-01,OP-106,PUT_AWAY,NORMAL
PA-000309,2026-09-01 17:14:45,SKU-00645,3,B-08-05-01,OP-103,PUT_AWAY,NORMAL
PA-004445,2026-09-01 17:15:50,SKU-00929,10,F-08-05-02,OP-107,PUT_AWAY,NORMAL
PA-005747,2026-09-01 17:16:03,SKU-00082,8,C-03-05-01,OP-104,PUT_AWAY,NORMAL
PA-003629,2026-09-01 17:16:10,SKU-01768,7,A-02-04-02,OP-101,PUT_AWAY,NORMAL
PA-005033,2026-09-01 17:16:11,SKU-01932,8,E-10-05-01,OP-102,PUT_AWAY,NORMAL
PA-001615,2026-09-01 17:16:35,SKU-01021,2,E-02-04-02,OP-103,PUT_AWAY,NORMAL
PA-006974,2026-09-01 17:16:36,SKU-01388,6,A-07-05-02,OP-108,PUT_AWAY,NORMAL
PA-000940,2026-09-01 17:17:08,SKU-01881,9,C-01-05-02,OP-102,PUT_AWAY,NORMAL
PA-003056,2026-09-01 17:17:26,SKU-00811,9,F-07-03-02,OP-103,PUT_AWAY,NORMAL
PA-006890,2026-09-01 17:17:28,SKU-01209,7,F-06-02-01,OP-101,PUT_AWAY,NORMAL
PA-006434,2026-09-01 17:18:05,SKU-01838,8,D-02-01-01,OP-106,PUT_AWAY,NORMAL
PA-008628,2026-09-01 17:18:29,SKU-01946,4,E-05-04-02,OP-107,PUT_AWAY,NORMAL
PA-003620,2026-09-01 17:19:15,SKU-01772,8,A-06-04-02,OP-107,PUT_AWAY,NORMAL
PA-002935,2026-09-01 17:19:36,SKU-00974,6,E-06-04-01,OP-101,PUT_AWAY,NORMAL
PA-004438,2026-09-01 17:19:37,SKU-01661,1,A-10-01-02,OP-108,PUT_AWAY,NORMAL
PA-003562,2026-09-01 17:19:46,SKU-01861,6,C-03-03-01,OP-101,PUT_AWAY,NORMAL
PA-004920,2026-09-01 17:21:02,SKU-01802,3,B-07-01-01,OP-104,PUT_AWAY,NORMAL
PA-000249,2026-09-01 17:21:08,SKU-01873,10,A-08-03-02,OP-103,PUT_AWAY,NORMAL
PA-004771,2026-09-01 17:21:50,SKU-00750,7,F-02-05-02,OP-107,PUT_AWAY,NORMAL
PA-002053,2026-09-01 17:22:19,SKU-00628,1,E-10-04-01,OP-103,PUT_AWAY,NORMAL
PA-000828,2026-09-01 17:22:38,SKU-00780,10,E-10-04-01,OP-108,PUT_AWAY,NORMAL
PA-000367,2026-09-01 17:23:16,SKU-00374,4,A-01-03-01,OP-107,PUT_AWAY,NORMAL
PA-005857,2026-09-01 17:23:42,SKU-01695,7,C-09-05-01,OP-108,PUT_AWAY,NORMAL
PA-003603,2026-09-01 17:23:56,SKU-01827,5,D-05-01-02,OP-104,PUT_AWAY,NORMAL
PA-002104,2026-09-01 17:24:07,SKU-01457,8,C-03-04-02,OP-105,PUT_AWAY,NORMAL
PA-006376,2026-09-01 17:24:09,SKU-00879,1,F-08-02-01,OP-102,PUT_AWAY,NORMAL
PA-006257,2026-09-01 17:24:35,SKU-00539,10,A-10-04-02,OP-101,PUT_AWAY,NORMAL
PA-005344,2026-09-01 17:24:46,SKU-01899,2,E-02-04-01,OP-104,PUT_AWAY,NORMAL
PA-006433,2026-09-01 17:24:54,SKU-01984,3,F-04-01-02,OP-106,PUT_AWAY,NORMAL
PA-003740,2026-09-01 17:25:24,SKU-01463,6,F-01-01-01,OP-104,PUT_AWAY,NORMAL
PA-001533,2026-09-01 17:25:44,SKU-00491,4,B-06-05-02,OP-101,PUT_AWAY,NORMAL
PA-007798,2026-09-01 17:25:45,SKU-01898,8,E-02-05-02,OP-108,PUT_AWAY,NORMAL
PA-000264,2026-09-01 17:25:48,SKU-00742,3,F-05-02-02,OP-107,PUT_AWAY,NORMAL
PA-002999,2026-09-01 17:26:05,SKU-00567,2,C-02-01-02,OP-102,PUT_AWAY,NORMAL
PA-001318,2026-09-01 17:27:39,SKU-00889,9,C-06-03-02,OP-102,PUT_AWAY,NORMAL
PA-007620,2026-09-01 17:27:41,SKU-01236,8,C-08-02-02,OP-108,PUT_AWAY,NORMAL
PA-002021,2026-09-01 17:27:42,SKU-01218,2,A-05-05-01,OP-108,PUT_AWAY,NORMAL
PA-004127,2026-09-01 17:27:54,SKU-00346,10,A-02-01-01,OP-106,PUT_AWAY,NORMAL
PA-000462,2026-09-01 17:28:03,SKU-00703,7,C-06-01-02,OP-103,PUT_AWAY,NORMAL
PA-006187,2026-09-01 17:28:09,SKU-00399,5,D-08-03-01,OP-106,PUT_AWAY,NORMAL
PA-002879,2026-09-01 17:28:26,SKU-00713,3,F-07-05-01,OP-101,PUT_AWAY,NORMAL
PA-005062,2026-09-01 17:28:31,SKU-00167,8,F-04-04-01,OP-103,PUT_AWAY,NORMAL
PA-008914,2026-09-01 17:28:33,SKU-01298,8,A-07-05-02,OP-106,PUT_AWAY,NORMAL
PA-003687,2026-09-01 17:28:37,SKU-01987,10,A-03-02-01,OP-106,PUT_AWAY,NORMAL
PA-001673,2026-09-01 17:28:54,SKU-00102,4,C-01-04-02,OP-103,PUT_AWAY,NORMAL
PA-004642,2026-09-01 17:29:01,SKU-01920,6,F-06-05-02,OP-104,PUT_AWAY,NORMAL
PA-003952,2026-09-01 17:29:09,SKU-01841,1,A-02-01-01,OP-104,PUT_AWAY,NORMAL
PA-006283,2026-09-01 17:29:56,SKU-00790,10,A-08-03-01,OP-104,PUT_AWAY,NORMAL
PA-008365,2026-09-01 17:30:44,SKU-01602,1,D-09-01-02,OP-103,PUT_AWAY,NORMAL
PA-000473,2026-09-01 17:31:03,SKU-01954,2,D-09-01-01,OP-101,PUT_AWAY,NORMAL
PA-007794,2026-09-01 17:31:19,SKU-01205,5,C-04-02-01,OP-106,PUT_AWAY,NORMAL
PA-000787,2026-09-01 17:31:32,SKU-00932,9,B-06-05-01,OP-108,PUT_AWAY,NORMAL
PA-002779,2026-09-01 17:31:36,SKU-00276,1,B-01-04-02,OP-102,PUT_AWAY,NORMAL
PA-002064,2026-09-01 17:32:55,SKU-00333,1,C-10-02-02,OP-104,PUT_AWAY,NORMAL
PA-000518,2026-09-01 17:33:35,SKU-01594,2,A-05-04-02,OP-103,PUT_AWAY,NORMAL
PA-001196,2026-09-01 17:33:36,SKU-00606,2,E-06-05-02,OP-101,PUT_AWAY,NORMAL
PA-001441,2026-09-01 17:33:50,SKU-01959,10,F-04-03-02,OP-104,PUT_AWAY,NORMAL
PA-000706,2026-09-01 17:34:20,SKU-01369,8,C-01-03-02,OP-102,PUT_AWAY,NORMAL
PA-008367,2026-09-01 17:34:21,SKU-01909,4,A-02-02-02,OP-107,PUT_AWAY,NORMAL
PA-006011,2026-09-01 17:34:58,SKU-00733,7,A-10-02-02,OP-102,PUT_AWAY,NORMAL
PA-002609,2026-09-01 17:35:12,SKU-00536,10,A-04-04-02,OP-104,PUT_AWAY,NORMAL
PA-006198,2026-09-01 17:35:36,SKU-00782,1,D-09-01-02,OP-102,PUT_AWAY,NORMAL
PA-001821,2026-09-01 17:35:37,SKU-01950,2,C-06-02-01,OP-107,PUT_AWAY,NORMAL
PA-004648,2026-09-01 17:35:47,SKU-01828,5,C-02-04-01,OP-108,PUT_AWAY,NORMAL
PA-000284,2026-09-01 17:35:50,SKU-01891,4,D-08-05-01,OP-108,PUT_AWAY,NORMAL
PA-002380,2026-09-01 17:36:01,SKU-01273,7,E-10-04-01,OP-108,PUT_AWAY,NORMAL
PA-003980,2026-09-01 17:36:08,SKU-01003,7,D-01-03-02,OP-103,PUT_AWAY,NORMAL
PA-007392,2026-09-01 17:36:10,SKU-01115,9,A-06-02-01,OP-104,PUT_AWAY,NORMAL
PA-007046,2026-09-01 17:36:10,SKU-00379,1,E-05-02-01,OP-104,PUT_AWAY,NORMAL
PA-003475,2026-09-01 17:36:44,SKU-00523,10,E-05-04-02,OP-102,PUT_AWAY,NORMAL
PA-006185,2026-09-01 17:36:46,SKU-00073,9,E-06-03-02,OP-108,PUT_AWAY,NORMAL
PA-002900,2026-09-01 17:36:47,SKU-00390,4,F-03-04-01,OP-104,PUT_AWAY,NORMAL
PA-003516,2026-09-01 17:37:29,SKU-01218,10,A-05-05-01,OP-101,PUT_AWAY,NORMAL
PA-007093,2026-09-01 17:37:33,SKU-01108,7,A-01-03-01,OP-105,PUT_AWAY,NORMAL
PA-005375,2026-09-01 17:37:39,SKU-00252,3,C-02-05-01,OP-101,PUT_AWAY,NORMAL
PA-004959,2026-09-01 17:37:55,SKU-00461,3,A-08-01-01,OP-105,PUT_AWAY,NORMAL
PA-002185,2026-09-01 17:38:12,SKU-00338,6,C-02-04-01,OP-104,PUT_AWAY,NORMAL
PA-008679,2026-09-01 17:38:39,SKU-01086,8,E-06-04-02,OP-106,PUT_AWAY,NORMAL
PA-007875,2026-09-01 17:38:42,SKU-01057,10,D-01-01-02,OP-103,PUT_AWAY,NORMAL
PA-008335,2026-09-01 17:39:11,SKU-00636,10,F-08-03-02,OP-105,PUT_AWAY,NORMAL
PA-005771,2026-09-01 17:39:12,SKU-01984,5,F-04-01-02,OP-103,PUT_AWAY,NORMAL
PA-003718,2026-09-01 17:39:20,SKU-00302,10,F-10-05-01,OP-102,PUT_AWAY,NORMAL
PA-006820,2026-09-01 17:39:33,SKU-00595,2,D-03-05-01,OP-104,PUT_AWAY,NORMAL
PA-006670,2026-09-01 17:39:46,SKU-01055,8,D-07-01-01,OP-107,PUT_AWAY,NORMAL
PA-007713,2026-09-01 17:39:49,SKU-01330,3,B-07-03-01,OP-103,PUT_AWAY,NORMAL
PA-006651,2026-09-01 17:40:25,SKU-00017,6,C-01-04-02,OP-105,PUT_AWAY,NORMAL
PA-001396,2026-09-01 17:40:32,SKU-01335,9,D-02-01-01,OP-104,PUT_AWAY,NORMAL
PA-008932,2026-09-01 17:40:39,SKU-01245,10,E-09-04-02,OP-107,PUT_AWAY,NORMAL
PA-006652,2026-09-01 17:40:39,SKU-01446,4,C-06-02-02,OP-104,PUT_AWAY,NORMAL
PA-001162,2026-09-01 17:40:46,SKU-01692,2,B-03-02-02,OP-105,PUT_AWAY,NORMAL
PA-000575,2026-09-01 17:41:38,SKU-01427,4,E-01-04-02,OP-106,PUT_AWAY,NORMAL
PA-002528,2026-09-01 17:42:01,SKU-00085,6,F-02-01-02,OP-101,PUT_AWAY,NORMAL
PA-002151,2026-09-01 17:42:10,SKU-01852,2,A-07-04-01,OP-108,PUT_AWAY,NORMAL
PA-000187,2026-09-01 17:42:54,SKU-00634,6,A-04-02-02,OP-103,PUT_AWAY,NORMAL
PA-002424,2026-09-01 17:43:03,SKU-00378,5,D-08-03-01,OP-108,PUT_AWAY,NORMAL
PA-000849,2026-09-01 17:44:34,SKU-00773,2,F-02-04-01,OP-101,PUT_AWAY,NORMAL
PA-003035,2026-09-01 17:44:42,SKU-00695,9,C-07-02-01,OP-106,PUT_AWAY,NORMAL
PA-000276,2026-09-01 17:45:04,SKU-00680,8,B-06-01-01,OP-106,PUT_AWAY,NORMAL
PA-002744,2026-09-01 17:45:06,SKU-00605,9,A-10-04-02,OP-101,PUT_AWAY,NORMAL
PA-001801,2026-09-01 17:45:30,SKU-01750,2,B-02-02-01,OP-108,PUT_AWAY,NORMAL
PA-008013,2026-09-01 17:46:45,SKU-00925,7,E-06-03-02,OP-105,PUT_AWAY,NORMAL
PA-000495,2026-09-01 17:47:17,SKU-01543,7,C-01-03-01,OP-106,PUT_AWAY,NORMAL
PA-008441,2026-09-01 17:47:40,SKU-00701,4,E-06-02-01,OP-101,PUT_AWAY,NORMAL
PA-003129,2026-09-01 17:47:46,SKU-01138,7,A-02-03-01,OP-101,PUT_AWAY,NORMAL
PA-001084,2026-09-01 17:47:46,SKU-00356,2,E-03-03-02,OP-103,PUT_AWAY,NORMAL
PA-000028,2026-09-01 17:48:11,SKU-01534,9,E-07-01-01,OP-102,PUT_AWAY,NORMAL
PA-003589,2026-09-01 17:48:57,SKU-01447,2,B-03-01-01,OP-107,PUT_AWAY,NORMAL
PA-008343,2026-09-01 17:49:03,SKU-00431,1,B-05-04-02,OP-102,PUT_AWAY,NORMAL
PA-001395,2026-09-01 17:49:03,SKU-00982,3,B-03-04-02,OP-106,PUT_AWAY,NORMAL
PA-007298,2026-09-01 17:49:07,SKU-01255,7,C-09-02-02,OP-105,PUT_AWAY,NORMAL
PA-000465,2026-09-01 17:49:25,SKU-01342,1,A-01-04-02,OP-108,PUT_AWAY,NORMAL
PA-000844,2026-09-01 17:49:38,SKU-00158,7,D-01-03-02,OP-105,PUT_AWAY,NORMAL
PA-003204,2026-09-01 17:50:20,SKU-01171,10,C-07-05-01,OP-107,PUT_AWAY,NORMAL
PA-006712,2026-09-01 17:50:36,SKU-00587,3,A-04-04-01,OP-101,PUT_AWAY,NORMAL
PA-008302,2026-09-01 17:50:42,SKU-01419,1,C-02-04-01,OP-103,PUT_AWAY,NORMAL
PA-001064,2026-09-01 17:51:02,SKU-00574,1,D-02-01-02,OP-105,PUT_AWAY,NORMAL
PA-003942,2026-09-01 17:51:32,SKU-01631,10,C-10-03-01,OP-101,PUT_AWAY,NORMAL
PA-000444,2026-09-01 17:51:38,SKU-00185,4,B-06-01-02,OP-102,PUT_AWAY,NORMAL
PA-000922,2026-09-01 17:51:43,SKU-00159,10,F-09-04-02,OP-103,PUT_AWAY,NORMAL
PA-006084,2026-09-01 17:51:49,SKU-00942,2,B-05-05-01,OP-105,PUT_AWAY,NORMAL
PA-007545,2026-09-01 17:51:52,SKU-01465,9,C-02-01-02,OP-106,PUT_AWAY,NORMAL
PA-004145,2026-09-01 17:52:11,SKU-00139,7,E-05-04-02,OP-104,PUT_AWAY,NORMAL
PA-003552,2026-09-01 17:52:50,SKU-01846,1,F-02-04-02,OP-104,PUT_AWAY,NORMAL
PA-003506,2026-09-01 17:52:57,SKU-01735,6,D-05-05-02,OP-102,PUT_AWAY,NORMAL
PA-007551,2026-09-01 17:53:00,SKU-01440,3,B-02-03-01,OP-101,PUT_AWAY,NORMAL
PA-003752,2026-09-01 17:53:04,SKU-00095,10,A-08-05-02,OP-107,PUT_AWAY,NORMAL
PA-007578,2026-09-01 17:53:22,SKU-01743,2,A-01-03-01,OP-102,PUT_AWAY,NORMAL
PA-007920,2026-09-01 17:53:41,SKU-01744,1,A-04-05-01,OP-102,PUT_AWAY,NORMAL
PA-004080,2026-09-01 17:53:45,SKU-01557,6,C-01-04-01,OP-104,PUT_AWAY,NORMAL
PA-001273,2026-09-01 17:53:52,SKU-00635,1,A-04-02-02,OP-105,PUT_AWAY,NORMAL
PA-002923,2026-09-01 17:53:56,SKU-01852,3,A-07-04-01,OP-105,PUT_AWAY,NORMAL
PA-006928,2026-09-01 17:54:13,SKU-00139,4,E-05-04-02,OP-103,PUT_AWAY,NORMAL
PA-000184,2026-09-01 17:54:31,SKU-01540,7,C-08-01-01,OP-102,PUT_AWAY,NORMAL
PA-006854,2026-09-01 17:54:44,SKU-01837,2,F-01-05-01,OP-107,PUT_AWAY,NORMAL
PA-003214,2026-09-01 17:55:19,SKU-01877,2,A-06-05-02,OP-102,PUT_AWAY,NORMAL
PA-000151,2026-09-01 17:56:38,SKU-01929,9,F-08-04-02,OP-103,PUT_AWAY,NORMAL
PA-007354,2026-09-01 17:57:29,SKU-01891,1,D-08-05-01,OP-108,PUT_AWAY,NORMAL
PA-001781,2026-09-01 17:57:43,SKU-01367,2,B-01-02-02,OP-102,PUT_AWAY,NORMAL
PA-003686,2026-09-01 17:58:11,SKU-01531,1,B-02-05-02,OP-105,PUT_AWAY,NORMAL
PA-004862,2026-09-01 17:58:53,SKU-00104,6,C-07-04-01,OP-108,PUT_AWAY,NORMAL
PA-005067,2026-09-01 17:59:10,SKU-01881,6,C-01-05-02,OP-103,PUT_AWAY,NORMAL
PA-002279,2026-09-01 17:59:15,SKU-00390,1,F-03-04-01,OP-104,PUT_AWAY,NORMAL
PA-007697,2026-09-01 17:59:16,SKU-00526,10,E-01-04-02,OP-107,PUT_AWAY,NORMAL
PA-004802,2026-09-01 17:59:43,SKU-00101,9,B-02-03-02,OP-103,PUT_AWAY,NORMAL
PA-006253,2026-09-01 17:59:58,SKU-01020,10,D-09-02-01,OP-107,PUT_AWAY,NORMAL
PA-001889,2026-09-01 18:00:05,SKU-01565,1,F-05-01-02,OP-104,PUT_AWAY,NORMAL
PA-001310,2026-09-01 18:01:51,SKU-01106,5,D-09-02-01,OP-106,PUT_AWAY,NORMAL
PA-002163,2026-09-01 18:02:25,SKU-01373,10,E-01-03-02,OP-107,PUT_AWAY,NORMAL
PA-006615,2026-09-01 18:02:42,SKU-00418,3,D-07-02-02,OP-106,PUT_AWAY,NORMAL
PA-007161,2026-09-01 18:02:44,SKU-00730,10,F-10-05-01,OP-102,PUT_AWAY,NORMAL
PA-003882,2026-09-01 18:03:06,SKU-01531,6,B-02-05-02,OP-105,PUT_AWAY,NORMAL
PA-002205,2026-09-01 18:03:24,SKU-01404,6,E-08-04-02,OP-105,PUT_AWAY,NORMAL
PA-004513,2026-09-01 18:03:27,SKU-01096,2,B-05-01-02,OP-102,PUT_AWAY,NORMAL
PA-008071,2026-09-01 18:03:33,SKU-00724,8,B-07-01-01,OP-101,PUT_AWAY,NORMAL
PA-007110,2026-09-01 18:03:57,SKU-01311,9,F-01-05-02,OP-108,PUT_AWAY,NORMAL
PA-004404,2026-09-01 18:04:09,SKU-01153,8,E-08-04-02,OP-107,PUT_AWAY,NORMAL
PA-003735,2026-09-01 18:04:50,SKU-01656,3,A-05-03-02,OP-102,PUT_AWAY,NORMAL
PA-004674,2026-09-01 18:05:28,SKU-01115,1,A-06-02-01,OP-102,PUT_AWAY,NORMAL
PA-008552,2026-09-01 18:05:29,SKU-00322,8,A-08-01-02,OP-106,PUT_AWAY,NORMAL
PA-000071,2026-09-01 18:05:46,SKU-00064,5,C-01-03-01,OP-103,PUT_AWAY,NORMAL
PA-006288,2026-09-01 18:05:58,SKU-01238,7,A-10-04-01,OP-103,PUT_AWAY,NORMAL
PA-008987,2026-09-01 18:06:07,SKU-00157,10,E-07-05-02,OP-106,PUT_AWAY,NORMAL
PA-000029,2026-09-01 18:06:07,SKU-01478,4,A-03-01-02,OP-108,PUT_AWAY,NORMAL
PA-003156,2026-09-01 18:06:14,SKU-00447,10,E-07-04-02,OP-101,PUT_AWAY,NORMAL
PA-008033,2026-09-01 18:07:14,SKU-01426,8,F-04-01-02,OP-107,PUT_AWAY,NORMAL
PA-000273,2026-09-01 18:07:16,SKU-01472,10,E-02-05-02,OP-108,PUT_AWAY,NORMAL
PA-003570,2026-09-01 18:07:18,SKU-01410,9,A-09-04-01,OP-108,PUT_AWAY,NORMAL
PA-006869,2026-09-01 18:07:30,SKU-01896,9,E-03-01-02,OP-103,PUT_AWAY,NORMAL
PA-008817,2026-09-01 18:07:56,SKU-00980,1,B-03-01-01,OP-107,PUT_AWAY,NORMAL
PA-001228,2026-09-01 18:09:10,SKU-01960,9,D-01-05-01,OP-108,PUT_AWAY,NORMAL
PA-007753,2026-09-01 18:09:17,SKU-00511,2,B-09-02-01,OP-104,PUT_AWAY,NORMAL
PA-002630,2026-09-01 18:10:50,SKU-01361,8,E-09-02-02,OP-104,PUT_AWAY,NORMAL
PA-007528,2026-09-01 18:11:09,SKU-00273,10,F-06-01-01,OP-106,PUT_AWAY,NORMAL
PA-000708,2026-09-01 18:11:14,SKU-00873,5,A-07-04-02,OP-107,PUT_AWAY,NORMAL
PA-004435,2026-09-01 18:12:27,SKU-00310,7,F-02-05-01,OP-104,PUT_AWAY,NORMAL
PA-005711,2026-09-01 18:12:30,SKU-01002,5,E-05-02-01,OP-108,PUT_AWAY,NORMAL
PA-007460,2026-09-01 18:12:53,SKU-01873,6,A-08-03-02,OP-107,PUT_AWAY,NORMAL
PA-002343,2026-09-01 18:13:03,SKU-01519,3,D-08-01-01,OP-102,PUT_AWAY,NORMAL
PA-006505,2026-09-01 18:13:15,SKU-01486,7,F-04-04-02,OP-108,PUT_AWAY,NORMAL
PA-004200,2026-09-01 18:13:27,SKU-01437,10,B-04-04-01,OP-106,PUT_AWAY,NORMAL
PA-006747,2026-09-01 18:13:30,SKU-01494,3,B-07-03-01,OP-102,PUT_AWAY,NORMAL
PA-001205,2026-09-01 18:13:40,SKU-01845,4,A-08-02-01,OP-101,PUT_AWAY,NORMAL
PA-008205,2026-09-01 18:14:23,SKU-00739,9,A-07-02-01,OP-101,PUT_AWAY,NORMAL
PA-003033,2026-09-01 18:14:24,SKU-00271,1,F-08-03-02,OP-101,PUT_AWAY,NORMAL
PA-000060,2026-09-01 18:14:26,SKU-00210,1,C-08-01-02,OP-104,PUT_AWAY,NORMAL
PA-008855,2026-09-01 18:14:31,SKU-01109,10,A-09-02-01,OP-104,PUT_AWAY,NORMAL
PA-002580,2026-09-01 18:14:32,SKU-00332,8,B-05-02-02,OP-103,PUT_AWAY,NORMAL
PA-005464,2026-09-01 18:14:42,SKU-01999,10,E-03-05-02,OP-108,PUT_AWAY,NORMAL
PA-003422,2026-09-01 18:14:45,SKU-01132,2,C-08-04-02,OP-103,PUT_AWAY,NORMAL
PA-002562,2026-09-01 18:15:05,SKU-01900,2,A-04-02-02,OP-103,PUT_AWAY,NORMAL
PA-006633,2026-09-01 18:15:18,SKU-00303,2,A-04-02-01,OP-107,PUT_AWAY,NORMAL
PA-008341,2026-09-01 18:15:47,SKU-01806,7,A-06-03-01,OP-106,PUT_AWAY,NORMAL
PA-004786,2026-09-01 18:16:11,SKU-00979,4,B-04-03-01,OP-102,PUT_AWAY,NORMAL
PA-000585,2026-09-01 18:16:22,SKU-01347,6,E-03-01-02,OP-101,PUT_AWAY,NORMAL
PA-007290,2026-09-01 18:16:25,SKU-01106,9,D-09-02-01,OP-101,PUT_AWAY,NORMAL
PA-004383,2026-09-01 18:16:33,SKU-01577,10,C-08-05-02,OP-105,PUT_AWAY,NORMAL
PA-001791,2026-09-01 18:17:02,SKU-01393,10,C-10-05-01,OP-106,PUT_AWAY,NORMAL
PA-003815,2026-09-01 18:17:22,SKU-00749,9,B-09-05-01,OP-103,PUT_AWAY,NORMAL
PA-006825,2026-09-01 18:17:45,SKU-00991,3,D-09-05-02,OP-104,PUT_AWAY,NORMAL
PA-000295,2026-09-01 18:18:10,SKU-01900,6,A-04-02-02,OP-107,PUT_AWAY,NORMAL
PA-000802,2026-09-01 18:18:38,SKU-00993,6,B-02-05-01,OP-105,PUT_AWAY,NORMAL
PA-004747,2026-09-01 18:19:46,SKU-01046,4,A-03-05-02,OP-103,PUT_AWAY,NORMAL
PA-000112,2026-09-01 18:19:50,SKU-01255,1,C-09-02-02,OP-104,PUT_AWAY,NORMAL
PA-004281,2026-09-01 18:20:24,SKU-00036,10,B-08-02-02,OP-105,PUT_AWAY,NORMAL
PA-003823,2026-09-01 18:20:40,SKU-00841,3,D-03-02-01,OP-104,PUT_AWAY,NORMAL
PA-007825,2026-09-01 18:21:13,SKU-01794,10,E-05-05-02,OP-101,PUT_AWAY,NORMAL
PA-008652,2026-09-01 18:21:27,SKU-01896,9,E-03-01-02,OP-103,PUT_AWAY,NORMAL
PA-002301,2026-09-01 18:21:30,SKU-01454,2,D-06-01-01,OP-108,PUT_AWAY,NORMAL
PA-006703,2026-09-01 18:22:33,SKU-00906,9,E-05-03-02,OP-101,PUT_AWAY,NORMAL
PA-008333,2026-09-01 18:23:32,SKU-00183,2,B-04-03-02,OP-102,PUT_AWAY,NORMAL
PA-003217,2026-09-01 18:23:37,SKU-00843,5,B-08-02-01,OP-107,PUT_AWAY,NORMAL
PA-003828,2026-09-01 18:23:47,SKU-01483,8,A-10-01-01,OP-101,PUT_AWAY,NORMAL
PA-003166,2026-09-01 18:24:06,SKU-01809,6,C-08-01-02,OP-103,PUT_AWAY,NORMAL
PA-005445,2026-09-01 18:24:13,SKU-01565,3,F-05-01-02,OP-103,PUT_AWAY,NORMAL
PA-008784,2026-09-01 18:24:13,SKU-01904,8,F-09-03-02,OP-106,PUT_AWAY,NORMAL
PA-000792,2026-09-01 18:24:44,SKU-01884,1,A-07-01-02,OP-106,PUT_AWAY,NORMAL
PA-006913,2026-09-01 18:25:08,SKU-00836,1,E-06-01-01,OP-108,PUT_AWAY,NORMAL
PA-003221,2026-09-01 18:25:47,SKU-00702,9,C-01-02-02,OP-106,PUT_AWAY,NORMAL
PA-003151,2026-09-01 18:25:53,SKU-01360,2,A-09-02-02,OP-104,PUT_AWAY,NORMAL
PA-003400,2026-09-01 18:25:55,SKU-01345,7,E-10-05-02,OP-107,PUT_AWAY,NORMAL
PA-003076,2026-09-01 18:26:18,SKU-01844,10,B-05-05-02,OP-106,PUT_AWAY,NORMAL
PA-004586,2026-09-01 18:26:22,SKU-00240,2,C-02-04-01,OP-101,PUT_AWAY,NORMAL
PA-001617,2026-09-01 18:26:32,SKU-00366,9,C-02-04-01,OP-105,PUT_AWAY,NORMAL
PA-006955,2026-09-01 18:26:44,SKU-00958,5,C-05-03-01,OP-101,PUT_AWAY,NORMAL
PA-003165,2026-09-01 18:26:58,SKU-01540,3,C-08-01-01,OP-105,PUT_AWAY,NORMAL
PA-006659,2026-09-01 18:28:20,SKU-00993,2,B-02-05-01,OP-101,PUT_AWAY,NORMAL
PA-007036,2026-09-01 18:28:39,SKU-00113,9,E-03-01-02,OP-107,PUT_AWAY,NORMAL
PA-001542,2026-09-01 18:28:44,SKU-00433,6,B-05-01-02,OP-101,PUT_AWAY,NORMAL
PA-003991,2026-09-01 18:29:15,SKU-01382,8,B-07-02-01,OP-107,PUT_AWAY,NORMAL
PA-003951,2026-09-01 18:29:48,SKU-01868,7,A-07-01-02,OP-105,PUT_AWAY,NORMAL
PA-003724,2026-09-01 18:29:55,SKU-01477,8,A-07-05-01,OP-103,PUT_AWAY,NORMAL
PA-003367,2026-09-01 18:30:00,SKU-00242,3,F-10-04-02,OP-102,PUT_AWAY,NORMAL
PA-008251,2026-09-01 18:30:00,SKU-01651,1,F-02-05-01,OP-103,PUT_AWAY,NORMAL
PA-000368,2026-09-01 18:30:30,SKU-01781,3,C-01-01-01,OP-103,PUT_AWAY,NORMAL
PA-001212,2026-09-01 18:30:34,SKU-00563,5,E-01-02-01,OP-101,PUT_AWAY,NORMAL
PA-006930,2026-09-01 18:32:07,SKU-00937,10,F-09-03-01,OP-108,PUT_AWAY,NORMAL
PA-002991,2026-09-01 18:33:03,SKU-00126,10,B-05-05-01,OP-105,PUT_AWAY,NORMAL
PA-002577,2026-09-01 18:33:07,SKU-01181,9,E-09-05-01,OP-105,PUT_AWAY,NORMAL
PA-006149,2026-09-01 18:33:11,SKU-00564,3,E-01-05-02,OP-101,PUT_AWAY,NORMAL
PA-003346,2026-09-01 18:33:11,SKU-00154,7,F-07-03-01,OP-102,PUT_AWAY,NORMAL
PA-001098,2026-09-01 18:33:18,SKU-00529,7,C-04-01-02,OP-102,PUT_AWAY,NORMAL
PA-003873,2026-09-01 18:33:22,SKU-01269,5,A-07-05-02,OP-103,PUT_AWAY,NORMAL
PA-002073,2026-09-01 18:33:35,SKU-01352,4,E-10-02-02,OP-105,PUT_AWAY,NORMAL
PA-005371,2026-09-01 18:33:45,SKU-00900,2,E-06-01-01,OP-101,PUT_AWAY,NORMAL
PA-001971,2026-09-01 18:33:51,SKU-00877,3,B-10-03-01,OP-104,PUT_AWAY,NORMAL
PA-005872,2026-09-01 18:33:53,SKU-00869,5,B-03-02-01,OP-103,PUT_AWAY,NORMAL
PA-003816,2026-09-01 18:34:09,SKU-01520,3,D-03-05-01,OP-106,PUT_AWAY,NORMAL
PA-006850,2026-09-01 18:34:17,SKU-01433,1,D-10-03-02,OP-101,PUT_AWAY,NORMAL
PA-002953,2026-09-01 18:34:22,SKU-01973,3,D-09-02-01,OP-103,PUT_AWAY,NORMAL
PA-007282,2026-09-01 18:34:37,SKU-00793,8,B-06-05-02,OP-106,PUT_AWAY,NORMAL
PA-005224,2026-09-01 18:34:48,SKU-00786,7,A-08-01-01,OP-107,PUT_AWAY,NORMAL
PA-003001,2026-09-01 18:35:23,SKU-00383,2,B-03-03-01,OP-106,PUT_AWAY,NORMAL
PA-006678,2026-09-01 18:35:29,SKU-00101,4,B-02-03-02,OP-101,PUT_AWAY,NORMAL
PA-000105,2026-09-01 18:35:42,SKU-00797,1,D-03-02-01,OP-105,PUT_AWAY,NORMAL
PA-002916,2026-09-01 18:36:01,SKU-01187,4,E-01-05-02,OP-105,PUT_AWAY,NORMAL
PA-005647,2026-09-01 18:36:06,SKU-01916,7,B-03-02-02,OP-103,PUT_AWAY,NORMAL
PA-008787,2026-09-01 18:36:22,SKU-01389,7,B-06-01-01,OP-104,PUT_AWAY,NORMAL
PA-003303,2026-09-01 18:36:25,SKU-01871,9,C-03-01-02,OP-105,PUT_AWAY,NORMAL
PA-001997,2026-09-01 18:37:00,SKU-01790,1,F-04-04-02,OP-101,PUT_AWAY,NORMAL
PA-005746,2026-09-01 18:37:32,SKU-00345,2,C-05-03-02,OP-106,PUT_AWAY,NORMAL
PA-005148,2026-09-01 18:37:59,SKU-00740,9,D-02-03-01,OP-104,PUT_AWAY,NORMAL
PA-005796,2026-09-01 18:38:02,SKU-01789,3,B-01-04-02,OP-105,PUT_AWAY,NORMAL
PA-001166,2026-09-01 18:38:13,SKU-00242,4,F-10-04-02,OP-105,PUT_AWAY,NORMAL
PA-002914,2026-09-01 18:38:17,SKU-01909,5,A-02-02-02,OP-106,PUT_AWAY,NORMAL
PA-006344,2026-09-01 18:38:48,SKU-00536,9,A-04-04-02,OP-103,PUT_AWAY,NORMAL
PA-008519,2026-09-01 18:39:17,SKU-01899,5,E-02-04-01,OP-107,PUT_AWAY,NORMAL
PA-004632,2026-09-01 18:39:38,SKU-01212,1,E-09-03-02,OP-106,PUT_AWAY,NORMAL
PA-001727,2026-09-01 18:39:50,SKU-00333,4,C-10-02-02,OP-105,PUT_AWAY,NORMAL
PA-001063,2026-09-01 18:39:51,SKU-00842,8,D-01-02-02,OP-105,PUT_AWAY,NORMAL
PA-001008,2026-09-01 18:40:03,SKU-00904,10,F-06-02-01,OP-107,PUT_AWAY,NORMAL
PA-003191,2026-09-01 18:40:36,SKU-00635,8,A-04-02-02,OP-108,PUT_AWAY,NORMAL
PA-004860,2026-09-01 18:40:43,SKU-01206,8,B-04-01-02,OP-107,PUT_AWAY,NORMAL
PA-002768,2026-09-01 18:41:26,SKU-01242,2,B-05-02-01,OP-106,PUT_AWAY,NORMAL
PA-000463,2026-09-01 18:43:00,SKU-01629,9,F-03-02-01,OP-103,PUT_AWAY,NORMAL
PA-005703,2026-09-01 18:43:25,SKU-01568,3,A-02-01-01,OP-102,PUT_AWAY,NORMAL
PA-004790,2026-09-01 18:44:32,SKU-01260,9,A-06-01-02,OP-103,PUT_AWAY,NORMAL
PA-000996,2026-09-01 18:44:41,SKU-01704,1,E-08-05-02,OP-101,PUT_AWAY,NORMAL
PA-001719,2026-09-01 18:45:07,SKU-01494,4,B-07-03-01,OP-102,PUT_AWAY,NORMAL
PA-006067,2026-09-01 18:45:14,SKU-00360,2,D-07-04-02,OP-106,PUT_AWAY,NORMAL
PA-006638,2026-09-01 18:45:30,SKU-01377,10,A-08-02-01,OP-106,PUT_AWAY,NORMAL
PA-000319,2026-09-01 18:46:16,SKU-00499,8,F-08-01-01,OP-107,PUT_AWAY,NORMAL
PA-007255,2026-09-01 18:46:33,SKU-01275,7,F-07-03-02,OP-104,PUT_AWAY,NORMAL
PA-004756,2026-09-01 18:46:46,SKU-01378,8,F-06-05-02,OP-105,PUT_AWAY,NORMAL
PA-000723,2026-09-01 18:46:53,SKU-01033,6,A-10-05-02,OP-108,PUT_AWAY,NORMAL
PA-007040,2026-09-01 18:47:13,SKU-00411,9,C-07-02-01,OP-103,PUT_AWAY,NORMAL
PA-007156,2026-09-01 18:48:31,SKU-02000,8,E-07-03-01,OP-107,PUT_AWAY,NORMAL
PA-005418,2026-09-01 18:48:33,SKU-00408,8,C-08-01-02,OP-107,PUT_AWAY,NORMAL
PA-002716,2026-09-01 18:49:00,SKU-00426,1,F-05-04-01,OP-103,PUT_AWAY,NORMAL
PA-007143,2026-09-01 18:49:04,SKU-01233,2,F-10-01-02,OP-101,PUT_AWAY,NORMAL
PA-006300,2026-09-01 18:49:06,SKU-01714,4,F-04-02-01,OP-102,PUT_AWAY,NORMAL
PA-002959,2026-09-01 18:49:36,SKU-01701,7,D-05-05-01,OP-106,PUT_AWAY,NORMAL
PA-001392,2026-09-01 18:50:41,SKU-00305,7,E-05-05-01,OP-104,PUT_AWAY,NORMAL
PA-004506,2026-09-01 18:51:57,SKU-01414,2,D-04-04-02,OP-106,PUT_AWAY,NORMAL
PA-003000,2026-09-01 18:52:21,SKU-00719,3,E-06-02-01,OP-102,PUT_AWAY,NORMAL
PA-004914,2026-09-01 18:52:25,SKU-00805,8,E-07-03-01,OP-107,PUT_AWAY,NORMAL
PA-007504,2026-09-01 18:52:28,SKU-00560,2,A-01-05-01,OP-103,PUT_AWAY,NORMAL
PA-004036,2026-09-01 18:52:58,SKU-01081,4,A-10-04-01,OP-106,PUT_AWAY,NORMAL
PA-002404,2026-09-01 18:53:26,SKU-01105,3,F-04-05-02,OP-103,PUT_AWAY,NORMAL
PA-002172,2026-09-01 18:53:27,SKU-00410,8,F-05-02-01,OP-105,PUT_AWAY,NORMAL
PA-003052,2026-09-01 18:53:28,SKU-01232,7,F-05-05-01,OP-108,PUT_AWAY,NORMAL
PA-006110,2026-09-01 18:53:31,SKU-01618,5,A-06-05-01,OP-107,PUT_AWAY,NORMAL
PA-002662,2026-09-01 18:53:41,SKU-00226,6,F-05-02-02,OP-105,PUT_AWAY,NORMAL
PA-002482,2026-09-01 18:53:58,SKU-01943,3,D-09-05-01,OP-101,PUT_AWAY,NORMAL
PA-000797,2026-09-01 18:54:21,SKU-01784,3,F-02-05-02,OP-105,PUT_AWAY,NORMAL
PA-001904,2026-09-01 18:54:44,SKU-00335,8,F-07-03-01,OP-107,PUT_AWAY,NORMAL
PA-004636,2026-09-01 18:54:50,SKU-00866,10,A-03-01-01,OP-108,PUT_AWAY,NORMAL
PA-000457,2026-09-01 18:54:53,SKU-00866,10,A-03-01-01,OP-101,PUT_AWAY,NORMAL
PA-000639,2026-09-01 18:55:07,SKU-00915,7,E-01-02-02,OP-105,PUT_AWAY,NORMAL
PA-001307,2026-09-01 18:55:49,SKU-01714,1,F-04-02-01,OP-103,PUT_AWAY,NORMAL
PA-008075,2026-09-01 18:55:49,SKU-01880,1,E-09-01-01,OP-101,PUT_AWAY,NORMAL
PA-005560,2026-09-01 18:56:16,SKU-00310,9,F-02-05-01,OP-104,PUT_AWAY,NORMAL
PA-008332,2026-09-01 18:56:17,SKU-01371,5,B-09-03-02,OP-103,PUT_AWAY,NORMAL
PA-001921,2026-09-01 18:56:42,SKU-01328,9,C-05-03-02,OP-103,PUT_AWAY,NORMAL
PA-005611,2026-09-01 18:57:27,SKU-00540,9,D-01-02-02,OP-107,PUT_AWAY,NORMAL
PA-005466,2026-09-01 18:57:43,SKU-01724,7,F-07-01-01,OP-102,PUT_AWAY,NORMAL
PA-000075,2026-09-01 18:57:44,SKU-00656,1,C-08-05-02,OP-106,PUT_AWAY,NORMAL
PA-004119,2026-09-01 18:58:36,SKU-00772,2,D-08-01-01,OP-101,PUT_AWAY,NORMAL
PA-007245,2026-09-01 18:58:50,SKU-01949,9,E-02-04-01,OP-102,PUT_AWAY,NORMAL
PA-000056,2026-09-01 18:59:06,SKU-01181,5,E-09-05-01,OP-102,PUT_AWAY,NORMAL
PA-006634,2026-09-01 19:00:13,SKU-01130,7,A-05-05-01,OP-107,PUT_AWAY,NORMAL
PA-000257,2026-09-01 19:00:24,SKU-00806,3,E-03-01-02,OP-107,PUT_AWAY,NORMAL
PA-000206,2026-09-01 19:00:52,SKU-00220,5,D-04-05-02,OP-106,PUT_AWAY,NORMAL
PA-001208,2026-09-01 19:00:53,SKU-00153,9,D-08-03-02,OP-102,PUT_AWAY,NORMAL
PA-006195,2026-09-01 19:01:10,SKU-00240,9,C-02-04-01,OP-108,PUT_AWAY,NORMAL
PA-002033,2026-09-01 19:01:21,SKU-00306,8,D-03-04-01,OP-105,PUT_AWAY,NORMAL
PA-001210,2026-09-01 19:01:43,SKU-01182,3,E-05-02-02,OP-103,PUT_AWAY,NORMAL
PA-002241,2026-09-01 19:01:44,SKU-01883,1,F-09-04-02,OP-105,PUT_AWAY,NORMAL
PA-008983,2026-09-01 19:01:47,SKU-01934,10,A-09-03-02,OP-103,PUT_AWAY,NORMAL
PA-007857,2026-09-01 19:02:14,SKU-00772,8,D-08-01-01,OP-107,PUT_AWAY,NORMAL
PA-007601,2026-09-01 19:02:40,SKU-01549,6,D-09-03-02,OP-104,PUT_AWAY,NORMAL
PA-007767,2026-09-01 19:02:44,SKU-01724,7,F-07-01-01,OP-108,PUT_AWAY,NORMAL
PA-008909,2026-09-01 19:03:04,SKU-00128,8,F-03-05-02,OP-101,PUT_AWAY,NORMAL
PA-001534,2026-09-01 19:03:46,SKU-01222,4,D-04-04-01,OP-104,PUT_AWAY,NORMAL
PA-003039,2026-09-01 19:04:04,SKU-00051,5,C-03-02-01,OP-104,PUT_AWAY,NORMAL
PA-006447,2026-09-01 19:05:05,SKU-01638,4,D-05-03-02,OP-103,PUT_AWAY,NORMAL
PA-008905,2026-09-01 19:05:13,SKU-00957,7,D-04-01-02,OP-107,PUT_AWAY,NORMAL
PA-004161,2026-09-01 19:05:34,SKU-00855,4,E-04-05-02,OP-106,PUT_AWAY,NORMAL
PA-002992,2026-09-01 19:05:55,SKU-01975,1,E-04-01-01,OP-107,PUT_AWAY,NORMAL
PA-007919,2026-09-01 19:06:26,SKU-00325,8,B-01-05-01,OP-104,PUT_AWAY,NORMAL
PA-003867,2026-09-01 19:06:41,SKU-01359,10,D-03-02-01,OP-101,PUT_AWAY,NORMAL
PA-003717,2026-09-01 19:07:13,SKU-01473,9,A-02-02-01,OP-102,PUT_AWAY,NORMAL
PA-008140,2026-09-01 19:07:25,SKU-00439,4,F-10-02-01,OP-106,PUT_AWAY,NORMAL
PA-000769,2026-09-01 19:07:48,SKU-01524,8,E-05-01-01,OP-101,PUT_AWAY,NORMAL
PA-000659,2026-09-01 19:08:15,SKU-01165,10,F-07-02-02,OP-103,PUT_AWAY,NORMAL
PA-006178,2026-09-01 19:08:17,SKU-00929,1,F-08-05-02,OP-104,PUT_AWAY,NORMAL
PA-002386,2026-09-01 19:09:05,SKU-01657,6,A-01-05-01,OP-108,PUT_AWAY,NORMAL
PA-002026,2026-09-01 19:09:31,SKU-01837,1,F-01-05-01,OP-102,PUT_AWAY,NORMAL
PA-008924,2026-09-01 19:09:45,SKU-01028,2,B-01-04-02,OP-102,PUT_AWAY,NORMAL
PA-006316,2026-09-01 19:09:52,SKU-00534,4,B-09-05-01,OP-107,PUT_AWAY,NORMAL
PA-003143,2026-09-01 19:09:55,SKU-01048,2,C-02-04-02,OP-101,PUT_AWAY,NORMAL
PA-008596,2026-09-01 19:10:04,SKU-01819,5,F-07-01-01,OP-108,PUT_AWAY,NORMAL
PA-000972,2026-09-01 19:10:26,SKU-00363,6,A-06-04-02,OP-104,PUT_AWAY,NORMAL
PA-002561,2026-09-01 19:10:30,SKU-01274,4,D-08-01-02,OP-107,PUT_AWAY,NORMAL
PA-001149,2026-09-01 19:11:15,SKU-00231,2,E-01-03-01,OP-106,PUT_AWAY,NORMAL
PA-002899,2026-09-01 19:11:33,SKU-00649,8,F-10-04-01,OP-106,PUT_AWAY,NORMAL
PA-005547,2026-09-01 19:11:50,SKU-00605,10,A-10-04-02,OP-103,PUT_AWAY,NORMAL
PA-000633,2026-09-01 19:11:50,SKU-00541,1,E-05-02-01,OP-108,PUT_AWAY,NORMAL
PA-004866,2026-09-01 19:12:02,SKU-00012,4,A-03-01-01,OP-102,PUT_AWAY,NORMAL
PA-003195,2026-09-01 19:13:09,SKU-01670,2,E-06-05-01,OP-108,PUT_AWAY,NORMAL
PA-006722,2026-09-01 19:13:19,SKU-00319,8,E-10-01-02,OP-108,PUT_AWAY,NORMAL
PA-002673,2026-09-01 19:13:23,SKU-01590,7,F-10-02-02,OP-102,PUT_AWAY,NORMAL
PA-000464,2026-09-01 19:13:29,SKU-00561,6,D-06-04-01,OP-102,PUT_AWAY,NORMAL
PA-008754,2026-09-01 19:13:32,SKU-00556,6,B-10-05-01,OP-107,PUT_AWAY,NORMAL
PA-000420,2026-09-01 19:13:44,SKU-01005,10,F-06-05-02,OP-106,PUT_AWAY,NORMAL
PA-002800,2026-09-01 19:13:48,SKU-00108,4,C-06-01-01,OP-102,PUT_AWAY,NORMAL
PA-002669,2026-09-01 19:13:57,SKU-01882,2,C-06-02-01,OP-104,PUT_AWAY,NORMAL
PA-002176,2026-09-01 19:13:58,SKU-01627,5,B-04-03-01,OP-101,PUT_AWAY,NORMAL
PA-000652,2026-09-01 19:14:14,SKU-00333,9,C-10-02-02,OP-104,PUT_AWAY,NORMAL
PA-002956,2026-09-01 19:14:14,SKU-00294,3,E-09-05-02,OP-101,PUT_AWAY,NORMAL
PA-004408,2026-09-01 19:14:16,SKU-00369,10,A-01-03-01,OP-104,PUT_AWAY,NORMAL
PA-007000,2026-09-01 19:15:08,SKU-01558,8,F-10-04-02,OP-106,PUT_AWAY,NORMAL
PA-003583,2026-09-01 19:15:26,SKU-01328,5,C-05-03-02,OP-101,PUT_AWAY,NORMAL
PA-000493,2026-09-01 19:15:55,SKU-01467,1,A-07-01-01,OP-103,PUT_AWAY,NORMAL
PA-000356,2026-09-01 19:15:57,SKU-00218,8,F-05-05-02,OP-101,PUT_AWAY,NORMAL
PA-005496,2026-09-01 19:16:01,SKU-00147,4,E-02-01-02,OP-107,PUT_AWAY,NORMAL
PA-003235,2026-09-01 19:16:09,SKU-00550,4,B-10-05-01,OP-101,PUT_AWAY,NORMAL
PA-005099,2026-09-01 19:16:28,SKU-01131,3,B-01-01-02,OP-102,PUT_AWAY,NORMAL
PA-006855,2026-09-01 19:16:34,SKU-00398,2,E-09-01-01,OP-104,PUT_AWAY,NORMAL
PA-008968,2026-09-01 19:16:38,SKU-01860,10,C-01-01-01,OP-107,PUT_AWAY,NORMAL
PA-002363,2026-09-01 19:16:49,SKU-01536,1,B-02-05-01,OP-106,PUT_AWAY,NORMAL
PA-005904,2026-09-01 19:16:53,SKU-01457,7,C-03-04-02,OP-105,PUT_AWAY,NORMAL
PA-000110,2026-09-01 19:17:21,SKU-00634,2,A-04-02-02,OP-103,PUT_AWAY,NORMAL
PA-003924,2026-09-01 19:19:41,SKU-01915,3,B-06-04-02,OP-107,PUT_AWAY,NORMAL
PA-001135,2026-09-01 19:19:52,SKU-00367,8,D-05-04-01,OP-106,PUT_AWAY,NORMAL
PA-003342,2026-09-01 19:20:59,SKU-01452,3,B-06-03-01,OP-106,PUT_AWAY,NORMAL
PA-000707,2026-09-01 19:21:06,SKU-00262,9,C-02-02-02,OP-106,PUT_AWAY,NORMAL
PA-002878,2026-09-01 19:22:01,SKU-01601,4,B-10-04-01,OP-107,PUT_AWAY,NORMAL
PA-003380,2026-09-01 19:22:27,SKU-01959,6,F-04-03-02,OP-103,PUT_AWAY,NORMAL
PA-008455,2026-09-01 19:22:40,SKU-01910,2,B-10-03-01,OP-105,PUT_AWAY,NORMAL
PA-006843,2026-09-01 19:22:46,SKU-01268,3,A-10-01-02,OP-103,PUT_AWAY,NORMAL
PA-004894,2026-09-01 19:23:03,SKU-00075,10,B-06-02-02,OP-106,PUT_AWAY,NORMAL
PA-008955,2026-09-01 19:23:04,SKU-00604,5,C-10-02-02,OP-107,PUT_AWAY,NORMAL
PA-004093,2026-09-01 19:23:14,SKU-01772,5,A-06-04-02,OP-105,PUT_AWAY,NORMAL
PA-008169,2026-09-01 19:23:37,SKU-01600,6,A-05-04-01,OP-103,PUT_AWAY,NORMAL
PA-000727,2026-09-01 19:23:44,SKU-00525,4,E-04-03-02,OP-106,PUT_AWAY,NORMAL
PA-008972,2026-09-01 19:23:57,SKU-01900,3,A-04-02-02,OP-106,PUT_AWAY,NORMAL
PA-005180,2026-09-01 19:24:14,SKU-01999,7,E-03-05-02,OP-107,PUT_AWAY,NORMAL
PA-008888,2026-09-01 19:24:19,SKU-00294,9,E-09-05-02,OP-101,PUT_AWAY,NORMAL
PA-004850,2026-09-01 19:24:43,SKU-00285,4,F-08-03-02,OP-103,PUT_AWAY,NORMAL
PA-004614,2026-09-01 19:24:44,SKU-01364,3,E-02-03-01,OP-101,PUT_AWAY,NORMAL
PA-007531,2026-09-01 19:25:28,SKU-01241,5,D-06-02-01,OP-106,PUT_AWAY,NORMAL
PA-004031,2026-09-01 19:26:10,SKU-01477,3,A-07-05-01,OP-107,PUT_AWAY,NORMAL
PA-006034,2026-09-01 19:26:27,SKU-00597,8,E-04-02-02,OP-103,PUT_AWAY,NORMAL
PA-008748,2026-09-01 19:26:29,SKU-00832,2,D-07-04-02,OP-103,PUT_AWAY,NORMAL
PA-007941,2026-09-01 19:26:49,SKU-00776,6,F-01-05-02,OP-106,PUT_AWAY,NORMAL
PA-007331,2026-09-01 19:27:04,SKU-00630,4,A-07-04-02,OP-108,PUT_AWAY,NORMAL
PA-001424,2026-09-01 19:27:17,SKU-00308,2,D-03-02-01,OP-103,PUT_AWAY,NORMAL
PA-005523,2026-09-01 19:27:31,SKU-01973,4,D-09-02-01,OP-107,PUT_AWAY,NORMAL
PA-002776,2026-09-01 19:27:40,SKU-00970,1,D-10-05-02,OP-108,PUT_AWAY,NORMAL
PA-008017,2026-09-01 19:28:01,SKU-01590,1,F-10-02-02,OP-104,PUT_AWAY,NORMAL
PA-004886,2026-09-01 19:28:02,SKU-00026,3,A-06-04-01,OP-101,PUT_AWAY,NORMAL
PA-001720,2026-09-01 19:28:04,SKU-01315,4,F-05-05-02,OP-105,PUT_AWAY,NORMAL
PA-006616,2026-09-01 19:28:19,SKU-01996,10,B-05-01-01,OP-107,PUT_AWAY,NORMAL
PA-008811,2026-09-01 19:28:28,SKU-01832,2,F-10-04-02,OP-108,PUT_AWAY,NORMAL
PA-002345,2026-09-01 19:28:46,SKU-01354,4,D-08-03-02,OP-103,PUT_AWAY,NORMAL
PA-001443,2026-09-01 19:28:50,SKU-00281,10,A-10-04-02,OP-102,PUT_AWAY,NORMAL
PA-007443,2026-09-01 19:29:08,SKU-00840,5,C-01-01-01,OP-103,PUT_AWAY,NORMAL
PA-008387,2026-09-01 19:29:30,SKU-00926,4,D-09-01-01,OP-102,PUT_AWAY,NORMAL
PA-002666,2026-09-01 19:29:52,SKU-01054,7,F-05-02-02,OP-103,PUT_AWAY,NORMAL
PA-000832,2026-09-01 19:30:47,SKU-01427,2,E-01-04-02,OP-102,PUT_AWAY,NORMAL
PA-008027,2026-09-01 19:30:52,SKU-00949,5,D-04-04-02,OP-103,PUT_AWAY,NORMAL
PA-007158,2026-09-01 19:31:04,SKU-00425,8,B-04-02-01,OP-104,PUT_AWAY,NORMAL
PA-007665,2026-09-01 19:31:14,SKU-01863,3,A-08-03-02,OP-106,PUT_AWAY,NORMAL
PA-000688,2026-09-01 19:31:21,SKU-01230,4,C-10-02-02,OP-106,PUT_AWAY,NORMAL
PA-003644,2026-09-01 19:31:23,SKU-00737,8,A-07-05-02,OP-105,PUT_AWAY,NORMAL
PA-000227,2026-09-01 19:31:23,SKU-01136,5,C-01-02-01,OP-101,PUT_AWAY,NORMAL
PA-004236,2026-09-01 19:31:29,SKU-01792,4,D-07-03-02,OP-108,PUT_AWAY,NORMAL
PA-007462,2026-09-01 19:32:09,SKU-01339,3,C-03-02-02,OP-104,PUT_AWAY,NORMAL
PA-008508,2026-09-01 19:32:15,SKU-01892,1,A-09-03-01,OP-106,PUT_AWAY,NORMAL
PA-004030,2026-09-01 19:32:37,SKU-01240,10,C-09-03-02,OP-107,PUT_AWAY,NORMAL
PA-001200,2026-09-01 19:32:44,SKU-01239,4,E-08-02-01,OP-107,PUT_AWAY,NORMAL
PA-004246,2026-09-01 19:32:50,SKU-00275,9,F-02-04-02,OP-103,PUT_AWAY,NORMAL
PA-007051,2026-09-01 19:33:18,SKU-01503,8,B-10-04-01,OP-103,PUT_AWAY,NORMAL
PA-008091,2026-09-01 19:33:22,SKU-01423,8,F-04-01-01,OP-101,PUT_AWAY,NORMAL
PA-005791,2026-09-01 19:33:48,SKU-01465,1,C-02-01-02,OP-106,PUT_AWAY,NORMAL
PA-008276,2026-09-01 19:34:37,SKU-01964,10,D-06-04-02,OP-105,PUT_AWAY,NORMAL
PA-008777,2026-09-01 19:34:38,SKU-00763,2,C-03-02-01,OP-106,PUT_AWAY,NORMAL
PA-004146,2026-09-01 19:34:42,SKU-01177,2,D-08-01-01,OP-102,PUT_AWAY,NORMAL
PA-007835,2026-09-01 19:34:57,SKU-00857,10,D-02-04-01,OP-102,PUT_AWAY,NORMAL
PA-004828,2026-09-01 19:35:08,SKU-01844,10,B-05-05-02,OP-101,PUT_AWAY,NORMAL
PA-002202,2026-09-01 19:35:10,SKU-01703,4,B-07-05-02,OP-101,PUT_AWAY,NORMAL
PA-001873,2026-09-01 19:35:16,SKU-00020,9,B-04-01-01,OP-106,PUT_AWAY,NORMAL
PA-001800,2026-09-01 19:35:28,SKU-00110,2,B-10-03-01,OP-101,PUT_AWAY,NORMAL
PA-002645,2026-09-01 19:35:31,SKU-00626,6,D-06-03-01,OP-101,PUT_AWAY,NORMAL
PA-000843,2026-09-01 19:37:13,SKU-01263,6,C-02-02-01,OP-104,PUT_AWAY,NORMAL
PA-004526,2026-09-01 19:37:44,SKU-01121,2,D-10-03-01,OP-104,PUT_AWAY,NORMAL
PA-003693,2026-09-01 19:37:48,SKU-01682,1,E-01-04-02,OP-103,PUT_AWAY,NORMAL
PA-005185,2026-09-01 19:38:09,SKU-01040,9,F-09-02-02,OP-101,PUT_AWAY,NORMAL
PA-001501,2026-09-01 19:38:38,SKU-01650,2,A-08-03-02,OP-105,PUT_AWAY,NORMAL
PA-008300,2026-09-01 19:38:39,SKU-01727,5,C-03-02-01,OP-106,PUT_AWAY,NORMAL
PA-003421,2026-09-01 19:39:09,SKU-00249,3,E-04-02-01,OP-101,PUT_AWAY,NORMAL
PA-008088,2026-09-01 19:39:21,SKU-00740,3,D-02-03-01,OP-103,PUT_AWAY,NORMAL
PA-008141,2026-09-01 19:39:44,SKU-00094,10,F-10-04-02,OP-104,PUT_AWAY,NORMAL
PA-006064,2026-09-01 19:40:38,SKU-00066,7,C-03-02-02,OP-103,PUT_AWAY,NORMAL
PA-003201,2026-09-01 19:41:20,SKU-01037,5,E-05-01-01,OP-105,PUT_AWAY,NORMAL
PA-001000,2026-09-01 19:41:41,SKU-00245,4,B-02-01-02,OP-108,PUT_AWAY,NORMAL
PA-000679,2026-09-01 19:41:43,SKU-01286,2,B-02-02-01,OP-105,PUT_AWAY,NORMAL
PA-005275,2026-09-01 19:41:46,SKU-00941,2,D-08-01-01,OP-102,PUT_AWAY,NORMAL
PA-008274,2026-09-01 19:41:48,SKU-00224,7,A-06-05-02,OP-106,PUT_AWAY,NORMAL
PA-007170,2026-09-01 19:42:30,SKU-01010,2,F-02-01-02,OP-102,PUT_AWAY,NORMAL
PA-001029,2026-09-01 19:42:49,SKU-01822,1,C-10-03-01,OP-102,PUT_AWAY,NORMAL
PA-000666,2026-09-01 19:42:52,SKU-01129,7,F-08-02-01,OP-101,PUT_AWAY,NORMAL
PA-008147,2026-09-01 19:42:53,SKU-01634,3,C-02-04-02,OP-102,PUT_AWAY,NORMAL
PA-008942,2026-09-01 19:42:56,SKU-00455,9,B-03-02-02,OP-106,PUT_AWAY,NORMAL
PA-006807,2026-09-01 19:43:01,SKU-00119,3,C-10-02-01,OP-103,PUT_AWAY,NORMAL
PA-003037,2026-09-01 19:43:47,SKU-01644,2,B-05-01-01,OP-101,PUT_AWAY,NORMAL
PA-001096,2026-09-01 19:44:17,SKU-00278,8,B-09-03-02,OP-108,PUT_AWAY,NORMAL
PA-007280,2026-09-01 19:44:57,SKU-00980,8,B-03-01-01,OP-108,PUT_AWAY,NORMAL
PA-000429,2026-09-01 19:45:05,SKU-00406,3,F-08-03-01,OP-104,PUT_AWAY,NORMAL
PA-007349,2026-09-01 19:45:22,SKU-01111,8,E-02-01-01,OP-101,PUT_AWAY,NORMAL
PA-008415,2026-09-01 19:45:26,SKU-00172,1,A-04-03-01,OP-106,PUT_AWAY,NORMAL
PA-007277,2026-09-01 19:45:38,SKU-00271,7,F-08-03-02,OP-105,PUT_AWAY,NORMAL
PA-008226,2026-09-01 19:46:21,SKU-00613,6,E-03-04-01,OP-102,PUT_AWAY,NORMAL
PA-002352,2026-09-01 19:47:17,SKU-01716,6,D-03-04-02,OP-107,PUT_AWAY,NORMAL
PA-003366,2026-09-01 19:47:58,SKU-01770,1,B-03-04-02,OP-108,PUT_AWAY,NORMAL
PA-008929,2026-09-01 19:48:19,SKU-01233,7,F-10-01-02,OP-105,PUT_AWAY,NORMAL
PA-005046,2026-09-01 19:48:20,SKU-00992,5,B-03-01-02,OP-106,PUT_AWAY,NORMAL
PA-007536,2026-09-01 19:48:46,SKU-00633,7,F-08-02-01,OP-106,PUT_AWAY,NORMAL
PA-005754,2026-09-01 19:49:17,SKU-00917,1,C-03-04-01,OP-105,PUT_AWAY,NORMAL
PA-003961,2026-09-01 19:49:28,SKU-00198,1,E-04-03-01,OP-106,PUT_AWAY,NORMAL
PA-008986,2026-09-01 19:50:57,SKU-00861,10,E-03-04-01,OP-103,PUT_AWAY,NORMAL
PA-006636,2026-09-01 19:51:15,SKU-01655,6,A-09-05-02,OP-105,PUT_AWAY,NORMAL
PA-001743,2026-09-01 19:51:22,SKU-00104,9,C-07-04-01,OP-106,PUT_AWAY,NORMAL
PA-002868,2026-09-01 19:51:29,SKU-00589,6,B-05-03-01,OP-106,PUT_AWAY,NORMAL
PA-001945,2026-09-01 19:51:58,SKU-00972,2,E-06-01-01,OP-103,PUT_AWAY,NORMAL
PA-005071,2026-09-01 19:52:03,SKU-01060,1,B-06-03-01,OP-108,PUT_AWAY,NORMAL
PA-006160,2026-09-01 19:53:18,SKU-01171,6,C-07-05-01,OP-108,PUT_AWAY,NORMAL
PA-006320,2026-09-01 19:53:57,SKU-00920,8,F-05-05-02,OP-103,PUT_AWAY,NORMAL
PA-004291,2026-09-01 19:54:05,SKU-00991,9,D-09-05-02,OP-106,PUT_AWAY,NORMAL
PA-001033,2026-09-01 19:54:31,SKU-01932,1,E-10-05-01,OP-101,PUT_AWAY,NORMAL
PA-003782,2026-09-01 19:54:43,SKU-00987,3,B-01-04-01,OP-102,PUT_AWAY,NORMAL
PA-007402,2026-09-01 19:54:52,SKU-01430,4,B-05-05-01,OP-104,PUT_AWAY,NORMAL
PA-004389,2026-09-01 19:55:24,SKU-01472,5,E-02-05-02,OP-103,PUT_AWAY,NORMAL
PA-008859,2026-09-01 19:55:32,SKU-01388,7,A-07-05-02,OP-108,PUT_AWAY,NORMAL
PA-006459,2026-09-01 19:56:12,SKU-01618,2,A-06-05-01,OP-104,PUT_AWAY,NORMAL
PA-001336,2026-09-01 19:56:37,SKU-01884,6,A-07-01-02,OP-102,PUT_AWAY,NORMAL
PA-002300,2026-09-01 19:57:14,SKU-00915,9,E-01-02-02,OP-107,PUT_AWAY,NORMAL
PA-001629,2026-09-01 19:57:25,SKU-01406,1,C-07-05-02,OP-102,PUT_AWAY,NORMAL
PA-000803,2026-09-01 19:58:57,SKU-01809,9,C-08-01-02,OP-105,PUT_AWAY,NORMAL
PA-001313,2026-09-01 19:59:56,SKU-01137,3,E-08-03-01,OP-107,PUT_AWAY,NORMAL
PA-006093,2026-09-01 19:59:56,SKU-00699,1,A-08-02-01,OP-106,PUT_AWAY,NORMAL
PA-002961,2026-09-01 20:00:25,SKU-00516,4,B-01-01-01,OP-101,PUT_AWAY,NORMAL
PA-004621,2026-09-01 20:00:47,SKU-01936,4,B-04-03-01,OP-103,PUT_AWAY,NORMAL
PA-001451,2026-09-01 20:00:55,SKU-01347,9,E-03-01-02,OP-105,PUT_AWAY,NORMAL
PA-005539,2026-09-01 20:01:08,SKU-01608,8,D-09-04-02,OP-101,PUT_AWAY,NORMAL
PA-006582,2026-09-01 20:01:09,SKU-01382,9,B-07-02-01,OP-105,PUT_AWAY,NORMAL
PA-004934,2026-09-01 20:01:19,SKU-01823,1,B-01-03-01,OP-101,PUT_AWAY,NORMAL
PA-001106,2026-09-01 20:01:30,SKU-01044,6,E-06-01-02,OP-107,PUT_AWAY,NORMAL
PA-004331,2026-09-01 20:02:20,SKU-01623,9,B-02-05-02,OP-104,PUT_AWAY,NORMAL
PA-008839,2026-09-01 20:02:36,SKU-01600,7,A-05-04-01,OP-108,PUT_AWAY,NORMAL
PA-008074,2026-09-01 20:02:43,SKU-00565,5,B-10-03-02,OP-105,PUT_AWAY,NORMAL
PA-003322,2026-09-01 20:03:14,SKU-00949,9,D-04-04-02,OP-107,PUT_AWAY,NORMAL
PA-004986,2026-09-01 20:03:31,SKU-00315,8,B-01-03-01,OP-103,PUT_AWAY,NORMAL
PA-004315,2026-09-01 20:03:42,SKU-00775,10,D-10-01-01,OP-105,PUT_AWAY,NORMAL
PA-000902,2026-09-01 20:04:01,SKU-01419,5,C-02-04-01,OP-103,PUT_AWAY,NORMAL
PA-002209,2026-09-01 20:04:18,SKU-01896,5,E-03-01-02,OP-105,PUT_AWAY,NORMAL
PA-004091,2026-09-01 20:04:52,SKU-01148,4,F-05-02-01,OP-108,PUT_AWAY,NORMAL
PA-008717,2026-09-01 20:04:53,SKU-01126,5,F-08-04-01,OP-104,PUT_AWAY,NORMAL
PA-003036,2026-09-01 20:04:56,SKU-00277,9,C-04-05-01,OP-107,PUT_AWAY,NORMAL
PA-007756,2026-09-01 20:05:04,SKU-00617,7,A-02-04-01,OP-106,PUT_AWAY,NORMAL
PA-005083,2026-09-01 20:05:14,SKU-01670,5,E-06-05-01,OP-105,PUT_AWAY,NORMAL
PA-000362,2026-09-01 20:05:49,SKU-00794,2,C-02-01-02,OP-104,PUT_AWAY,NORMAL
PA-006451,2026-09-01 20:06:17,SKU-00820,7,C-09-01-01,OP-102,PUT_AWAY,NORMAL
PA-002460,2026-09-01 20:06:32,SKU-01452,10,B-06-03-01,OP-104,PUT_AWAY,NORMAL
PA-005991,2026-09-01 20:06:56,SKU-01940,10,B-08-05-01,OP-101,PUT_AWAY,NORMAL
PA-008828,2026-09-01 20:07:30,SKU-01385,2,D-02-03-02,OP-104,PUT_AWAY,NORMAL
PA-002692,2026-09-01 20:07:34,SKU-00481,3,A-08-03-01,OP-101,PUT_AWAY,NORMAL
PA-003701,2026-09-01 20:07:40,SKU-01739,8,E-08-03-02,OP-101,PUT_AWAY,NORMAL
PA-007388,2026-09-01 20:08:08,SKU-01282,3,A-07-01-02,OP-108,PUT_AWAY,NORMAL
PA-000097,2026-09-01 20:08:23,SKU-01127,10,F-02-02-02,OP-101,PUT_AWAY,NORMAL
PA-000893,2026-09-01 20:09:14,SKU-00528,3,C-06-01-01,OP-106,PUT_AWAY,NORMAL
PA-004844,2026-09-01 20:09:34,SKU-00206,8,D-09-03-02,OP-107,PUT_AWAY,NORMAL
PA-005478,2026-09-01 20:09:39,SKU-00698,7,B-06-03-01,OP-102,PUT_AWAY,NORMAL
PA-000632,2026-09-01 20:10:18,SKU-01755,4,B-03-05-01,OP-103,PUT_AWAY,NORMAL
PA-006431,2026-09-01 20:10:26,SKU-00303,6,A-04-02-01,OP-102,PUT_AWAY,NORMAL
PA-004701,2026-09-01 20:10:36,SKU-00703,4,C-06-01-02,OP-104,PUT_AWAY,NORMAL
PA-006192,2026-09-01 20:10:38,SKU-00904,3,F-06-02-01,OP-101,PUT_AWAY,NORMAL
PA-007550,2026-09-01 20:10:42,SKU-01771,5,C-03-05-02,OP-106,PUT_AWAY,NORMAL
PA-002698,2026-09-01 20:11:52,SKU-01308,8,E-04-03-01,OP-101,PUT_AWAY,NORMAL
PA-003249,2026-09-01 20:12:39,SKU-00498,3,E-10-04-02,OP-107,PUT_AWAY,NORMAL
PA-007605,2026-09-01 20:13:03,SKU-00285,1,F-08-03-02,OP-102,PUT_AWAY,NORMAL
PA-001206,2026-09-01 20:13:39,SKU-00472,10,B-06-02-02,OP-102,PUT_AWAY,NORMAL
PA-007663,2026-09-01 20:13:48,SKU-01690,8,F-10-03-02,OP-103,PUT_AWAY,NORMAL
PA-003533,2026-09-01 20:14:26,SKU-00196,9,B-07-05-02,OP-102,PUT_AWAY,NORMAL
PA-007568,2026-09-01 20:14:52,SKU-00829,1,B-06-03-01,OP-103,PUT_AWAY,NORMAL
PA-005752,2026-09-01 20:15:21,SKU-00896,1,D-07-04-02,OP-102,PUT_AWAY,NORMAL
PA-004910,2026-09-01 20:15:30,SKU-01130,10,A-05-05-01,OP-102,PUT_AWAY,NORMAL
PA-006895,2026-09-01 20:15:47,SKU-01929,8,F-08-04-02,OP-102,PUT_AWAY,NORMAL
PA-004976,2026-09-01 20:15:49,SKU-00613,5,E-03-04-01,OP-108,PUT_AWAY,NORMAL
PA-002273,2026-09-01 20:15:49,SKU-01873,2,A-08-03-02,OP-103,PUT_AWAY,NORMAL
PA-006550,2026-09-01 20:16:40,SKU-00520,9,A-09-05-02,OP-106,PUT_AWAY,NORMAL
PA-005740,2026-09-01 20:16:40,SKU-00534,9,B-09-05-01,OP-102,PUT_AWAY,NORMAL
PA-001865,2026-09-01 20:16:48,SKU-01429,3,D-07-02-01,OP-106,PUT_AWAY,NORMAL
PA-006009,2026-09-01 20:16:52,SKU-00655,3,C-09-05-02,OP-102,PUT_AWAY,NORMAL
PA-005641,2026-09-01 20:17:06,SKU-01860,4,C-01-01-01,OP-106,PUT_AWAY,NORMAL
PA-005098,2026-09-01 20:17:32,SKU-01451,8,B-02-03-02,OP-104,PUT_AWAY,NORMAL
PA-003192,2026-09-01 20:17:38,SKU-01357,1,E-09-01-01,OP-105,PUT_AWAY,NORMAL
PA-002626,2026-09-01 20:17:51,SKU-01622,5,E-06-01-01,OP-104,PUT_AWAY,NORMAL
PA-004085,2026-09-01 20:18:18,SKU-00591,3,F-03-04-02,OP-102,PUT_AWAY,NORMAL
PA-001085,2026-09-01 20:18:35,SKU-00229,8,C-09-04-02,OP-106,PUT_AWAY,NORMAL
PA-005881,2026-09-01 20:18:40,SKU-01271,5,A-07-01-01,OP-101,PUT_AWAY,NORMAL
PA-002096,2026-09-01 20:18:45,SKU-01943,1,D-09-05-01,OP-101,PUT_AWAY,NORMAL
PA-003358,2026-09-01 20:18:55,SKU-00290,7,B-10-01-02,OP-101,PUT_AWAY,NORMAL
PA-003862,2026-09-01 20:19:04,SKU-01487,8,B-01-04-01,OP-103,PUT_AWAY,NORMAL
PA-005750,2026-09-01 20:19:08,SKU-01066,4,C-03-04-02,OP-102,PUT_AWAY,NORMAL
PA-007646,2026-09-01 20:19:58,SKU-00386,8,E-06-04-02,OP-108,PUT_AWAY,NORMAL
PA-002600,2026-09-01 20:20:53,SKU-00150,1,D-05-02-01,OP-101,PUT_AWAY,NORMAL
PA-005259,2026-09-01 20:21:01,SKU-01515,5,F-09-03-02,OP-103,PUT_AWAY,NORMAL
PA-008277,2026-09-01 20:21:03,SKU-01366,4,A-02-03-02,OP-102,PUT_AWAY,NORMAL
PA-005027,2026-09-01 20:21:04,SKU-00071,1,D-03-05-02,OP-101,PUT_AWAY,NORMAL
PA-000799,2026-09-01 20:21:16,SKU-00190,6,E-07-05-02,OP-105,PUT_AWAY,NORMAL
PA-008507,2026-09-01 20:21:39,SKU-01229,8,F-03-05-02,OP-105,PUT_AWAY,NORMAL
PA-002907,2026-09-01 20:21:52,SKU-01813,5,D-04-03-01,OP-107,PUT_AWAY,NORMAL
PA-007983,2026-09-01 20:22:12,SKU-00643,2,B-10-03-01,OP-105,PUT_AWAY,NORMAL
PA-003415,2026-09-01 20:22:22,SKU-01813,6,D-04-03-01,OP-104,PUT_AWAY,NORMAL
PA-007973,2026-09-01 20:22:47,SKU-01589,10,B-06-02-01,OP-106,PUT_AWAY,NORMAL
PA-004724,2026-09-01 20:22:48,SKU-00873,2,A-07-04-02,OP-107,PUT_AWAY,NORMAL
PA-007733,2026-09-01 20:23:09,SKU-01433,1,D-10-03-02,OP-105,PUT_AWAY,NORMAL
PA-001535,2026-09-01 20:23:31,SKU-00239,3,D-06-05-01,OP-105,PUT_AWAY,NORMAL
PA-008694,2026-09-01 20:23:46,SKU-01674,3,D-09-05-02,OP-104,PUT_AWAY,NORMAL
PA-007107,2026-09-01 20:23:52,SKU-01873,6,A-08-03-02,OP-107,PUT_AWAY,NORMAL
PA-008405,2026-09-01 20:24:17,SKU-00071,6,D-03-05-02,OP-108,PUT_AWAY,NORMAL
PA-003887,2026-09-01 20:24:27,SKU-00654,9,B-01-01-02,OP-107,PUT_AWAY,NORMAL
PA-007209,2026-09-01 20:24:38,SKU-01773,4,E-02-05-02,OP-103,PUT_AWAY,NORMAL
PA-008975,2026-09-01 20:24:54,SKU-01055,8,D-07-01-01,OP-103,PUT_AWAY,NORMAL
PA-000672,2026-09-01 20:25:15,SKU-00504,5,B-07-01-01,OP-107,PUT_AWAY,NORMAL
PA-003762,2026-09-01 20:25:27,SKU-00142,2,F-09-03-02,OP-108,PUT_AWAY,NORMAL
PA-008614,2026-09-01 20:25:34,SKU-00291,10,B-10-04-02,OP-107,PUT_AWAY,NORMAL
PA-008992,2026-09-01 20:25:40,SKU-00592,10,D-04-04-02,OP-101,PUT_AWAY,NORMAL
PA-001968,2026-09-01 20:26:28,SKU-01381,8,A-07-03-01,OP-104,PUT_AWAY,NORMAL
PA-007454,2026-09-01 20:26:45,SKU-01084,2,D-02-03-01,OP-108,PUT_AWAY,NORMAL
PA-007259,2026-09-01 20:26:50,SKU-01992,5,A-04-04-02,OP-105,PUT_AWAY,NORMAL
PA-005079,2026-09-01 20:26:54,SKU-01248,1,C-05-01-01,OP-101,PUT_AWAY,NORMAL
PA-004475,2026-09-01 20:27:03,SKU-01100,7,E-08-04-02,OP-108,PUT_AWAY,NORMAL
PA-002713,2026-09-01 20:27:04,SKU-00127,2,A-07-04-02,OP-104,PUT_AWAY,NORMAL
PA-006718,2026-09-01 20:27:09,SKU-01243,10,A-02-01-01,OP-106,PUT_AWAY,NORMAL
PA-000590,2026-09-01 20:27:46,SKU-00565,2,B-10-03-02,OP-102,PUT_AWAY,NORMAL
PA-002125,2026-09-01 20:27:58,SKU-01769,8,F-03-01-02,OP-108,PUT_AWAY,NORMAL
PA-007833,2026-09-01 20:28:13,SKU-01668,9,C-10-03-01,OP-106,PUT_AWAY,NORMAL
PA-007776,2026-09-01 20:28:36,SKU-00676,7,A-06-05-01,OP-105,PUT_AWAY,NORMAL
PA-002103,2026-09-01 20:29:17,SKU-00057,4,B-10-03-02,OP-107,PUT_AWAY,NORMAL
PA-006076,2026-09-01 20:29:23,SKU-01580,6,E-09-05-01,OP-104,PUT_AWAY,NORMAL
PA-004213,2026-09-01 20:29:39,SKU-01536,1,B-02-05-01,OP-102,PUT_AWAY,NORMAL
PA-001404,2026-09-01 20:29:56,SKU-01661,1,A-10-01-02,OP-101,PUT_AWAY,NORMAL
PA-001067,2026-09-01 20:29:58,SKU-01162,8,D-07-05-02,OP-108,PUT_AWAY,NORMAL
PA-001145,2026-09-01 20:30:16,SKU-01801,5,B-02-05-01,OP-101,PUT_AWAY,NORMAL
PA-005042,2026-09-01 20:30:20,SKU-01650,3,A-08-03-02,OP-107,PUT_AWAY,NORMAL
PA-000045,2026-09-01 20:30:36,SKU-01526,2,B-04-02-01,OP-108,PUT_AWAY,NORMAL
PA-008467,2026-09-01 20:30:39,SKU-00629,2,A-03-01-01,OP-104,PUT_AWAY,NORMAL
PA-003423,2026-09-01 20:30:45,SKU-00588,8,F-02-02-01,OP-103,PUT_AWAY,NORMAL
PA-002656,2026-09-01 20:31:03,SKU-00621,6,D-10-01-01,OP-104,PUT_AWAY,NORMAL
PA-000278,2026-09-01 20:32:52,SKU-01652,6,B-04-02-01,OP-103,PUT_AWAY,NORMAL
PA-003852,2026-09-01 20:33:18,SKU-01259,5,F-07-04-02,OP-107,PUT_AWAY,NORMAL
PA-002733,2026-09-01 20:33:23,SKU-01090,7,C-03-05-02,OP-101,PUT_AWAY,NORMAL
PA-007905,2026-09-01 20:33:23,SKU-00231,3,E-01-03-01,OP-101,PUT_AWAY,NORMAL
PA-008573,2026-09-01 20:34:32,SKU-01311,9,F-01-05-02,OP-105,PUT_AWAY,NORMAL
PA-001946,2026-09-01 20:34:36,SKU-01988,10,A-07-04-02,OP-103,PUT_AWAY,NORMAL
PA-005675,2026-09-01 20:35:03,SKU-01393,3,C-10-05-01,OP-107,PUT_AWAY,NORMAL
PA-000158,2026-09-01 20:35:35,SKU-01907,3,C-08-02-01,OP-105,PUT_AWAY,NORMAL
PA-000724,2026-09-01 20:36:39,SKU-01793,1,C-10-03-01,OP-107,PUT_AWAY,NORMAL
PA-007813,2026-09-01 20:37:09,SKU-00651,3,D-02-01-02,OP-108,PUT_AWAY,NORMAL
PA-000713,2026-09-01 20:37:15,SKU-00569,3,F-04-02-01,OP-101,PUT_AWAY,NORMAL
PA-001484,2026-09-01 20:37:51,SKU-01585,5,A-08-03-01,OP-108,PUT_AWAY,NORMAL
PA-003057,2026-09-01 20:38:43,SKU-00022,4,D-02-03-01,OP-103,PUT_AWAY,NORMAL
PA-006899,2026-09-01 20:39:20,SKU-00846,2,B-10-02-01,OP-107,PUT_AWAY,NORMAL
PA-008621,2026-09-01 20:39:27,SKU-01341,2,F-06-01-01,OP-107,PUT_AWAY,NORMAL
PA-001471,2026-09-01 20:40:34,SKU-00543,3,B-03-03-02,OP-104,PUT_AWAY,NORMAL
PA-005562,2026-09-01 20:40:40,SKU-00389,5,E-05-05-01,OP-104,PUT_AWAY,NORMAL
PA-000959,2026-09-01 20:40:44,SKU-01654,10,E-01-02-02,OP-105,PUT_AWAY,NORMAL
PA-006212,2026-09-01 20:41:04,SKU-01382,1,B-07-02-01,OP-106,PUT_AWAY,NORMAL
PA-004356,2026-09-01 20:41:18,SKU-01276,4,A-02-02-02,OP-107,PUT_AWAY,NORMAL
PA-004268,2026-09-01 20:41:24,SKU-00383,9,B-03-03-01,OP-104,PUT_AWAY,NORMAL
PA-000712,2026-09-01 20:43:06,SKU-01381,2,A-07-03-01,OP-108,PUT_AWAY,NORMAL
PA-008825,2026-09-01 20:43:17,SKU-00003,10,A-05-05-01,OP-101,PUT_AWAY,NORMAL
PA-000521,2026-09-01 20:43:24,SKU-00730,5,F-10-05-01,OP-101,PUT_AWAY,NORMAL
PA-008892,2026-09-01 20:43:28,SKU-01789,2,B-01-04-02,OP-101,PUT_AWAY,NORMAL
PA-002648,2026-09-01 20:43:53,SKU-01190,1,C-06-04-02,OP-104,PUT_AWAY,NORMAL
PA-007739,2026-09-01 20:44:13,SKU-01792,5,D-07-03-02,OP-105,PUT_AWAY,NORMAL
PA-005060,2026-09-01 20:44:16,SKU-01131,1,B-01-01-02,OP-103,PUT_AWAY,NORMAL
PA-000326,2026-09-01 20:44:52,SKU-00834,6,F-07-05-02,OP-101,PUT_AWAY,NORMAL
PA-004654,2026-09-01 20:44:56,SKU-00176,7,C-08-01-01,OP-108,PUT_AWAY,NORMAL
PA-007666,2026-09-01 20:45:10,SKU-01512,6,E-07-02-02,OP-102,PUT_AWAY,NORMAL
PA-001775,2026-09-01 20:45:27,SKU-00729,8,E-05-05-01,OP-104,PUT_AWAY,NORMAL
PA-006186,2026-09-01 20:46:50,SKU-00341,2,A-04-02-01,OP-105,PUT_AWAY,NORMAL
PA-002796,2026-09-01 20:46:59,SKU-01384,2,D-05-05-01,OP-102,PUT_AWAY,NORMAL
PA-008160,2026-09-01 20:47:16,SKU-01200,4,F-02-05-01,OP-101,PUT_AWAY,NORMAL
PA-001161,2026-09-01 20:47:32,SKU-01403,9,A-05-01-01,OP-101,PUT_AWAY,NORMAL
PA-007344,2026-09-01 20:48:05,SKU-00264,9,B-04-04-02,OP-104,PUT_AWAY,NORMAL
PA-003454,2026-09-01 20:48:54,SKU-01808,6,A-09-04-01,OP-104,PUT_AWAY,NORMAL
PA-007993,2026-09-01 20:49:16,SKU-01941,6,B-04-03-02,OP-108,PUT_AWAY,NORMAL
PA-004130,2026-09-01 20:50:04,SKU-00024,4,B-05-04-01,OP-106,PUT_AWAY,NORMAL
PA-008058,2026-09-01 20:50:12,SKU-00290,9,B-10-01-02,OP-107,PUT_AWAY,NORMAL
PA-005721,2026-09-01 20:50:21,SKU-01564,2,A-07-03-02,OP-104,PUT_AWAY,NORMAL
PA-007162,2026-09-01 20:50:29,SKU-01514,9,A-02-03-02,OP-102,PUT_AWAY,NORMAL
PA-001478,2026-09-01 20:50:35,SKU-01687,7,D-02-01-02,OP-102,PUT_AWAY,NORMAL
PA-003049,2026-09-01 20:50:37,SKU-01677,4,F-05-04-02,OP-108,PUT_AWAY,NORMAL
PA-001952,2026-09-01 20:51:06,SKU-00450,9,F-04-04-02,OP-108,PUT_AWAY,NORMAL
PA-000466,2026-09-01 20:51:37,SKU-01832,5,F-10-04-02,OP-107,PUT_AWAY,NORMAL
PA-005573,2026-09-01 20:52:10,SKU-01661,6,A-10-01-02,OP-101,PUT_AWAY,NORMAL
PA-005803,2026-09-01 20:52:19,SKU-01584,1,D-04-05-02,OP-102,PUT_AWAY,NORMAL
PA-000914,2026-09-01 20:52:20,SKU-00270,3,A-10-02-02,OP-105,PUT_AWAY,NORMAL
PA-003931,2026-09-01 20:52:49,SKU-00384,5,F-02-05-02,OP-103,PUT_AWAY,NORMAL
PA-008093,2026-09-01 20:53:16,SKU-00880,9,B-10-03-02,OP-102,PUT_AWAY,NORMAL
PA-001132,2026-09-01 20:53:19,SKU-01054,8,F-05-02-02,OP-103,PUT_AWAY,NORMAL
PA-007132,2026-09-01 20:53:30,SKU-00153,1,D-08-03-02,OP-103,PUT_AWAY,NORMAL
PA-002199,2026-09-01 20:53:47,SKU-00364,7,C-02-01-01,OP-102,PUT_AWAY,NORMAL
PA-007933,2026-09-01 20:53:47,SKU-00064,10,C-01-03-01,OP-103,PUT_AWAY,NORMAL
PA-000964,2026-09-01 20:53:52,SKU-00143,3,D-10-03-02,OP-102,PUT_AWAY,NORMAL
PA-004998,2026-09-01 20:53:52,SKU-00803,4,A-02-02-01,OP-107,PUT_AWAY,NORMAL
PA-008012,2026-09-01 20:53:57,SKU-01835,3,F-03-03-02,OP-101,PUT_AWAY,NORMAL
PA-004377,2026-09-01 20:54:06,SKU-01986,6,B-02-05-01,OP-107,PUT_AWAY,NORMAL
PA-008219,2026-09-01 20:54:08,SKU-00957,6,D-04-01-02,OP-107,PUT_AWAY,NORMAL
PA-000987,2026-09-01 20:54:11,SKU-00050,2,B-08-04-01,OP-101,PUT_AWAY,NORMAL
PA-005419,2026-09-01 20:54:45,SKU-00650,4,E-10-03-02,OP-101,PUT_AWAY,NORMAL
PA-001153,2026-09-01 20:55:11,SKU-01757,1,F-04-04-01,OP-101,PUT_AWAY,NORMAL
PA-008790,2026-09-01 20:55:27,SKU-01605,4,E-03-04-02,OP-103,PUT_AWAY,NORMAL
PA-001513,2026-09-01 20:55:28,SKU-00832,8,D-07-04-02,OP-107,PUT_AWAY,NORMAL
PA-006748,2026-09-01 20:56:07,SKU-01412,4,E-06-01-01,OP-107,PUT_AWAY,NORMAL
PA-004686,2026-09-01 20:56:09,SKU-00827,4,F-01-05-01,OP-102,PUT_AWAY,NORMAL
PA-001174,2026-09-01 20:56:13,SKU-01581,8,B-06-05-01,OP-107,PUT_AWAY,NORMAL
PA-001567,2026-09-01 20:56:58,SKU-01788,3,F-08-03-01,OP-104,PUT_AWAY,NORMAL
PA-004727,2026-09-01 20:57:26,SKU-00172,9,A-04-03-01,OP-107,PUT_AWAY,NORMAL
PA-003726,2026-09-01 20:57:26,SKU-00357,10,C-05-01-02,OP-108,PUT_AWAY,NORMAL
PA-008561,2026-09-01 20:57:51,SKU-00176,2,C-08-01-01,OP-102,PUT_AWAY,NORMAL
PA-008759,2026-09-01 20:58:00,SKU-01251,1,F-04-05-02,OP-104,PUT_AWAY,NORMAL
PA-007740,2026-09-01 20:58:12,SKU-00085,6,F-02-01-02,OP-105,PUT_AWAY,NORMAL
PA-000966,2026-09-01 20:58:12,SKU-01373,4,E-01-03-02,OP-105,PUT_AWAY,NORMAL
PA-000442,2026-09-01 20:58:25,SKU-01518,7,E-07-01-02,OP-102,PUT_AWAY,NORMAL
PA-003263,2026-09-01 20:58:27,SKU-01312,7,F-02-02-01,OP-107,PUT_AWAY,NORMAL
PA-001134,2026-09-01 20:58:51,SKU-01853,10,E-09-03-01,OP-106,PUT_AWAY,NORMAL
PA-007198,2026-09-01 20:59:02,SKU-00602,1,F-04-05-01,OP-107,PUT_AWAY,NORMAL
PA-000536,2026-09-01 20:59:17,SKU-00662,8,E-02-05-02,OP-103,PUT_AWAY,NORMAL
PA-007448,2026-09-01 20:59:34,SKU-01084,10,D-02-03-01,OP-107,PUT_AWAY,NORMAL
PA-007183,2026-09-01 20:59:47,SKU-01257,3,A-01-02-01,OP-101,PUT_AWAY,NORMAL
PA-007847,2026-09-01 20:59:55,SKU-00442,4,E-02-05-01,OP-105,PUT_AWAY,NORMAL
PA-007700,2026-09-01 21:00:07,SKU-00384,5,F-02-05-02,OP-104,PUT_AWAY,NORMAL
PA-003567,2026-09-01 21:00:10,SKU-01724,8,F-07-01-01,OP-106,PUT_AWAY,NORMAL
PA-006024,2026-09-01 21:00:21,SKU-00406,9,F-08-03-01,OP-102,PUT_AWAY,NORMAL
PA-004582,2026-09-01 21:00:35,SKU-01694,10,E-02-01-02,OP-102,PUT_AWAY,NORMAL
PA-005893,2026-09-01 21:00:56,SKU-00685,7,A-03-01-01,OP-105,PUT_AWAY,NORMAL
PA-008589,2026-09-01 21:01:08,SKU-00224,6,A-06-05-02,OP-103,PUT_AWAY,NORMAL
PA-008655,2026-09-01 21:01:14,SKU-01360,10,A-09-02-02,OP-104,PUT_AWAY,NORMAL
PA-007096,2026-09-01 21:01:27,SKU-00057,1,B-10-03-02,OP-102,PUT_AWAY,NORMAL
PA-008268,2026-09-01 21:01:45,SKU-00504,6,B-07-01-01,OP-104,PUT_AWAY,NORMAL
PA-000770,2026-09-01 21:02:00,SKU-01740,7,A-06-02-02,OP-103,PUT_AWAY,NORMAL
PA-007106,2026-09-01 21:03:06,SKU-01434,8,C-06-03-01,OP-105,PUT_AWAY,NORMAL
PA-007910,2026-09-01 21:03:11,SKU-00237,1,C-05-02-02,OP-103,PUT_AWAY,NORMAL
PA-000690,2026-09-01 21:03:14,SKU-01943,10,D-09-05-01,OP-101,PUT_AWAY,NORMAL
PA-003654,2026-09-01 21:03:50,SKU-01245,3,E-09-04-02,OP-108,PUT_AWAY,NORMAL
PA-000280,2026-09-01 21:04:25,SKU-01652,10,B-04-02-01,OP-108,PUT_AWAY,NORMAL
PA-001035,2026-09-01 21:04:46,SKU-01937,3,C-09-03-01,OP-102,PUT_AWAY,NORMAL
PA-002234,2026-09-01 21:05:00,SKU-01853,7,E-09-03-01,OP-106,PUT_AWAY,NORMAL
PA-006851,2026-09-01 21:05:17,SKU-00499,10,F-08-01-01,OP-104,PUT_AWAY,NORMAL
PA-005426,2026-09-01 21:05:18,SKU-00349,7,C-08-03-02,OP-105,PUT_AWAY,NORMAL
PA-002079,2026-09-01 21:05:21,SKU-00256,1,B-07-05-01,OP-107,PUT_AWAY,NORMAL
PA-007085,2026-09-01 21:05:23,SKU-00939,3,B-07-04-01,OP-103,PUT_AWAY,NORMAL
PA-000941,2026-09-01 21:05:30,SKU-00079,8,C-10-02-01,OP-103,PUT_AWAY,NORMAL
PA-005819,2026-09-01 21:05:46,SKU-00219,6,F-09-04-02,OP-102,PUT_AWAY,NORMAL
PA-003692,2026-09-01 21:05:50,SKU-01491,10,E-04-05-01,OP-103,PUT_AWAY,NORMAL
PA-000129,2026-09-01 21:06:20,SKU-01258,6,E-08-02-01,OP-105,PUT_AWAY,NORMAL
PA-007549,2026-09-01 21:06:44,SKU-01221,3,D-02-02-01,OP-102,PUT_AWAY,NORMAL
PA-007680,2026-09-01 21:07:02,SKU-01848,2,A-08-02-01,OP-104,PUT_AWAY,NORMAL
PA-007471,2026-09-01 21:08:12,SKU-00008,3,E-06-03-02,OP-107,PUT_AWAY,NORMAL
PA-005500,2026-09-01 21:08:22,SKU-01863,9,A-08-03-02,OP-105,PUT_AWAY,NORMAL
PA-000754,2026-09-01 21:09:12,SKU-01854,7,D-06-01-02,OP-107,PUT_AWAY,NORMAL
PA-007314,2026-09-01 21:09:17,SKU-01127,1,F-02-02-02,OP-103,PUT_AWAY,NORMAL
PA-003749,2026-09-01 21:09:25,SKU-01994,10,C-06-01-01,OP-104,PUT_AWAY,NORMAL
PA-008418,2026-09-01 21:09:30,SKU-01204,6,E-07-01-01,OP-102,PUT_AWAY,NORMAL
PA-004672,2026-09-01 21:09:43,SKU-01337,8,E-05-05-02,OP-103,PUT_AWAY,NORMAL
PA-003388,2026-09-01 21:09:49,SKU-00260,3,B-01-01-02,OP-107,PUT_AWAY,NORMAL
PA-003656,2026-09-01 21:09:50,SKU-01589,9,B-06-02-01,OP-107,PUT_AWAY,NORMAL
PA-003313,2026-09-01 21:09:55,SKU-00183,10,B-04-03-02,OP-102,PUT_AWAY,NORMAL
PA-005233,2026-09-01 21:09:58,SKU-00384,6,F-02-05-02,OP-105,PUT_AWAY,NORMAL
PA-001930,2026-09-01 21:10:16,SKU-00820,1,C-09-01-01,OP-106,PUT_AWAY,NORMAL
PA-004651,2026-09-01 21:10:25,SKU-01306,9,F-05-01-02,OP-107,PUT_AWAY,NORMAL
PA-002032,2026-09-01 21:10:31,SKU-01547,9,C-05-01-02,OP-101,PUT_AWAY,NORMAL
PA-003866,2026-09-01 21:10:38,SKU-01137,5,E-08-03-01,OP-105,PUT_AWAY,NORMAL
PA-001040,2026-09-01 21:10:43,SKU-00706,5,B-05-04-01,OP-107,PUT_AWAY,NORMAL
PA-000380,2026-09-01 21:11:25,SKU-00323,5,D-01-02-01,OP-105,PUT_AWAY,NORMAL
PA-007763,2026-09-01 21:11:28,SKU-00719,5,E-06-02-01,OP-102,PUT_AWAY,NORMAL
PA-003704,2026-09-01 21:11:43,SKU-01943,3,D-09-05-01,OP-107,PUT_AWAY,NORMAL
PA-000527,2026-09-01 21:12:03,SKU-00006,10,F-06-03-02,OP-102,PUT_AWAY,NORMAL
PA-006100,2026-09-01 21:12:24,SKU-01616,4,C-03-04-02,OP-108,PUT_AWAY,NORMAL
PA-000952,2026-09-01 21:12:25,SKU-01416,4,D-02-03-02,OP-108,PUT_AWAY,NORMAL
PA-001640,2026-09-01 21:12:51,SKU-00425,6,B-04-02-01,OP-104,PUT_AWAY,NORMAL
PA-003799,2026-09-01 21:13:00,SKU-01885,4,D-01-05-02,OP-103,PUT_AWAY,NORMAL
PA-004120,2026-09-01 21:13:09,SKU-00858,10,C-01-04-01,OP-107,PUT_AWAY,NORMAL
PA-001520,2026-09-01 21:13:30,SKU-00994,2,A-05-02-01,OP-106,PUT_AWAY,NORMAL
PA-006959,2026-09-01 21:13:34,SKU-01697,3,A-03-04-02,OP-105,PUT_AWAY,NORMAL
PA-006671,2026-09-01 21:14:37,SKU-01646,7,F-05-03-02,OP-106,PUT_AWAY,NORMAL
PA-003523,2026-09-01 21:15:12,SKU-00800,5,E-05-03-01,OP-101,PUT_AWAY,NORMAL
PA-007508,2026-09-01 21:15:39,SKU-00652,6,A-01-04-01,OP-105,PUT_AWAY,NORMAL
PA-005840,2026-09-01 21:16:03,SKU-01452,1,B-06-03-01,OP-107,PUT_AWAY,NORMAL
PA-008690,2026-09-01 21:16:12,SKU-01424,2,C-10-01-01,OP-106,PUT_AWAY,NORMAL
PA-005271,2026-09-01 21:16:16,SKU-01955,6,F-04-02-01,OP-104,PUT_AWAY,NORMAL
PA-001334,2026-09-01 21:16:30,SKU-00289,8,B-09-05-01,OP-101,PUT_AWAY,NORMAL
PA-003786,2026-09-01 21:16:59,SKU-01073,3,A-09-05-01,OP-102,PUT_AWAY,NORMAL
PA-003236,2026-09-01 21:17:09,SKU-01606,9,B-03-01-02,OP-106,PUT_AWAY,NORMAL
PA-008559,2026-09-01 21:17:26,SKU-01621,7,B-10-04-02,OP-103,PUT_AWAY,NORMAL
PA-005727,2026-09-01 21:17:40,SKU-00394,10,F-01-05-01,OP-106,PUT_AWAY,NORMAL
PA-003678,2026-09-01 21:17:45,SKU-01412,7,E-06-01-01,OP-103,PUT_AWAY,NORMAL
PA-008293,2026-09-01 21:18:06,SKU-01539,9,F-03-03-02,OP-105,PUT_AWAY,NORMAL
PA-000834,2026-09-01 21:18:27,SKU-01183,1,A-04-05-01,OP-102,PUT_AWAY,NORMAL
PA-004945,2026-09-01 21:18:51,SKU-00492,9,F-01-05-01,OP-103,PUT_AWAY,NORMAL
PA-000447,2026-09-01 21:18:56,SKU-01623,2,B-02-05-02,OP-106,PUT_AWAY,NORMAL
PA-001325,2026-09-01 21:19:53,SKU-00097,4,A-02-01-01,OP-108,PUT_AWAY,NORMAL
PA-002915,2026-09-01 21:20:09,SKU-00709,1,F-04-04-01,OP-102,PUT_AWAY,NORMAL
PA-001272,2026-09-01 21:20:11,SKU-00898,1,B-09-02-02,OP-102,PUT_AWAY,NORMAL
PA-007712,2026-09-01 21:20:22,SKU-01435,4,E-07-04-02,OP-102,PUT_AWAY,NORMAL
PA-006379,2026-09-01 21:20:54,SKU-00314,6,C-05-04-01,OP-107,PUT_AWAY,NORMAL
PA-008243,2026-09-01 21:21:04,SKU-00128,6,F-03-05-02,OP-104,PUT_AWAY,NORMAL
PA-002134,2026-09-01 21:21:35,SKU-01867,9,A-08-05-02,OP-105,PUT_AWAY,NORMAL
PA-002751,2026-09-01 21:22:09,SKU-00401,6,B-08-05-01,OP-101,PUT_AWAY,NORMAL
PA-000178,2026-09-01 21:22:53,SKU-01681,5,E-02-03-01,OP-107,PUT_AWAY,NORMAL
PA-006759,2026-09-01 21:22:56,SKU-01335,9,D-02-01-01,OP-108,PUT_AWAY,NORMAL
PA-002419,2026-09-01 21:23:03,SKU-01295,3,A-03-02-01,OP-105,PUT_AWAY,NORMAL
PA-003920,2026-09-01 21:23:04,SKU-01731,1,D-03-01-01,OP-107,PUT_AWAY,NORMAL
PA-000256,2026-09-01 21:23:12,SKU-00929,2,F-08-05-02,OP-105,PUT_AWAY,NORMAL
PA-007221,2026-09-01 21:24:22,SKU-00113,10,E-03-01-02,OP-102,PUT_AWAY,NORMAL
PA-008793,2026-09-01 21:24:35,SKU-00396,3,B-03-03-01,OP-101,PUT_AWAY,NORMAL
PA-000312,2026-09-01 21:24:45,SKU-00714,10,F-07-03-01,OP-105,PUT_AWAY,NORMAL
PA-008267,2026-09-01 21:24:51,SKU-00675,5,E-02-01-01,OP-106,PUT_AWAY,NORMAL
PA-001545,2026-09-01 21:25:18,SKU-01189,2,D-03-04-02,OP-103,PUT_AWAY,NORMAL
PA-008594,2026-09-01 21:25:26,SKU-01239,6,E-08-02-01,OP-105,PUT_AWAY,NORMAL
PA-007512,2026-09-01 21:25:58,SKU-00773,8,F-02-04-01,OP-107,PUT_AWAY,NORMAL
PA-006833,2026-09-01 21:27:19,SKU-01142,6,C-03-04-01,OP-107,PUT_AWAY,NORMAL
PA-005586,2026-09-01 21:27:24,SKU-00695,5,C-07-02-01,OP-105,PUT_AWAY,NORMAL
PA-001400,2026-09-01 21:27:48,SKU-00218,3,F-05-05-02,OP-104,PUT_AWAY,NORMAL
PA-000165,2026-09-01 21:28:23,SKU-01089,8,A-02-01-02,OP-107,PUT_AWAY,NORMAL
PA-007810,2026-09-01 21:28:35,SKU-01252,4,C-02-01-02,OP-107,PUT_AWAY,NORMAL
PA-003197,2026-09-01 21:29:19,SKU-00879,6,F-08-02-01,OP-104,PUT_AWAY,NORMAL
PA-003118,2026-09-01 21:29:58,SKU-01604,1,B-06-05-02,OP-106,PUT_AWAY,NORMAL
PA-007297,2026-09-01 21:29:59,SKU-00714,9,F-07-03-01,OP-104,PUT_AWAY,NORMAL
PA-000780,2026-09-01 21:30:39,SKU-00554,5,F-10-02-01,OP-102,PUT_AWAY,NORMAL
PA-005359,2026-09-01 21:30:48,SKU-01104,5,E-09-03-01,OP-106,PUT_AWAY,NORMAL
PA-007893,2026-09-01 21:30:54,SKU-01281,7,D-08-03-02,OP-106,PUT_AWAY,NORMAL
PA-008481,2026-09-01 21:30:58,SKU-01281,10,D-08-03-02,OP-102,PUT_AWAY,NORMAL
PA-007018,2026-09-01 21:31:23,SKU-01527,8,C-05-04-01,OP-103,PUT_AWAY,NORMAL
PA-005709,2026-09-01 21:31:32,SKU-00682,9,C-02-04-01,OP-102,PUT_AWAY,NORMAL
PA-000363,2026-09-01 21:31:33,SKU-01446,5,C-06-02-02,OP-105,PUT_AWAY,NORMAL
PA-003588,2026-09-01 21:31:51,SKU-01682,7,E-01-04-02,OP-103,PUT_AWAY,NORMAL
PA-006598,2026-09-01 21:32:01,SKU-00505,2,E-06-02-02,OP-107,PUT_AWAY,NORMAL
PA-005958,2026-09-01 21:32:22,SKU-01183,5,A-04-05-01,OP-108,PUT_AWAY,NORMAL
PA-004271,2026-09-01 21:32:33,SKU-00813,3,A-06-04-02,OP-103,PUT_AWAY,NORMAL
PA-007693,2026-09-01 21:32:56,SKU-00214,2,D-10-04-01,OP-108,PUT_AWAY,NORMAL
PA-005022,2026-09-01 21:33:07,SKU-01612,6,A-10-02-02,OP-104,PUT_AWAY,NORMAL
PA-000077,2026-09-01 21:34:01,SKU-00847,10,C-04-04-01,OP-104,PUT_AWAY,NORMAL
PA-008540,2026-09-01 21:34:03,SKU-01770,1,B-03-04-02,OP-105,PUT_AWAY,NORMAL
PA-001621,2026-09-01 21:34:25,SKU-00445,2,D-03-02-01,OP-105,PUT_AWAY,NORMAL
PA-003404,2026-09-01 21:34:31,SKU-00742,8,F-05-02-02,OP-107,PUT_AWAY,NORMAL
PA-005947,2026-09-01 21:34:57,SKU-01742,10,E-03-01-01,OP-106,PUT_AWAY,NORMAL
PA-008291,2026-09-01 21:35:32,SKU-00539,3,A-10-04-02,OP-104,PUT_AWAY,NORMAL
PA-005818,2026-09-01 21:36:22,SKU-01343,9,F-08-03-02,OP-101,PUT_AWAY,NORMAL
PA-007155,2026-09-01 21:36:27,SKU-01931,10,D-06-05-02,OP-107,PUT_AWAY,NORMAL
PA-000967,2026-09-01 21:36:28,SKU-01593,10,F-10-03-01,OP-105,PUT_AWAY,NORMAL
PA-002139,2026-09-01 21:36:28,SKU-01937,8,C-09-03-01,OP-101,PUT_AWAY,NORMAL
PA-006544,2026-09-01 21:36:54,SKU-01246,7,E-03-03-01,OP-102,PUT_AWAY,NORMAL
PA-002197,2026-09-01 21:36:57,SKU-01763,2,E-10-04-01,OP-104,PUT_AWAY,NORMAL
PA-000687,2026-09-01 21:37:08,SKU-00066,2,C-03-02-02,OP-108,PUT_AWAY,NORMAL
PA-002491,2026-09-01 21:37:35,SKU-00254,3,B-03-05-02,OP-106,PUT_AWAY,NORMAL
PA-003383,2026-09-01 21:37:55,SKU-01794,10,E-05-05-02,OP-105,PUT_AWAY,NORMAL
PA-007223,2026-09-01 21:38:20,SKU-00409,5,A-06-05-01,OP-103,PUT_AWAY,NORMAL
PA-000402,2026-09-01 21:38:31,SKU-01407,3,B-06-05-01,OP-106,PUT_AWAY,NORMAL
PA-008070,2026-09-01 21:38:37,SKU-00295,7,D-09-02-02,OP-104,PUT_AWAY,NORMAL
PA-007523,2026-09-01 21:38:43,SKU-01834,4,C-07-02-01,OP-106,PUT_AWAY,NORMAL
PA-005595,2026-09-01 21:38:52,SKU-01245,9,E-09-04-02,OP-105,PUT_AWAY,NORMAL
PA-004004,2026-09-01 21:39:07,SKU-01317,7,F-10-04-02,OP-101,PUT_AWAY,NORMAL
PA-000384,2026-09-01 21:39:15,SKU-00939,10,B-07-04-01,OP-108,PUT_AWAY,NORMAL
PA-007922,2026-09-01 21:39:21,SKU-01712,2,A-09-02-02,OP-106,PUT_AWAY,NORMAL
PA-000624,2026-09-01 21:40:14,SKU-01993,8,F-04-01-01,OP-105,PUT_AWAY,NORMAL
PA-000226,2026-09-01 21:40:15,SKU-00690,7,E-04-01-02,OP-105,PUT_AWAY,NORMAL
PA-008917,2026-09-01 21:40:18,SKU-00576,10,B-08-05-02,OP-102,PUT_AWAY,NORMAL
PA-005313,2026-09-01 21:40:43,SKU-01011,5,F-06-02-01,OP-104,PUT_AWAY,NORMAL
PA-004039,2026-09-01 21:40:49,SKU-00711,6,E-04-02-01,OP-108,PUT_AWAY,NORMAL
PA-002905,2026-09-01 21:41:38,SKU-00098,4,F-03-05-01,OP-101,PUT_AWAY,NORMAL
PA-001235,2026-09-01 21:41:50,SKU-01851,7,B-09-04-01,OP-103,PUT_AWAY,NORMAL
PA-008106,2026-09-01 21:41:50,SKU-00501,6,E-02-02-02,OP-104,PUT_AWAY,NORMAL
PA-008930,2026-09-01 21:41:55,SKU-01319,7,B-05-04-02,OP-105,PUT_AWAY,NORMAL
PA-002787,2026-09-01 21:42:03,SKU-00315,2,B-01-03-01,OP-103,PUT_AWAY,NORMAL
PA-006357,2026-09-01 21:42:43,SKU-01505,7,B-06-02-01,OP-101,PUT_AWAY,NORMAL
PA-003700,2026-09-01 21:43:52,SKU-00239,2,D-06-05-01,OP-107,PUT_AWAY,NORMAL
PA-000568,2026-09-01 21:43:53,SKU-01394,10,E-04-04-01,OP-103,PUT_AWAY,NORMAL
PA-004168,2026-09-01 21:44:04,SKU-00473,7,B-06-01-01,OP-107,PUT_AWAY,NORMAL
PA-008233,2026-09-01 21:44:25,SKU-00512,9,F-06-05-02,OP-104,PUT_AWAY,NORMAL
PA-007210,2026-09-01 21:44:36,SKU-01431,5,E-01-03-02,OP-104,PUT_AWAY,NORMAL
PA-006836,2026-09-01 21:45:24,SKU-00689,4,C-08-01-01,OP-103,PUT_AWAY,NORMAL
PA-000881,2026-09-01 21:45:28,SKU-01684,7,E-06-02-01,OP-108,PUT_AWAY,NORMAL
PA-000061,2026-09-01 21:45:39,SKU-01995,2,C-10-05-01,OP-103,PUT_AWAY,NORMAL
PA-006547,2026-09-01 21:45:42,SKU-01544,10,B-03-05-02,OP-105,PUT_AWAY,NORMAL
PA-004306,2026-09-01 21:45:48,SKU-01647,3,F-10-05-01,OP-103,PUT_AWAY,NORMAL
PA-008430,2026-09-01 21:45:48,SKU-00352,9,D-01-02-02,OP-102,PUT_AWAY,NORMAL
PA-008731,2026-09-01 21:46:27,SKU-00141,8,A-08-05-01,OP-108,PUT_AWAY,NORMAL
PA-002743,2026-09-01 21:46:44,SKU-00027,3,B-05-04-01,OP-103,PUT_AWAY,NORMAL
PA-007374,2026-09-01 21:46:48,SKU-00080,3,C-01-02-02,OP-107,PUT_AWAY,NORMAL
PA-001649,2026-09-01 21:47:08,SKU-00619,3,E-01-05-01,OP-107,PUT_AWAY,NORMAL
PA-000970,2026-09-01 21:47:14,SKU-01624,9,F-06-01-02,OP-101,PUT_AWAY,NORMAL
PA-007173,2026-09-01 21:47:54,SKU-00251,4,D-06-04-02,OP-106,PUT_AWAY,NORMAL
PA-004242,2026-09-01 21:48:08,SKU-01667,4,C-04-01-01,OP-103,PUT_AWAY,NORMAL
PA-003265,2026-09-01 21:48:13,SKU-01227,6,F-06-04-01,OP-107,PUT_AWAY,NORMAL
PA-007658,2026-09-01 21:48:16,SKU-00431,6,B-05-04-02,OP-106,PUT_AWAY,NORMAL
PA-007456,2026-09-01 21:48:57,SKU-01977,1,E-09-05-02,OP-101,PUT_AWAY,NORMAL
PA-007709,2026-09-01 21:49:37,SKU-00381,8,A-04-05-02,OP-107,PUT_AWAY,NORMAL
PA-006281,2026-09-01 21:49:57,SKU-00089,6,A-02-04-02,OP-105,PUT_AWAY,NORMAL
PA-007931,2026-09-01 21:50:20,SKU-01827,9,D-05-01-02,OP-106,PUT_AWAY,NORMAL
PA-005905,2026-09-01 21:50:27,SKU-00360,10,D-07-04-02,OP-106,PUT_AWAY,NORMAL
PA-003017,2026-09-01 21:51:11,SKU-01570,5,B-09-02-02,OP-103,PUT_AWAY,NORMAL
PA-004056,2026-09-01 21:51:15,SKU-00890,5,C-02-03-01,OP-102,PUT_AWAY,NORMAL
PA-000259,2026-09-01 21:51:22,SKU-00498,7,E-10-04-02,OP-105,PUT_AWAY,NORMAL
PA-002522,2026-09-01 21:51:36,SKU-01032,4,C-09-05-02,OP-105,PUT_AWAY,NORMAL
PA-005489,2026-09-01 21:51:42,SKU-01800,10,B-04-01-02,OP-103,PUT_AWAY,NORMAL
PA-003659,2026-09-01 21:51:58,SKU-00167,9,F-04-04-01,OP-107,PUT_AWAY,NORMAL
PA-008943,2026-09-01 21:52:39,SKU-01184,1,C-04-01-01,OP-101,PUT_AWAY,NORMAL
PA-006787,2026-09-01 21:52:48,SKU-01870,5,C-09-03-02,OP-101,PUT_AWAY,NORMAL
PA-001463,2026-09-01 21:53:02,SKU-01327,5,F-05-04-02,OP-102,PUT_AWAY,NORMAL
PA-001788,2026-09-01 21:53:33,SKU-01342,8,A-01-04-02,OP-102,PUT_AWAY,NORMAL
PA-000846,2026-09-01 21:53:35,SKU-01925,7,A-03-04-02,OP-105,PUT_AWAY,NORMAL
PA-008324,2026-09-01 21:53:54,SKU-00428,4,B-04-04-02,OP-107,PUT_AWAY,NORMAL
PA-003849,2026-09-01 21:54:09,SKU-01802,9,B-07-01-01,OP-106,PUT_AWAY,NORMAL
PA-001445,2026-09-01 21:54:16,SKU-00649,3,F-10-04-01,OP-103,PUT_AWAY,NORMAL
PA-007877,2026-09-01 21:54:17,SKU-00991,10,D-09-05-02,OP-102,PUT_AWAY,NORMAL
PA-007842,2026-09-01 21:54:18,SKU-00658,3,F-04-02-02,OP-105,PUT_AWAY,NORMAL
PA-006137,2026-09-01 21:54:34,SKU-00875,9,B-05-02-01,OP-103,PUT_AWAY,NORMAL
PA-002849,2026-09-01 21:54:45,SKU-01931,10,D-06-05-02,OP-105,PUT_AWAY,NORMAL
PA-004489,2026-09-01 21:55:12,SKU-00775,8,D-10-01-01,OP-104,PUT_AWAY,NORMAL
PA-001982,2026-09-01 21:56:14,SKU-00297,3,F-04-05-02,OP-107,PUT_AWAY,NORMAL
PA-001489,2026-09-01 21:56:16,SKU-01323,9,C-06-03-01,OP-103,PUT_AWAY,NORMAL
PA-001287,2026-09-01 21:56:37,SKU-01981,4,F-06-03-02,OP-108,PUT_AWAY,NORMAL
PA-002593,2026-09-01 21:56:54,SKU-01155,3,F-02-02-02,OP-103,PUT_AWAY,NORMAL
PA-003878,2026-09-01 21:56:55,SKU-00416,5,D-04-02-02,OP-106,PUT_AWAY,NORMAL
PA-008510,2026-09-01 21:57:01,SKU-00846,6,B-10-02-01,OP-105,PUT_AWAY,NORMAL
PA-003483,2026-09-01 21:57:06,SKU-01187,1,E-01-05-02,OP-105,PUT_AWAY,NORMAL
PA-001026,2026-09-01 21:57:08,SKU-00246,10,F-04-05-01,OP-106,PUT_AWAY,NORMAL
PA-003445,2026-09-01 21:57:20,SKU-01064,4,A-01-05-01,OP-107,PUT_AWAY,NORMAL
PA-001193,2026-09-01 21:57:25,SKU-01204,10,E-07-01-01,OP-104,PUT_AWAY,NORMAL
PA-007710,2026-09-01 21:59:24,SKU-00384,9,F-02-05-02,OP-103,PUT_AWAY,NORMAL
PA-002761,2026-09-01 22:00:06,SKU-00764,7,A-01-03-01,OP-103,PUT_AWAY,NORMAL
PA-005644,2026-09-01 22:00:29,SKU-00210,2,C-08-01-02,OP-108,PUT_AWAY,NORMAL
PA-001160,2026-09-01 22:00:38,SKU-01990,3,D-02-04-02,OP-107,PUT_AWAY,NORMAL
PA-002680,2026-09-01 22:01:14,SKU-01535,8,E-04-05-01,OP-104,PUT_AWAY,NORMAL
PA-004417,2026-09-01 22:01:28,SKU-00447,8,E-07-04-02,OP-102,PUT_AWAY,NORMAL
PA-004534,2026-09-01 22:01:58,SKU-00534,5,B-09-05-01,OP-101,PUT_AWAY,NORMAL
PA-007044,2026-09-01 22:02:09,SKU-01289,3,E-02-02-01,OP-108,PUT_AWAY,NORMAL
PA-003607,2026-09-01 22:02:54,SKU-00589,1,B-05-03-01,OP-101,PUT_AWAY,NORMAL
PA-001157,2026-09-01 22:03:06,SKU-00365,10,E-06-02-01,OP-105,PUT_AWAY,NORMAL
PA-006476,2026-09-01 22:03:08,SKU-01818,5,A-10-03-02,OP-102,PUT_AWAY,NORMAL
PA-006090,2026-09-01 22:03:35,SKU-00662,6,E-02-05-02,OP-108,PUT_AWAY,NORMAL
PA-002818,2026-09-01 22:03:46,SKU-00541,8,E-05-02-01,OP-104,PUT_AWAY,NORMAL
PA-007068,2026-09-01 22:03:55,SKU-01043,3,E-05-05-02,OP-103,PUT_AWAY,NORMAL
PA-005114,2026-09-01 22:04:03,SKU-00315,6,B-01-03-01,OP-105,PUT_AWAY,NORMAL
PA-008982,2026-09-01 22:04:09,SKU-01984,8,F-04-01-02,OP-103,PUT_AWAY,NORMAL
PA-001516,2026-09-01 22:04:23,SKU-00167,4,F-04-04-01,OP-104,PUT_AWAY,NORMAL
PA-006622,2026-09-01 22:04:37,SKU-00222,1,E-08-05-02,OP-107,PUT_AWAY,NORMAL
PA-007424,2026-09-01 22:05:20,SKU-01678,10,F-08-01-01,OP-108,PUT_AWAY,NORMAL
PA-003246,2026-09-01 22:05:36,SKU-00702,6,C-01-02-02,OP-102,PUT_AWAY,NORMAL
PA-008919,2026-09-01 22:05:46,SKU-00863,8,D-08-01-02,OP-102,PUT_AWAY,NORMAL
PA-005830,2026-09-01 22:05:50,SKU-00458,3,F-07-03-02,OP-107,PUT_AWAY,NORMAL
PA-004881,2026-09-01 22:06:50,SKU-00838,3,A-03-03-02,OP-106,PUT_AWAY,NORMAL
PA-002536,2026-09-01 22:06:58,SKU-01106,5,D-09-02-01,OP-106,PUT_AWAY,NORMAL
PA-002509,2026-09-01 22:07:13,SKU-01681,6,E-02-03-01,OP-103,PUT_AWAY,NORMAL
PA-000556,2026-09-01 22:07:15,SKU-01351,10,A-09-02-01,OP-107,PUT_AWAY,NORMAL
PA-007839,2026-09-01 22:07:21,SKU-01155,8,F-02-02-02,OP-104,PUT_AWAY,NORMAL
PA-003110,2026-09-01 22:07:29,SKU-01024,1,B-03-02-02,OP-104,PUT_AWAY,NORMAL
PA-004864,2026-09-01 22:08:17,SKU-00075,3,B-06-02-02,OP-106,PUT_AWAY,NORMAL
PA-008123,2026-09-01 22:08:27,SKU-01371,4,B-09-03-02,OP-107,PUT_AWAY,NORMAL
PA-000172,2026-09-01 22:08:35,SKU-00009,10,C-09-05-02,OP-103,PUT_AWAY,NORMAL
PA-002453,2026-09-01 22:08:58,SKU-00815,3,D-09-04-02,OP-102,PUT_AWAY,NORMAL
PA-003969,2026-09-01 22:09:01,SKU-01284,2,D-08-02-02,OP-106,PUT_AWAY,NORMAL
PA-000513,2026-09-01 22:09:18,SKU-00248,1,F-01-01-02,OP-104,PUT_AWAY,NORMAL
PA-008672,2026-09-01 22:09:51,SKU-00647,1,D-05-03-02,OP-106,PUT_AWAY,NORMAL
PA-003184,2026-09-01 22:11:00,SKU-01503,4,B-10-04-01,OP-102,PUT_AWAY,NORMAL
PA-001877,2026-09-01 22:11:06,SKU-01788,6,F-08-03-01,OP-106,PUT_AWAY,NORMAL
PA-004307,2026-09-01 22:11:49,SKU-01564,10,A-07-03-02,OP-105,PUT_AWAY,NORMAL
PA-004777,2026-09-01 22:12:02,SKU-00279,1,A-03-05-02,OP-107,PUT_AWAY,NORMAL
PA-005926,2026-09-01 22:12:47,SKU-01655,7,A-09-05-02,OP-108,PUT_AWAY,NORMAL
PA-002825,2026-09-01 22:13:09,SKU-00292,6,F-05-02-02,OP-104,PUT_AWAY,NORMAL
PA-006256,2026-09-01 22:13:25,SKU-01733,9,C-01-01-02,OP-101,PUT_AWAY,NORMAL
PA-004006,2026-09-01 22:13:33,SKU-00925,8,E-06-03-02,OP-106,PUT_AWAY,NORMAL
PA-005943,2026-09-01 22:15:23,SKU-00305,6,E-05-05-01,OP-105,PUT_AWAY,NORMAL
PA-008489,2026-09-01 22:15:48,SKU-01765,5,E-04-05-01,OP-102,PUT_AWAY,NORMAL
PA-006425,2026-09-01 22:16:03,SKU-00560,6,A-01-05-01,OP-103,PUT_AWAY,NORMAL
PA-001071,2026-09-01 22:16:08,SKU-00357,6,C-05-01-02,OP-108,PUT_AWAY,NORMAL
PA-007526,2026-09-01 22:16:09,SKU-00053,9,A-07-02-01,OP-106,PUT_AWAY,NORMAL
PA-003568,2026-09-01 22:16:17,SKU-01816,6,F-02-02-02,OP-103,PUT_AWAY,NORMAL
PA-004620,2026-09-01 22:17:02,SKU-01694,10,E-02-01-02,OP-102,PUT_AWAY,NORMAL
PA-001750,2026-09-01 22:17:30,SKU-00910,1,E-01-04-02,OP-101,PUT_AWAY,NORMAL
PA-005073,2026-09-01 22:17:37,SKU-00643,9,B-10-03-01,OP-103,PUT_AWAY,NORMAL
PA-007163,2026-09-01 22:17:44,SKU-01770,1,B-03-04-02,OP-102,PUT_AWAY,NORMAL
PA-005274,2026-09-01 22:17:47,SKU-00374,8,A-01-03-01,OP-106,PUT_AWAY,NORMAL
PA-004252,2026-09-01 22:17:56,SKU-01155,9,F-02-02-02,OP-106,PUT_AWAY,NORMAL
PA-000747,2026-09-01 22:17:58,SKU-00043,3,D-10-03-02,OP-105,PUT_AWAY,NORMAL
PA-004453,2026-09-01 22:18:15,SKU-01672,5,D-03-04-01,OP-107,PUT_AWAY,NORMAL
PA-001820,2026-09-01 22:18:16,SKU-00155,6,F-01-03-02,OP-106,PUT_AWAY,NORMAL
PA-007773,2026-09-01 22:18:25,SKU-00723,10,E-02-03-02,OP-102,PUT_AWAY,NORMAL
PA-005861,2026-09-01 22:18:45,SKU-01121,5,D-10-03-01,OP-107,PUT_AWAY,NORMAL
PA-000322,2026-09-01 22:20:01,SKU-01902,3,D-08-02-02,OP-105,PUT_AWAY,NORMAL
PA-006860,2026-09-01 22:20:07,SKU-01544,1,B-03-05-02,OP-108,PUT_AWAY,NORMAL
PA-006438,2026-09-01 22:20:39,SKU-00558,5,F-03-02-02,OP-101,PUT_AWAY,NORMAL
PA-000598,2026-09-01 22:20:43,SKU-00548,4,C-08-01-02,OP-104,PUT_AWAY,NORMAL
PA-003206,2026-09-01 22:20:47,SKU-01643,4,B-08-01-02,OP-107,PUT_AWAY,NORMAL
PA-000740,2026-09-01 22:20:56,SKU-00168,1,A-06-04-02,OP-102,PUT_AWAY,NORMAL
PA-004668,2026-09-01 22:21:18,SKU-00960,9,D-02-03-01,OP-102,PUT_AWAY,NORMAL
PA-002627,2026-09-01 22:21:48,SKU-00993,10,B-02-05-01,OP-107,PUT_AWAY,NORMAL
PA-002371,2026-09-01 22:22:08,SKU-00579,5,E-04-02-02,OP-101,PUT_AWAY,NORMAL
PA-000321,2026-09-01 22:22:16,SKU-00623,5,C-01-05-01,OP-104,PUT_AWAY,NORMAL
PA-008485,2026-09-01 22:22:16,SKU-01043,1,E-05-05-02,OP-105,PUT_AWAY,NORMAL
PA-002647,2026-09-01 22:22:39,SKU-00653,4,A-03-02-02,OP-105,PUT_AWAY,NORMAL
PA-005332,2026-09-01 22:23:08,SKU-01058,2,F-09-03-01,OP-101,PUT_AWAY,NORMAL
PA-002524,2026-09-01 22:23:09,SKU-00133,1,D-06-01-02,OP-101,PUT_AWAY,NORMAL
PA-000262,2026-09-01 22:23:28,SKU-00005,7,D-05-05-02,OP-108,PUT_AWAY,NORMAL
PA-008902,2026-09-01 22:24:05,SKU-00906,6,E-05-03-02,OP-106,PUT_AWAY,NORMAL
PA-001103,2026-09-01 22:24:32,SKU-00558,5,F-03-02-02,OP-107,PUT_AWAY,NORMAL
PA-002725,2026-09-01 22:25:13,SKU-00117,3,C-01-01-02,OP-104,PUT_AWAY,NORMAL
PA-001537,2026-09-01 22:25:46,SKU-01393,10,C-10-05-01,OP-103,PUT_AWAY,NORMAL
PA-002560,2026-09-01 22:25:52,SKU-01527,9,C-05-04-01,OP-101,PUT_AWAY,NORMAL
PA-004087,2026-09-01 22:26:20,SKU-00028,7,F-03-01-02,OP-102,PUT_AWAY,NORMAL
PA-000599,2026-09-01 22:26:40,SKU-00463,8,B-07-03-01,OP-104,PUT_AWAY,NORMAL
PA-001669,2026-09-01 22:26:43,SKU-01595,4,B-06-01-02,OP-107,PUT_AWAY,NORMAL
PA-001633,2026-09-01 22:26:49,SKU-00949,2,D-04-04-02,OP-106,PUT_AWAY,NORMAL
PA-004150,2026-09-01 22:26:55,SKU-01355,10,A-04-05-02,OP-108,PUT_AWAY,NORMAL
PA-005716,2026-09-01 22:27:06,SKU-00257,9,D-06-05-01,OP-108,PUT_AWAY,NORMAL
PA-003748,2026-09-01 22:27:34,SKU-00858,7,C-01-04-01,OP-105,PUT_AWAY,NORMAL
PA-006051,2026-09-01 22:28:13,SKU-01979,3,E-04-04-01,OP-107,PUT_AWAY,NORMAL
PA-000487,2026-09-01 22:28:23,SKU-01710,5,B-02-01-01,OP-103,PUT_AWAY,NORMAL
PA-006258,2026-09-01 22:29:07,SKU-01874,5,B-04-05-01,OP-101,PUT_AWAY,NORMAL
PA-008055,2026-09-01 22:29:50,SKU-01191,8,D-03-05-01,OP-104,PUT_AWAY,NORMAL
PA-006158,2026-09-01 22:29:52,SKU-01950,1,C-06-02-01,OP-107,PUT_AWAY,NORMAL
PA-000642,2026-09-01 22:30:12,SKU-01324,6,D-08-02-01,OP-102,PUT_AWAY,NORMAL
PA-004498,2026-09-01 22:30:12,SKU-01262,3,C-05-04-01,OP-105,PUT_AWAY,NORMAL
PA-003573,2026-09-01 22:30:27,SKU-00277,8,C-04-05-01,OP-102,PUT_AWAY,NORMAL
PA-001402,2026-09-01 22:30:41,SKU-01484,8,E-07-02-01,OP-108,PUT_AWAY,NORMAL
PA-007695,2026-09-01 22:30:49,SKU-01019,4,A-07-03-02,OP-104,PUT_AWAY,NORMAL
PA-001023,2026-09-01 22:30:49,SKU-00188,6,F-04-02-02,OP-108,PUT_AWAY,NORMAL
PA-004474,2026-09-01 22:30:59,SKU-00043,6,D-10-03-02,OP-101,PUT_AWAY,NORMAL
PA-004901,2026-09-01 22:31:21,SKU-00235,1,C-05-03-01,OP-105,PUT_AWAY,NORMAL
PA-002442,2026-09-01 22:31:47,SKU-01465,3,C-02-01-02,OP-108,PUT_AWAY,NORMAL
PA-005436,2026-09-01 22:31:50,SKU-00269,2,F-05-04-01,OP-106,PUT_AWAY,NORMAL
PA-005218,2026-09-01 22:32:02,SKU-00116,4,F-04-04-02,OP-107,PUT_AWAY,NORMAL
PA-002233,2026-09-01 22:32:04,SKU-00052,10,A-06-05-02,OP-107,PUT_AWAY,NORMAL
PA-001239,2026-09-01 22:32:05,SKU-01084,8,D-02-03-01,OP-105,PUT_AWAY,NORMAL
PA-003631,2026-09-01 22:32:08,SKU-01053,7,B-03-01-01,OP-101,PUT_AWAY,NORMAL
PA-003047,2026-09-01 22:32:22,SKU-01467,3,A-07-01-01,OP-104,PUT_AWAY,NORMAL
PA-003890,2026-09-01 22:32:22,SKU-01627,9,B-04-03-01,OP-106,PUT_AWAY,NORMAL
PA-004820,2026-09-01 22:33:16,SKU-00681,8,F-08-04-01,OP-102,PUT_AWAY,NORMAL
PA-002435,2026-09-01 22:33:34,SKU-00357,8,C-05-01-02,OP-101,PUT_AWAY,NORMAL
PA-005312,2026-09-01 22:34:14,SKU-00036,2,B-08-02-02,OP-103,PUT_AWAY,NORMAL
PA-001510,2026-09-01 22:34:18,SKU-00103,7,E-04-03-02,OP-101,PUT_AWAY,NORMAL
PA-008541,2026-09-01 22:34:18,SKU-00739,9,A-07-02-01,OP-102,PUT_AWAY,NORMAL
PA-007633,2026-09-01 22:34:40,SKU-01957,6,B-06-01-01,OP-104,PUT_AWAY,NORMAL
PA-008675,2026-09-01 22:34:59,SKU-00857,2,D-02-04-01,OP-103,PUT_AWAY,NORMAL
PA-000874,2026-09-01 22:35:00,SKU-01037,4,E-05-01-01,OP-108,PUT_AWAY,NORMAL
PA-007449,2026-09-01 22:35:30,SKU-01485,10,F-07-05-01,OP-105,PUT_AWAY,NORMAL
PA-003918,2026-09-01 22:35:40,SKU-00884,4,A-06-04-02,OP-108,PUT_AWAY,NORMAL
PA-008503,2026-09-01 22:35:43,SKU-00734,9,D-02-01-02,OP-106,PUT_AWAY,NORMAL
PA-004516,2026-09-01 22:35:49,SKU-00152,5,A-08-01-02,OP-105,PUT_AWAY,NORMAL
PA-004258,2026-09-01 22:35:56,SKU-00348,3,E-07-02-01,OP-105,PUT_AWAY,NORMAL
PA-007237,2026-09-01 22:36:04,SKU-01900,2,A-04-02-02,OP-108,PUT_AWAY,NORMAL
PA-004798,2026-09-01 22:36:54,SKU-01607,6,A-10-04-02,OP-102,PUT_AWAY,NORMAL
PA-003851,2026-09-01 22:37:19,SKU-00889,8,C-06-03-02,OP-103,PUT_AWAY,NORMAL
PA-006001,2026-09-01 22:37:34,SKU-00212,6,D-03-02-02,OP-107,PUT_AWAY,NORMAL
PA-002895,2026-09-01 22:37:48,SKU-01799,9,E-06-04-01,OP-106,PUT_AWAY,NORMAL
PA-005343,2026-09-01 22:38:42,SKU-00975,10,A-02-05-01,OP-103,PUT_AWAY,NORMAL
PA-001072,2026-09-01 22:39:20,SKU-01335,8,D-02-01-01,OP-102,PUT_AWAY,NORMAL
PA-006501,2026-09-01 22:39:27,SKU-01475,7,B-01-01-02,OP-105,PUT_AWAY,NORMAL
PA-002259,2026-09-01 22:40:05,SKU-00534,1,B-09-05-01,OP-101,PUT_AWAY,NORMAL
PA-001811,2026-09-01 22:40:06,SKU-00710,10,E-07-04-01,OP-108,PUT_AWAY,NORMAL
PA-006560,2026-09-01 22:40:29,SKU-00931,6,C-05-04-02,OP-108,PUT_AWAY,NORMAL
PA-008308,2026-09-01 22:40:50,SKU-01463,5,F-01-01-01,OP-107,PUT_AWAY,NORMAL
PA-001627,2026-09-01 22:40:51,SKU-01689,6,A-02-04-02,OP-106,PUT_AWAY,NORMAL
PA-003771,2026-09-01 22:40:51,SKU-01751,2,B-09-02-01,OP-108,PUT_AWAY,NORMAL
PA-007714,2026-09-01 22:41:00,SKU-01300,10,E-07-05-02,OP-106,PUT_AWAY,NORMAL
PA-008657,2026-09-01 22:41:33,SKU-00673,8,B-09-01-02,OP-104,PUT_AWAY,NORMAL
PA-001547,2026-09-01 22:41:38,SKU-00828,3,E-02-04-01,OP-105,PUT_AWAY,NORMAL
PA-002168,2026-09-01 22:41:59,SKU-00014,2,B-05-04-02,OP-105,PUT_AWAY,NORMAL
PA-008422,2026-09-01 22:42:10,SKU-01188,7,A-06-01-02,OP-106,PUT_AWAY,NORMAL
PA-007397,2026-09-01 22:42:23,SKU-01895,8,A-03-02-01,OP-101,PUT_AWAY,NORMAL
PA-006060,2026-09-01 22:42:33,SKU-01104,5,E-09-03-01,OP-103,PUT_AWAY,NORMAL
PA-006662,2026-09-01 22:42:49,SKU-01928,7,C-05-03-01,OP-106,PUT_AWAY,NORMAL
PA-007832,2026-09-01 22:43:00,SKU-01990,9,D-02-04-02,OP-104,PUT_AWAY,NORMAL
PA-002906,2026-09-01 22:43:40,SKU-00715,1,D-02-05-01,OP-104,PUT_AWAY,NORMAL
PA-006209,2026-09-01 22:44:03,SKU-01733,7,C-01-01-02,OP-101,PUT_AWAY,NORMAL
PA-008976,2026-09-01 22:44:14,SKU-00811,8,F-07-03-02,OP-107,PUT_AWAY,NORMAL
PA-000434,2026-09-01 22:45:20,SKU-01144,4,F-02-05-02,OP-104,PUT_AWAY,NORMAL
PA-003175,2026-09-01 22:46:17,SKU-00014,6,B-05-04-02,OP-104,PUT_AWAY,NORMAL
PA-008056,2026-09-01 22:46:38,SKU-01149,8,F-04-02-02,OP-105,PUT_AWAY,NORMAL
PA-005990,2026-09-01 22:46:59,SKU-00218,6,F-05-05-02,OP-102,PUT_AWAY,NORMAL
PA-004883,2026-09-01 22:47:37,SKU-00369,10,A-01-03-01,OP-103,PUT_AWAY,NORMAL
PA-006057,2026-09-01 22:47:54,SKU-01485,10,F-07-05-01,OP-101,PUT_AWAY,NORMAL
PA-004023,2026-09-01 22:48:28,SKU-00062,7,F-01-04-01,OP-101,PUT_AWAY,NORMAL
PA-001461,2026-09-01 22:48:37,SKU-01112,4,B-07-03-01,OP-101,PUT_AWAY,NORMAL
PA-007235,2026-09-01 22:48:45,SKU-00359,8,B-01-03-01,OP-102,PUT_AWAY,NORMAL
PA-001183,2026-09-01 22:48:47,SKU-01598,7,B-09-01-02,OP-108,PUT_AWAY,NORMAL
PA-005850,2026-09-01 22:49:28,SKU-00405,6,E-09-02-02,OP-104,PUT_AWAY,NORMAL
PA-003615,2026-09-01 22:49:38,SKU-01049,10,D-01-03-01,OP-106,PUT_AWAY,NORMAL
PA-007442,2026-09-01 22:49:44,SKU-01745,9,A-02-04-02,OP-106,PUT_AWAY,NORMAL
PA-006306,2026-09-01 22:50:07,SKU-01643,10,B-08-01-02,OP-107,PUT_AWAY,NORMAL
PA-001512,2026-09-01 22:50:35,SKU-00364,7,C-02-01-01,OP-101,PUT_AWAY,NORMAL
PA-002789,2026-09-01 22:50:40,SKU-00685,2,A-03-01-01,OP-103,PUT_AWAY,NORMAL
PA-008142,2026-09-01 22:50:46,SKU-01363,1,D-04-04-02,OP-106,PUT_AWAY,NORMAL
PA-008646,2026-09-01 22:51:01,SKU-01793,9,C-10-03-01,OP-102,PUT_AWAY,NORMAL
PA-007257,2026-09-01 22:51:19,SKU-01165,8,F-07-02-02,OP-108,PUT_AWAY,NORMAL
PA-005698,2026-09-01 22:51:41,SKU-00779,1,E-04-01-01,OP-103,PUT_AWAY,NORMAL
PA-003835,2026-09-01 22:51:52,SKU-00366,10,C-02-04-01,OP-102,PUT_AWAY,NORMAL
PA-007738,2026-09-01 22:51:55,SKU-01807,2,A-10-02-01,OP-103,PUT_AWAY,NORMAL
PA-007031,2026-09-01 22:52:04,SKU-00460,6,F-07-02-01,OP-107,PUT_AWAY,NORMAL
PA-005553,2026-09-01 22:52:22,SKU-01936,9,B-04-03-01,OP-107,PUT_AWAY,NORMAL
PA-001202,2026-09-01 22:52:49,SKU-01844,2,B-05-05-02,OP-101,PUT_AWAY,NORMAL
PA-006152,2026-09-01 22:52:52,SKU-00965,4,B-05-03-01,OP-104,PUT_AWAY,NORMAL
PA-004485,2026-09-01 22:53:11,SKU-00475,7,E-06-01-02,OP-107,PUT_AWAY,NORMAL
PA-004637,2026-09-01 22:53:51,SKU-01212,6,E-09-03-02,OP-107,PUT_AWAY,NORMAL
PA-004613,2026-09-01 22:54:05,SKU-01767,10,F-01-03-01,OP-103,PUT_AWAY,NORMAL
PA-004481,2026-09-01 22:54:09,SKU-00453,5,D-09-02-01,OP-105,PUT_AWAY,NORMAL
PA-008249,2026-09-01 22:54:14,SKU-00324,4,B-03-01-02,OP-106,PUT_AWAY,NORMAL
PA-008821,2026-09-01 22:54:19,SKU-01349,9,F-09-05-01,OP-107,PUT_AWAY,NORMAL
PA-000540,2026-09-01 22:54:24,SKU-00739,8,A-07-02-01,OP-105,PUT_AWAY,NORMAL
PA-007502,2026-09-01 22:54:28,SKU-00287,6,B-05-03-02,OP-105,PUT_AWAY,NORMAL
PA-001089,2026-09-01 22:54:42,SKU-00764,4,A-01-03-01,OP-103,PUT_AWAY,NORMAL
PA-006536,2026-09-01 22:55:12,SKU-00957,4,D-04-01-02,OP-105,PUT_AWAY,NORMAL
PA-006314,2026-09-01 22:55:33,SKU-01671,5,A-06-05-01,OP-106,PUT_AWAY,NORMAL
PA-003320,2026-09-01 22:56:01,SKU-00881,1,D-09-01-02,OP-101,PUT_AWAY,NORMAL
PA-000626,2026-09-01 22:56:05,SKU-01639,10,B-01-03-01,OP-107,PUT_AWAY,NORMAL
PA-002989,2026-09-01 22:56:12,SKU-01607,7,A-10-04-02,OP-104,PUT_AWAY,NORMAL
PA-003327,2026-09-01 22:56:26,SKU-01162,2,D-07-05-02,OP-101,PUT_AWAY,NORMAL
PA-002200,2026-09-01 22:56:27,SKU-00560,4,A-01-05-01,OP-108,PUT_AWAY,NORMAL
PA-000946,2026-09-01 22:56:31,SKU-00729,3,E-05-05-01,OP-103,PUT_AWAY,NORMAL
PA-003616,2026-09-01 22:56:33,SKU-01904,5,F-09-03-02,OP-102,PUT_AWAY,NORMAL
PA-008674,2026-09-01 22:57:43,SKU-01099,8,C-09-04-02,OP-108,PUT_AWAY,NORMAL
PA-002976,2026-09-01 22:58:44,SKU-00904,5,F-06-02-01,OP-103,PUT_AWAY,NORMAL
PA-007153,2026-09-01 22:58:58,SKU-00543,5,B-03-03-02,OP-106,PUT_AWAY,NORMAL
PA-004385,2026-09-01 22:59:09,SKU-01416,2,D-02-03-02,OP-106,PUT_AWAY,NORMAL
PA-005498,2026-09-01 22:59:10,SKU-01478,10,A-03-01-02,OP-105,PUT_AWAY,NORMAL
PA-008165,2026-09-01 22:59:14,SKU-01177,8,D-08-01-01,OP-108,PUT_AWAY,NORMAL
PA-003948,2026-09-01 22:59:39,SKU-00270,8,A-10-02-02,OP-102,PUT_AWAY,NORMAL
PA-003536,2026-09-01 23:00:11,SKU-00434,5,B-03-03-01,OP-104,PUT_AWAY,NORMAL
PA-007176,2026-09-01 23:00:11,SKU-00425,7,B-04-02-01,OP-107,PUT_AWAY,NORMAL
PA-004493,2026-09-01 23:00:16,SKU-00951,2,B-08-03-02,OP-107,PUT_AWAY,NORMAL
PA-004835,2026-09-01 23:00:18,SKU-01125,8,F-01-04-01,OP-105,PUT_AWAY,NORMAL
PA-007141,2026-09-01 23:00:24,SKU-00652,5,A-01-04-01,OP-101,PUT_AWAY,NORMAL
PA-001703,2026-09-01 23:01:15,SKU-01858,6,A-04-03-02,OP-102,PUT_AWAY,NORMAL
PA-002484,2026-09-01 23:01:31,SKU-00439,6,F-10-02-01,OP-105,PUT_AWAY,NORMAL
PA-007485,2026-09-01 23:01:31,SKU-01453,9,E-10-05-01,OP-108,PUT_AWAY,NORMAL
PA-001807,2026-09-01 23:01:46,SKU-01368,7,A-05-04-02,OP-104,PUT_AWAY,NORMAL
PA-008785,2026-09-01 23:01:46,SKU-00765,2,F-02-02-01,OP-105,PUT_AWAY,NORMAL
PA-003317,2026-09-01 23:02:31,SKU-01182,4,E-05-02-02,OP-107,PUT_AWAY,NORMAL
PA-008753,2026-09-01 23:02:55,SKU-01273,3,E-10-04-01,OP-105,PUT_AWAY,NORMAL
PA-004903,2026-09-01 23:03:48,SKU-01827,2,D-05-01-02,OP-107,PUT_AWAY,NORMAL
PA-002720,2026-09-01 23:05:07,SKU-00576,3,B-08-05-02,OP-103,PUT_AWAY,NORMAL
PA-000607,2026-09-01 23:05:26,SKU-00270,6,A-10-02-02,OP-106,PUT_AWAY,NORMAL
PA-006764,2026-09-01 23:06:05,SKU-00038,10,B-09-05-01,OP-108,PUT_AWAY,NORMAL
PA-006715,2026-09-01 23:06:46,SKU-00472,6,B-06-02-02,OP-105,PUT_AWAY,NORMAL
PA-007746,2026-09-01 23:06:54,SKU-00367,8,D-05-04-01,OP-102,PUT_AWAY,NORMAL
PA-001324,2026-09-01 23:07:16,SKU-01362,5,E-09-03-01,OP-106,PUT_AWAY,NORMAL
PA-000880,2026-09-01 23:07:23,SKU-01850,9,C-06-02-01,OP-108,PUT_AWAY,NORMAL
PA-000173,2026-09-01 23:07:25,SKU-00121,6,E-09-04-02,OP-106,PUT_AWAY,NORMAL
PA-007224,2026-09-01 23:07:38,SKU-00485,7,D-10-03-02,OP-108,PUT_AWAY,NORMAL
PA-001830,2026-09-01 23:07:41,SKU-01990,7,D-02-04-02,OP-105,PUT_AWAY,NORMAL
PA-002354,2026-09-01 23:07:44,SKU-00023,9,F-03-03-01,OP-105,PUT_AWAY,NORMAL
PA-003522,2026-09-01 23:08:00,SKU-00087,6,F-02-03-01,OP-105,PUT_AWAY,NORMAL
PA-003665,2026-09-01 23:08:06,SKU-00863,5,D-08-01-02,OP-101,PUT_AWAY,NORMAL
PA-006546,2026-09-01 23:08:17,SKU-01432,2,C-01-02-02,OP-108,PUT_AWAY,NORMAL
PA-008085,2026-09-01 23:08:37,SKU-00540,4,D-01-02-02,OP-106,PUT_AWAY,NORMAL
PA-006996,2026-09-01 23:09:21,SKU-01499,5,B-01-03-02,OP-101,PUT_AWAY,NORMAL
PA-008895,2026-09-01 23:09:23,SKU-01877,6,A-06-05-02,OP-104,PUT_AWAY,NORMAL
PA-002945,2026-09-01 23:09:48,SKU-00443,6,A-02-03-01,OP-107,PUT_AWAY,NORMAL
PA-001596,2026-09-01 23:10:14,SKU-00524,7,C-09-03-02,OP-103,PUT_AWAY,NORMAL
PA-008360,2026-09-01 23:10:19,SKU-00849,5,A-03-01-01,OP-103,PUT_AWAY,NORMAL
PA-004461,2026-09-01 23:11:38,SKU-00990,2,C-01-01-01,OP-103,PUT_AWAY,NORMAL
PA-000160,2026-09-01 23:11:54,SKU-00621,4,D-10-01-01,OP-107,PUT_AWAY,NORMAL
PA-002005,2026-09-01 23:12:21,SKU-01677,7,F-05-04-02,OP-102,PUT_AWAY,NORMAL
PA-001928,2026-09-01 23:12:56,SKU-01242,3,B-05-02-01,OP-102,PUT_AWAY,NORMAL
PA-001976,2026-09-01 23:13:05,SKU-01635,3,A-10-01-02,OP-106,PUT_AWAY,NORMAL
PA-007935,2026-09-01 23:14:10,SKU-00826,9,C-09-05-01,OP-102,PUT_AWAY,NORMAL
PA-001521,2026-09-01 23:14:11,SKU-01566,10,E-09-01-01,OP-102,PUT_AWAY,NORMAL
PA-008177,2026-09-01 23:14:23,SKU-00259,10,B-09-04-01,OP-104,PUT_AWAY,NORMAL
PA-002002,2026-09-01 23:14:34,SKU-01693,9,F-01-05-01,OP-107,PUT_AWAY,NORMAL
PA-006005,2026-09-01 23:16:42,SKU-01774,8,C-01-03-01,OP-105,PUT_AWAY,NORMAL
PA-007954,2026-09-01 23:16:53,SKU-00336,6,A-08-01-01,OP-101,PUT_AWAY,NORMAL
PA-008015,2026-09-01 23:17:03,SKU-00897,4,B-05-03-02,OP-107,PUT_AWAY,NORMAL
PA-006349,2026-09-01 23:17:25,SKU-01547,6,C-05-01-02,OP-103,PUT_AWAY,NORMAL
PA-005321,2026-09-01 23:17:51,SKU-01981,2,F-06-03-02,OP-104,PUT_AWAY,NORMAL
PA-005866,2026-09-01 23:18:00,SKU-01851,1,B-09-04-01,OP-101,PUT_AWAY,NORMAL
PA-006856,2026-09-01 23:18:23,SKU-01079,4,F-01-03-02,OP-102,PUT_AWAY,NORMAL
PA-008408,2026-09-01 23:18:26,SKU-00183,9,B-04-03-02,OP-101,PUT_AWAY,NORMAL
PA-007518,2026-09-01 23:18:42,SKU-01600,10,A-05-04-01,OP-107,PUT_AWAY,NORMAL
PA-003788,2026-09-01 23:18:48,SKU-00778,1,C-06-02-01,OP-108,PUT_AWAY,NORMAL
PA-004440,2026-09-01 23:18:56,SKU-01762,10,D-08-02-01,OP-107,PUT_AWAY,NORMAL
PA-006214,2026-09-01 23:19:26,SKU-00326,9,C-09-05-01,OP-104,PUT_AWAY,NORMAL
PA-006727,2026-09-01 23:19:39,SKU-01920,1,F-06-05-02,OP-105,PUT_AWAY,NORMAL
PA-007428,2026-09-01 23:19:56,SKU-00832,3,D-07-04-02,OP-102,PUT_AWAY,NORMAL
PA-005563,2026-09-01 23:20:24,SKU-01600,5,A-05-04-01,OP-104,PUT_AWAY,NORMAL
PA-001899,2026-09-01 23:20:29,SKU-01622,7,E-06-01-01,OP-108,PUT_AWAY,NORMAL
PA-006905,2026-09-01 23:20:48,SKU-01779,6,F-05-02-01,OP-105,PUT_AWAY,NORMAL
PA-006229,2026-09-01 23:21:02,SKU-01908,4,A-05-01-01,OP-103,PUT_AWAY,NORMAL
PA-004122,2026-09-01 23:22:13,SKU-01337,9,E-05-05-02,OP-106,PUT_AWAY,NORMAL
PA-001639,2026-09-01 23:23:24,SKU-00885,4,F-05-03-02,OP-104,PUT_AWAY,NORMAL
PA-004743,2026-09-01 23:23:31,SKU-00932,9,B-06-05-01,OP-102,PUT_AWAY,NORMAL
PA-001367,2026-09-01 23:24:07,SKU-00666,7,B-06-05-01,OP-101,PUT_AWAY,NORMAL
PA-007876,2026-09-01 23:24:53,SKU-00452,7,F-06-02-02,OP-102,PUT_AWAY,NORMAL
PA-000943,2026-09-01 23:25:21,SKU-00740,1,D-02-03-01,OP-101,PUT_AWAY,NORMAL
PA-006080,2026-09-01 23:25:34,SKU-00961,6,B-03-05-01,OP-102,PUT_AWAY,NORMAL
PA-000277,2026-09-01 23:25:35,SKU-01640,3,A-03-03-02,OP-108,PUT_AWAY,NORMAL
PA-004823,2026-09-01 23:26:36,SKU-00034,7,D-02-01-02,OP-101,PUT_AWAY,NORMAL
PA-008770,2026-09-01 23:26:53,SKU-00715,4,D-02-05-01,OP-108,PUT_AWAY,NORMAL
PA-003187,2026-09-01 23:27:01,SKU-00682,9,C-02-04-01,OP-103,PUT_AWAY,NORMAL
PA-008220,2026-09-01 23:29:16,SKU-00017,10,C-01-04-02,OP-108,PUT_AWAY,NORMAL
PA-005245,2026-09-01 23:30:03,SKU-00927,3,C-01-03-01,OP-101,PUT_AWAY,NORMAL
PA-002425,2026-09-01 23:30:11,SKU-00083,2,C-07-03-02,OP-103,PUT_AWAY,NORMAL
PA-001603,2026-09-01 23:30:16,SKU-01141,7,B-03-01-01,OP-108,PUT_AWAY,NORMAL
PA-000693,2026-09-01 23:30:16,SKU-00087,6,F-02-03-01,OP-103,PUT_AWAY,NORMAL
PA-001561,2026-09-01 23:30:41,SKU-00070,1,C-06-05-01,OP-102,PUT_AWAY,NORMAL
PA-005306,2026-09-01 23:30:45,SKU-01792,1,D-07-03-02,OP-104,PUT_AWAY,NORMAL
PA-008878,2026-09-01 23:31:07,SKU-01454,9,D-06-01-01,OP-102,PUT_AWAY,NORMAL
PA-001747,2026-09-01 23:31:12,SKU-01193,10,D-10-04-01,OP-105,PUT_AWAY,NORMAL
PA-003558,2026-09-01 23:31:38,SKU-00416,2,D-04-02-02,OP-108,PUT_AWAY,NORMAL
PA-000067,2026-09-01 23:31:57,SKU-00233,9,C-07-04-02,OP-107,PUT_AWAY,NORMAL
PA-001647,2026-09-01 23:33:21,SKU-00928,10,E-06-01-01,OP-102,PUT_AWAY,NORMAL
PA-008378,2026-09-01 23:33:23,SKU-00104,4,C-07-04-01,OP-101,PUT_AWAY,NORMAL
PA-003676,2026-09-01 23:33:59,SKU-00302,9,F-10-05-01,OP-105,PUT_AWAY,NORMAL
PA-007017,2026-09-01 23:34:08,SKU-00835,4,F-10-05-01,OP-101,PUT_AWAY,NORMAL
PA-000549,2026-09-01 23:34:13,SKU-01198,8,F-06-02-02,OP-107,PUT_AWAY,NORMAL
PA-007824,2026-09-01 23:34:25,SKU-01438,8,B-09-01-01,OP-108,PUT_AWAY,NORMAL
PA-001053,2026-09-01 23:34:35,SKU-01784,10,F-02-05-02,OP-108,PUT_AWAY,NORMAL
PA-006555,2026-09-01 23:34:48,SKU-00426,5,F-05-04-01,OP-104,PUT_AWAY,NORMAL
PA-006509,2026-09-01 23:34:50,SKU-01353,2,A-03-05-01,OP-101,PUT_AWAY,NORMAL
PA-001634,2026-09-01 23:34:52,SKU-01453,9,E-10-05-01,OP-103,PUT_AWAY,NORMAL
PA-001562,2026-09-01 23:35:06,SKU-01236,9,C-08-02-02,OP-102,PUT_AWAY,NORMAL
PA-007377,2026-09-01 23:35:13,SKU-00629,1,A-03-01-01,OP-101,PUT_AWAY,NORMAL
PA-005264,2026-09-01 23:35:57,SKU-00583,9,F-10-05-02,OP-101,PUT_AWAY,NORMAL
PA-006274,2026-09-01 23:36:07,SKU-00511,2,B-09-02-01,OP-102,PUT_AWAY,NORMAL
PA-000282,2026-09-01 23:36:48,SKU-00062,3,F-01-04-01,OP-108,PUT_AWAY,NORMAL
PA-008130,2026-09-01 23:37:06,SKU-00831,7,F-09-02-01,OP-108,PUT_AWAY,NORMAL
PA-006404,2026-09-01 23:37:06,SKU-00153,1,D-08-03-02,OP-104,PUT_AWAY,NORMAL
PA-005702,2026-09-01 23:37:10,SKU-01550,10,B-10-04-02,OP-107,PUT_AWAY,NORMAL
PA-007447,2026-09-01 23:37:22,SKU-01947,8,F-03-02-01,OP-105,PUT_AWAY,NORMAL
PA-001165,2026-09-01 23:37:25,SKU-00448,8,C-08-05-01,OP-103,PUT_AWAY,NORMAL
PA-005479,2026-09-01 23:37:39,SKU-01911,2,F-02-01-02,OP-108,PUT_AWAY,NORMAL
PA-005745,2026-09-01 23:38:01,SKU-01214,1,A-10-01-02,OP-102,PUT_AWAY,NORMAL
PA-005671,2026-09-01 23:38:02,SKU-00352,5,D-01-02-02,OP-105,PUT_AWAY,NORMAL
PA-008533,2026-09-01 23:38:08,SKU-00610,3,A-02-02-02,OP-106,PUT_AWAY,NORMAL
PA-007336,2026-09-01 23:38:24,SKU-00947,3,D-10-04-01,OP-106,PUT_AWAY,NORMAL
PA-004012,2026-09-01 23:38:33,SKU-01082,7,F-08-03-02,OP-106,PUT_AWAY,NORMAL
PA-006164,2026-09-01 23:39:14,SKU-01610,8,E-06-04-02,OP-101,PUT_AWAY,NORMAL
PA-000530,2026-09-01 23:39:20,SKU-00972,7,E-06-01-01,OP-103,PUT_AWAY,NORMAL
PA-003095,2026-09-01 23:39:38,SKU-00998,5,B-10-03-01,OP-108,PUT_AWAY,NORMAL
PA-005483,2026-09-01 23:40:15,SKU-01824,8,A-07-03-02,OP-103,PUT_AWAY,NORMAL
PA-003761,2026-09-01 23:40:29,SKU-01895,8,A-03-02-01,OP-107,PUT_AWAY,NORMAL
PA-001473,2026-09-01 23:40:40,SKU-01155,8,F-02-02-02,OP-108,PUT_AWAY,NORMAL
PA-002298,2026-09-01 23:41:13,SKU-00502,5,D-08-04-02,OP-103,PUT_AWAY,NORMAL
PA-006032,2026-09-01 23:41:23,SKU-01012,6,E-08-01-01,OP-105,PUT_AWAY,NORMAL
PA-000823,2026-09-01 23:41:30,SKU-01599,2,A-09-02-01,OP-103,PUT_AWAY,NORMAL
PA-008052,2026-09-01 23:41:39,SKU-01430,3,B-05-05-01,OP-105,PUT_AWAY,NORMAL
PA-008016,2026-09-01 23:41:39,SKU-00787,8,D-08-03-01,OP-101,PUT_AWAY,NORMAL
PA-000297,2026-09-01 23:41:58,SKU-01232,8,F-05-05-01,OP-104,PUT_AWAY,NORMAL
PA-006366,2026-09-01 23:42:00,SKU-00687,9,F-04-01-01,OP-102,PUT_AWAY,NORMAL
PA-000386,2026-09-01 23:42:17,SKU-00659,3,A-04-05-02,OP-106,PUT_AWAY,NORMAL
PA-004581,2026-09-01 23:42:35,SKU-00974,2,E-06-04-01,OP-105,PUT_AWAY,NORMAL
PA-004624,2026-09-01 23:42:48,SKU-01849,10,B-01-02-02,OP-105,PUT_AWAY,NORMAL
PA-004937,2026-09-01 23:42:56,SKU-00299,2,E-10-03-01,OP-104,PUT_AWAY,NORMAL
PA-008445,2026-09-01 23:43:40,SKU-00941,7,D-08-01-01,OP-105,PUT_AWAY,NORMAL
PA-006552,2026-09-01 23:44:18,SKU-00102,10,C-01-04-02,OP-103,PUT_AWAY,NORMAL
PA-002511,2026-09-01 23:44:26,SKU-01757,6,F-04-04-01,OP-106,PUT_AWAY,NORMAL
PA-007945,2026-09-01 23:44:38,SKU-00003,1,A-05-05-01,OP-102,PUT_AWAY,NORMAL
PA-001095,2026-09-01 23:44:38,SKU-00078,8,E-01-04-02,OP-104,PUT_AWAY,NORMAL
PA-000601,2026-09-01 23:44:39,SKU-00179,1,E-07-04-02,OP-108,PUT_AWAY,NORMAL
PA-005249,2026-09-01 23:44:45,SKU-01263,3,C-02-02-01,OP-107,PUT_AWAY,NORMAL
PA-005252,2026-09-01 23:45:25,SKU-00724,7,B-07-01-01,OP-106,PUT_AWAY,NORMAL
PA-005101,2026-09-01 23:45:30,SKU-01057,10,D-01-01-02,OP-101,PUT_AWAY,NORMAL
PA-004158,2026-09-01 23:45:31,SKU-00746,10,A-02-02-01,OP-105,PUT_AWAY,NORMAL
PA-000338,2026-09-01 23:45:47,SKU-00891,10,B-02-05-01,OP-108,PUT_AWAY,NORMAL
PA-008437,2026-09-01 23:46:47,SKU-00388,8,C-09-04-02,OP-104,PUT_AWAY,NORMAL
PA-006841,2026-09-01 23:46:54,SKU-01592,7,D-04-04-01,OP-107,PUT_AWAY,NORMAL
PA-002817,2026-09-01 23:47:12,SKU-00011,6,C-07-03-02,OP-106,PUT_AWAY,NORMAL
PA-004238,2026-09-01 23:47:37,SKU-01701,1,D-05-05-01,OP-102,PUT_AWAY,NORMAL
PA-001660,2026-09-01 23:47:44,SKU-01104,7,E-09-03-01,OP-106,PUT_AWAY,NORMAL
PA-004595,2026-09-01 23:47:45,SKU-01478,2,A-03-01-02,OP-106,PUT_AWAY,NORMAL
PA-001238,2026-09-01 23:48:12,SKU-00888,3,B-07-05-01,OP-101,PUT_AWAY,NORMAL
PA-003013,2026-09-01 23:48:27,SKU-01404,6,E-08-04-02,OP-106,PUT_AWAY,NORMAL
PA-005373,2026-09-01 23:48:31,SKU-01437,5,B-04-04-01,OP-107,PUT_AWAY,NORMAL
PA-005639,2026-09-01 23:48:41,SKU-00159,4,F-09-04-02,OP-102,PUT_AWAY,NORMAL
PA-002753,2026-09-01 23:48:51,SKU-01585,2,A-08-03-01,OP-102,PUT_AWAY,NORMAL
PA-005530,2026-09-01 23:48:53,SKU-01938,6,A-09-04-02,OP-101,PUT_AWAY,NORMAL
PA-000331,2026-09-01 23:49:04,SKU-01222,5,D-04-04-01,OP-103,PUT_AWAY,NORMAL
PA-004401,2026-09-01 23:49:04,SKU-01783,4,C-01-02-01,OP-103,PUT_AWAY,NORMAL
PA-007916,2026-09-01 23:49:39,SKU-01577,1,C-08-05-02,OP-108,PUT_AWAY,NORMAL
PA-004671,2026-09-01 23:49:44,SKU-00916,1,B-05-04-02,OP-108,PUT_AWAY,NORMAL
PA-007098,2026-09-01 23:50:09,SKU-01155,10,F-02-02-02,OP-101,PUT_AWAY,NORMAL
PA-005888,2026-09-01 23:50:37,SKU-00469,10,D-04-01-01,OP-103,PUT_AWAY,NORMAL
PA-000398,2026-09-01 23:51:24,SKU-00142,6,F-09-03-02,OP-105,PUT_AWAY,NORMAL
PA-004221,2026-09-01 23:51:42,SKU-00657,10,A-09-02-02,OP-106,PUT_AWAY,NORMAL
PA-004544,2026-09-01 23:51:47,SKU-01865,6,C-05-03-01,OP-102,PUT_AWAY,NORMAL
PA-008245,2026-09-01 23:51:48,SKU-00814,9,E-10-04-01,OP-108,PUT_AWAY,NORMAL
PA-005964,2026-09-01 23:52:51,SKU-01842,5,F-08-03-01,OP-102,PUT_AWAY,NORMAL
PA-003750,2026-09-01 23:53:03,SKU-01147,4,D-07-03-02,OP-103,PUT_AWAY,NORMAL
PA-003837,2026-09-01 23:53:05,SKU-00764,6,A-01-03-01,OP-104,PUT_AWAY,NORMAL
PA-001136,2026-09-01 23:53:11,SKU-01231,7,B-04-03-01,OP-108,PUT_AWAY,NORMAL
PA-001211,2026-09-01 23:53:14,SKU-01532,1,E-07-01-01,OP-106,PUT_AWAY,NORMAL
PA-006808,2026-09-01 23:53:20,SKU-00291,5,B-10-04-02,OP-108,PUT_AWAY,NORMAL
PA-008826,2026-09-01 23:53:42,SKU-00579,3,E-04-02-02,OP-102,PUT_AWAY,NORMAL
PA-001218,2026-09-01 23:53:52,SKU-01414,8,D-04-04-02,OP-103,PUT_AWAY,NORMAL
PA-007914,2026-09-01 23:54:17,SKU-00017,6,C-01-04-02,OP-107,PUT_AWAY,NORMAL
PA-005821,2026-09-01 23:54:19,SKU-01342,9,A-01-04-02,OP-103,PUT_AWAY,NORMAL
PA-003596,2026-09-01 23:54:23,SKU-01029,10,F-06-01-01,OP-106,PUT_AWAY,NORMAL
PA-005674,2026-09-01 23:54:47,SKU-01213,6,A-03-04-01,OP-103,PUT_AWAY,NORMAL
PA-004073,2026-09-01 23:54:48,SKU-00247,1,B-01-01-01,OP-108,PUT_AWAY,NORMAL
PA-000759,2026-09-01 23:54:49,SKU-00515,4,B-01-02-02,OP-104,PUT_AWAY,NORMAL
PA-003276,2026-09-01 23:55:13,SKU-01041,7,F-08-01-02,OP-101,PUT_AWAY,NORMAL
PA-001164,2026-09-01 23:55:38,SKU-01164,7,A-06-01-01,OP-104,PUT_AWAY,NORMAL
PA-006313,2026-09-01 23:55:59,SKU-00711,1,E-04-02-01,OP-108,PUT_AWAY,NORMAL
PA-003271,2026-09-01 23:56:08,SKU-01792,2,D-07-03-02,OP-106,PUT_AWAY,NORMAL
PA-004549,2026-09-01 23:56:14,SKU-00840,8,C-01-01-01,OP-103,PUT_AWAY,NORMAL
PA-006755,2026-09-01 23:56:36,SKU-01585,10,A-08-03-01,OP-108,PUT_AWAY,NORMAL
PA-004719,2026-09-01 23:56:44,SKU-01969,5,F-02-03-02,OP-103,PUT_AWAY,NORMAL
PA-000904,2026-09-01 23:57:20,SKU-00276,4,B-01-04-02,OP-101,PUT_AWAY,NORMAL
PA-004856,2026-09-01 23:57:24,SKU-01265,7,C-08-02-02,OP-102,PUT_AWAY,NORMAL
PA-006068,2026-09-01 23:57:25,SKU-01690,2,F-10-03-02,OP-104,PUT_AWAY,NORMAL
PA-007440,2026-09-01 23:57:28,SKU-01603,3,C-09-05-02,OP-106,PUT_AWAY,NORMAL
PA-003622,2026-09-01 23:58:12,SKU-01142,9,C-03-04-01,OP-106,PUT_AWAY,NORMAL
PA-000609,2026-09-01 23:58:42,SKU-01892,9,A-09-03-01,OP-103,PUT_AWAY,NORMAL
PA-006500,2026-09-01 23:58:51,SKU-01423,10,F-04-01-01,OP-102,PUT_AWAY,NORMAL
PA-002304,2026-09-01 23:58:53,SKU-01908,1,A-05-01-01,OP-105,PUT_AWAY,NORMAL
PA-008907,2026-09-01 23:59:26,SKU-00474,10,D-04-03-01,OP-104,PUT_AWAY,NORMAL
PA-003741,2026-09-02 00:00:19,SKU-00127,4,A-07-04-02,OP-103,PUT_AWAY,NORMAL
PA-008350,2026-09-02 00:00:26,SKU-00653,7,A-03-02-02,OP-108,PUT_AWAY,NORMAL
PA-008181,2026-09-02 00:00:40,SKU-00269,2,F-05-04-01,OP-108,PUT_AWAY,NORMAL
PA-002939,2026-09-02 00:00:55,SKU-00664,8,A-06-03-01,OP-104,PUT_AWAY,NORMAL
PA-008549,2026-09-02 00:01:10,SKU-00242,2,F-10-04-02,OP-105,PUT_AWAY,NORMAL
PA-004633,2026-09-02 00:01:25,SKU-01559,7,F-09-03-01,OP-108,PUT_AWAY,NORMAL
PA-006173,2026-09-02 00:01:41,SKU-00859,8,F-04-02-01,OP-107,PUT_AWAY,NORMAL
PA-007851,2026-09-02 00:01:57,SKU-01367,4,B-01-02-02,OP-103,PUT_AWAY,NORMAL
PA-007836,2026-09-02 00:02:06,SKU-01917,7,A-05-03-01,OP-107,PUT_AWAY,NORMAL
PA-002676,2026-09-02 00:02:42,SKU-00553,3,B-02-03-02,OP-107,PUT_AWAY,NORMAL
PA-008159,2026-09-02 00:02:42,SKU-00771,4,D-02-01-01,OP-107,PUT_AWAY,NORMAL
PA-002611,2026-09-02 00:03:16,SKU-01917,9,A-05-03-01,OP-105,PUT_AWAY,NORMAL
PA-002836,2026-09-02 00:03:35,SKU-01281,5,D-08-03-02,OP-106,PUT_AWAY,NORMAL
PA-008707,2026-09-02 00:03:59,SKU-00255,7,D-04-04-02,OP-107,PUT_AWAY,NORMAL
PA-000912,2026-09-02 00:04:31,SKU-00543,7,B-03-03-02,OP-107,PUT_AWAY,NORMAL
PA-002132,2026-09-02 00:04:35,SKU-00392,4,A-10-04-02,OP-103,PUT_AWAY,NORMAL
PA-006829,2026-09-02 00:04:58,SKU-01863,1,A-08-03-02,OP-105,PUT_AWAY,NORMAL
PA-000976,2026-09-02 00:05:47,SKU-00664,2,A-06-03-01,OP-102,PUT_AWAY,NORMAL
PA-002235,2026-09-02 00:05:56,SKU-01017,7,B-07-04-02,OP-103,PUT_AWAY,NORMAL
PA-006315,2026-09-02 00:05:56,SKU-00943,4,E-05-01-01,OP-101,PUT_AWAY,NORMAL
PA-000211,2026-09-02 00:06:16,SKU-01101,3,E-09-02-01,OP-102,PUT_AWAY,NORMAL
PA-004007,2026-09-02 00:06:20,SKU-01754,1,C-10-03-01,OP-103,PUT_AWAY,NORMAL
PA-002880,2026-09-02 00:06:24,SKU-00858,4,C-01-04-01,OP-105,PUT_AWAY,NORMAL
PA-003428,2026-09-02 00:06:26,SKU-01894,5,C-06-03-02,OP-107,PUT_AWAY,NORMAL
PA-002029,2026-09-02 00:06:28,SKU-01285,4,D-07-04-02,OP-104,PUT_AWAY,NORMAL
PA-006422,2026-09-02 00:06:43,SKU-01014,9,A-04-03-01,OP-104,PUT_AWAY,NORMAL
PA-001460,2026-09-02 00:06:56,SKU-01532,3,E-07-01-01,OP-101,PUT_AWAY,NORMAL
PA-004954,2026-09-02 00:07:29,SKU-00646,8,B-07-05-01,OP-106,PUT_AWAY,NORMAL
PA-006397,2026-09-02 00:07:39,SKU-00309,2,B-01-03-01,OP-101,PUT_AWAY,NORMAL
PA-007184,2026-09-02 00:07:57,SKU-00076,5,E-06-03-02,OP-105,PUT_AWAY,NORMAL
PA-001612,2026-09-02 00:07:57,SKU-01329,9,D-06-04-01,OP-104,PUT_AWAY,NORMAL
PA-001068,2026-09-02 00:08:05,SKU-01302,1,A-06-04-02,OP-107,PUT_AWAY,NORMAL
PA-003535,2026-09-02 00:08:14,SKU-00223,1,C-07-04-02,OP-107,PUT_AWAY,NORMAL
PA-005569,2026-09-02 00:08:17,SKU-00163,9,A-10-01-01,OP-103,PUT_AWAY,NORMAL
PA-000896,2026-09-02 00:08:19,SKU-01515,8,F-09-03-02,OP-108,PUT_AWAY,NORMAL
PA-008749,2026-09-02 00:08:37,SKU-01558,1,F-10-04-02,OP-101,PUT_AWAY,NORMAL
PA-004647,2026-09-02 00:08:49,SKU-01110,7,A-03-04-02,OP-106,PUT_AWAY,NORMAL
PA-008042,2026-09-02 00:09:18,SKU-00091,2,F-05-04-02,OP-106,PUT_AWAY,NORMAL
PA-008399,2026-09-02 00:09:50,SKU-01217,5,A-10-01-01,OP-108,PUT_AWAY,NORMAL
PA-006337,2026-09-02 00:09:56,SKU-01133,6,F-01-03-02,OP-101,PUT_AWAY,NORMAL
PA-006778,2026-09-02 00:10:01,SKU-00454,6,D-10-04-01,OP-104,PUT_AWAY,NORMAL
PA-008080,2026-09-02 00:10:20,SKU-01397,6,F-09-05-01,OP-102,PUT_AWAY,NORMAL
PA-002955,2026-09-02 00:11:16,SKU-00952,4,B-05-05-01,OP-108,PUT_AWAY,NORMAL
PA-006437,2026-09-02 00:11:26,SKU-01669,1,A-08-02-02,OP-103,PUT_AWAY,NORMAL
PA-008312,2026-09-02 00:11:32,SKU-01445,10,E-02-03-01,OP-102,PUT_AWAY,NORMAL
PA-004653,2026-09-02 00:11:34,SKU-01618,3,A-06-05-01,OP-105,PUT_AWAY,NORMAL
PA-000389,2026-09-02 00:11:35,SKU-00793,5,B-06-05-02,OP-107,PUT_AWAY,NORMAL
PA-008078,2026-09-02 00:12:31,SKU-00550,8,B-10-05-01,OP-102,PUT_AWAY,NORMAL
PA-004584,2026-09-02 00:13:00,SKU-00366,4,C-02-04-01,OP-107,PUT_AWAY,NORMAL
PA-001197,2026-09-02 00:13:58,SKU-00392,2,A-10-04-02,OP-105,PUT_AWAY,NORMAL
PA-004851,2026-09-02 00:14:35,SKU-00735,3,D-10-03-02,OP-104,PUT_AWAY,NORMAL
PA-008304,2026-09-02 00:15:09,SKU-01245,7,E-09-04-02,OP-103,PUT_AWAY,NORMAL
PA-002075,2026-09-02 00:17:04,SKU-01032,8,C-09-05-02,OP-107,PUT_AWAY,NORMAL
PA-007002,2026-09-02 00:17:22,SKU-00354,7,E-05-02-01,OP-104,PUT_AWAY,NORMAL
PA-001863,2026-09-02 00:17:32,SKU-01919,3,C-06-03-02,OP-107,PUT_AWAY,NORMAL
PA-003578,2026-09-02 00:18:00,SKU-01390,8,C-06-04-02,OP-108,PUT_AWAY,NORMAL
PA-000526,2026-09-02 00:18:04,SKU-00290,9,B-10-01-02,OP-105,PUT_AWAY,NORMAL
PA-004256,2026-09-02 00:18:13,SKU-01054,1,F-05-02-02,OP-102,PUT_AWAY,NORMAL
PA-002461,2026-09-02 00:18:15,SKU-01444,5,C-05-03-01,OP-104,PUT_AWAY,NORMAL
PA-001227,2026-09-02 00:18:30,SKU-01195,9,C-04-01-02,OP-107,PUT_AWAY,NORMAL
PA-004312,2026-09-02 00:18:43,SKU-01709,1,A-06-03-02,OP-101,PUT_AWAY,NORMAL
PA-006816,2026-09-02 00:18:43,SKU-01713,2,B-01-05-01,OP-104,PUT_AWAY,NORMAL
PA-008833,2026-09-02 00:19:13,SKU-01073,9,A-09-05-01,OP-106,PUT_AWAY,NORMAL
PA-001122,2026-09-02 00:19:13,SKU-01601,5,B-10-04-01,OP-105,PUT_AWAY,NORMAL
PA-008502,2026-09-02 00:19:31,SKU-01115,1,A-06-02-01,OP-107,PUT_AWAY,NORMAL
PA-001622,2026-09-02 00:20:20,SKU-00510,2,D-02-01-01,OP-108,PUT_AWAY,NORMAL
PA-001745,2026-09-02 00:20:42,SKU-01178,4,A-07-03-02,OP-105,PUT_AWAY,NORMAL
PA-002585,2026-09-02 00:20:50,SKU-00117,2,C-01-01-02,OP-105,PUT_AWAY,NORMAL
PA-001475,2026-09-02 00:21:29,SKU-00064,1,C-01-03-01,OP-107,PUT_AWAY,NORMAL
PA-005120,2026-09-02 00:21:39,SKU-01551,7,D-02-02-01,OP-104,PUT_AWAY,NORMAL
PA-006155,2026-09-02 00:22:00,SKU-00771,5,D-02-01-01,OP-107,PUT_AWAY,NORMAL
PA-000204,2026-09-02 00:22:25,SKU-01232,7,F-05-05-01,OP-106,PUT_AWAY,NORMAL
PA-006583,2026-09-02 00:22:39,SKU-00057,10,B-10-03-02,OP-102,PUT_AWAY,NORMAL
PA-007749,2026-09-02 00:22:50,SKU-01225,9,E-02-02-01,OP-102,PUT_AWAY,NORMAL
PA-001140,2026-09-02 00:23:20,SKU-01289,2,E-02-02-01,OP-107,PUT_AWAY,NORMAL
PA-000146,2026-09-02 00:23:30,SKU-00117,6,C-01-01-02,OP-106,PUT_AWAY,NORMAL
PA-002333,2026-09-02 00:23:46,SKU-01051,3,D-03-04-02,OP-105,PUT_AWAY,NORMAL
PA-006852,2026-09-02 00:24:43,SKU-00466,5,E-05-02-02,OP-101,PUT_AWAY,NORMAL
PA-008840,2026-09-02 00:25:09,SKU-01134,6,A-09-05-02,OP-108,PUT_AWAY,NORMAL
PA-008322,2026-09-02 00:25:46,SKU-00099,2,A-02-02-02,OP-106,PUT_AWAY,NORMAL
PA-008598,2026-09-02 00:25:51,SKU-01109,5,A-09-02-01,OP-105,PUT_AWAY,NORMAL
PA-005234,2026-09-02 00:26:02,SKU-01583,6,F-04-04-02,OP-104,PUT_AWAY,NORMAL
PA-007823,2026-09-02 00:26:11,SKU-01968,1,E-02-02-02,OP-106,PUT_AWAY,NORMAL
PA-002288,2026-09-02 00:26:19,SKU-00746,6,A-02-02-01,OP-105,PUT_AWAY,NORMAL
PA-005710,2026-09-02 00:26:49,SKU-00898,8,B-09-02-02,OP-106,PUT_AWAY,NORMAL
PA-005704,2026-09-02 00:27:01,SKU-01970,1,D-01-05-02,OP-106,PUT_AWAY,NORMAL
PA-006669,2026-09-02 00:27:03,SKU-01494,2,B-07-03-01,OP-107,PUT_AWAY,NORMAL
PA-006319,2026-09-02 00:27:33,SKU-00399,1,D-08-03-01,OP-106,PUT_AWAY,NORMAL
PA-008253,2026-09-02 00:27:54,SKU-01497,8,D-07-01-01,OP-102,PUT_AWAY,NORMAL
PA-002778,2026-09-02 00:28:05,SKU-00034,3,D-02-01-02,OP-107,PUT_AWAY,NORMAL
PA-006082,2026-09-02 00:28:31,SKU-01357,7,E-09-01-01,OP-104,PUT_AWAY,NORMAL
PA-002746,2026-09-02 00:28:40,SKU-00203,3,B-01-05-02,OP-106,PUT_AWAY,NORMAL
PA-000083,2026-09-02 00:28:41,SKU-00873,9,A-07-04-02,OP-101,PUT_AWAY,NORMAL
PA-006166,2026-09-02 00:28:54,SKU-01812,9,C-02-03-02,OP-106,PUT_AWAY,NORMAL
PA-001985,2026-09-02 00:29:17,SKU-00573,10,A-03-01-02,OP-108,PUT_AWAY,NORMAL
PA-001691,2026-09-02 00:29:51,SKU-01566,6,E-09-01-01,OP-106,PUT_AWAY,NORMAL
PA-002315,2026-09-02 00:30:11,SKU-00646,5,B-07-05-01,OP-106,PUT_AWAY,NORMAL
PA-005354,2026-09-02 00:31:02,SKU-00644,5,D-10-02-02,OP-106,PUT_AWAY,NORMAL
PA-003794,2026-09-02 00:31:22,SKU-01590,6,F-10-02-02,OP-102,PUT_AWAY,NORMAL
PA-005235,2026-09-02 00:31:25,SKU-00777,6,E-10-05-01,OP-102,PUT_AWAY,NORMAL
PA-002290,2026-09-02 00:31:46,SKU-01220,5,C-09-01-01,OP-106,PUT_AWAY,NORMAL
PA-002203,2026-09-02 00:31:58,SKU-00431,6,B-05-04-02,OP-102,PUT_AWAY,NORMAL
PA-007071,2026-09-02 00:32:14,SKU-00628,1,E-10-04-01,OP-103,PUT_AWAY,NORMAL
PA-007325,2026-09-02 00:32:16,SKU-01163,7,C-05-03-01,OP-102,PUT_AWAY,NORMAL
PA-008912,2026-09-02 00:32:43,SKU-00604,4,C-10-02-02,OP-104,PUT_AWAY,NORMAL
PA-003674,2026-09-02 00:32:45,SKU-01857,3,A-10-02-01,OP-107,PUT_AWAY,NORMAL
PA-007064,2026-09-02 00:32:45,SKU-01973,6,D-09-02-01,OP-104,PUT_AWAY,NORMAL
PA-001022,2026-09-02 00:32:52,SKU-00116,9,F-04-04-02,OP-103,PUT_AWAY,NORMAL
PA-002938,2026-09-02 00:32:53,SKU-01501,9,F-04-04-01,OP-103,PUT_AWAY,NORMAL
PA-001139,2026-09-02 00:32:54,SKU-00134,10,D-05-03-01,OP-102,PUT_AWAY,NORMAL
PA-002624,2026-09-02 00:32:57,SKU-00415,5,B-02-01-01,OP-101,PUT_AWAY,NORMAL
PA-004344,2026-09-02 00:33:05,SKU-00816,8,D-04-02-02,OP-107,PUT_AWAY,NORMAL
PA-004044,2026-09-02 00:33:16,SKU-00425,9,B-04-02-01,OP-103,PUT_AWAY,NORMAL
PA-006644,2026-09-02 00:33:28,SKU-00146,8,A-02-01-02,OP-105,PUT_AWAY,NORMAL
PA-007557,2026-09-02 00:33:36,SKU-01057,9,D-01-01-02,OP-101,PUT_AWAY,NORMAL
PA-001190,2026-09-02 00:33:47,SKU-01176,6,E-09-03-02,OP-104,PUT_AWAY,NORMAL
PA-007484,2026-09-02 00:33:51,SKU-01280,8,F-10-02-01,OP-104,PUT_AWAY,NORMAL
PA-005065,2026-09-02 00:34:18,SKU-00613,6,E-03-04-01,OP-102,PUT_AWAY,NORMAL
PA-007285,2026-09-02 00:34:28,SKU-00838,5,A-03-03-02,OP-107,PUT_AWAY,NORMAL
PA-007583,2026-09-02 00:34:35,SKU-00826,7,C-09-05-01,OP-101,PUT_AWAY,NORMAL
PA-001677,2026-09-02 00:34:45,SKU-00227,1,E-01-05-01,OP-105,PUT_AWAY,NORMAL
PA-003402,2026-09-02 00:35:25,SKU-01048,8,C-02-04-02,OP-107,PUT_AWAY,NORMAL
PA-005322,2026-09-02 00:35:38,SKU-01465,3,C-02-01-02,OP-108,PUT_AWAY,NORMAL
PA-004351,2026-09-02 00:35:39,SKU-00588,6,F-02-02-01,OP-102,PUT_AWAY,NORMAL
PA-008073,2026-09-02 00:35:41,SKU-01921,7,E-06-03-01,OP-106,PUT_AWAY,NORMAL
PA-006980,2026-09-02 00:35:47,SKU-01709,10,A-06-03-02,OP-105,PUT_AWAY,NORMAL
PA-004325,2026-09-02 00:35:56,SKU-01749,10,B-02-01-01,OP-106,PUT_AWAY,NORMAL
PA-000544,2026-09-02 00:36:05,SKU-00107,2,D-07-02-02,OP-108,PUT_AWAY,NORMAL
PA-002121,2026-09-02 00:36:23,SKU-00516,10,B-01-01-01,OP-101,PUT_AWAY,NORMAL
PA-007375,2026-09-02 00:37:07,SKU-00645,6,B-08-05-01,OP-103,PUT_AWAY,NORMAL
PA-002634,2026-09-02 00:37:17,SKU-00713,4,F-07-05-01,OP-107,PUT_AWAY,NORMAL
PA-001045,2026-09-02 00:37:31,SKU-00759,8,F-08-03-01,OP-107,PUT_AWAY,NORMAL
PA-008460,2026-09-02 00:37:39,SKU-00626,4,D-06-03-01,OP-104,PUT_AWAY,NORMAL
PA-006170,2026-09-02 00:38:09,SKU-01005,3,F-06-05-02,OP-106,PUT_AWAY,NORMAL
PA-007187,2026-09-02 00:38:55,SKU-00148,9,A-03-04-01,OP-108,PUT_AWAY,NORMAL
PA-005820,2026-09-02 00:40:00,SKU-00321,9,C-02-04-02,OP-106,PUT_AWAY,NORMAL
PA-003905,2026-09-02 00:40:15,SKU-01909,7,A-02-02-02,OP-108,PUT_AWAY,NORMAL
PA-008720,2026-09-02 00:40:16,SKU-01149,1,F-04-02-02,OP-108,PUT_AWAY,NORMAL
PA-002440,2026-09-02 00:40:20,SKU-00892,2,C-02-03-02,OP-105,PUT_AWAY,NORMAL
PA-005160,2026-09-02 00:40:22,SKU-01720,8,E-01-01-02,OP-101,PUT_AWAY,NORMAL
PA-001518,2026-09-02 00:40:28,SKU-01007,1,A-04-01-02,OP-107,PUT_AWAY,NORMAL
PA-006053,2026-09-02 00:41:33,SKU-01837,10,F-01-05-01,OP-107,PUT_AWAY,NORMAL
PA-000222,2026-09-02 00:42:13,SKU-00531,2,B-06-03-01,OP-107,PUT_AWAY,NORMAL
PA-007686,2026-09-02 00:42:31,SKU-01708,5,F-09-04-01,OP-104,PUT_AWAY,NORMAL
PA-008827,2026-09-02 00:42:36,SKU-01343,4,F-08-03-02,OP-101,PUT_AWAY,NORMAL
PA-001380,2026-09-02 00:43:15,SKU-00538,7,E-05-03-01,OP-103,PUT_AWAY,NORMAL
PA-006893,2026-09-02 00:43:32,SKU-00771,2,D-02-01-01,OP-108,PUT_AWAY,NORMAL
PA-005801,2026-09-02 00:43:37,SKU-00123,2,A-03-04-02,OP-106,PUT_AWAY,NORMAL
PA-000749,2026-09-02 00:43:46,SKU-00001,3,B-04-04-02,OP-106,PUT_AWAY,NORMAL
PA-008899,2026-09-02 00:43:57,SKU-01283,8,D-08-04-01,OP-107,PUT_AWAY,NORMAL
PA-006617,2026-09-02 00:43:59,SKU-00214,5,D-10-04-01,OP-105,PUT_AWAY,NORMAL
PA-000311,2026-09-02 00:44:11,SKU-00967,4,D-02-04-01,OP-101,PUT_AWAY,NORMAL
PA-005299,2026-09-02 00:44:17,SKU-01571,2,A-05-01-02,OP-103,PUT_AWAY,NORMAL
PA-008664,2026-09-02 00:44:51,SKU-00947,4,D-10-04-01,OP-105,PUT_AWAY,NORMAL
PA-006623,2026-09-02 00:45:03,SKU-00325,1,B-01-05-01,OP-101,PUT_AWAY,NORMAL
PA-007390,2026-09-02 00:46:39,SKU-01991,3,E-06-02-01,OP-103,PUT_AWAY,NORMAL
PA-006249,2026-09-02 00:46:42,SKU-00078,5,E-01-04-02,OP-104,PUT_AWAY,NORMAL
PA-007596,2026-09-02 00:46:44,SKU-00767,3,C-01-05-01,OP-105,PUT_AWAY,NORMAL
PA-003442,2026-09-02 00:47:16,SKU-00399,7,D-08-03-01,OP-104,PUT_AWAY,NORMAL
PA-007642,2026-09-02 00:47:50,SKU-00637,4,E-01-02-02,OP-102,PUT_AWAY,NORMAL
PA-001379,2026-09-02 00:48:03,SKU-00747,3,A-08-02-01,OP-105,PUT_AWAY,NORMAL
PA-005741,2026-09-02 00:48:05,SKU-00146,7,A-02-01-02,OP-104,PUT_AWAY,NORMAL
PA-000131,2026-09-02 00:48:09,SKU-00331,4,F-04-05-01,OP-108,PUT_AWAY,NORMAL
PA-008788,2026-09-02 00:48:15,SKU-00713,10,F-07-05-01,OP-103,PUT_AWAY,NORMAL
PA-001418,2026-09-02 00:48:26,SKU-01237,7,F-06-05-01,OP-103,PUT_AWAY,NORMAL
PA-004250,2026-09-02 00:48:28,SKU-00951,3,B-08-03-02,OP-108,PUT_AWAY,NORMAL
PA-003173,2026-09-02 00:48:38,SKU-01498,8,B-06-04-01,OP-108,PUT_AWAY,NORMAL
PA-003962,2026-09-02 00:49:14,SKU-00954,10,E-02-02-01,OP-103,PUT_AWAY,NORMAL
PA-006277,2026-09-02 00:49:56,SKU-01749,8,B-02-01-01,OP-106,PUT_AWAY,NORMAL
PA-007274,2026-09-02 00:50:00,SKU-00784,1,F-09-02-02,OP-102,PUT_AWAY,NORMAL
PA-000192,2026-09-02 00:50:03,SKU-00025,2,A-06-03-01,OP-108,PUT_AWAY,NORMAL
PA-008736,2026-09-02 00:50:11,SKU-00025,4,A-06-03-01,OP-108,PUT_AWAY,NORMAL
PA-002213,2026-09-02 00:50:14,SKU-00382,10,A-06-02-01,OP-101,PUT_AWAY,NORMAL
PA-000426,2026-09-02 00:50:56,SKU-01576,4,A-02-01-02,OP-106,PUT_AWAY,NORMAL
PA-000405,2026-09-02 00:51:42,SKU-00546,5,B-03-03-02,OP-101,PUT_AWAY,NORMAL
PA-003738,2026-09-02 00:51:47,SKU-00184,9,D-06-02-01,OP-101,PUT_AWAY,NORMAL
PA-005742,2026-09-02 00:52:05,SKU-00722,3,E-10-02-01,OP-103,PUT_AWAY,NORMAL
PA-003450,2026-09-02 00:52:11,SKU-00804,6,E-08-05-02,OP-103,PUT_AWAY,NORMAL
PA-008310,2026-09-02 00:52:24,SKU-00842,8,D-01-02-02,OP-101,PUT_AWAY,NORMAL
PA-002994,2026-09-02 00:52:30,SKU-01424,10,C-10-01-01,OP-101,PUT_AWAY,NORMAL
PA-002874,2026-09-02 00:53:13,SKU-00313,6,E-09-05-01,OP-107,PUT_AWAY,NORMAL
PA-000314,2026-09-02 00:53:25,SKU-00194,6,B-04-02-02,OP-107,PUT_AWAY,NORMAL
PA-003503,2026-09-02 00:53:39,SKU-01677,4,F-05-04-02,OP-106,PUT_AWAY,NORMAL
PA-004425,2026-09-02 00:53:43,SKU-01882,2,C-06-02-01,OP-108,PUT_AWAY,NORMAL
PA-005286,2026-09-02 00:53:57,SKU-00793,7,B-06-05-02,OP-101,PUT_AWAY,NORMAL
PA-007513,2026-09-02 00:54:01,SKU-01389,8,B-06-01-01,OP-105,PUT_AWAY,NORMAL
PA-006217,2026-09-02 00:54:16,SKU-01840,6,D-09-05-02,OP-108,PUT_AWAY,NORMAL
PA-005824,2026-09-02 00:54:16,SKU-01341,8,F-06-01-01,OP-101,PUT_AWAY,NORMAL
PA-001564,2026-09-02 00:54:27,SKU-01273,5,E-10-04-01,OP-106,PUT_AWAY,NORMAL
PA-002690,2026-09-02 00:54:54,SKU-01751,5,B-09-02-01,OP-108,PUT_AWAY,NORMAL
PA-008316,2026-09-02 00:54:54,SKU-01345,2,E-10-05-02,OP-103,PUT_AWAY,NORMAL
PA-003181,2026-09-02 00:55:46,SKU-01413,5,D-08-04-01,OP-104,PUT_AWAY,NORMAL
PA-000288,2026-09-02 00:56:05,SKU-01194,9,A-09-04-02,OP-102,PUT_AWAY,NORMAL
PA-007241,2026-09-02 00:56:36,SKU-00952,6,B-05-05-01,OP-105,PUT_AWAY,NORMAL
PA-004957,2026-09-02 00:56:44,SKU-00715,9,D-02-05-01,OP-108,PUT_AWAY,NORMAL
PA-006388,2026-09-02 00:56:53,SKU-00839,7,B-03-05-01,OP-108,PUT_AWAY,NORMAL
PA-000961,2026-09-02 00:57:27,SKU-00890,7,C-02-03-01,OP-102,PUT_AWAY,NORMAL
PA-008286,2026-09-02 00:57:53,SKU-00873,10,A-07-04-02,OP-104,PUT_AWAY,NORMAL
PA-002928,2026-09-02 00:57:55,SKU-00044,7,D-04-04-01,OP-102,PUT_AWAY,NORMAL
PA-000641,2026-09-02 00:58:09,SKU-01747,7,D-05-02-02,OP-104,PUT_AWAY,NORMAL
PA-004111,2026-09-02 00:58:27,SKU-00938,5,F-05-04-02,OP-107,PUT_AWAY,NORMAL
PA-002960,2026-09-02 00:58:53,SKU-00895,10,C-01-05-02,OP-107,PUT_AWAY,NORMAL
PA-004779,2026-09-02 00:58:54,SKU-00062,1,F-01-04-01,OP-108,PUT_AWAY,NORMAL
PA-004570,2026-09-02 00:59:04,SKU-01597,10,E-03-01-02,OP-108,PUT_AWAY,NORMAL
PA-001872,2026-09-02 00:59:08,SKU-01405,2,E-01-03-02,OP-106,PUT_AWAY,NORMAL
PA-008427,2026-09-02 00:59:31,SKU-01057,3,D-01-01-02,OP-107,PUT_AWAY,NORMAL
PA-000132,2026-09-02 00:59:39,SKU-00208,1,B-04-02-01,OP-102,PUT_AWAY,NORMAL
PA-000183,2026-09-02 01:00:24,SKU-01089,7,A-02-01-02,OP-103,PUT_AWAY,NORMAL
PA-007902,2026-09-02 01:00:43,SKU-00867,5,B-04-05-02,OP-101,PUT_AWAY,NORMAL
PA-008543,2026-09-02 01:00:51,SKU-00498,7,E-10-04-02,OP-103,PUT_AWAY,NORMAL
PA-008069,2026-09-02 01:00:55,SKU-01730,5,E-10-02-01,OP-105,PUT_AWAY,NORMAL
PA-001591,2026-09-02 01:01:34,SKU-00262,4,C-02-02-02,OP-107,PUT_AWAY,NORMAL
PA-007732,2026-09-02 01:02:11,SKU-00771,4,D-02-01-01,OP-104,PUT_AWAY,NORMAL
PA-000605,2026-09-02 01:02:28,SKU-00525,6,E-04-03-02,OP-105,PUT_AWAY,NORMAL
PA-005009,2026-09-02 01:02:44,SKU-01023,10,D-05-02-01,OP-106,PUT_AWAY,NORMAL
PA-001610,2026-09-02 01:02:58,SKU-00442,5,E-02-05-01,OP-103,PUT_AWAY,NORMAL
PA-002316,2026-09-02 01:03:10,SKU-00004,5,F-07-05-01,OP-107,PUT_AWAY,NORMAL
PA-005112,2026-09-02 01:03:11,SKU-00977,8,D-04-02-02,OP-106,PUT_AWAY,NORMAL
PA-002837,2026-09-02 01:03:29,SKU-01004,5,D-10-01-01,OP-104,PUT_AWAY,NORMAL
PA-003897,2026-09-02 01:04:02,SKU-00021,7,D-08-04-02,OP-101,PUT_AWAY,NORMAL
PA-005206,2026-09-02 01:04:12,SKU-01085,5,C-03-02-02,OP-103,PUT_AWAY,NORMAL
PA-003114,2026-09-02 01:04:18,SKU-00457,2,E-03-02-02,OP-106,PUT_AWAY,NORMAL
PA-003326,2026-09-02 01:04:32,SKU-00937,2,F-09-03-01,OP-103,PUT_AWAY,NORMAL
PA-003469,2026-09-02 01:05:02,SKU-01982,6,D-06-02-02,OP-103,PUT_AWAY,NORMAL
PA-002246,2026-09-02 01:05:16,SKU-01983,3,E-09-03-01,OP-101,PUT_AWAY,NORMAL
PA-002739,2026-09-02 01:05:18,SKU-01289,9,E-02-02-01,OP-105,PUT_AWAY,NORMAL
PA-003008,2026-09-02 01:05:19,SKU-01883,9,F-09-04-02,OP-101,PUT_AWAY,NORMAL
PA-002207,2026-09-02 01:05:29,SKU-00806,2,E-03-01-02,OP-102,PUT_AWAY,NORMAL
PA-006986,2026-09-02 01:05:47,SKU-01354,7,D-08-03-02,OP-102,PUT_AWAY,NORMAL
PA-007592,2026-09-02 01:05:54,SKU-00843,6,B-08-02-01,OP-107,PUT_AWAY,NORMAL
PA-007895,2026-09-02 01:06:05,SKU-01739,10,E-08-03-02,OP-103,PUT_AWAY,NORMAL
PA-001951,2026-09-02 01:06:24,SKU-01461,8,F-08-04-02,OP-103,PUT_AWAY,NORMAL
PA-006443,2026-09-02 01:06:25,SKU-00291,2,B-10-04-02,OP-103,PUT_AWAY,NORMAL
PA-006591,2026-09-02 01:06:26,SKU-01923,9,E-05-04-01,OP-102,PUT_AWAY,NORMAL
PA-006806,2026-09-02 01:06:48,SKU-01689,10,A-02-04-02,OP-101,PUT_AWAY,NORMAL
PA-006411,2026-09-02 01:07:24,SKU-01981,1,F-06-03-02,OP-103,PUT_AWAY,NORMAL
PA-006491,2026-09-02 01:07:38,SKU-00460,6,F-07-02-01,OP-107,PUT_AWAY,NORMAL
PA-003231,2026-09-02 01:07:43,SKU-01987,6,A-03-02-01,OP-102,PUT_AWAY,NORMAL
PA-001081,2026-09-02 01:08:05,SKU-00799,6,E-08-02-01,OP-108,PUT_AWAY,NORMAL
PA-006839,2026-09-02 01:08:25,SKU-01833,7,E-08-02-01,OP-101,PUT_AWAY,NORMAL
PA-000807,2026-09-02 01:09:33,SKU-00270,8,A-10-02-02,OP-107,PUT_AWAY,NORMAL
PA-002277,2026-09-02 01:09:35,SKU-00630,3,A-07-04-02,OP-107,PUT_AWAY,NORMAL
PA-000841,2026-09-02 01:10:12,SKU-00616,3,C-04-04-01,OP-104,PUT_AWAY,NORMAL
PA-004596,2026-09-02 01:10:16,SKU-01205,3,C-04-02-01,OP-104,PUT_AWAY,NORMAL
PA-003296,2026-09-02 01:10:21,SKU-00561,5,D-06-04-01,OP-105,PUT_AWAY,NORMAL
PA-004483,2026-09-02 01:10:49,SKU-00194,7,B-04-02-02,OP-108,PUT_AWAY,NORMAL
PA-004469,2026-09-02 01:10:50,SKU-01506,1,E-01-04-02,OP-105,PUT_AWAY,NORMAL
PA-006389,2026-09-02 01:10:58,SKU-01963,10,B-03-03-02,OP-101,PUT_AWAY,NORMAL
PA-001772,2026-09-02 01:11:26,SKU-01350,1,F-05-01-01,OP-107,PUT_AWAY,NORMAL
PA-006466,2026-09-02 01:11:33,SKU-00398,2,E-09-01-01,OP-104,PUT_AWAY,NORMAL
PA-003640,2026-09-02 01:11:34,SKU-00170,8,F-04-05-01,OP-104,PUT_AWAY,NORMAL
PA-007865,2026-09-02 01:11:37,SKU-01629,5,F-03-02-01,OP-104,PUT_AWAY,NORMAL
PA-007588,2026-09-02 01:11:44,SKU-00765,5,F-02-02-01,OP-106,PUT_AWAY,NORMAL
PA-002642,2026-09-02 01:11:59,SKU-01409,4,B-03-03-02,OP-104,PUT_AWAY,NORMAL
PA-006469,2026-09-02 01:12:05,SKU-01538,8,D-08-03-01,OP-102,PUT_AWAY,NORMAL
PA-004630,2026-09-02 01:12:09,SKU-01322,10,C-05-05-01,OP-107,PUT_AWAY,NORMAL
PA-002930,2026-09-02 01:12:09,SKU-01588,1,A-05-04-01,OP-107,PUT_AWAY,NORMAL
PA-007816,2026-09-02 01:12:43,SKU-00423,6,B-03-05-02,OP-108,PUT_AWAY,NORMAL
PA-004233,2026-09-02 01:12:44,SKU-01557,9,C-01-04-01,OP-108,PUT_AWAY,NORMAL
PA-006010,2026-09-02 01:12:47,SKU-01325,3,E-06-04-01,OP-106,PUT_AWAY,NORMAL
PA-005128,2026-09-02 01:12:51,SKU-00190,10,E-07-05-02,OP-103,PUT_AWAY,NORMAL
PA-001128,2026-09-02 01:13:02,SKU-01365,10,C-07-01-01,OP-107,PUT_AWAY,NORMAL
PA-007494,2026-09-02 01:13:32,SKU-00329,6,F-03-01-01,OP-101,PUT_AWAY,NORMAL
PA-006112,2026-09-02 01:13:33,SKU-01814,6,E-02-02-01,OP-102,PUT_AWAY,NORMAL
PA-007715,2026-09-02 01:13:36,SKU-01921,9,E-06-03-01,OP-101,PUT_AWAY,NORMAL
PA-006016,2026-09-02 01:13:53,SKU-00711,5,E-04-02-01,OP-107,PUT_AWAY,NORMAL
PA-005280,2026-09-02 01:14:16,SKU-00889,3,C-06-03-02,OP-107,PUT_AWAY,NORMAL
PA-001427,2026-09-02 01:14:18,SKU-00046,6,F-03-02-02,OP-106,PUT_AWAY,NORMAL
PA-005442,2026-09-02 01:14:24,SKU-01188,1,A-06-01-02,OP-107,PUT_AWAY,NORMAL
PA-007853,2026-09-02 01:15:25,SKU-01257,2,A-01-02-01,OP-106,PUT_AWAY,NORMAL
PA-000298,2026-09-02 01:15:39,SKU-01453,2,E-10-05-01,OP-106,PUT_AWAY,NORMAL
PA-003325,2026-09-02 01:15:39,SKU-01111,3,E-02-01-01,OP-101,PUT_AWAY,NORMAL
PA-000122,2026-09-02 01:15:48,SKU-00169,2,B-05-03-02,OP-108,PUT_AWAY,NORMAL
PA-001790,2026-09-02 01:16:02,SKU-01160,10,A-02-05-02,OP-101,PUT_AWAY,NORMAL
PA-003727,2026-09-02 01:16:49,SKU-00454,10,D-10-04-01,OP-106,PUT_AWAY,NORMAL
PA-001824,2026-09-02 01:17:24,SKU-00572,7,C-09-03-01,OP-103,PUT_AWAY,NORMAL
PA-002882,2026-09-02 01:18:20,SKU-00628,7,E-10-04-01,OP-104,PUT_AWAY,NORMAL
PA-007501,2026-09-02 01:18:45,SKU-00245,4,B-02-01-02,OP-105,PUT_AWAY,NORMAL
PA-003099,2026-09-02 01:18:46,SKU-00852,5,E-08-04-02,OP-106,PUT_AWAY,NORMAL
PA-001998,2026-09-02 01:19:09,SKU-01552,9,C-01-01-01,OP-108,PUT_AWAY,NORMAL
PA-001365,2026-09-02 01:19:24,SKU-01033,1,A-10-05-02,OP-104,PUT_AWAY,NORMAL
PA-006957,2026-09-02 01:20:07,SKU-01571,6,A-05-01-02,OP-101,PUT_AWAY,NORMAL
PA-003289,2026-09-02 01:20:25,SKU-00606,1,E-06-05-02,OP-106,PUT_AWAY,NORMAL
PA-002181,2026-09-02 01:20:37,SKU-01376,8,D-07-03-01,OP-105,PUT_AWAY,NORMAL
PA-000957,2026-09-02 01:20:37,SKU-00626,9,D-06-03-01,OP-106,PUT_AWAY,NORMAL
PA-007234,2026-09-02 01:21:04,SKU-01371,2,B-09-03-02,OP-107,PUT_AWAY,NORMAL
PA-000557,2026-09-02 01:21:05,SKU-00012,2,A-03-01-01,OP-108,PUT_AWAY,NORMAL
PA-003232,2026-09-02 01:21:37,SKU-00820,4,C-09-01-01,OP-107,PUT_AWAY,NORMAL
PA-003309,2026-09-02 01:21:39,SKU-01829,4,F-07-05-02,OP-101,PUT_AWAY,NORMAL
PA-002189,2026-09-02 01:21:48,SKU-00612,9,F-01-02-02,OP-107,PUT_AWAY,NORMAL
PA-008797,2026-09-02 01:21:48,SKU-01540,2,C-08-01-01,OP-108,PUT_AWAY,NORMAL
PA-007059,2026-09-02 01:21:59,SKU-00245,6,B-02-01-02,OP-106,PUT_AWAY,NORMAL
PA-001738,2026-09-02 01:22:20,SKU-00480,2,B-04-04-02,OP-107,PUT_AWAY,NORMAL
PA-003888,2026-09-02 01:23:08,SKU-00160,2,B-03-02-01,OP-101,PUT_AWAY,NORMAL
PA-002636,2026-09-02 01:24:35,SKU-01519,3,D-08-01-01,OP-102,PUT_AWAY,NORMAL
PA-000102,2026-09-02 01:24:57,SKU-01253,2,F-05-05-01,OP-103,PUT_AWAY,NORMAL
PA-002308,2026-09-02 01:25:30,SKU-01130,10,A-05-05-01,OP-104,PUT_AWAY,NORMAL
PA-001980,2026-09-02 01:25:34,SKU-00812,7,F-02-04-02,OP-102,PUT_AWAY,NORMAL
PA-003462,2026-09-02 01:26:31,SKU-00068,1,C-06-03-01,OP-103,PUT_AWAY,NORMAL
PA-003919,2026-09-02 01:26:34,SKU-01040,7,F-09-02-02,OP-104,PUT_AWAY,NORMAL
PA-000232,2026-09-02 01:26:46,SKU-01786,8,F-02-05-02,OP-106,PUT_AWAY,NORMAL
PA-007268,2026-09-02 01:26:47,SKU-01221,3,D-02-02-01,OP-102,PUT_AWAY,NORMAL
PA-000999,2026-09-02 01:27:47,SKU-01252,1,C-02-01-02,OP-105,PUT_AWAY,NORMAL
PA-007887,2026-09-02 01:27:58,SKU-01108,1,A-01-03-01,OP-108,PUT_AWAY,NORMAL
PA-008626,2026-09-02 01:28:27,SKU-01351,3,A-09-02-01,OP-108,PUT_AWAY,NORMAL
PA-004641,2026-09-02 01:28:46,SKU-00322,8,A-08-01-02,OP-107,PUT_AWAY,NORMAL
PA-005725,2026-09-02 01:28:52,SKU-00738,7,D-07-01-01,OP-106,PUT_AWAY,NORMAL
PA-006304,2026-09-02 01:29:20,SKU-00671,10,B-03-01-02,OP-104,PUT_AWAY,NORMAL
PA-005239,2026-09-02 01:29:27,SKU-00338,9,C-02-04-01,OP-104,PUT_AWAY,NORMAL
PA-005481,2026-09-02 01:29:51,SKU-01286,10,B-02-02-01,OP-101,PUT_AWAY,NORMAL
PA-001607,2026-09-02 01:30:04,SKU-00725,1,E-06-05-01,OP-102,PUT_AWAY,NORMAL
PA-007464,2026-09-02 01:30:28,SKU-01060,10,B-06-03-01,OP-104,PUT_AWAY,NORMAL
PA-003892,2026-09-02 01:30:32,SKU-01825,3,F-07-03-01,OP-102,PUT_AWAY,NORMAL
PA-008048,2026-09-02 01:32:05,SKU-00348,10,E-07-02-01,OP-107,PUT_AWAY,NORMAL
PA-005527,2026-09-02 01:32:53,SKU-01701,3,D-05-05-01,OP-105,PUT_AWAY,NORMAL
PA-003330,2026-09-02 01:33:13,SKU-00248,5,F-01-01-02,OP-102,PUT_AWAY,NORMAL
PA-007056,2026-09-02 01:33:41,SKU-00879,8,F-08-02-01,OP-102,PUT_AWAY,NORMAL
PA-006231,2026-09-02 01:33:45,SKU-00787,10,D-08-03-01,OP-104,PUT_AWAY,NORMAL
PA-008760,2026-09-02 01:33:49,SKU-01100,2,E-08-04-02,OP-104,PUT_AWAY,NORMAL
PA-002368,2026-09-02 01:33:50,SKU-00271,2,F-08-03-02,OP-102,PUT_AWAY,NORMAL
PA-006932,2026-09-02 01:35:24,SKU-00015,8,F-08-03-02,OP-106,PUT_AWAY,NORMAL
PA-001436,2026-09-02 01:35:29,SKU-00957,1,D-04-01-02,OP-103,PUT_AWAY,NORMAL
PA-001191,2026-09-02 01:35:48,SKU-00340,6,E-01-03-02,OP-105,PUT_AWAY,NORMAL
PA-001891,2026-09-02 01:35:51,SKU-01985,1,E-10-01-01,OP-102,PUT_AWAY,NORMAL
PA-004972,2026-09-02 01:36:32,SKU-01015,3,F-04-05-01,OP-102,PUT_AWAY,NORMAL
PA-001454,2026-09-02 01:36:51,SKU-00135,4,F-04-04-02,OP-102,PUT_AWAY,NORMAL
PA-007407,2026-09-02 01:36:56,SKU-01726,8,B-02-01-01,OP-104,PUT_AWAY,NORMAL
PA-000371,2026-09-02 01:36:57,SKU-01413,4,D-08-04-01,OP-105,PUT_AWAY,NORMAL
PA-001597,2026-09-02 01:37:04,SKU-01191,9,D-03-05-01,OP-104,PUT_AWAY,NORMAL
PA-007867,2026-09-02 01:37:51,SKU-00348,8,E-07-02-01,OP-104,PUT_AWAY,NORMAL
PA-003305,2026-09-02 01:37:59,SKU-01541,6,D-01-04-02,OP-106,PUT_AWAY,NORMAL
PA-005263,2026-09-02 01:38:04,SKU-00254,6,B-03-05-02,OP-101,PUT_AWAY,NORMAL
PA-008584,2026-09-02 01:38:23,SKU-01564,10,A-07-03-02,OP-105,PUT_AWAY,NORMAL
PA-008323,2026-09-02 01:38:49,SKU-00130,2,B-05-03-01,OP-104,PUT_AWAY,NORMAL
PA-008891,2026-09-02 01:38:54,SKU-01552,1,C-01-01-01,OP-105,PUT_AWAY,NORMAL
PA-001386,2026-09-02 01:39:52,SKU-01722,3,D-01-01-01,OP-102,PUT_AWAY,NORMAL
PA-000991,2026-09-02 01:39:56,SKU-00111,1,B-06-02-02,OP-108,PUT_AWAY,NORMAL
PA-007617,2026-09-02 01:39:56,SKU-00268,7,E-09-05-01,OP-107,PUT_AWAY,NORMAL
PA-005989,2026-09-02 01:40:02,SKU-00825,2,C-03-04-02,OP-104,PUT_AWAY,NORMAL
PA-001764,2026-09-02 01:40:10,SKU-01905,1,E-02-05-01,OP-108,PUT_AWAY,NORMAL
PA-008577,2026-09-02 01:40:14,SKU-01268,3,A-10-01-02,OP-107,PUT_AWAY,NORMAL
PA-005561,2026-09-02 01:40:20,SKU-00742,7,F-05-02-02,OP-104,PUT_AWAY,NORMAL
PA-003756,2026-09-02 01:40:37,SKU-01319,2,B-05-04-02,OP-103,PUT_AWAY,NORMAL
PA-004285,2026-09-02 01:40:44,SKU-01229,1,F-03-05-02,OP-107,PUT_AWAY,NORMAL
PA-004384,2026-09-02 01:40:48,SKU-01045,3,C-06-04-02,OP-101,PUT_AWAY,NORMAL
PA-000815,2026-09-02 01:40:53,SKU-01830,7,A-03-04-01,OP-106,PUT_AWAY,NORMAL
PA-003394,2026-09-02 01:41:10,SKU-01137,6,E-08-03-01,OP-106,PUT_AWAY,NORMAL
PA-005521,2026-09-02 01:41:16,SKU-01330,2,B-07-03-01,OP-104,PUT_AWAY,NORMAL
PA-003108,2026-09-02 01:42:05,SKU-01250,9,C-06-03-01,OP-105,PUT_AWAY,NORMAL
PA-008642,2026-09-02 01:42:22,SKU-00711,1,E-04-02-01,OP-105,PUT_AWAY,NORMAL
PA-008870,2026-09-02 01:42:32,SKU-00245,7,B-02-01-02,OP-103,PUT_AWAY,NORMAL
PA-003162,2026-09-02 01:42:42,SKU-00941,9,D-08-01-01,OP-104,PUT_AWAY,NORMAL
PA-003334,2026-09-02 01:42:48,SKU-01345,6,E-10-05-02,OP-104,PUT_AWAY,NORMAL
PA-008724,2026-09-02 01:42:51,SKU-01112,10,B-07-03-01,OP-102,PUT_AWAY,NORMAL
PA-001137,2026-09-02 01:42:52,SKU-01633,10,C-03-05-01,OP-108,PUT_AWAY,NORMAL
PA-004649,2026-09-02 01:43:07,SKU-00826,7,C-09-05-01,OP-107,PUT_AWAY,NORMAL
PA-008556,2026-09-02 01:43:11,SKU-01279,4,B-04-04-01,OP-103,PUT_AWAY,NORMAL
PA-002658,2026-09-02 01:43:22,SKU-00645,7,B-08-05-01,OP-107,PUT_AWAY,NORMAL
PA-007934,2026-09-02 01:43:33,SKU-00736,6,E-01-03-02,OP-106,PUT_AWAY,NORMAL
PA-007293,2026-09-02 01:43:35,SKU-00916,5,B-05-04-02,OP-108,PUT_AWAY,NORMAL
PA-004096,2026-09-02 01:43:43,SKU-00035,8,F-06-02-01,OP-107,PUT_AWAY,NORMAL
PA-000436,2026-09-02 01:44:21,SKU-00230,4,E-10-05-01,OP-104,PUT_AWAY,NORMAL
PA-004560,2026-09-02 01:44:23,SKU-01282,5,A-07-01-02,OP-105,PUT_AWAY,NORMAL
PA-000035,2026-09-02 01:44:29,SKU-00554,9,F-10-02-01,OP-106,PUT_AWAY,NORMAL
PA-008555,2026-09-02 01:45:00,SKU-00351,4,D-03-04-02,OP-108,PUT_AWAY,NORMAL
PA-006989,2026-09-02 01:45:52,SKU-00257,6,D-06-05-01,OP-103,PUT_AWAY,NORMAL
PA-007962,2026-09-02 01:46:14,SKU-00262,6,C-02-02-02,OP-103,PUT_AWAY,NORMAL
PA-003963,2026-09-02 01:46:26,SKU-00085,4,F-02-01-02,OP-105,PUT_AWAY,NORMAL
PA-006492,2026-09-02 01:47:21,SKU-00937,6,F-09-03-01,OP-108,PUT_AWAY,NORMAL
PA-001492,2026-09-02 01:47:33,SKU-01021,9,E-02-04-02,OP-105,PUT_AWAY,NORMAL
PA-005019,2026-09-02 01:48:07,SKU-01397,4,F-09-05-01,OP-102,PUT_AWAY,NORMAL
PA-004783,2026-09-02 01:48:08,SKU-01274,2,D-08-01-02,OP-108,PUT_AWAY,NORMAL
PA-008969,2026-09-02 01:48:35,SKU-00998,9,B-10-03-01,OP-105,PUT_AWAY,NORMAL
PA-000543,2026-09-02 01:48:50,SKU-00675,1,E-02-01-01,OP-107,PUT_AWAY,NORMAL
PA-004702,2026-09-02 01:49:09,SKU-00520,5,A-09-05-02,OP-104,PUT_AWAY,NORMAL
PA-001283,2026-09-02 01:49:12,SKU-01036,6,E-08-02-02,OP-105,PUT_AWAY,NORMAL
PA-006751,2026-09-02 01:49:40,SKU-00935,8,E-09-02-02,OP-107,PUT_AWAY,NORMAL
PA-002820,2026-09-02 01:50:07,SKU-00850,10,E-03-04-02,OP-107,PUT_AWAY,NORMAL
PA-004152,2026-09-02 01:51:10,SKU-01039,6,C-04-01-01,OP-105,PUT_AWAY,NORMAL
PA-008143,2026-09-02 01:51:11,SKU-01285,9,D-07-04-02,OP-105,PUT_AWAY,NORMAL
PA-004422,2026-09-02 01:51:35,SKU-00326,9,C-09-05-01,OP-108,PUT_AWAY,NORMAL
PA-000120,2026-09-02 01:51:52,SKU-01695,4,C-09-05-01,OP-103,PUT_AWAY,NORMAL
PA-007356,2026-09-02 01:52:35,SKU-00333,9,C-10-02-02,OP-105,PUT_AWAY,NORMAL
PA-005365,2026-09-02 01:53:22,SKU-00056,7,A-08-02-02,OP-108,PUT_AWAY,NORMAL
PA-000771,2026-09-02 01:54:09,SKU-00124,10,E-03-02-01,OP-103,PUT_AWAY,NORMAL
PA-008526,2026-09-02 01:54:35,SKU-00378,3,D-08-03-01,OP-107,PUT_AWAY,NORMAL
PA-GT-001,2026-09-02 01:55:00,SKU-00001,5,A-01-01-01,OP-101,PUT_AWAY,NORMAL
PA-007625,2026-09-02 01:55:00,SKU-00757,3,A-04-02-02,OP-104,PUT_AWAY,NORMAL
PA-003824,2026-09-02 01:55:03,SKU-00442,2,E-02-05-01,OP-105,PUT_AWAY,NORMAL
PA-001369,2026-09-02 01:55:31,SKU-01306,9,F-05-01-02,OP-107,PUT_AWAY,NORMAL
PA-000106,2026-09-02 01:56:05,SKU-01599,9,A-09-02-01,OP-106,PUT_AWAY,NORMAL
PA-000597,2026-09-02 01:56:11,SKU-01526,1,B-04-02-01,OP-108,PUT_AWAY,NORMAL
PA-007811,2026-09-02 01:56:16,SKU-00390,5,F-03-04-01,OP-108,PUT_AWAY,NORMAL
PA-004675,2026-09-02 01:56:33,SKU-01743,9,A-01-03-01,OP-107,PUT_AWAY,NORMAL
PA-001474,2026-09-02 01:56:40,SKU-00505,7,E-06-02-02,OP-101,PUT_AWAY,NORMAL
PA-006607,2026-09-02 01:56:45,SKU-00148,1,A-03-04-01,OP-104,PUT_AWAY,NORMAL
PA-007316,2026-09-02 01:56:46,SKU-00375,8,D-05-02-01,OP-108,PUT_AWAY,NORMAL
PA-000385,2026-09-02 01:56:57,SKU-00373,2,A-02-03-02,OP-102,PUT_AWAY,NORMAL
PA-005585,2026-09-02 01:56:59,SKU-00814,3,E-10-04-01,OP-108,PUT_AWAY,NORMAL
PA-000001,2026-09-02 01:57:20,SKU-01861,8,C-03-03-01,OP-104,PUT_AWAY,NORMAL
PA-001182,2026-09-02 01:57:44,SKU-01217,4,A-10-01-01,OP-105,PUT_AWAY,NORMAL
PA-000087,2026-09-02 01:57:53,SKU-01582,1,F-01-02-01,OP-101,PUT_AWAY,NORMAL
PA-000379,2026-09-02 01:58:01,SKU-01396,1,A-03-01-02,OP-104,PUT_AWAY,NORMAL
PA-007208,2026-09-02 01:58:38,SKU-00234,1,B-10-03-01,OP-107,PUT_AWAY,NORMAL
PA-004542,2026-09-02 01:58:38,SKU-01035,5,C-03-04-01,OP-101,PUT_AWAY,NORMAL
PA-007939,2026-09-02 01:59:15,SKU-01035,3,C-03-04-01,OP-106,PUT_AWAY,NORMAL
PA-005854,2026-09-02 01:59:28,SKU-01360,9,A-09-02-02,OP-108,PUT_AWAY,NORMAL
PA-000050,2026-09-02 01:59:39,SKU-01166,5,F-01-01-01,OP-107,PUT_AWAY,NORMAL
PA-005880,2026-09-02 01:59:43,SKU-01459,1,B-08-01-01,OP-104,PUT_AWAY,NORMAL
PA-004345,2026-09-02 01:59:44,SKU-00700,1,D-05-05-01,OP-101,PUT_AWAY,NORMAL
PA-000214,2026-09-02 02:00:09,SKU-01270,6,D-04-01-01,OP-108,PUT_AWAY,NORMAL
PA-001060,2026-09-02 02:00:21,SKU-01730,10,E-10-02-01,OP-107,PUT_AWAY,NORMAL
PA-005278,2026-09-02 02:00:29,SKU-01542,3,E-07-05-02,OP-107,PUT_AWAY,NORMAL
PA-004947,2026-09-02 02:00:34,SKU-00720,1,C-02-04-02,OP-107,PUT_AWAY,NORMAL
PA-001675,2026-09-02 02:01:34,SKU-01440,6,B-02-03-01,OP-106,PUT_AWAY,NORMAL
PA-006952,2026-09-02 02:01:38,SKU-01130,5,A-05-05-01,OP-101,PUT_AWAY,NORMAL
PA-004094,2026-09-02 02:01:45,SKU-01346,8,B-09-05-01,OP-105,PUT_AWAY,NORMAL
PA-004678,2026-09-02 02:01:55,SKU-00350,10,A-01-04-02,OP-104,PUT_AWAY,NORMAL
PA-003240,2026-09-02 02:01:56,SKU-00053,6,A-07-02-01,OP-101,PUT_AWAY,NORMAL
PA-008677,2026-09-02 02:02:10,SKU-00810,2,F-08-04-01,OP-105,PUT_AWAY,NORMAL
PA-005215,2026-09-02 02:02:31,SKU-01854,3,D-06-01-02,OP-101,PUT_AWAY,NORMAL
PA-001532,2026-09-02 02:02:37,SKU-01023,4,D-05-02-01,OP-103,PUT_AWAY,NORMAL
PA-000354,2026-09-02 02:02:45,SKU-00840,9,C-01-01-01,OP-105,PUT_AWAY,NORMAL
PA-006449,2026-09-02 02:03:17,SKU-00903,8,A-01-03-02,OP-101,PUT_AWAY,NORMAL
PA-001635,2026-09-02 02:03:23,SKU-01665,6,B-06-04-01,OP-103,PUT_AWAY,NORMAL
PA-002048,2026-09-02 02:03:30,SKU-01279,4,B-04-04-01,OP-107,PUT_AWAY,NORMAL
PA-000537,2026-09-02 02:03:32,SKU-01814,6,E-02-02-01,OP-101,PUT_AWAY,NORMAL
PA-008822,2026-09-02 02:04:14,SKU-00184,1,D-06-02-01,OP-101,PUT_AWAY,NORMAL
PA-006208,2026-09-02 02:04:52,SKU-01877,3,A-06-05-02,OP-101,PUT_AWAY,NORMAL
PA-002842,2026-09-02 02:04:56,SKU-00816,10,D-04-02-02,OP-108,PUT_AWAY,NORMAL
PA-003901,2026-09-02 02:05:01,SKU-00311,4,F-04-03-02,OP-108,PUT_AWAY,NORMAL
PA-004566,2026-09-02 02:05:49,SKU-01235,7,A-01-01-01,OP-102,PUT_AWAY,NORMAL
PA-003861,2026-09-02 02:05:57,SKU-01956,5,C-09-02-02,OP-102,PUT_AWAY,NORMAL
PA-004541,2026-09-02 02:06:12,SKU-00508,7,F-07-01-01,OP-102,PUT_AWAY,NORMAL
PA-000621,2026-09-02 02:06:15,SKU-01933,10,E-09-04-02,OP-105,PUT_AWAY,NORMAL
PA-000534,2026-09-02 02:06:48,SKU-00727,3,C-08-04-01,OP-107,PUT_AWAY,NORMAL
PA-005697,2026-09-02 02:06:51,SKU-01183,3,A-04-05-01,OP-104,PUT_AWAY,NORMAL
PA-007985,2026-09-02 02:07:11,SKU-01775,2,F-07-05-01,OP-108,PUT_AWAY,NORMAL
PA-001572,2026-09-02 02:07:13,SKU-00570,6,B-01-04-01,OP-101,PUT_AWAY,NORMAL
PA-005855,2026-09-02 02:07:45,SKU-00566,2,C-10-03-01,OP-102,PUT_AWAY,NORMAL
PA-004021,2026-09-02 02:07:48,SKU-01722,7,D-01-01-01,OP-107,PUT_AWAY,NORMAL
PA-008879,2026-09-02 02:08:06,SKU-00451,1,D-05-05-01,OP-104,PUT_AWAY,NORMAL
PA-007696,2026-09-02 02:08:36,SKU-00279,10,A-03-05-02,OP-108,PUT_AWAY,NORMAL
PA-000573,2026-09-02 02:08:37,SKU-00161,8,E-03-03-02,OP-101,PUT_AWAY,NORMAL
PA-005686,2026-09-02 02:08:50,SKU-01204,7,E-07-01-01,OP-107,PUT_AWAY,NORMAL
PA-006769,2026-09-02 02:08:53,SKU-00588,6,F-02-02-01,OP-108,PUT_AWAY,NORMAL
PA-007838,2026-09-02 02:08:54,SKU-01410,1,A-09-04-01,OP-108,PUT_AWAY,NORMAL
PA-004635,2026-09-02 02:09:02,SKU-00943,10,E-05-01-01,OP-106,PUT_AWAY,NORMAL
PA-003218,2026-09-02 02:09:56,SKU-00717,9,F-01-04-01,OP-105,PUT_AWAY,NORMAL
PA-003338,2026-09-02 02:10:26,SKU-01221,9,D-02-02-01,OP-108,PUT_AWAY,NORMAL
PA-006771,2026-09-02 02:10:41,SKU-01585,2,A-08-03-01,OP-101,PUT_AWAY,NORMAL
PA-007643,2026-09-02 02:10:56,SKU-01399,2,F-03-04-01,OP-105,PUT_AWAY,NORMAL
PA-001151,2026-09-02 02:11:47,SKU-00818,2,A-03-05-01,OP-105,PUT_AWAY,NORMAL
PA-001115,2026-09-02 02:11:55,SKU-00446,7,B-09-03-02,OP-105,PUT_AWAY,NORMAL
PA-002504,2026-09-02 02:12:07,SKU-01561,6,E-10-01-02,OP-103,PUT_AWAY,NORMAL
PA-003868,2026-09-02 02:12:10,SKU-00693,7,C-05-03-02,OP-102,PUT_AWAY,NORMAL
PA-006345,2026-09-02 02:13:08,SKU-00300,7,A-03-01-02,OP-104,PUT_AWAY,NORMAL
PA-003455,2026-09-02 02:13:26,SKU-00586,7,B-04-03-02,OP-107,PUT_AWAY,NORMAL
PA-004340,2026-09-02 02:13:39,SKU-00588,6,F-02-02-01,OP-108,PUT_AWAY,NORMAL
PA-003764,2026-09-02 02:13:58,SKU-01355,3,A-04-05-02,OP-102,PUT_AWAY,NORMAL
PA-001346,2026-09-02 02:13:59,SKU-00782,4,D-09-01-02,OP-103,PUT_AWAY,NORMAL
PA-004532,2026-09-02 02:14:05,SKU-01787,3,B-02-05-01,OP-101,PUT_AWAY,NORMAL
PA-008412,2026-09-02 02:14:10,SKU-00143,3,D-10-03-02,OP-103,PUT_AWAY,NORMAL
PA-002057,2026-09-02 02:14:17,SKU-00822,1,F-04-01-01,OP-103,PUT_AWAY,NORMAL
PA-002860,2026-09-02 02:15:12,SKU-00962,10,F-03-04-01,OP-107,PUT_AWAY,NORMAL
PA-004017,2026-09-02 02:16:16,SKU-00460,1,F-07-02-01,OP-104,PUT_AWAY,NORMAL
PA-006694,2026-09-02 02:16:33,SKU-00352,5,D-01-02-02,OP-102,PUT_AWAY,NORMAL
PA-003416,2026-09-02 02:17:13,SKU-00775,9,D-10-01-01,OP-105,PUT_AWAY,NORMAL
PA-004124,2026-09-02 02:17:39,SKU-00120,1,D-05-04-02,OP-108,PUT_AWAY,NORMAL
PA-008733,2026-09-02 02:17:49,SKU-01724,10,F-07-01-01,OP-104,PUT_AWAY,NORMAL
PA-002586,2026-09-02 02:17:51,SKU-00273,8,F-06-01-01,OP-105,PUT_AWAY,NORMAL
PA-006994,2026-09-02 02:18:00,SKU-01342,6,A-01-04-02,OP-105,PUT_AWAY,NORMAL
PA-001079,2026-09-02 02:18:32,SKU-00582,7,B-08-05-01,OP-107,PUT_AWAY,NORMAL
PA-002364,2026-09-02 02:18:44,SKU-00539,6,A-10-04-02,OP-107,PUT_AWAY,NORMAL
PA-008092,2026-09-02 02:19:37,SKU-00719,3,E-06-02-01,OP-104,PUT_AWAY,NORMAL
PA-001480,2026-09-02 02:20:24,SKU-00318,3,F-06-01-01,OP-107,PUT_AWAY,NORMAL
PA-003373,2026-09-02 02:20:24,SKU-01664,7,D-01-03-02,OP-102,PUT_AWAY,NORMAL
PA-008522,2026-09-02 02:21:06,SKU-00442,2,E-02-05-01,OP-101,PUT_AWAY,NORMAL
PA-001916,2026-09-02 02:21:19,SKU-01206,5,B-04-01-02,OP-103,PUT_AWAY,NORMAL
PA-001861,2026-09-02 02:21:34,SKU-01657,9,A-01-05-01,OP-103,PUT_AWAY,NORMAL
PA-003706,2026-09-02 02:21:51,SKU-00851,7,A-01-02-02,OP-104,PUT_AWAY,NORMAL
PA-005136,2026-09-02 02:22:28,SKU-00922,4,F-01-01-01,OP-103,PUT_AWAY,NORMAL
PA-002422,2026-09-02 02:23:19,SKU-00808,1,F-10-04-02,OP-101,PUT_AWAY,NORMAL
PA-008886,2026-09-02 02:23:25,SKU-00657,6,A-09-02-02,OP-101,PUT_AWAY,NORMAL
PA-005441,2026-09-02 02:24:02,SKU-01400,2,B-07-03-02,OP-101,PUT_AWAY,NORMAL
PA-000551,2026-09-02 02:24:13,SKU-00168,5,A-06-04-02,OP-105,PUT_AWAY,NORMAL
PA-002402,2026-09-02 02:24:47,SKU-01640,2,A-03-03-02,OP-107,PUT_AWAY,NORMAL
PA-002661,2026-09-02 02:24:53,SKU-00284,3,A-03-02-02,OP-102,PUT_AWAY,NORMAL
PA-007500,2026-09-02 02:25:10,SKU-01930,7,D-05-04-02,OP-103,PUT_AWAY,NORMAL
PA-003997,2026-09-02 02:26:00,SKU-01451,5,B-02-03-02,OP-104,PUT_AWAY,NORMAL
PA-005691,2026-09-02 02:26:14,SKU-00464,8,A-10-02-02,OP-107,PUT_AWAY,NORMAL
PA-001419,2026-09-02 02:26:15,SKU-00956,6,C-01-01-02,OP-107,PUT_AWAY,NORMAL
PA-005236,2026-09-02 02:26:20,SKU-00243,7,E-05-05-01,OP-107,PUT_AWAY,NORMAL
PA-005446,2026-09-02 02:26:41,SKU-01090,8,C-03-05-02,OP-102,PUT_AWAY,NORMAL
PA-003886,2026-09-02 02:27:09,SKU-00173,8,F-01-01-01,OP-103,PUT_AWAY,NORMAL
PA-006477,2026-09-02 02:27:17,SKU-00627,2,F-09-01-01,OP-104,PUT_AWAY,NORMAL
PA-000788,2026-09-02 02:28:43,SKU-00781,4,D-09-03-02,OP-102,PUT_AWAY,NORMAL
PA-000998,2026-09-02 02:30:11,SKU-00961,8,B-03-05-01,OP-104,PUT_AWAY,NORMAL
PA-002835,2026-09-02 02:30:44,SKU-00336,7,A-08-01-01,OP-107,PUT_AWAY,NORMAL
PA-000201,2026-09-02 02:30:49,SKU-01012,1,E-08-01-01,OP-102,PUT_AWAY,NORMAL
PA-002035,2026-09-02 02:32:16,SKU-01668,3,C-10-03-01,OP-102,PUT_AWAY,NORMAL
PA-007660,2026-09-02 02:33:07,SKU-00881,6,D-09-01-02,OP-103,PUT_AWAY,NORMAL
PA-005053,2026-09-02 02:33:20,SKU-01479,3,F-07-05-01,OP-107,PUT_AWAY,NORMAL
PA-008221,2026-09-02 02:33:25,SKU-01607,9,A-10-04-02,OP-103,PUT_AWAY,NORMAL
PA-008511,2026-09-02 02:33:53,SKU-00221,1,F-09-04-02,OP-108,PUT_AWAY,NORMAL
PA-000742,2026-09-02 02:34:07,SKU-00550,10,B-10-05-01,OP-107,PUT_AWAY,NORMAL
PA-001330,2026-09-02 02:34:09,SKU-00220,6,D-04-05-02,OP-106,PUT_AWAY,NORMAL
PA-008545,2026-09-02 02:34:18,SKU-00546,9,B-03-03-02,OP-102,PUT_AWAY,NORMAL
PA-000412,2026-09-02 02:34:54,SKU-01097,10,C-09-03-01,OP-106,PUT_AWAY,NORMAL
PA-006380,2026-09-02 02:35:12,SKU-01765,1,E-04-05-01,OP-108,PUT_AWAY,NORMAL
PA-002805,2026-09-02 02:35:31,SKU-00680,10,B-06-01-01,OP-108,PUT_AWAY,NORMAL
PA-001495,2026-09-02 02:35:37,SKU-01117,5,E-04-04-02,OP-104,PUT_AWAY,NORMAL
PA-003531,2026-09-02 02:36:41,SKU-00217,2,A-05-01-02,OP-102,PUT_AWAY,NORMAL
PA-003858,2026-09-02 02:36:56,SKU-01682,2,E-01-04-02,OP-107,PUT_AWAY,NORMAL
PA-000169,2026-09-02 02:37:17,SKU-00500,7,E-02-02-02,OP-107,PUT_AWAY,NORMAL
PA-005579,2026-09-02 02:38:06,SKU-01775,6,F-07-05-01,OP-104,PUT_AWAY,NORMAL
PA-003458,2026-09-02 02:38:07,SKU-01361,10,E-09-02-02,OP-105,PUT_AWAY,NORMAL
PA-004198,2026-09-02 02:38:09,SKU-00827,5,F-01-05-01,OP-106,PUT_AWAY,NORMAL
PA-005968,2026-09-02 02:38:11,SKU-00193,6,B-01-04-01,OP-107,PUT_AWAY,NORMAL
PA-003259,2026-09-02 02:38:13,SKU-00659,6,A-04-05-02,OP-101,PUT_AWAY,NORMAL
PA-007087,2026-09-02 02:38:17,SKU-00456,9,A-05-01-02,OP-106,PUT_AWAY,NORMAL
PA-008544,2026-09-02 02:39:11,SKU-00158,8,D-01-03-02,OP-101,PUT_AWAY,NORMAL
PA-005122,2026-09-02 02:39:12,SKU-01664,4,D-01-03-02,OP-103,PUT_AWAY,NORMAL
PA-001662,2026-09-02 02:39:16,SKU-01346,10,B-09-05-01,OP-102,PUT_AWAY,NORMAL
PA-008381,2026-09-02 02:39:19,SKU-01697,8,A-03-04-02,OP-103,PUT_AWAY,NORMAL
PA-003747,2026-09-02 02:39:24,SKU-00547,6,D-05-04-01,OP-101,PUT_AWAY,NORMAL
PA-005118,2026-09-02 02:39:27,SKU-01930,10,D-05-04-02,OP-107,PUT_AWAY,NORMAL
PA-001320,2026-09-02 02:39:29,SKU-00730,1,F-10-05-01,OP-107,PUT_AWAY,NORMAL
PA-004026,2026-09-02 02:39:31,SKU-01547,10,C-05-01-02,OP-102,PUT_AWAY,NORMAL
PA-004791,2026-09-02 02:40:24,SKU-00630,1,A-07-04-02,OP-105,PUT_AWAY,NORMAL
PA-001934,2026-09-02 02:40:25,SKU-01173,5,D-10-04-01,OP-105,PUT_AWAY,NORMAL
PA-003318,2026-09-02 02:40:39,SKU-00310,8,F-02-05-01,OP-108,PUT_AWAY,NORMAL
PA-006386,2026-09-02 02:41:03,SKU-00995,10,D-02-01-01,OP-104,PUT_AWAY,NORMAL
PA-005604,2026-09-02 02:41:11,SKU-00296,4,E-03-02-02,OP-106,PUT_AWAY,NORMAL
PA-002806,2026-09-02 02:41:13,SKU-00972,8,E-06-01-01,OP-101,PUT_AWAY,NORMAL
PA-000393,2026-09-02 02:41:50,SKU-01395,2,F-06-02-02,OP-108,PUT_AWAY,NORMAL
PA-004055,2026-09-02 02:41:52,SKU-00980,10,B-03-01-01,OP-102,PUT_AWAY,NORMAL
PA-007021,2026-09-02 02:41:59,SKU-01606,5,B-03-01-02,OP-108,PUT_AWAY,NORMAL
PA-000006,2026-09-02 02:42:39,SKU-00635,9,A-04-02-02,OP-104,PUT_AWAY,NORMAL
PA-008158,2026-09-02 02:42:42,SKU-00717,7,F-01-04-01,OP-106,PUT_AWAY,NORMAL
PA-001357,2026-09-02 02:42:56,SKU-01930,6,D-05-04-02,OP-101,PUT_AWAY,NORMAL
PA-005103,2026-09-02 02:43:03,SKU-00335,8,F-07-03-01,OP-104,PUT_AWAY,NORMAL
PA-006360,2026-09-02 02:43:07,SKU-00308,7,D-03-02-01,OP-102,PUT_AWAY,NORMAL
PA-001732,2026-09-02 02:43:52,SKU-00261,1,A-02-02-02,OP-106,PUT_AWAY,NORMAL
PA-000710,2026-09-02 02:43:53,SKU-01686,10,B-10-01-02,OP-105,PUT_AWAY,NORMAL
PA-007894,2026-09-02 02:44:05,SKU-01453,1,E-10-05-01,OP-105,PUT_AWAY,NORMAL
PA-001795,2026-09-02 02:44:08,SKU-01834,1,C-07-02-01,OP-104,PUT_AWAY,NORMAL
PA-000709,2026-09-02 02:44:20,SKU-01267,9,E-09-01-02,OP-105,PUT_AWAY,NORMAL
PA-000229,2026-09-02 02:44:48,SKU-01851,5,B-09-04-01,OP-101,PUT_AWAY,NORMAL
PA-001259,2026-09-02 02:44:51,SKU-00038,6,B-09-05-01,OP-101,PUT_AWAY,NORMAL
PA-006916,2026-09-02 02:45:06,SKU-01873,4,A-08-03-02,OP-104,PUT_AWAY,NORMAL
PA-004115,2026-09-02 02:45:25,SKU-00250,1,B-04-05-02,OP-104,PUT_AWAY,NORMAL
PA-007463,2026-09-02 02:45:32,SKU-01907,9,C-08-02-01,OP-108,PUT_AWAY,NORMAL
PA-002843,2026-09-02 02:45:34,SKU-01794,4,E-05-05-02,OP-105,PUT_AWAY,NORMAL
PA-002291,2026-09-02 02:46:05,SKU-00764,8,A-01-03-01,OP-106,PUT_AWAY,NORMAL
PA-007213,2026-09-02 02:46:33,SKU-01749,9,B-02-01-01,OP-104,PUT_AWAY,NORMAL
PA-004193,2026-09-02 02:46:33,SKU-01793,6,C-10-03-01,OP-104,PUT_AWAY,NORMAL
PA-004575,2026-09-02 02:46:59,SKU-01560,4,E-06-04-02,OP-108,PUT_AWAY,NORMAL
PA-002065,2026-09-02 02:47:10,SKU-01870,1,C-09-03-02,OP-104,PUT_AWAY,NORMAL
PA-004680,2026-09-02 02:47:15,SKU-01100,7,E-08-04-02,OP-104,PUT_AWAY,NORMAL
PA-003401,2026-09-02 02:47:31,SKU-01575,10,E-05-04-02,OP-107,PUT_AWAY,NORMAL
PA-007139,2026-09-02 02:48:22,SKU-00645,1,B-08-05-01,OP-103,PUT_AWAY,NORMAL
PA-005017,2026-09-02 02:48:51,SKU-00986,5,D-09-04-01,OP-102,PUT_AWAY,NORMAL
PA-002532,2026-09-02 02:48:58,SKU-00296,2,E-03-02-02,OP-108,PUT_AWAY,NORMAL
PA-002674,2026-09-02 02:49:10,SKU-01928,1,C-05-03-01,OP-105,PUT_AWAY,NORMAL
PA-006867,2026-09-02 02:49:52,SKU-01186,10,D-04-02-02,OP-106,PUT_AWAY,NORMAL
PA-007689,2026-09-02 02:50:14,SKU-00473,6,B-06-01-01,OP-103,PUT_AWAY,NORMAL
PA-008299,2026-09-02 02:50:49,SKU-00096,3,B-05-04-01,OP-107,PUT_AWAY,NORMAL
PA-007361,2026-09-02 02:51:17,SKU-00722,5,E-10-02-01,OP-106,PUT_AWAY,NORMAL
PA-006019,2026-09-02 02:51:20,SKU-00821,2,E-09-05-02,OP-102,PUT_AWAY,NORMAL
PA-001300,2026-09-02 02:51:35,SKU-00803,4,A-02-02-01,OP-103,PUT_AWAY,NORMAL
PA-005414,2026-09-02 02:51:43,SKU-01931,1,D-06-05-02,OP-103,PUT_AWAY,NORMAL
PA-004661,2026-09-02 02:52:15,SKU-01216,7,A-03-01-01,OP-106,PUT_AWAY,NORMAL
PA-005653,2026-09-02 02:53:17,SKU-00816,4,D-04-02-02,OP-105,PUT_AWAY,NORMAL
PA-004978,2026-09-02 02:53:22,SKU-01104,6,E-09-03-01,OP-108,PUT_AWAY,NORMAL
PA-002856,2026-09-02 02:54:12,SKU-01161,7,B-09-04-01,OP-106,PUT_AWAY,NORMAL
PA-000117,2026-09-02 02:54:15,SKU-00335,3,F-07-03-01,OP-105,PUT_AWAY,NORMAL
PA-001584,2026-09-02 02:54:43,SKU-01979,8,E-04-04-01,OP-102,PUT_AWAY,NORMAL
PA-001479,2026-09-02 02:54:50,SKU-00551,3,C-02-03-02,OP-105,PUT_AWAY,NORMAL
PA-006167,2026-09-02 02:55:05,SKU-00008,9,E-06-03-02,OP-108,PUT_AWAY,NORMAL
PA-001884,2026-09-02 02:55:15,SKU-00186,5,E-10-03-01,OP-104,PUT_AWAY,NORMAL
PA-006151,2026-09-02 02:55:45,SKU-01327,4,F-05-04-02,OP-103,PUT_AWAY,NORMAL
PA-006599,2026-09-02 02:55:47,SKU-00003,2,A-05-05-01,OP-108,PUT_AWAY,NORMAL
PA-008114,2026-09-02 02:56:06,SKU-00364,6,C-02-01-01,OP-104,PUT_AWAY,NORMAL
PA-008183,2026-09-02 02:56:12,SKU-00114,8,A-06-04-02,OP-101,PUT_AWAY,NORMAL
PA-005094,2026-09-02 02:56:25,SKU-01514,5,A-02-03-02,OP-101,PUT_AWAY,NORMAL
PA-002093,2026-09-02 02:57:05,SKU-00152,6,A-08-01-02,OP-105,PUT_AWAY,NORMAL
PA-001942,2026-09-02 02:57:54,SKU-00352,4,D-01-02-02,OP-102,PUT_AWAY,NORMAL
PA-008876,2026-09-02 02:58:04,SKU-00613,4,E-03-04-01,OP-103,PUT_AWAY,NORMAL
PA-005568,2026-09-02 02:58:09,SKU-01241,3,D-06-02-01,OP-105,PUT_AWAY,NORMAL
PA-006266,2026-09-02 02:58:13,SKU-01462,3,B-01-03-01,OP-107,PUT_AWAY,NORMAL
PA-005795,2026-09-02 02:58:26,SKU-00755,9,E-02-02-01,OP-101,PUT_AWAY,NORMAL
PA-008712,2026-09-02 02:58:26,SKU-01965,3,F-07-01-02,OP-101,PUT_AWAY,NORMAL
PA-000838,2026-09-02 02:58:34,SKU-01269,10,A-07-05-02,OP-101,PUT_AWAY,NORMAL
PA-008904,2026-09-02 02:58:43,SKU-00644,8,D-10-02-02,OP-102,PUT_AWAY,NORMAL
PA-007638,2026-09-02 02:58:58,SKU-00832,3,D-07-04-02,OP-104,PUT_AWAY,NORMAL
PA-004602,2026-09-02 02:59:37,SKU-00695,2,C-07-02-01,OP-102,PUT_AWAY,NORMAL
PA-000265,2026-09-02 03:00:04,SKU-00782,1,D-09-01-02,OP-106,PUT_AWAY,NORMAL
PA-008548,2026-09-02 03:00:05,SKU-01917,4,A-05-03-01,OP-103,PUT_AWAY,NORMAL
PA-007308,2026-09-02 03:00:07,SKU-00190,3,E-07-05-02,OP-104,PUT_AWAY,NORMAL
PA-005907,2026-09-02 03:00:47,SKU-01916,7,B-03-02-02,OP-101,PUT_AWAY,NORMAL
PA-001123,2026-09-02 03:02:25,SKU-00933,10,F-09-04-01,OP-104,PUT_AWAY,NORMAL
PA-004245,2026-09-02 03:03:04,SKU-01348,5,A-05-04-01,OP-101,PUT_AWAY,NORMAL
PA-004603,2026-09-02 03:03:51,SKU-01903,3,A-07-01-02,OP-101,PUT_AWAY,NORMAL
PA-004156,2026-09-02 03:03:51,SKU-00774,7,A-06-05-01,OP-102,PUT_AWAY,NORMAL
PA-008953,2026-09-02 03:03:56,SKU-00805,5,E-07-03-01,OP-107,PUT_AWAY,NORMAL
PA-004735,2026-09-02 03:04:05,SKU-01066,2,C-03-04-02,OP-102,PUT_AWAY,NORMAL
PA-001707,2026-09-02 03:04:11,SKU-00399,5,D-08-03-01,OP-103,PUT_AWAY,NORMAL
PA-006475,2026-09-02 03:04:41,SKU-00638,2,C-03-03-02,OP-101,PUT_AWAY,NORMAL
PA-008794,2026-09-02 03:04:42,SKU-00387,5,B-03-02-01,OP-105,PUT_AWAY,NORMAL
PA-006118,2026-09-02 03:04:53,SKU-01985,3,E-10-01-01,OP-108,PUT_AWAY,NORMAL
PA-004574,2026-09-02 03:04:54,SKU-01607,1,A-10-04-02,OP-106,PUT_AWAY,NORMAL
PA-008836,2026-09-02 03:05:03,SKU-01882,6,C-06-02-01,OP-103,PUT_AWAY,NORMAL
PA-004051,2026-09-02 03:05:15,SKU-01568,5,A-02-01-01,OP-101,PUT_AWAY,NORMAL
PA-008728,2026-09-02 03:05:42,SKU-01806,2,A-06-03-01,OP-108,PUT_AWAY,NORMAL
PA-007989,2026-09-02 03:06:06,SKU-00224,6,A-06-05-02,OP-106,PUT_AWAY,NORMAL
PA-001983,2026-09-02 03:06:20,SKU-01169,4,B-01-04-01,OP-101,PUT_AWAY,NORMAL
PA-003106,2026-09-02 03:06:29,SKU-00238,9,A-08-02-02,OP-101,PUT_AWAY,NORMAL
PA-002963,2026-09-02 03:06:34,SKU-00876,5,A-02-04-02,OP-105,PUT_AWAY,NORMAL
PA-006125,2026-09-02 03:06:43,SKU-01589,6,B-06-02-01,OP-107,PUT_AWAY,NORMAL
PA-007164,2026-09-02 03:07:01,SKU-01248,10,C-05-01-01,OP-105,PUT_AWAY,NORMAL
PA-008931,2026-09-02 03:07:28,SKU-00329,5,F-03-01-01,OP-104,PUT_AWAY,NORMAL
PA-006699,2026-09-02 03:07:41,SKU-01878,6,A-02-05-02,OP-101,PUT_AWAY,NORMAL
PA-007073,2026-09-02 03:08:34,SKU-01216,7,A-03-01-01,OP-104,PUT_AWAY,NORMAL
PA-007159,2026-09-02 03:08:34,SKU-01327,3,F-05-04-02,OP-102,PUT_AWAY,NORMAL
PA-006377,2026-09-02 03:08:42,SKU-01223,8,B-10-04-01,OP-103,PUT_AWAY,NORMAL
PA-008256,2026-09-02 03:08:42,SKU-01303,6,C-03-04-01,OP-102,PUT_AWAY,NORMAL
PA-008782,2026-09-02 03:09:04,SKU-01524,9,E-05-01-01,OP-108,PUT_AWAY,NORMAL
PA-007181,2026-09-02 03:09:29,SKU-00448,1,C-08-05-01,OP-106,PUT_AWAY,NORMAL
PA-006663,2026-09-02 03:09:41,SKU-01614,9,A-07-03-01,OP-106,PUT_AWAY,NORMAL
PA-003614,2026-09-02 03:10:31,SKU-00150,7,D-05-02-01,OP-104,PUT_AWAY,NORMAL
PA-008318,2026-09-02 03:11:40,SKU-00620,2,A-10-05-01,OP-108,PUT_AWAY,NORMAL
PA-006038,2026-09-02 03:11:44,SKU-00646,8,B-07-05-01,OP-108,PUT_AWAY,NORMAL
PA-006874,2026-09-02 03:11:59,SKU-01727,5,C-03-02-01,OP-107,PUT_AWAY,NORMAL
PA-003703,2026-09-02 03:12:17,SKU-00075,10,B-06-02-02,OP-104,PUT_AWAY,NORMAL
PA-002948,2026-09-02 03:12:55,SKU-00641,1,D-04-02-02,OP-104,PUT_AWAY,NORMAL
PA-001308,2026-09-02 03:13:14,SKU-00179,6,E-07-04-02,OP-106,PUT_AWAY,NORMAL
PA-000658,2026-09-02 03:13:16,SKU-00366,2,C-02-04-01,OP-106,PUT_AWAY,NORMAL
PA-006941,2026-09-02 03:14:32,SKU-00256,1,B-07-05-01,OP-106,PUT_AWAY,NORMAL
PA-005013,2026-09-02 03:14:46,SKU-00889,7,C-06-03-02,OP-102,PUT_AWAY,NORMAL
PA-008076,2026-09-02 03:15:03,SKU-01891,3,D-08-05-01,OP-102,PUT_AWAY,NORMAL
PA-008377,2026-09-02 03:16:15,SKU-01724,1,F-07-01-01,OP-101,PUT_AWAY,NORMAL
PA-001581,2026-09-02 03:16:22,SKU-01694,5,E-02-01-02,OP-103,PUT_AWAY,NORMAL
PA-000570,2026-09-02 03:16:58,SKU-00027,7,B-05-04-01,OP-101,PUT_AWAY,NORMAL
PA-006211,2026-09-02 03:17:19,SKU-00855,9,E-04-05-02,OP-104,PUT_AWAY,NORMAL
PA-001010,2026-09-02 03:17:43,SKU-01535,3,E-04-05-01,OP-108,PUT_AWAY,NORMAL
PA-005285,2026-09-02 03:18:11,SKU-00863,6,D-08-01-02,OP-102,PUT_AWAY,NORMAL
PA-001939,2026-09-02 03:18:41,SKU-01576,7,A-02-01-02,OP-103,PUT_AWAY,NORMAL
PA-000291,2026-09-02 03:19:58,SKU-01530,7,D-09-05-01,OP-101,PUT_AWAY,NORMAL
PA-007048,2026-09-02 03:20:02,SKU-01590,3,F-10-02-02,OP-108,PUT_AWAY,NORMAL
PA-000279,2026-09-02 03:20:03,SKU-01359,2,D-03-02-01,OP-101,PUT_AWAY,NORMAL
PA-006260,2026-09-02 03:20:11,SKU-00250,8,B-04-05-02,OP-107,PUT_AWAY,NORMAL
PA-000461,2026-09-02 03:20:30,SKU-00118,6,D-03-02-02,OP-107,PUT_AWAY,NORMAL
PA-003587,2026-09-02 03:20:50,SKU-00847,4,C-04-04-01,OP-103,PUT_AWAY,NORMAL
PA-004259,2026-09-02 03:21:36,SKU-01041,3,F-08-01-02,OP-104,PUT_AWAY,NORMAL
PA-001416,2026-09-02 03:22:06,SKU-01773,1,E-02-05-02,OP-102,PUT_AWAY,NORMAL
PA-002410,2026-09-02 03:22:58,SKU-01876,6,F-03-02-02,OP-108,PUT_AWAY,NORMAL
PA-001894,2026-09-02 03:22:58,SKU-01572,8,C-10-03-01,OP-102,PUT_AWAY,NORMAL
PA-001323,2026-09-02 03:22:59,SKU-00578,7,D-08-03-02,OP-107,PUT_AWAY,NORMAL
PA-007287,2026-09-02 03:23:07,SKU-01853,3,E-09-03-01,OP-102,PUT_AWAY,NORMAL
PA-006533,2026-09-02 03:23:18,SKU-01616,2,C-03-04-02,OP-106,PUT_AWAY,NORMAL
PA-008535,2026-09-02 03:23:26,SKU-00814,4,E-10-04-01,OP-101,PUT_AWAY,NORMAL
PA-005629,2026-09-02 03:24:16,SKU-00199,9,A-10-05-01,OP-106,PUT_AWAY,NORMAL
PA-001793,2026-09-02 03:24:34,SKU-00797,9,D-03-02-01,OP-101,PUT_AWAY,NORMAL
PA-004776,2026-09-02 03:24:46,SKU-00201,5,A-01-05-01,OP-102,PUT_AWAY,NORMAL
PA-002262,2026-09-02 03:24:59,SKU-00953,3,C-03-03-01,OP-108,PUT_AWAY,NORMAL
PA-008417,2026-09-02 03:25:08,SKU-01788,2,F-08-03-01,OP-107,PUT_AWAY,NORMAL
PA-002378,2026-09-02 03:25:23,SKU-01627,9,B-04-03-01,OP-103,PUT_AWAY,NORMAL
PA-001717,2026-09-02 03:26:17,SKU-00525,1,E-04-03-02,OP-105,PUT_AWAY,NORMAL
PA-007701,2026-09-02 03:26:39,SKU-01322,5,C-05-05-01,OP-108,PUT_AWAY,NORMAL
PA-003751,2026-09-02 03:26:52,SKU-01376,4,D-07-03-01,OP-107,PUT_AWAY,NORMAL
PA-008595,2026-09-02 03:27:31,SKU-01376,3,D-07-03-01,OP-106,PUT_AWAY,NORMAL
PA-004412,2026-09-02 03:28:26,SKU-00338,3,C-02-04-01,OP-107,PUT_AWAY,NORMAL
PA-000121,2026-09-02 03:28:34,SKU-00478,5,A-08-04-02,OP-108,PUT_AWAY,NORMAL
PA-003283,2026-09-02 03:28:48,SKU-00592,3,D-04-04-02,OP-102,PUT_AWAY,NORMAL
PA-001130,2026-09-02 03:28:56,SKU-00499,4,F-08-01-01,OP-106,PUT_AWAY,NORMAL
PA-005748,2026-09-02 03:29:42,SKU-00038,2,B-09-05-01,OP-102,PUT_AWAY,NORMAL
PA-004148,2026-09-02 03:30:02,SKU-01133,8,F-01-03-02,OP-103,PUT_AWAY,NORMAL
PA-007621,2026-09-02 03:30:24,SKU-00184,1,D-06-02-01,OP-103,PUT_AWAY,NORMAL
PA-001554,2026-09-02 03:31:12,SKU-01731,7,D-03-01-01,OP-108,PUT_AWAY,NORMAL
PA-000910,2026-09-02 03:31:34,SKU-00160,1,B-03-02-01,OP-104,PUT_AWAY,NORMAL
PA-003133,2026-09-02 03:31:36,SKU-00246,5,F-04-05-01,OP-105,PUT_AWAY,NORMAL
PA-005749,2026-09-02 03:32:01,SKU-01602,7,D-09-01-02,OP-102,PUT_AWAY,NORMAL
PA-004847,2026-09-02 03:32:11,SKU-01859,5,E-05-04-01,OP-105,PUT_AWAY,NORMAL
PA-008558,2026-09-02 03:33:19,SKU-00865,1,C-06-02-02,OP-106,PUT_AWAY,NORMAL
PA-004665,2026-09-02 03:33:23,SKU-01507,10,B-10-05-01,OP-108,PUT_AWAY,NORMAL
PA-003002,2026-09-02 03:33:33,SKU-01240,9,C-09-03-02,OP-102,PUT_AWAY,NORMAL
PA-004355,2026-09-02 03:33:42,SKU-00866,1,A-03-01-01,OP-103,PUT_AWAY,NORMAL
PA-000205,2026-09-02 03:33:52,SKU-00954,1,E-02-02-01,OP-105,PUT_AWAY,NORMAL
PA-004153,2026-09-02 03:34:24,SKU-01217,8,A-10-01-01,OP-101,PUT_AWAY,NORMAL
PA-004208,2026-09-02 03:34:41,SKU-01539,8,F-03-03-02,OP-103,PUT_AWAY,NORMAL
PA-004685,2026-09-02 03:35:35,SKU-01625,6,C-09-01-02,OP-107,PUT_AWAY,NORMAL
PA-005240,2026-09-02 03:36:11,SKU-00961,9,B-03-05-01,OP-104,PUT_AWAY,NORMAL
PA-005755,2026-09-02 03:36:52,SKU-00260,1,B-01-01-02,OP-108,PUT_AWAY,NORMAL
PA-004062,2026-09-02 03:36:57,SKU-01722,1,D-01-01-01,OP-106,PUT_AWAY,NORMAL
PA-005420,2026-09-02 03:36:59,SKU-01686,2,B-10-01-02,OP-102,PUT_AWAY,NORMAL
PA-004260,2026-09-02 03:37:16,SKU-01249,8,C-01-04-02,OP-102,PUT_AWAY,NORMAL
PA-007083,2026-09-02 03:37:42,SKU-00144,5,C-08-01-02,OP-105,PUT_AWAY,NORMAL
PA-004061,2026-09-02 03:38:08,SKU-01472,3,E-02-05-02,OP-103,PUT_AWAY,NORMAL
PA-005417,2026-09-02 03:38:08,SKU-00541,7,E-05-02-01,OP-107,PUT_AWAY,NORMAL
PA-006052,2026-09-02 03:39:14,SKU-00447,6,E-07-04-02,OP-107,PUT_AWAY,NORMAL
PA-007437,2026-09-02 03:40:30,SKU-00073,8,E-06-03-02,OP-107,PUT_AWAY,NORMAL
PA-005319,2026-09-02 03:41:01,SKU-01602,6,D-09-01-02,OP-101,PUT_AWAY,NORMAL
PA-003557,2026-09-02 03:41:10,SKU-00834,8,F-07-05-02,OP-102,PUT_AWAY,NORMAL
PA-003083,2026-09-02 03:41:22,SKU-00433,3,B-05-01-02,OP-101,PUT_AWAY,NORMAL
PA-003006,2026-09-02 03:41:46,SKU-01753,1,A-06-02-01,OP-102,PUT_AWAY,NORMAL
PA-001836,2026-09-02 03:42:34,SKU-01520,10,D-03-05-01,OP-106,PUT_AWAY,NORMAL
PA-004486,2026-09-02 03:42:41,SKU-01991,1,E-06-02-01,OP-102,PUT_AWAY,NORMAL
PA-005422,2026-09-02 03:42:48,SKU-01565,3,F-05-01-02,OP-102,PUT_AWAY,NORMAL
PA-003599,2026-09-02 03:42:49,SKU-00616,3,C-04-04-01,OP-107,PUT_AWAY,NORMAL
PA-004003,2026-09-02 03:43:06,SKU-00835,3,F-10-05-01,OP-106,PUT_AWAY,NORMAL
PA-004628,2026-09-02 03:43:44,SKU-01777,5,C-07-01-01,OP-108,PUT_AWAY,NORMAL
PA-001231,2026-09-02 03:43:54,SKU-00108,2,C-06-01-01,OP-107,PUT_AWAY,NORMAL
PA-002608,2026-09-02 03:44:19,SKU-01403,7,A-05-01-01,OP-101,PUT_AWAY,NORMAL
PA-007029,2026-09-02 03:45:30,SKU-01751,6,B-09-02-01,OP-106,PUT_AWAY,NORMAL
PA-008026,2026-09-02 03:46:15,SKU-01931,9,D-06-05-02,OP-102,PUT_AWAY,NORMAL
PA-008816,2026-09-02 03:46:43,SKU-01760,5,A-08-05-02,OP-103,PUT_AWAY,NORMAL
PA-002370,2026-09-02 03:46:44,SKU-01040,2,F-09-02-02,OP-102,PUT_AWAY,NORMAL
PA-003983,2026-09-02 03:46:59,SKU-01334,9,F-04-03-02,OP-106,PUT_AWAY,NORMAL
PA-007677,2026-09-02 03:47:20,SKU-00363,6,A-06-04-02,OP-108,PUT_AWAY,NORMAL
PA-005712,2026-09-02 03:47:21,SKU-00338,5,C-02-04-01,OP-103,PUT_AWAY,NORMAL
PA-002160,2026-09-02 03:48:46,SKU-00959,10,D-03-05-02,OP-107,PUT_AWAY,NORMAL
PA-007511,2026-09-02 03:49:12,SKU-01566,10,E-09-01-01,OP-101,PUT_AWAY,NORMAL
PA-003859,2026-09-02 03:49:16,SKU-00610,3,A-02-02-02,OP-104,PUT_AWAY,NORMAL
PA-002831,2026-09-02 03:49:27,SKU-01874,4,B-04-05-01,OP-102,PUT_AWAY,NORMAL
PA-001422,2026-09-02 03:49:56,SKU-00274,7,D-05-05-02,OP-101,PUT_AWAY,NORMAL
PA-003819,2026-09-02 03:50:10,SKU-00757,8,A-04-02-02,OP-103,PUT_AWAY,NORMAL
PA-004504,2026-09-02 03:50:14,SKU-00270,5,A-10-02-02,OP-107,PUT_AWAY,NORMAL
PA-008185,2026-09-02 03:50:37,SKU-01486,1,F-04-04-02,OP-107,PUT_AWAY,NORMAL
PA-004133,2026-09-02 03:50:38,SKU-00157,5,E-07-05-02,OP-101,PUT_AWAY,NORMAL
PA-000525,2026-09-02 03:50:41,SKU-00806,1,E-03-01-02,OP-102,PUT_AWAY,NORMAL
PA-005541,2026-09-02 03:51:04,SKU-00849,6,A-03-01-01,OP-102,PUT_AWAY,NORMAL
PA-004645,2026-09-02 03:51:21,SKU-01149,2,F-04-02-02,OP-105,PUT_AWAY,NORMAL
PA-007136,2026-09-02 03:51:31,SKU-01994,1,C-06-01-01,OP-104,PUT_AWAY,NORMAL
PA-003440,2026-09-02 03:51:36,SKU-01338,9,F-09-04-02,OP-102,PUT_AWAY,NORMAL
PA-000857,2026-09-02 03:51:47,SKU-00966,8,E-06-05-01,OP-106,PUT_AWAY,NORMAL
PA-000765,2026-09-02 03:52:07,SKU-01959,10,F-04-03-02,OP-107,PUT_AWAY,NORMAL
PA-001090,2026-09-02 03:52:13,SKU-01267,3,E-09-01-02,OP-107,PUT_AWAY,NORMAL
PA-005798,2026-09-02 03:52:37,SKU-00345,8,C-05-03-02,OP-105,PUT_AWAY,NORMAL
PA-006503,2026-09-02 03:52:43,SKU-00121,2,E-09-04-02,OP-101,PUT_AWAY,NORMAL
PA-000152,2026-09-02 03:53:15,SKU-00434,10,B-03-03-01,OP-104,PUT_AWAY,NORMAL
PA-005614,2026-09-02 03:53:36,SKU-01607,1,A-10-04-02,OP-103,PUT_AWAY,NORMAL
PA-007324,2026-09-02 03:53:45,SKU-01299,7,C-01-04-02,OP-105,PUT_AWAY,NORMAL
PA-005618,2026-09-02 03:54:27,SKU-01226,9,C-07-01-02,OP-102,PUT_AWAY,NORMAL
PA-004043,2026-09-02 03:55:33,SKU-00862,2,F-09-03-01,OP-104,PUT_AWAY,NORMAL
PA-006296,2026-09-02 03:55:33,SKU-01095,3,C-09-03-01,OP-108,PUT_AWAY,NORMAL
PA-000488,2026-09-02 03:55:33,SKU-01161,6,B-09-04-01,OP-108,PUT_AWAY,NORMAL
PA-007980,2026-09-02 03:55:38,SKU-00849,2,A-03-01-01,OP-103,PUT_AWAY,NORMAL
PA-004974,2026-09-02 03:55:47,SKU-00214,7,D-10-04-01,OP-106,PUT_AWAY,NORMAL
PA-006289,2026-09-02 03:55:56,SKU-00279,8,A-03-05-02,OP-104,PUT_AWAY,NORMAL
PA-002884,2026-09-02 03:56:12,SKU-00021,4,D-08-04-02,OP-108,PUT_AWAY,NORMAL
PA-003521,2026-09-02 03:56:33,SKU-01041,3,F-08-01-02,OP-103,PUT_AWAY,NORMAL
PA-003730,2026-09-02 03:56:37,SKU-00615,1,F-03-04-01,OP-107,PUT_AWAY,NORMAL
PA-003608,2026-09-02 03:56:57,SKU-00954,2,E-02-02-01,OP-107,PUT_AWAY,NORMAL
PA-005645,2026-09-02 03:57:04,SKU-01917,5,A-05-03-01,OP-106,PUT_AWAY,NORMAL
PA-004852,2026-09-02 03:57:11,SKU-01010,9,F-02-01-02,OP-101,PUT_AWAY,NORMAL
PA-003379,2026-09-02 03:57:25,SKU-00688,5,C-02-03-01,OP-103,PUT_AWAY,NORMAL
PA-007329,2026-09-02 03:59:20,SKU-00860,8,B-05-05-02,OP-104,PUT_AWAY,NORMAL
PA-007169,2026-09-02 03:59:32,SKU-01459,6,B-08-01-01,OP-103,PUT_AWAY,NORMAL
PA-002206,2026-09-02 03:59:50,SKU-01455,8,F-03-02-02,OP-103,PUT_AWAY,NORMAL
PA-004220,2026-09-02 04:00:25,SKU-01113,2,C-10-02-02,OP-104,PUT_AWAY,NORMAL
PA-006566,2026-09-02 04:00:35,SKU-00680,7,B-06-01-01,OP-104,PUT_AWAY,NORMAL
PA-008037,2026-09-02 04:00:59,SKU-01182,5,E-05-02-02,OP-103,PUT_AWAY,NORMAL
PA-007413,2026-09-02 04:01:25,SKU-00498,3,E-10-04-02,OP-102,PUT_AWAY,NORMAL
PA-003955,2026-09-02 04:01:35,SKU-01782,10,C-07-01-01,OP-101,PUT_AWAY,NORMAL
PA-003796,2026-09-02 04:01:41,SKU-01498,9,B-06-04-01,OP-108,PUT_AWAY,NORMAL
PA-004353,2026-09-02 04:01:48,SKU-01118,5,A-03-02-01,OP-102,PUT_AWAY,NORMAL
PA-000066,2026-09-02 04:01:53,SKU-01343,9,F-08-03-02,OP-102,PUT_AWAY,NORMAL
PA-008162,2026-09-02 04:02:19,SKU-01797,4,D-01-01-01,OP-108,PUT_AWAY,NORMAL
PA-006174,2026-09-02 04:02:26,SKU-01061,3,A-03-02-01,OP-106,PUT_AWAY,NORMAL
PA-001032,2026-09-02 04:03:12,SKU-00227,4,E-01-05-01,OP-102,PUT_AWAY,NORMAL
PA-006455,2026-09-02 04:03:31,SKU-00070,3,C-06-05-01,OP-101,PUT_AWAY,NORMAL
PA-000435,2026-09-02 04:03:31,SKU-00301,3,D-08-03-01,OP-107,PUT_AWAY,NORMAL
PA-007837,2026-09-02 04:03:34,SKU-00705,9,E-02-01-01,OP-101,PUT_AWAY,NORMAL
PA-000683,2026-09-02 04:03:35,SKU-00314,7,C-05-04-01,OP-104,PUT_AWAY,NORMAL
PA-005924,2026-09-02 04:03:47,SKU-01881,10,C-01-05-02,OP-105,PUT_AWAY,NORMAL
PA-001483,2026-09-02 04:04:40,SKU-01837,4,F-01-05-01,OP-108,PUT_AWAY,NORMAL
PA-002623,2026-09-02 04:04:41,SKU-00568,10,A-02-01-01,OP-105,PUT_AWAY,NORMAL
PA-000224,2026-09-02 04:04:42,SKU-00491,10,B-06-05-02,OP-104,PUT_AWAY,NORMAL
PA-000784,2026-09-02 04:04:52,SKU-01220,2,C-09-01-01,OP-103,PUT_AWAY,NORMAL
PA-007947,2026-09-02 04:05:16,SKU-01464,5,F-03-05-01,OP-108,PUT_AWAY,NORMAL
PA-001094,2026-09-02 04:05:19,SKU-01983,3,E-09-03-01,OP-106,PUT_AWAY,NORMAL
PA-000979,2026-09-02 04:05:46,SKU-01652,8,B-04-02-01,OP-107,PUT_AWAY,NORMAL
PA-000873,2026-09-02 04:06:06,SKU-01216,9,A-03-01-01,OP-105,PUT_AWAY,NORMAL
PA-003148,2026-09-02 04:06:20,SKU-01066,9,C-03-04-02,OP-105,PUT_AWAY,NORMAL
PA-007648,2026-09-02 04:07:02,SKU-01437,1,B-04-04-01,OP-103,PUT_AWAY,NORMAL
PA-006473,2026-09-02 04:07:12,SKU-01273,8,E-10-04-01,OP-107,PUT_AWAY,NORMAL
PA-004454,2026-09-02 04:07:16,SKU-01987,10,A-03-02-01,OP-108,PUT_AWAY,NORMAL
PA-001698,2026-09-02 04:08:13,SKU-01188,9,A-06-01-02,OP-101,PUT_AWAY,NORMAL
PA-000247,2026-09-02 04:08:20,SKU-01109,5,A-09-02-01,OP-106,PUT_AWAY,NORMAL
PA-005636,2026-09-02 04:08:23,SKU-00338,5,C-02-04-01,OP-104,PUT_AWAY,NORMAL
PA-002502,2026-09-02 04:08:28,SKU-00221,1,F-09-04-02,OP-104,PUT_AWAY,NORMAL
PA-002150,2026-09-02 04:08:41,SKU-00500,9,E-02-02-02,OP-103,PUT_AWAY,NORMAL
PA-004627,2026-09-02 04:09:24,SKU-01047,3,F-04-01-02,OP-107,PUT_AWAY,NORMAL
PA-004497,2026-09-02 04:09:30,SKU-00791,3,F-05-01-02,OP-104,PUT_AWAY,NORMAL
PA-006394,2026-09-02 04:09:36,SKU-01518,6,E-07-01-02,OP-107,PUT_AWAY,NORMAL
PA-002861,2026-09-02 04:09:53,SKU-00044,7,D-04-04-01,OP-102,PUT_AWAY,NORMAL
PA-001922,2026-09-02 04:10:33,SKU-00196,10,B-07-05-02,OP-102,PUT_AWAY,NORMAL
PA-008449,2026-09-02 04:10:36,SKU-00631,2,F-08-02-02,OP-105,PUT_AWAY,NORMAL
PA-003898,2026-09-02 04:11:21,SKU-00381,8,A-04-05-02,OP-107,PUT_AWAY,NORMAL
PA-008155,2026-09-02 04:11:36,SKU-00922,9,F-01-01-01,OP-101,PUT_AWAY,NORMAL
PA-007284,2026-09-02 04:12:02,SKU-01769,3,F-03-01-02,OP-106,PUT_AWAY,NORMAL
PA-004054,2026-09-02 04:12:23,SKU-01339,4,C-03-02-02,OP-101,PUT_AWAY,NORMAL
PA-003112,2026-09-02 04:13:05,SKU-00955,9,B-09-05-01,OP-104,PUT_AWAY,NORMAL
PA-008824,2026-09-02 04:13:49,SKU-00363,7,A-06-04-02,OP-107,PUT_AWAY,NORMAL
PA-002839,2026-09-02 04:14:06,SKU-01042,10,B-07-01-02,OP-102,PUT_AWAY,NORMAL
PA-005761,2026-09-02 04:14:25,SKU-01828,6,C-02-04-01,OP-105,PUT_AWAY,NORMAL
PA-003496,2026-09-02 04:14:34,SKU-01858,3,A-04-03-02,OP-103,PUT_AWAY,NORMAL
PA-005557,2026-09-02 04:14:56,SKU-00104,3,C-07-04-01,OP-105,PUT_AWAY,NORMAL
PA-007791,2026-09-02 04:14:58,SKU-00994,4,A-05-02-01,OP-103,PUT_AWAY,NORMAL
PA-003196,2026-09-02 04:15:45,SKU-00968,7,B-10-05-01,OP-106,PUT_AWAY,NORMAL
PA-005507,2026-09-02 04:16:17,SKU-01961,6,E-10-04-01,OP-108,PUT_AWAY,NORMAL
PA-007691,2026-09-02 04:16:27,SKU-01607,6,A-10-04-02,OP-108,PUT_AWAY,NORMAL
PA-000677,2026-09-02 04:16:29,SKU-00161,8,E-03-03-02,OP-105,PUT_AWAY,NORMAL
PA-008213,2026-09-02 04:16:32,SKU-00044,7,D-04-04-01,OP-101,PUT_AWAY,NORMAL
PA-008601,2026-09-02 04:17:27,SKU-01723,7,D-03-02-01,OP-105,PUT_AWAY,NORMAL
PA-000649,2026-09-02 04:18:05,SKU-01853,1,E-09-03-01,OP-106,PUT_AWAY,NORMAL
PA-001126,2026-09-02 04:18:27,SKU-00413,4,E-09-04-01,OP-106,PUT_AWAY,NORMAL
PA-003377,2026-09-02 04:18:39,SKU-01465,4,C-02-01-02,OP-107,PUT_AWAY,NORMAL
PA-001031,2026-09-02 04:19:21,SKU-01823,4,B-01-03-01,OP-107,PUT_AWAY,NORMAL
PA-000307,2026-09-02 04:19:49,SKU-01645,3,E-03-03-01,OP-105,PUT_AWAY,NORMAL
PA-006124,2026-09-02 04:19:52,SKU-00500,8,E-02-02-02,OP-106,PUT_AWAY,NORMAL
PA-002523,2026-09-02 04:20:14,SKU-01731,10,D-03-01-01,OP-106,PUT_AWAY,NORMAL
PA-008461,2026-09-02 04:20:22,SKU-01843,5,D-09-04-01,OP-103,PUT_AWAY,NORMAL
PA-001926,2026-09-02 04:20:36,SKU-01051,6,D-03-04-02,OP-104,PUT_AWAY,NORMAL
PA-003643,2026-09-02 04:20:50,SKU-01234,4,A-05-03-01,OP-101,PUT_AWAY,NORMAL
PA-002051,2026-09-02 04:21:03,SKU-00072,3,F-05-02-01,OP-104,PUT_AWAY,NORMAL
PA-003090,2026-09-02 04:21:16,SKU-01282,8,A-07-01-02,OP-105,PUT_AWAY,NORMAL
PA-008346,2026-09-02 04:22:16,SKU-00102,7,C-01-04-02,OP-107,PUT_AWAY,NORMAL
PA-003524,2026-09-02 04:22:20,SKU-01431,7,E-01-03-02,OP-107,PUT_AWAY,NORMAL
PA-003174,2026-09-02 04:22:25,SKU-00198,5,E-04-03-01,OP-108,PUT_AWAY,NORMAL
PA-003147,2026-09-02 04:22:37,SKU-00577,8,E-05-02-02,OP-107,PUT_AWAY,NORMAL
PA-007370,2026-09-02 04:22:45,SKU-01691,6,E-06-05-02,OP-103,PUT_AWAY,NORMAL
PA-002838,2026-09-02 04:23:00,SKU-01158,5,B-09-03-02,OP-102,PUT_AWAY,NORMAL
PA-002782,2026-09-02 04:23:24,SKU-01055,2,D-07-01-01,OP-104,PUT_AWAY,NORMAL
PA-000159,2026-09-02 04:23:36,SKU-01338,2,F-09-04-02,OP-103,PUT_AWAY,NORMAL
PA-005708,2026-09-02 04:23:36,SKU-01316,8,C-05-05-01,OP-104,PUT_AWAY,NORMAL
PA-001893,2026-09-02 04:23:50,SKU-00382,2,A-06-02-01,OP-106,PUT_AWAY,NORMAL
PA-004222,2026-09-02 04:23:53,SKU-00607,8,F-01-04-01,OP-105,PUT_AWAY,NORMAL
PA-008783,2026-09-02 04:23:57,SKU-01462,2,B-01-03-01,OP-105,PUT_AWAY,NORMAL
PA-003876,2026-09-02 04:24:09,SKU-00102,5,C-01-04-02,OP-105,PUT_AWAY,NORMAL
PA-005680,2026-09-02 04:24:12,SKU-01959,10,F-04-03-02,OP-106,PUT_AWAY,NORMAL
PA-007775,2026-09-02 04:24:52,SKU-01765,5,E-04-05-01,OP-103,PUT_AWAY,NORMAL
PA-008537,2026-09-02 04:25:29,SKU-01117,7,E-04-04-02,OP-107,PUT_AWAY,NORMAL
PA-003950,2026-09-02 04:25:30,SKU-00504,10,B-07-01-01,OP-105,PUT_AWAY,NORMAL
PA-001297,2026-09-02 04:25:42,SKU-00338,4,C-02-04-01,OP-108,PUT_AWAY,NORMAL
PA-000375,2026-09-02 04:25:44,SKU-01872,7,C-06-04-02,OP-107,PUT_AWAY,NORMAL
PA-003079,2026-09-02 04:25:52,SKU-00941,10,D-08-01-01,OP-103,PUT_AWAY,NORMAL
PA-005663,2026-09-02 04:26:13,SKU-01488,10,C-01-02-02,OP-108,PUT_AWAY,NORMAL
PA-001118,2026-09-02 04:26:17,SKU-01451,8,B-02-03-02,OP-108,PUT_AWAY,NORMAL
PA-005168,2026-09-02 04:27:31,SKU-01315,3,F-05-05-02,OP-107,PUT_AWAY,NORMAL
PA-008713,2026-09-02 04:27:42,SKU-00208,4,B-04-02-01,OP-105,PUT_AWAY,NORMAL
PA-000430,2026-09-02 04:27:46,SKU-00303,3,A-04-02-01,OP-102,PUT_AWAY,NORMAL
PA-001168,2026-09-02 04:27:49,SKU-01414,7,D-04-04-02,OP-107,PUT_AWAY,NORMAL
PA-005315,2026-09-02 04:28:11,SKU-01684,9,E-06-02-01,OP-106,PUT_AWAY,NORMAL
PA-002798,2026-09-02 04:29:01,SKU-00307,4,B-07-03-01,OP-101,PUT_AWAY,NORMAL
PA-008773,2026-09-02 04:29:28,SKU-00669,5,E-04-02-02,OP-104,PUT_AWAY,NORMAL
PA-002678,2026-09-02 04:29:48,SKU-00934,4,B-08-02-01,OP-101,PUT_AWAY,NORMAL
PA-003502,2026-09-02 04:30:35,SKU-01049,8,D-01-03-01,OP-103,PUT_AWAY,NORMAL
PA-006935,2026-09-02 04:31:03,SKU-00458,5,F-07-03-02,OP-103,PUT_AWAY,NORMAL
PA-000155,2026-09-02 04:31:14,SKU-01830,3,A-03-04-01,OP-106,PUT_AWAY,NORMAL
PA-008570,2026-09-02 04:31:19,SKU-00645,5,B-08-05-01,OP-103,PUT_AWAY,NORMAL
PA-001383,2026-09-02 04:32:11,SKU-00519,9,B-01-03-02,OP-102,PUT_AWAY,NORMAL
PA-006731,2026-09-02 04:32:13,SKU-00723,3,E-02-03-02,OP-103,PUT_AWAY,NORMAL
PA-007472,2026-09-02 04:32:24,SKU-01493,5,E-01-05-02,OP-108,PUT_AWAY,NORMAL
PA-004206,2026-09-02 04:32:38,SKU-01537,9,D-08-04-01,OP-107,PUT_AWAY,NORMAL
PA-004078,2026-09-02 04:32:45,SKU-01108,4,A-01-03-01,OP-105,PUT_AWAY,NORMAL
PA-007720,2026-09-02 04:32:53,SKU-00934,8,B-08-02-01,OP-108,PUT_AWAY,NORMAL
PA-006190,2026-09-02 04:33:08,SKU-01707,5,C-07-01-02,OP-102,PUT_AWAY,NORMAL
PA-005147,2026-09-02 04:33:11,SKU-01291,9,D-02-04-02,OP-101,PUT_AWAY,NORMAL
PA-002286,2026-09-02 04:33:22,SKU-00296,3,E-03-02-02,OP-102,PUT_AWAY,NORMAL
PA-006240,2026-09-02 04:33:25,SKU-01772,3,A-06-04-02,OP-105,PUT_AWAY,NORMAL
PA-005994,2026-09-02 04:33:55,SKU-01086,3,E-06-04-02,OP-108,PUT_AWAY,NORMAL
PA-000971,2026-09-02 04:33:58,SKU-01694,1,E-02-01-02,OP-104,PUT_AWAY,NORMAL
PA-000452,2026-09-02 04:34:19,SKU-00686,2,E-02-04-02,OP-107,PUT_AWAY,NORMAL
PA-008903,2026-09-02 04:34:20,SKU-00739,9,A-07-02-01,OP-102,PUT_AWAY,NORMAL
PA-006106,2026-09-02 04:35:07,SKU-00073,6,E-06-03-02,OP-108,PUT_AWAY,NORMAL
PA-006317,2026-09-02 04:35:23,SKU-01113,2,C-10-02-02,OP-103,PUT_AWAY,NORMAL
PA-005025,2026-09-02 04:35:41,SKU-00063,8,C-06-01-01,OP-106,PUT_AWAY,NORMAL
PA-001251,2026-09-02 04:35:54,SKU-00886,9,E-01-01-01,OP-103,PUT_AWAY,NORMAL
PA-000116,2026-09-02 04:36:32,SKU-00253,1,B-02-03-01,OP-107,PUT_AWAY,NORMAL
PA-002264,2026-09-02 04:37:06,SKU-00939,7,B-07-04-01,OP-103,PUT_AWAY,NORMAL
PA-008523,2026-09-02 04:37:08,SKU-01729,9,E-07-05-02,OP-107,PUT_AWAY,NORMAL
PA-008997,2026-09-02 04:37:29,SKU-00745,5,E-06-02-02,OP-107,PUT_AWAY,NORMAL
PA-002247,2026-09-02 04:37:39,SKU-01461,6,F-08-04-02,OP-107,PUT_AWAY,NORMAL
PA-008810,2026-09-02 04:38:07,SKU-01497,6,D-07-01-01,OP-106,PUT_AWAY,NORMAL
PA-008370,2026-09-02 04:38:30,SKU-00642,3,C-06-01-02,OP-104,PUT_AWAY,NORMAL
PA-008044,2026-09-02 04:38:34,SKU-00523,3,E-05-04-02,OP-104,PUT_AWAY,NORMAL
PA-003545,2026-09-02 04:38:47,SKU-00685,4,A-03-01-01,OP-105,PUT_AWAY,NORMAL
PA-008038,2026-09-02 04:39:13,SKU-01998,7,A-02-04-01,OP-108,PUT_AWAY,NORMAL
PA-001666,2026-09-02 04:39:46,SKU-00874,10,E-01-04-01,OP-102,PUT_AWAY,NORMAL
PA-003472,2026-09-02 04:41:17,SKU-01303,3,C-03-04-01,OP-104,PUT_AWAY,NORMAL
PA-001201,2026-09-02 04:41:23,SKU-01854,3,D-06-01-02,OP-102,PUT_AWAY,NORMAL
PA-007246,2026-09-02 04:41:25,SKU-00821,4,E-09-05-02,OP-107,PUT_AWAY,NORMAL
PA-002223,2026-09-02 04:41:28,SKU-00931,9,C-05-04-02,OP-107,PUT_AWAY,NORMAL
PA-002551,2026-09-02 04:41:46,SKU-01113,3,C-10-02-02,OP-107,PUT_AWAY,NORMAL
PA-008492,2026-09-02 04:41:49,SKU-01442,1,C-09-01-01,OP-104,PUT_AWAY,NORMAL
PA-004117,2026-09-02 04:42:05,SKU-01389,2,B-06-01-01,OP-105,PUT_AWAY,NORMAL
PA-005743,2026-09-02 04:42:05,SKU-01855,3,C-02-03-02,OP-102,PUT_AWAY,NORMAL
PA-006484,2026-09-02 04:42:21,SKU-01392,8,C-08-01-02,OP-101,PUT_AWAY,NORMAL
PA-007782,2026-09-02 04:42:33,SKU-01093,10,C-08-04-01,OP-102,PUT_AWAY,NORMAL
PA-007692,2026-09-02 04:42:39,SKU-00495,5,D-10-03-01,OP-104,PUT_AWAY,NORMAL
PA-003406,2026-09-02 04:42:58,SKU-00958,8,C-05-03-01,OP-105,PUT_AWAY,NORMAL
PA-006480,2026-09-02 04:43:22,SKU-01084,1,D-02-03-01,OP-106,PUT_AWAY,NORMAL
PA-003495,2026-09-02 04:43:23,SKU-01346,7,B-09-05-01,OP-101,PUT_AWAY,NORMAL
PA-001415,2026-09-02 04:43:24,SKU-00969,9,D-05-04-01,OP-107,PUT_AWAY,NORMAL
PA-007718,2026-09-02 04:44:00,SKU-01605,9,E-03-04-02,OP-104,PUT_AWAY,NORMAL
PA-006196,2026-09-02 04:44:06,SKU-01703,6,B-07-05-02,OP-102,PUT_AWAY,NORMAL
PA-003167,2026-09-02 04:45:53,SKU-01553,2,D-04-02-02,OP-107,PUT_AWAY,NORMAL
PA-005524,2026-09-02 04:46:04,SKU-00173,5,F-01-01-01,OP-101,PUT_AWAY,NORMAL
PA-005759,2026-09-02 04:46:54,SKU-00828,6,E-02-04-01,OP-108,PUT_AWAY,NORMAL
PA-007124,2026-09-02 04:47:16,SKU-01777,3,C-07-01-01,OP-106,PUT_AWAY,NORMAL
PA-007519,2026-09-02 04:47:33,SKU-01793,6,C-10-03-01,OP-107,PUT_AWAY,NORMAL
PA-000024,2026-09-02 04:47:35,SKU-00123,4,A-03-04-02,OP-106,PUT_AWAY,NORMAL
PA-007296,2026-09-02 04:47:42,SKU-01023,2,D-05-02-01,OP-107,PUT_AWAY,NORMAL
PA-001124,2026-09-02 04:47:44,SKU-00596,6,A-01-04-02,OP-104,PUT_AWAY,NORMAL
PA-003759,2026-09-02 04:47:45,SKU-00230,10,E-10-05-01,OP-103,PUT_AWAY,NORMAL
PA-008366,2026-09-02 04:48:06,SKU-01215,4,F-03-01-02,OP-105,PUT_AWAY,NORMAL
PA-001148,2026-09-02 04:48:08,SKU-01176,2,E-09-03-02,OP-103,PUT_AWAY,NORMAL
PA-006525,2026-09-02 04:48:23,SKU-01000,10,B-06-02-01,OP-105,PUT_AWAY,NORMAL
PA-008354,2026-09-02 04:49:04,SKU-01331,4,C-03-01-02,OP-103,PUT_AWAY,NORMAL
PA-008881,2026-09-02 04:49:07,SKU-00307,10,B-07-03-01,OP-105,PUT_AWAY,NORMAL
PA-007309,2026-09-02 04:49:10,SKU-01294,6,C-02-01-02,OP-103,PUT_AWAY,NORMAL
PA-004531,2026-09-02 04:49:28,SKU-00271,7,F-08-03-02,OP-104,PUT_AWAY,NORMAL
PA-002226,2026-09-02 04:49:56,SKU-00113,1,E-03-01-02,OP-102,PUT_AWAY,NORMAL
PA-005372,2026-09-02 04:50:01,SKU-01371,2,B-09-03-02,OP-104,PUT_AWAY,NORMAL
PA-004303,2026-09-02 04:50:03,SKU-01822,1,C-10-03-01,OP-105,PUT_AWAY,NORMAL
PA-005997,2026-09-02 04:50:21,SKU-01638,8,D-05-03-02,OP-107,PUT_AWAY,NORMAL
PA-007522,2026-09-02 04:51:15,SKU-01925,9,A-03-04-02,OP-104,PUT_AWAY,NORMAL
PA-004427,2026-09-02 04:51:20,SKU-01545,4,B-06-04-01,OP-102,PUT_AWAY,NORMAL
PA-005502,2026-09-02 04:51:40,SKU-01046,7,A-03-05-02,OP-104,PUT_AWAY,NORMAL
PA-001293,2026-09-02 04:51:41,SKU-00146,1,A-02-01-02,OP-107,PUT_AWAY,NORMAL
PA-000401,2026-09-02 04:51:43,SKU-01124,6,E-08-03-01,OP-108,PUT_AWAY,NORMAL
PA-002832,2026-09-02 04:51:56,SKU-00043,10,D-10-03-02,OP-105,PUT_AWAY,NORMAL
PA-008132,2026-09-02 04:52:15,SKU-01640,2,A-03-03-02,OP-101,PUT_AWAY,NORMAL
PA-000919,2026-09-02 04:52:16,SKU-01755,2,B-03-05-01,OP-105,PUT_AWAY,NORMAL
PA-006429,2026-09-02 04:52:17,SKU-01954,5,D-09-01-01,OP-107,PUT_AWAY,NORMAL
PA-001587,2026-09-02 04:52:23,SKU-00749,7,B-09-05-01,OP-108,PUT_AWAY,NORMAL
PA-001181,2026-09-02 04:52:48,SKU-01220,6,C-09-01-01,OP-107,PUT_AWAY,NORMAL
PA-003670,2026-09-02 04:53:04,SKU-00916,4,B-05-04-02,OP-106,PUT_AWAY,NORMAL
PA-005683,2026-09-02 04:53:27,SKU-00198,2,E-04-03-01,OP-102,PUT_AWAY,NORMAL
PA-002328,2026-09-02 04:54:04,SKU-00942,8,B-05-05-01,OP-103,PUT_AWAY,NORMAL
PA-007664,2026-09-02 04:54:21,SKU-00664,5,A-06-03-01,OP-105,PUT_AWAY,NORMAL
PA-007827,2026-09-02 04:55:28,SKU-00576,4,B-08-05-02,OP-105,PUT_AWAY,NORMAL
PA-006482,2026-09-02 04:55:39,SKU-01626,2,E-07-02-01,OP-108,PUT_AWAY,NORMAL
PA-002359,2026-09-02 04:55:39,SKU-00774,5,A-06-05-01,OP-107,PUT_AWAY,NORMAL
PA-004203,2026-09-02 04:55:48,SKU-01263,7,C-02-02-01,OP-107,PUT_AWAY,NORMAL
PA-002433,2026-09-02 04:56:11,SKU-01092,3,C-06-03-02,OP-107,PUT_AWAY,NORMAL
PA-002119,2026-09-02 04:56:27,SKU-01710,4,B-02-01-01,OP-102,PUT_AWAY,NORMAL
PA-006802,2026-09-02 04:56:31,SKU-01552,4,C-01-01-01,OP-103,PUT_AWAY,NORMAL
PA-004295,2026-09-02 04:56:31,SKU-00726,10,B-10-04-01,OP-108,PUT_AWAY,NORMAL
PA-001361,2026-09-02 04:57:02,SKU-01743,10,A-01-03-01,OP-104,PUT_AWAY,NORMAL
PA-002913,2026-09-02 04:57:04,SKU-00531,4,B-06-03-01,OP-101,PUT_AWAY,NORMAL
PA-008560,2026-09-02 04:57:08,SKU-00804,2,E-08-05-02,OP-103,PUT_AWAY,NORMAL
PA-004858,2026-09-02 04:57:40,SKU-00818,8,A-03-05-01,OP-105,PUT_AWAY,NORMAL
PA-006472,2026-09-02 04:57:41,SKU-00116,7,F-04-04-02,OP-103,PUT_AWAY,NORMAL
PA-005701,2026-09-02 04:58:38,SKU-00927,5,C-01-03-01,OP-108,PUT_AWAY,NORMAL
PA-003244,2026-09-02 04:58:58,SKU-01600,3,A-05-04-01,OP-107,PUT_AWAY,NORMAL
PA-007527,2026-09-02 04:59:06,SKU-00730,1,F-10-05-01,OP-101,PUT_AWAY,NORMAL
PA-008161,2026-09-02 04:59:21,SKU-01090,8,C-03-05-02,OP-106,PUT_AWAY,NORMAL
PA-005455,2026-09-02 04:59:25,SKU-01387,3,E-02-05-01,OP-103,PUT_AWAY,NORMAL
PA-001552,2026-09-02 04:59:26,SKU-00503,5,E-09-02-01,OP-104,PUT_AWAY,NORMAL
PA-002988,2026-09-02 04:59:46,SKU-01713,10,B-01-05-01,OP-107,PUT_AWAY,NORMAL
PA-004953,2026-09-02 05:00:17,SKU-01046,6,A-03-05-02,OP-104,PUT_AWAY,NORMAL
PA-003194,2026-09-02 05:00:29,SKU-01153,2,E-08-04-02,OP-106,PUT_AWAY,NORMAL
PA-002265,2026-09-02 05:00:38,SKU-01550,10,B-10-04-02,OP-102,PUT_AWAY,NORMAL
PA-004216,2026-09-02 05:00:46,SKU-01533,7,C-02-03-01,OP-101,PUT_AWAY,NORMAL
PA-008156,2026-09-02 05:00:53,SKU-00572,2,C-09-03-01,OP-101,PUT_AWAY,NORMAL
PA-007014,2026-09-02 05:00:56,SKU-01333,4,B-01-01-01,OP-102,PUT_AWAY,NORMAL
PA-007038,2026-09-02 05:01:03,SKU-00075,10,B-06-02-02,OP-105,PUT_AWAY,NORMAL
PA-008592,2026-09-02 05:01:17,SKU-00647,1,D-05-03-02,OP-108,PUT_AWAY,NORMAL
PA-008263,2026-09-02 05:01:47,SKU-00485,6,D-10-03-02,OP-108,PUT_AWAY,NORMAL
PA-003610,2026-09-02 05:02:20,SKU-00042,4,D-04-01-02,OP-101,PUT_AWAY,NORMAL
PA-000579,2026-09-02 05:02:57,SKU-01124,5,E-08-03-01,OP-102,PUT_AWAY,NORMAL
PA-004988,2026-09-02 05:03:29,SKU-00966,2,E-06-05-01,OP-107,PUT_AWAY,NORMAL
PA-002120,2026-09-02 05:03:32,SKU-01741,3,E-07-01-01,OP-101,PUT_AWAY,NORMAL
PA-000865,2026-09-02 05:03:47,SKU-01143,7,F-09-05-02,OP-103,PUT_AWAY,NORMAL
PA-006605,2026-09-02 05:04:24,SKU-01908,10,A-05-01-01,OP-102,PUT_AWAY,NORMAL
PA-000446,2026-09-02 05:04:28,SKU-01000,7,B-06-02-01,OP-104,PUT_AWAY,NORMAL
PA-006594,2026-09-02 05:05:02,SKU-01014,7,A-04-03-01,OP-102,PUT_AWAY,NORMAL
PA-008436,2026-09-02 05:05:45,SKU-00076,10,E-06-03-02,OP-107,PUT_AWAY,NORMAL
PA-006626,2026-09-02 05:06:08,SKU-01301,6,F-09-04-01,OP-101,PUT_AWAY,NORMAL
PA-001900,2026-09-02 05:06:23,SKU-00867,1,B-04-05-02,OP-101,PUT_AWAY,NORMAL
PA-005297,2026-09-02 05:07:00,SKU-00770,8,F-10-02-02,OP-106,PUT_AWAY,NORMAL
PA-000111,2026-09-02 05:07:11,SKU-00897,10,B-05-03-02,OP-101,PUT_AWAY,NORMAL
PA-000042,2026-09-02 05:08:00,SKU-01003,7,D-01-03-02,OP-103,PUT_AWAY,NORMAL
PA-004376,2026-09-02 05:08:22,SKU-00872,1,C-04-01-01,OP-108,PUT_AWAY,NORMAL
PA-004650,2026-09-02 05:08:24,SKU-01567,4,C-10-05-01,OP-106,PUT_AWAY,NORMAL
PA-003785,2026-09-02 05:08:28,SKU-01716,2,D-03-04-02,OP-105,PUT_AWAY,NORMAL
PA-002463,2026-09-02 05:09:00,SKU-00129,4,F-05-02-01,OP-107,PUT_AWAY,NORMAL
PA-000721,2026-09-02 05:09:01,SKU-00764,1,A-01-03-01,OP-101,PUT_AWAY,NORMAL
PA-005187,2026-09-02 05:09:19,SKU-01721,10,B-05-04-02,OP-102,PUT_AWAY,NORMAL
PA-006886,2026-09-02 05:09:42,SKU-01267,8,E-09-01-02,OP-108,PUT_AWAY,NORMAL
PA-002687,2026-09-02 05:10:49,SKU-00370,3,F-04-04-01,OP-104,PUT_AWAY,NORMAL
PA-005501,2026-09-02 05:10:50,SKU-01245,4,E-09-04-02,OP-102,PUT_AWAY,NORMAL
PA-008656,2026-09-02 05:10:52,SKU-01369,5,C-01-03-02,OP-104,PUT_AWAY,NORMAL
PA-002767,2026-09-02 05:11:12,SKU-00657,5,A-09-02-02,OP-102,PUT_AWAY,NORMAL
PA-002894,2026-09-02 05:11:42,SKU-01710,1,B-02-01-01,OP-103,PUT_AWAY,NORMAL
PA-003420,2026-09-02 05:11:48,SKU-01141,5,B-03-01-01,OP-107,PUT_AWAY,NORMAL
PA-000805,2026-09-02 05:11:50,SKU-00219,3,F-09-04-02,OP-101,PUT_AWAY,NORMAL
PA-000821,2026-09-02 05:12:02,SKU-00193,9,B-01-04-01,OP-102,PUT_AWAY,NORMAL
PA-004339,2026-09-02 05:12:13,SKU-00461,8,A-08-01-01,OP-107,PUT_AWAY,NORMAL
PA-004801,2026-09-02 05:12:21,SKU-01929,8,F-08-04-02,OP-103,PUT_AWAY,NORMAL
PA-000340,2026-09-02 05:13:06,SKU-00030,2,F-09-03-02,OP-104,PUT_AWAY,NORMAL
PA-002978,2026-09-02 05:13:19,SKU-00546,3,B-03-03-02,OP-103,PUT_AWAY,NORMAL
PA-002251,2026-09-02 05:13:26,SKU-00312,4,C-01-01-01,OP-104,PUT_AWAY,NORMAL
PA-004824,2026-09-02 05:13:27,SKU-00154,6,F-07-03-01,OP-106,PUT_AWAY,NORMAL
PA-005077,2026-09-02 05:13:54,SKU-00455,3,B-03-02-02,OP-108,PUT_AWAY,NORMAL
PA-000855,2026-09-02 05:14:00,SKU-00399,8,D-08-03-01,OP-106,PUT_AWAY,NORMAL
PA-008487,2026-09-02 05:14:06,SKU-01969,6,F-02-03-02,OP-107,PUT_AWAY,NORMAL
PA-008938,2026-09-02 05:14:20,SKU-00342,3,F-02-05-02,OP-108,PUT_AWAY,NORMAL
PA-008136,2026-09-02 05:14:38,SKU-00014,8,B-05-04-02,OP-102,PUT_AWAY,NORMAL
PA-000357,2026-09-02 05:14:38,SKU-00770,9,F-10-02-02,OP-108,PUT_AWAY,NORMAL
PA-004226,2026-09-02 05:15:07,SKU-00276,8,B-01-04-02,OP-102,PUT_AWAY,NORMAL
PA-002355,2026-09-02 05:15:09,SKU-01625,4,C-09-01-02,OP-102,PUT_AWAY,NORMAL
PA-000260,2026-09-02 05:15:29,SKU-00843,6,B-08-02-01,OP-102,PUT_AWAY,NORMAL
PA-006308,2026-09-02 05:15:45,SKU-01273,4,E-10-04-01,OP-103,PUT_AWAY,NORMAL
PA-002490,2026-09-02 05:15:56,SKU-00837,2,C-04-05-01,OP-106,PUT_AWAY,NORMAL
PA-006205,2026-09-02 05:16:04,SKU-01411,1,E-07-04-01,OP-102,PUT_AWAY,NORMAL
PA-001044,2026-09-02 05:16:29,SKU-00670,6,A-08-04-01,OP-101,PUT_AWAY,NORMAL
PA-007131,2026-09-02 05:16:39,SKU-01710,3,B-02-01-01,OP-101,PUT_AWAY,NORMAL
PA-008835,2026-09-02 05:17:09,SKU-01472,6,E-02-05-02,OP-103,PUT_AWAY,NORMAL
PA-002707,2026-09-02 05:17:10,SKU-01168,8,D-10-05-01,OP-104,PUT_AWAY,NORMAL
PA-004225,2026-09-02 05:17:33,SKU-00315,8,B-01-03-01,OP-101,PUT_AWAY,NORMAL
PA-005540,2026-09-02 05:17:44,SKU-01933,5,E-09-04-02,OP-103,PUT_AWAY,NORMAL
PA-000364,2026-09-02 05:18:10,SKU-01556,9,B-02-03-01,OP-108,PUT_AWAY,NORMAL
PA-005902,2026-09-02 05:18:12,SKU-00005,9,D-05-05-02,OP-103,PUT_AWAY,NORMAL
PA-000907,2026-09-02 05:18:15,SKU-00548,8,C-08-01-02,OP-106,PUT_AWAY,NORMAL
PA-008434,2026-09-02 05:18:47,SKU-00847,3,C-04-04-01,OP-102,PUT_AWAY,NORMAL
PA-001979,2026-09-02 05:18:59,SKU-01500,9,B-02-02-01,OP-105,PUT_AWAY,NORMAL
PA-005140,2026-09-02 05:19:16,SKU-00659,7,A-04-05-02,OP-104,PUT_AWAY,NORMAL
PA-000671,2026-09-02 05:19:29,SKU-00855,3,E-04-05-02,OP-108,PUT_AWAY,NORMAL
PA-003845,2026-09-02 05:19:43,SKU-00251,7,D-06-04-02,OP-105,PUT_AWAY,NORMAL
PA-007452,2026-09-02 05:19:47,SKU-01733,5,C-01-01-02,OP-107,PUT_AWAY,NORMAL
PA-007103,2026-09-02 05:20:08,SKU-01368,9,A-05-04-02,OP-102,PUT_AWAY,NORMAL
PA-006624,2026-09-02 05:20:10,SKU-01172,9,F-06-02-02,OP-108,PUT_AWAY,NORMAL
PA-001105,2026-09-02 05:20:13,SKU-00635,7,A-04-02-02,OP-101,PUT_AWAY,NORMAL
PA-005335,2026-09-02 05:21:07,SKU-01397,1,F-09-05-01,OP-107,PUT_AWAY,NORMAL
PA-001007,2026-09-02 05:21:12,SKU-01329,6,D-06-04-01,OP-107,PUT_AWAY,NORMAL
PA-005753,2026-09-02 05:21:16,SKU-00782,4,D-09-01-02,OP-101,PUT_AWAY,NORMAL
PA-005044,2026-09-02 05:21:48,SKU-00561,1,D-06-04-01,OP-106,PUT_AWAY,NORMAL
PA-001957,2026-09-02 05:21:48,SKU-00877,5,B-10-03-01,OP-106,PUT_AWAY,NORMAL
PA-008247,2026-09-02 05:22:11,SKU-00086,7,D-10-03-02,OP-103,PUT_AWAY,NORMAL
PA-003623,2026-09-02 05:22:15,SKU-01923,2,E-05-04-01,OP-103,PUT_AWAY,NORMAL
PA-003164,2026-09-02 05:23:28,SKU-00960,9,D-02-03-01,OP-106,PUT_AWAY,NORMAL
PA-006413,2026-09-02 05:23:33,SKU-01451,1,B-02-03-02,OP-101,PUT_AWAY,NORMAL
PA-003894,2026-09-02 05:23:43,SKU-01952,10,A-05-03-01,OP-101,PUT_AWAY,NORMAL
PA-006934,2026-09-02 05:23:44,SKU-01940,10,B-08-05-01,OP-108,PUT_AWAY,NORMAL
PA-001759,2026-09-02 05:24:11,SKU-01486,1,F-04-04-02,OP-108,PUT_AWAY,NORMAL
PA-004058,2026-09-02 05:24:12,SKU-01916,3,B-03-02-02,OP-108,PUT_AWAY,NORMAL
PA-007866,2026-09-02 05:24:21,SKU-01061,8,A-03-02-01,OP-106,PUT_AWAY,NORMAL
PA-001598,2026-09-02 05:25:16,SKU-00597,6,E-04-02-02,OP-101,PUT_AWAY,NORMAL
PA-004189,2026-09-02 05:25:26,SKU-00296,5,E-03-02-02,OP-105,PUT_AWAY,NORMAL
PA-003038,2026-09-02 05:25:48,SKU-01321,1,A-02-02-02,OP-106,PUT_AWAY,NORMAL
PA-001571,2026-09-02 05:26:09,SKU-01009,8,D-04-02-01,OP-103,PUT_AWAY,NORMAL
PA-006513,2026-09-02 05:27:21,SKU-00589,4,B-05-03-01,OP-107,PUT_AWAY,NORMAL
PA-006575,2026-09-02 05:27:30,SKU-00349,3,C-08-03-02,OP-101,PUT_AWAY,NORMAL
PA-004867,2026-09-02 05:27:31,SKU-00379,9,E-05-02-01,OP-103,PUT_AWAY,NORMAL
PA-004247,2026-09-02 05:27:32,SKU-01932,4,E-10-05-01,OP-103,PUT_AWAY,NORMAL
PA-005346,2026-09-02 05:27:59,SKU-01251,8,F-04-05-02,OP-104,PUT_AWAY,NORMAL
PA-004232,2026-09-02 05:28:00,SKU-01467,10,A-07-01-01,OP-108,PUT_AWAY,NORMAL
PA-002133,2026-09-02 05:28:14,SKU-01668,7,C-10-03-01,OP-103,PUT_AWAY,NORMAL
PA-000137,2026-09-02 05:28:27,SKU-00120,2,D-05-04-02,OP-106,PUT_AWAY,NORMAL
PA-000425,2026-09-02 05:28:31,SKU-00845,7,B-10-02-01,OP-103,PUT_AWAY,NORMAL
PA-001575,2026-09-02 05:29:00,SKU-01910,3,B-10-03-01,OP-102,PUT_AWAY,NORMAL
PA-005493,2026-09-02 05:29:46,SKU-01704,9,E-08-05-02,OP-102,PUT_AWAY,NORMAL
PA-006235,2026-09-02 05:29:57,SKU-01722,2,D-01-01-01,OP-102,PUT_AWAY,NORMAL
PA-005191,2026-09-02 05:29:58,SKU-01815,10,B-05-04-02,OP-108,PUT_AWAY,NORMAL
PA-005580,2026-09-02 05:29:58,SKU-00671,10,B-03-01-02,OP-102,PUT_AWAY,NORMAL
PA-000923,2026-09-02 05:30:21,SKU-01082,1,F-08-03-02,OP-102,PUT_AWAY,NORMAL
PA-004463,2026-09-02 05:30:47,SKU-01974,6,C-06-02-01,OP-106,PUT_AWAY,NORMAL
PA-002667,2026-09-02 05:31:37,SKU-00246,6,F-04-05-01,OP-107,PUT_AWAY,NORMAL
PA-004849,2026-09-02 05:31:40,SKU-00226,1,F-05-02-02,OP-105,PUT_AWAY,NORMAL
PA-007417,2026-09-02 05:32:07,SKU-01072,4,B-05-03-02,OP-103,PUT_AWAY,NORMAL
PA-005858,2026-09-02 05:32:12,SKU-01830,2,A-03-04-01,OP-102,PUT_AWAY,NORMAL
PA-002549,2026-09-02 05:32:25,SKU-01507,10,B-10-05-01,OP-103,PUT_AWAY,NORMAL
PA-003287,2026-09-02 05:32:38,SKU-00205,4,A-08-02-02,OP-106,PUT_AWAY,NORMAL
PA-008301,2026-09-02 05:32:40,SKU-00550,5,B-10-05-01,OP-107,PUT_AWAY,NORMAL
PA-003078,2026-09-02 05:34:08,SKU-00612,8,F-01-02-02,OP-104,PUT_AWAY,NORMAL
PA-000595,2026-09-02 05:34:51,SKU-01226,4,C-07-01-02,OP-108,PUT_AWAY,NORMAL
PA-002697,2026-09-02 05:35:12,SKU-01989,7,F-09-04-01,OP-104,PUT_AWAY,NORMAL
PA-005846,2026-09-02 05:35:20,SKU-00847,9,C-04-04-01,OP-104,PUT_AWAY,NORMAL
PA-008714,2026-09-02 05:35:22,SKU-00802,1,E-06-04-01,OP-105,PUT_AWAY,NORMAL
PA-004660,2026-09-02 05:35:29,SKU-00325,5,B-01-05-01,OP-104,PUT_AWAY,NORMAL
PA-000930,2026-09-02 05:35:38,SKU-00763,10,C-03-02-01,OP-101,PUT_AWAY,NORMAL
PA-005288,2026-09-02 05:36:21,SKU-00022,2,D-02-03-01,OP-102,PUT_AWAY,NORMAL
PA-006194,2026-09-02 05:36:22,SKU-01309,2,E-02-01-02,OP-101,PUT_AWAY,NORMAL
PA-007118,2026-09-02 05:36:29,SKU-00425,4,B-04-02-01,OP-107,PUT_AWAY,NORMAL
PA-002741,2026-09-02 05:36:56,SKU-00572,8,C-09-03-01,OP-105,PUT_AWAY,NORMAL
PA-006713,2026-09-02 05:37:13,SKU-01988,9,A-07-04-02,OP-104,PUT_AWAY,NORMAL
PA-000574,2026-09-02 05:37:48,SKU-01747,8,D-05-02-02,OP-105,PUT_AWAY,NORMAL
PA-008280,2026-09-02 05:37:49,SKU-01870,1,C-09-03-02,OP-107,PUT_AWAY,NORMAL
PA-008702,2026-09-02 05:37:56,SKU-01501,6,F-04-04-01,OP-106,PUT_AWAY,NORMAL
PA-007569,2026-09-02 05:37:57,SKU-01729,6,E-07-05-02,OP-108,PUT_AWAY,NORMAL
PA-002474,2026-09-02 05:37:59,SKU-00381,2,A-04-05-02,OP-101,PUT_AWAY,NORMAL
PA-004583,2026-09-02 05:38:04,SKU-01872,2,C-06-04-02,OP-102,PUT_AWAY,NORMAL
PA-006721,2026-09-02 05:38:18,SKU-00708,6,C-02-05-01,OP-107,PUT_AWAY,NORMAL
PA-000208,2026-09-02 05:38:20,SKU-00458,5,F-07-03-02,OP-101,PUT_AWAY,NORMAL
PA-001507,2026-09-02 05:38:42,SKU-00777,1,E-10-05-01,OP-106,PUT_AWAY,NORMAL
PA-006298,2026-09-02 05:39:26,SKU-00937,6,F-09-03-01,OP-105,PUT_AWAY,NORMAL
PA-007150,2026-09-02 05:39:35,SKU-00724,5,B-07-01-01,OP-107,PUT_AWAY,NORMAL
PA-006823,2026-09-02 05:39:37,SKU-00117,1,C-01-01-02,OP-108,PUT_AWAY,NORMAL
PA-002307,2026-09-02 05:39:56,SKU-00643,9,B-10-03-01,OP-103,PUT_AWAY,NORMAL
PA-003494,2026-09-02 05:40:23,SKU-00156,4,E-08-02-01,OP-105,PUT_AWAY,NORMAL
PA-001469,2026-09-02 05:40:26,SKU-01111,7,E-02-01-01,OP-107,PUT_AWAY,NORMAL
PA-008409,2026-09-02 05:41:29,SKU-01492,10,B-06-02-01,OP-106,PUT_AWAY,NORMAL
PA-003061,2026-09-02 05:41:32,SKU-00166,1,C-01-01-02,OP-107,PUT_AWAY,NORMAL
PA-008063,2026-09-02 05:42:21,SKU-00002,8,B-06-02-02,OP-107,PUT_AWAY,NORMAL
PA-003149,2026-09-02 05:42:55,SKU-00269,6,F-05-04-01,OP-104,PUT_AWAY,NORMAL
PA-000369,2026-09-02 05:42:55,SKU-00237,9,C-05-02-02,OP-108,PUT_AWAY,NORMAL
PA-001729,2026-09-02 05:43:20,SKU-00804,10,E-08-05-02,OP-106,PUT_AWAY,NORMAL
PA-001929,2026-09-02 05:44:13,SKU-00136,6,D-01-04-02,OP-102,PUT_AWAY,NORMAL
PA-006735,2026-09-02 05:44:15,SKU-01220,6,C-09-01-01,OP-107,PUT_AWAY,NORMAL
PA-003998,2026-09-02 05:44:35,SKU-01782,10,C-07-01-01,OP-107,PUT_AWAY,NORMAL
PA-007032,2026-09-02 05:44:46,SKU-00872,5,C-04-01-01,OP-102,PUT_AWAY,NORMAL
PA-000890,2026-09-02 05:45:11,SKU-01702,4,B-04-03-02,OP-106,PUT_AWAY,NORMAL
PA-005886,2026-09-02 05:45:36,SKU-01413,5,D-08-04-01,OP-105,PUT_AWAY,NORMAL
PA-006452,2026-09-02 05:45:59,SKU-01324,3,D-08-02-01,OP-108,PUT_AWAY,NORMAL
PA-004601,2026-09-02 05:46:14,SKU-01779,3,F-05-02-01,OP-103,PUT_AWAY,NORMAL
PA-002219,2026-09-02 05:46:16,SKU-01369,10,C-01-03-02,OP-103,PUT_AWAY,NORMAL
PA-005228,2026-09-02 05:47:04,SKU-00879,8,F-08-02-01,OP-102,PUT_AWAY,NORMAL
PA-006325,2026-09-02 05:47:10,SKU-00890,2,C-02-03-01,OP-101,PUT_AWAY,NORMAL
PA-001895,2026-09-02 05:47:40,SKU-01391,6,B-08-04-01,OP-104,PUT_AWAY,NORMAL
PA-001993,2026-09-02 05:48:08,SKU-01010,3,F-02-01-02,OP-104,PUT_AWAY,NORMAL
PA-008351,2026-09-02 05:48:27,SKU-00964,10,B-08-02-02,OP-102,PUT_AWAY,NORMAL
PA-008850,2026-09-02 05:48:46,SKU-00351,7,D-03-04-02,OP-101,PUT_AWAY,NORMAL
PA-005049,2026-09-02 05:49:20,SKU-01174,8,C-05-05-01,OP-103,PUT_AWAY,NORMAL
PA-008965,2026-09-02 05:49:35,SKU-01414,7,D-04-04-02,OP-101,PUT_AWAY,NORMAL
PA-000905,2026-09-02 05:49:37,SKU-00721,6,B-08-03-02,OP-108,PUT_AWAY,NORMAL
PA-002225,2026-09-02 05:50:06,SKU-00928,6,E-06-01-01,OP-105,PUT_AWAY,NORMAL
PA-004047,2026-09-02 05:50:18,SKU-01136,4,C-01-02-01,OP-104,PUT_AWAY,NORMAL
PA-001827,2026-09-02 05:50:23,SKU-00212,10,D-03-02-02,OP-107,PUT_AWAY,NORMAL
PA-004540,2026-09-02 05:50:25,SKU-01777,3,C-07-01-01,OP-105,PUT_AWAY,NORMAL
PA-001653,2026-09-02 05:50:36,SKU-01298,7,A-07-05-02,OP-102,PUT_AWAY,NORMAL
PA-006921,2026-09-02 05:50:58,SKU-01852,2,A-07-04-01,OP-102,PUT_AWAY,NORMAL
PA-004857,2026-09-02 05:51:25,SKU-00994,9,A-05-02-01,OP-106,PUT_AWAY,NORMAL
PA-002237,2026-09-02 05:51:32,SKU-00583,6,F-10-05-02,OP-101,PUT_AWAY,NORMAL
PA-004342,2026-09-02 05:52:05,SKU-01993,6,F-04-01-01,OP-108,PUT_AWAY,NORMAL
PA-008062,2026-09-02 05:52:26,SKU-00334,10,E-09-03-01,OP-107,PUT_AWAY,NORMAL
PA-004457,2026-09-02 05:52:37,SKU-00733,8,A-10-02-02,OP-107,PUT_AWAY,NORMAL
PA-002527,2026-09-02 05:53:27,SKU-01995,1,C-10-05-01,OP-104,PUT_AWAY,NORMAL
PA-006494,2026-09-02 05:53:35,SKU-00131,8,E-02-04-02,OP-105,PUT_AWAY,NORMAL
PA-003230,2026-09-02 05:53:46,SKU-00455,10,B-03-02-02,OP-105,PUT_AWAY,NORMAL
PA-004264,2026-09-02 05:54:10,SKU-01700,5,B-04-04-02,OP-106,PUT_AWAY,NORMAL
PA-000082,2026-09-02 05:55:01,SKU-01780,2,D-02-03-01,OP-106,PUT_AWAY,NORMAL
PA-006733,2026-09-02 05:55:08,SKU-00765,5,F-02-02-01,OP-106,PUT_AWAY,NORMAL
PA-003973,2026-09-02 05:55:32,SKU-00717,1,F-01-04-01,OP-104,PUT_AWAY,NORMAL
PA-004695,2026-09-02 05:55:50,SKU-01284,4,D-08-02-02,OP-102,PUT_AWAY,NORMAL
PA-002305,2026-09-02 05:57:12,SKU-01911,4,F-02-01-02,OP-101,PUT_AWAY,NORMAL
PA-003928,2026-09-02 05:57:50,SKU-00542,4,F-06-03-01,OP-106,PUT_AWAY,NORMAL
PA-006576,2026-09-02 05:58:35,SKU-00032,1,F-05-02-01,OP-103,PUT_AWAY,NORMAL
PA-004810,2026-09-02 05:59:17,SKU-01244,4,F-09-05-02,OP-105,PUT_AWAY,NORMAL
PA-008579,2026-09-02 05:59:23,SKU-00547,6,D-05-04-01,OP-104,PUT_AWAY,NORMAL
PA-007960,2026-09-02 06:00:38,SKU-00543,5,B-03-03-02,OP-108,PUT_AWAY,NORMAL
PA-005440,2026-09-02 06:01:03,SKU-01431,10,E-01-03-02,OP-104,PUT_AWAY,NORMAL
PA-006710,2026-09-02 06:01:20,SKU-00786,3,A-08-01-01,OP-106,PUT_AWAY,NORMAL
PA-002771,2026-09-02 06:01:33,SKU-00363,7,A-06-04-02,OP-105,PUT_AWAY,NORMAL
PA-004230,2026-09-02 06:02:13,SKU-01851,7,B-09-04-01,OP-102,PUT_AWAY,NORMAL
PA-000058,2026-09-02 06:02:29,SKU-00374,10,A-01-03-01,OP-105,PUT_AWAY,NORMAL
PA-000040,2026-09-02 06:02:33,SKU-00714,3,F-07-03-01,OP-103,PUT_AWAY,NORMAL
PA-002904,2026-09-02 06:02:37,SKU-00185,7,B-06-01-02,OP-102,PUT_AWAY,NORMAL
PA-005057,2026-09-02 06:02:53,SKU-01927,9,E-02-05-01,OP-105,PUT_AWAY,NORMAL
PA-008043,2026-09-02 06:03:01,SKU-01215,7,F-03-01-02,OP-107,PUT_AWAY,NORMAL
PA-005733,2026-09-02 06:03:04,SKU-01804,6,E-10-04-01,OP-102,PUT_AWAY,NORMAL
PA-008270,2026-09-02 06:03:39,SKU-00703,8,C-06-01-02,OP-106,PUT_AWAY,NORMAL
PA-005615,2026-09-02 06:03:42,SKU-01104,1,E-09-03-01,OP-104,PUT_AWAY,NORMAL
PA-000302,2026-09-02 06:04:40,SKU-00237,8,C-05-02-02,OP-105,PUT_AWAY,NORMAL
PA-004592,2026-09-02 06:04:42,SKU-01713,8,B-01-05-01,OP-101,PUT_AWAY,NORMAL
PA-001526,2026-09-02 06:05:02,SKU-01152,2,F-05-01-02,OP-102,PUT_AWAY,NORMAL
PA-002654,2026-09-02 06:05:23,SKU-00983,8,A-02-01-02,OP-107,PUT_AWAY,NORMAL
PA-002466,2026-09-02 06:05:29,SKU-01760,6,A-08-05-02,OP-101,PUT_AWAY,NORMAL
PA-001912,2026-09-02 06:05:41,SKU-00548,9,C-08-01-02,OP-107,PUT_AWAY,NORMAL
PA-007969,2026-09-02 06:05:52,SKU-00237,6,C-05-02-02,OP-105,PUT_AWAY,NORMAL
PA-006804,2026-09-02 06:06:13,SKU-00290,2,B-10-01-02,OP-105,PUT_AWAY,NORMAL
PA-002309,2026-09-02 06:06:15,SKU-00320,4,C-01-05-01,OP-105,PUT_AWAY,NORMAL
PA-000046,2026-09-02 06:06:18,SKU-00675,2,E-02-01-01,OP-101,PUT_AWAY,NORMAL
PA-007072,2026-09-02 06:06:27,SKU-00055,6,A-05-05-01,OP-106,PUT_AWAY,NORMAL
PA-005613,2026-09-02 06:06:44,SKU-01600,8,A-05-04-01,OP-102,PUT_AWAY,NORMAL
PA-006402,2026-09-02 06:07:22,SKU-01960,4,D-01-05-01,OP-104,PUT_AWAY,NORMAL
PA-004263,2026-09-02 06:07:54,SKU-01251,6,F-04-05-02,OP-102,PUT_AWAY,NORMAL
PA-004496,2026-09-02 06:08:01,SKU-00915,9,E-01-02-02,OP-106,PUT_AWAY,NORMAL
PA-008250,2026-09-02 06:08:16,SKU-00422,3,E-05-05-01,OP-107,PUT_AWAY,NORMAL
PA-004751,2026-09-02 06:08:19,SKU-00637,1,E-01-02-02,OP-107,PUT_AWAY,NORMAL
PA-004906,2026-09-02 06:08:20,SKU-01300,7,E-07-05-02,OP-105,PUT_AWAY,NORMAL
PA-000778,2026-09-02 06:08:22,SKU-01281,2,D-08-03-02,OP-106,PUT_AWAY,NORMAL
PA-002578,2026-09-02 06:09:12,SKU-00883,5,F-01-05-01,OP-101,PUT_AWAY,NORMAL
PA-005834,2026-09-02 06:09:20,SKU-01352,7,E-10-02-02,OP-103,PUT_AWAY,NORMAL
PA-003144,2026-09-02 06:09:35,SKU-00228,4,A-04-01-02,OP-104,PUT_AWAY,NORMAL
PA-003784,2026-09-02 06:09:56,SKU-00182,6,B-05-03-01,OP-101,PUT_AWAY,NORMAL
PA-006976,2026-09-02 06:10:00,SKU-01489,5,C-04-03-01,OP-103,PUT_AWAY,NORMAL
PA-006273,2026-09-02 06:10:54,SKU-01268,3,A-10-01-02,OP-108,PUT_AWAY,NORMAL
PA-004387,2026-09-02 06:11:04,SKU-00329,9,F-03-01-01,OP-105,PUT_AWAY,NORMAL
PA-002092,2026-09-02 06:11:08,SKU-00408,2,C-08-01-02,OP-101,PUT_AWAY,NORMAL
PA-002451,2026-09-02 06:11:47,SKU-01570,1,B-09-02-02,OP-103,PUT_AWAY,NORMAL
PA-003648,2026-09-02 06:11:58,SKU-00901,5,F-01-03-02,OP-107,PUT_AWAY,NORMAL
PA-005751,2026-09-02 06:12:00,SKU-00878,6,F-03-01-02,OP-106,PUT_AWAY,NORMAL
PA-004640,2026-09-02 06:12:46,SKU-00788,10,F-04-02-01,OP-102,PUT_AWAY,NORMAL
PA-000098,2026-09-02 06:13:26,SKU-01412,6,E-06-01-01,OP-103,PUT_AWAY,NORMAL
PA-007828,2026-09-02 06:13:52,SKU-01007,1,A-04-01-02,OP-104,PUT_AWAY,NORMAL
PA-004365,2026-09-02 06:13:57,SKU-01019,1,A-07-03-02,OP-104,PUT_AWAY,NORMAL
PA-003500,2026-09-02 06:14:26,SKU-01707,4,C-07-01-02,OP-101,PUT_AWAY,NORMAL
PA-007238,2026-09-02 06:14:32,SKU-01002,6,E-05-02-01,OP-103,PUT_AWAY,NORMAL
PA-000810,2026-09-02 06:14:32,SKU-01023,9,D-05-02-01,OP-101,PUT_AWAY,NORMAL
PA-006175,2026-09-02 06:14:59,SKU-00757,1,A-04-02-02,OP-108,PUT_AWAY,NORMAL
PA-005936,2026-09-02 06:15:00,SKU-00631,5,F-08-02-02,OP-108,PUT_AWAY,NORMAL
PA-006014,2026-09-02 06:15:32,SKU-01683,10,F-06-01-01,OP-105,PUT_AWAY,NORMAL
PA-000154,2026-09-02 06:15:32,SKU-01613,1,D-10-05-02,OP-102,PUT_AWAY,NORMAL
PA-006341,2026-09-02 06:15:41,SKU-00941,8,D-08-01-01,OP-106,PUT_AWAY,NORMAL
PA-004626,2026-09-02 06:16:01,SKU-01772,3,A-06-04-02,OP-104,PUT_AWAY,NORMAL
PA-002174,2026-09-02 06:16:14,SKU-01067,7,E-05-03-02,OP-106,PUT_AWAY,NORMAL
PA-003758,2026-09-02 06:16:23,SKU-01658,10,B-07-05-02,OP-107,PUT_AWAY,NORMAL
PA-003363,2026-09-02 06:17:15,SKU-00268,10,E-09-05-01,OP-101,PUT_AWAY,NORMAL
PA-008757,2026-09-02 06:17:42,SKU-01389,8,B-06-01-01,OP-104,PUT_AWAY,NORMAL
PA-008102,2026-09-02 06:18:11,SKU-01004,3,D-10-01-01,OP-108,PUT_AWAY,NORMAL
PA-001296,2026-09-02 06:18:19,SKU-01145,6,E-09-04-02,OP-102,PUT_AWAY,NORMAL
PA-004000,2026-09-02 06:19:18,SKU-01336,9,A-07-01-02,OP-108,PUT_AWAY,NORMAL
PA-001257,2026-09-02 06:19:26,SKU-00226,10,F-05-02-02,OP-108,PUT_AWAY,NORMAL
PA-006372,2026-09-02 06:19:34,SKU-00368,7,D-07-03-01,OP-103,PUT_AWAY,NORMAL
PA-007872,2026-09-02 06:19:47,SKU-01378,7,F-06-05-02,OP-108,PUT_AWAY,NORMAL
PA-006534,2026-09-02 06:20:05,SKU-01786,10,F-02-05-02,OP-107,PUT_AWAY,NORMAL
PA-007774,2026-09-02 06:20:37,SKU-00200,5,A-09-02-02,OP-101,PUT_AWAY,NORMAL
PA-000960,2026-09-02 06:21:23,SKU-00513,4,A-08-02-02,OP-106,PUT_AWAY,NORMAL
PA-002547,2026-09-02 06:21:30,SKU-01560,8,E-06-04-02,OP-106,PUT_AWAY,NORMAL
PA-003913,2026-09-02 06:21:32,SKU-00395,1,D-02-04-02,OP-108,PUT_AWAY,NORMAL
PA-001344,2026-09-02 06:21:41,SKU-00544,3,E-09-03-02,OP-101,PUT_AWAY,NORMAL
PA-005105,2026-09-02 06:21:46,SKU-00686,8,E-02-04-02,OP-102,PUT_AWAY,NORMAL
PA-001658,2026-09-02 06:21:50,SKU-00452,7,F-06-02-02,OP-102,PUT_AWAY,NORMAL
PA-005451,2026-09-02 06:22:10,SKU-00865,8,C-06-02-02,OP-105,PUT_AWAY,NORMAL
PA-005849,2026-09-02 06:22:25,SKU-01790,3,F-04-04-02,OP-102,PUT_AWAY,NORMAL
PA-000194,2026-09-02 06:23:54,SKU-00752,9,E-06-02-01,OP-106,PUT_AWAY,NORMAL
PA-005266,2026-09-02 06:23:59,SKU-01833,9,E-08-02-01,OP-106,PUT_AWAY,NORMAL
PA-005150,2026-09-02 06:24:05,SKU-01716,9,D-03-04-02,OP-103,PUT_AWAY,NORMAL
PA-004600,2026-09-02 06:24:41,SKU-00684,6,C-10-04-02,OP-101,PUT_AWAY,NORMAL
PA-008705,2026-09-02 06:24:45,SKU-01822,1,C-10-03-01,OP-105,PUT_AWAY,NORMAL
PA-004925,2026-09-02 06:24:56,SKU-01596,4,E-07-04-01,OP-103,PUT_AWAY,NORMAL
PA-004625,2026-09-02 06:25:58,SKU-01129,7,F-08-02-01,OP-105,PUT_AWAY,NORMAL
PA-002396,2026-09-02 06:26:19,SKU-00276,9,B-01-04-02,OP-106,PUT_AWAY,NORMAL
PA-007800,2026-09-02 06:26:26,SKU-00196,5,B-07-05-02,OP-102,PUT_AWAY,NORMAL
PA-005458,2026-09-02 06:26:55,SKU-01249,7,C-01-04-02,OP-106,PUT_AWAY,NORMAL
PA-005149,2026-09-02 06:27:40,SKU-00846,5,B-10-02-01,OP-102,PUT_AWAY,NORMAL
PA-006988,2026-09-02 06:27:47,SKU-00526,9,E-01-04-02,OP-101,PUT_AWAY,NORMAL
PA-003171,2026-09-02 06:27:57,SKU-01131,1,B-01-01-02,OP-101,PUT_AWAY,NORMAL
PA-008591,2026-09-02 06:28:16,SKU-00570,1,B-01-04-01,OP-108,PUT_AWAY,NORMAL
PA-001301,2026-09-02 06:28:29,SKU-01870,3,C-09-03-02,OP-106,PUT_AWAY,NORMAL
PA-008631,2026-09-02 06:28:32,SKU-00157,5,E-07-05-02,OP-106,PUT_AWAY,NORMAL
PA-008468,2026-09-02 06:29:00,SKU-01307,6,C-03-03-01,OP-106,PUT_AWAY,NORMAL
PA-005928,2026-09-02 06:29:15,SKU-01241,7,D-06-02-01,OP-103,PUT_AWAY,NORMAL
PA-006061,2026-09-02 06:29:17,SKU-00725,2,E-06-05-01,OP-108,PUT_AWAY,NORMAL
PA-008644,2026-09-02 06:29:33,SKU-01756,6,E-09-05-02,OP-102,PUT_AWAY,NORMAL
PA-007988,2026-09-02 06:29:42,SKU-01433,9,D-10-03-02,OP-104,PUT_AWAY,NORMAL
PA-007670,2026-09-02 06:29:47,SKU-01563,6,D-01-01-01,OP-104,PUT_AWAY,NORMAL
PA-007944,2026-09-02 06:30:22,SKU-00327,6,B-09-03-01,OP-101,PUT_AWAY,NORMAL
PA-008562,2026-09-02 06:30:26,SKU-01293,5,C-09-04-01,OP-102,PUT_AWAY,NORMAL
PA-008414,2026-09-02 06:30:49,SKU-01590,2,F-10-02-02,OP-104,PUT_AWAY,NORMAL
PA-004936,2026-09-02 06:30:51,SKU-01805,4,F-04-03-02,OP-103,PUT_AWAY,NORMAL
PA-004512,2026-09-02 06:30:56,SKU-00417,1,D-08-02-02,OP-103,PUT_AWAY,NORMAL
PA-002857,2026-09-02 06:30:58,SKU-01079,8,F-01-03-02,OP-103,PUT_AWAY,NORMAL
PA-004065,2026-09-02 06:31:38,SKU-01504,4,B-04-04-01,OP-101,PUT_AWAY,NORMAL
PA-007395,2026-09-02 06:32:27,SKU-00234,10,B-10-03-01,OP-104,PUT_AWAY,NORMAL
PA-004755,2026-09-02 06:32:57,SKU-00592,3,D-04-04-02,OP-106,PUT_AWAY,NORMAL
PA-002038,2026-09-02 06:33:03,SKU-00436,1,F-08-02-01,OP-106,PUT_AWAY,NORMAL
PA-000502,2026-09-02 06:33:29,SKU-01804,3,E-10-04-01,OP-105,PUT_AWAY,NORMAL
PA-008315,2026-09-02 06:33:40,SKU-00680,3,B-06-01-01,OP-102,PUT_AWAY,NORMAL
PA-000871,2026-09-02 06:33:45,SKU-00794,4,C-02-01-02,OP-101,PUT_AWAY,NORMAL
PA-003537,2026-09-02 06:33:57,SKU-00451,10,D-05-05-01,OP-105,PUT_AWAY,NORMAL
PA-006954,2026-09-02 06:34:09,SKU-00696,9,E-10-01-02,OP-107,PUT_AWAY,NORMAL
PA-001680,2026-09-02 06:34:31,SKU-00963,4,B-03-05-01,OP-108,PUT_AWAY,NORMAL
PA-000808,2026-09-02 06:34:38,SKU-01628,1,E-04-01-01,OP-105,PUT_AWAY,NORMAL
PA-006255,2026-09-02 06:34:48,SKU-00724,7,B-07-01-01,OP-105,PUT_AWAY,NORMAL
PA-004347,2026-09-02 06:34:54,SKU-00778,9,C-06-02-01,OP-107,PUT_AWAY,NORMAL
PA-000767,2026-09-02 06:35:21,SKU-01181,9,E-09-05-01,OP-103,PUT_AWAY,NORMAL
PA-008319,2026-09-02 06:36:32,SKU-01096,7,B-05-01-02,OP-102,PUT_AWAY,NORMAL
PA-007261,2026-09-02 06:36:34,SKU-01019,10,A-07-03-02,OP-106,PUT_AWAY,NORMAL
PA-006023,2026-09-02 06:37:18,SKU-00173,3,F-01-01-01,OP-101,PUT_AWAY,NORMAL
PA-000936,2026-09-02 06:37:26,SKU-00529,2,C-04-01-02,OP-107,PUT_AWAY,NORMAL
PA-004459,2026-09-02 06:38:08,SKU-01514,6,A-02-03-02,OP-108,PUT_AWAY,NORMAL
PA-000664,2026-09-02 06:38:14,SKU-00476,4,B-10-05-02,OP-106,PUT_AWAY,NORMAL
PA-008128,2026-09-02 06:38:22,SKU-00631,3,F-08-02-02,OP-107,PUT_AWAY,NORMAL
PA-000883,2026-09-02 06:39:16,SKU-01303,5,C-03-04-01,OP-107,PUT_AWAY,NORMAL
PA-007035,2026-09-02 06:39:18,SKU-00322,3,A-08-01-02,OP-102,PUT_AWAY,NORMAL
PA-000783,2026-09-02 06:39:27,SKU-00068,3,C-06-03-01,OP-105,PUT_AWAY,NORMAL
PA-001321,2026-09-02 06:39:37,SKU-01577,3,C-08-05-02,OP-108,PUT_AWAY,NORMAL
PA-004181,2026-09-02 06:40:58,SKU-00169,3,B-05-03-02,OP-104,PUT_AWAY,NORMAL
PA-007987,2026-09-02 06:41:02,SKU-00152,5,A-08-01-02,OP-106,PUT_AWAY,NORMAL
PA-006563,2026-09-02 06:41:07,SKU-01615,1,F-01-02-02,OP-107,PUT_AWAY,NORMAL
PA-005916,2026-09-02 06:41:20,SKU-00796,4,A-10-04-01,OP-102,PUT_AWAY,NORMAL
PA-001563,2026-09-02 06:41:36,SKU-00791,9,F-05-01-02,OP-102,PUT_AWAY,NORMAL
PA-007065,2026-09-02 06:43:59,SKU-01614,9,A-07-03-01,OP-106,PUT_AWAY,NORMAL
PA-000643,2026-09-02 06:44:15,SKU-01045,8,C-06-04-02,OP-102,PUT_AWAY,NORMAL
PA-008125,2026-09-02 06:44:24,SKU-01062,9,C-07-01-02,OP-101,PUT_AWAY,NORMAL
PA-000174,2026-09-02 06:44:49,SKU-01905,9,E-02-05-01,OP-101,PUT_AWAY,NORMAL
PA-002249,2026-09-02 06:45:07,SKU-01190,9,C-06-04-02,OP-101,PUT_AWAY,NORMAL
PA-001931,2026-09-02 06:45:10,SKU-00004,8,F-07-05-01,OP-101,PUT_AWAY,NORMAL
PA-001637,2026-09-02 06:45:10,SKU-01895,1,A-03-02-01,OP-105,PUT_AWAY,NORMAL
PA-004913,2026-09-02 06:45:24,SKU-00644,1,D-10-02-02,OP-106,PUT_AWAY,NORMAL
PA-006831,2026-09-02 06:45:57,SKU-01416,10,D-02-03-02,OP-106,PUT_AWAY,NORMAL
PA-001398,2026-09-02 06:46:16,SKU-01183,7,A-04-05-01,OP-107,PUT_AWAY,NORMAL
PA-001871,2026-09-02 06:46:17,SKU-00570,7,B-01-04-01,OP-103,PUT_AWAY,NORMAL
PA-007626,2026-09-02 06:46:22,SKU-01018,3,E-02-03-01,OP-106,PUT_AWAY,NORMAL
PA-003803,2026-09-02 06:46:45,SKU-01775,8,F-07-05-01,OP-105,PUT_AWAY,NORMAL
PA-000240,2026-09-02 06:48:05,SKU-01816,6,F-02-02-02,OP-106,PUT_AWAY,NORMAL
PA-006168,2026-09-02 06:48:17,SKU-00010,4,F-03-03-02,OP-102,PUT_AWAY,NORMAL
PA-006331,2026-09-02 06:49:21,SKU-01898,7,E-02-05-02,OP-105,PUT_AWAY,NORMAL
PA-006070,2026-09-02 06:49:32,SKU-00673,3,B-09-01-02,OP-107,PUT_AWAY,NORMAL
PA-000503,2026-09-02 06:49:46,SKU-00238,8,A-08-02-02,OP-108,PUT_AWAY,NORMAL
PA-000827,2026-09-02 06:50:26,SKU-01695,10,C-09-05-01,OP-102,PUT_AWAY,NORMAL
PA-005765,2026-09-02 06:50:54,SKU-01396,3,A-03-01-02,OP-101,PUT_AWAY,NORMAL
PA-001735,2026-09-02 06:51:20,SKU-00941,1,D-08-01-01,OP-103,PUT_AWAY,NORMAL
PA-003628,2026-09-02 06:51:27,SKU-00324,6,B-03-01-02,OP-105,PUT_AWAY,NORMAL
PA-007868,2026-09-02 06:51:34,SKU-00828,1,E-02-04-01,OP-106,PUT_AWAY,NORMAL
PA-006126,2026-09-02 06:51:41,SKU-00177,8,C-09-04-02,OP-103,PUT_AWAY,NORMAL
PA-003209,2026-09-02 06:51:50,SKU-00945,1,D-01-03-01,OP-101,PUT_AWAY,NORMAL
PA-007253,2026-09-02 06:52:53,SKU-01641,6,D-02-04-02,OP-105,PUT_AWAY,NORMAL
PA-003768,2026-09-02 06:53:46,SKU-00396,10,B-03-03-01,OP-102,PUT_AWAY,NORMAL
PA-006414,2026-09-02 06:54:39,SKU-01546,5,A-06-03-02,OP-101,PUT_AWAY,NORMAL
PA-002417,2026-09-02 06:54:58,SKU-01025,7,F-01-02-02,OP-105,PUT_AWAY,NORMAL
PA-002063,2026-09-02 06:55:55,SKU-00433,6,B-05-01-02,OP-105,PUT_AWAY,NORMAL
PA-003702,2026-09-02 06:56:06,SKU-00009,1,C-09-05-02,OP-101,PUT_AWAY,NORMAL
PA-000301,2026-09-02 06:56:09,SKU-01408,5,C-08-01-01,OP-108,PUT_AWAY,NORMAL
PA-007384,2026-09-02 06:56:50,SKU-01676,9,D-05-04-02,OP-104,PUT_AWAY,NORMAL
PA-001700,2026-09-02 06:56:52,SKU-00492,5,F-01-05-01,OP-104,PUT_AWAY,NORMAL
PA-007783,2026-09-02 06:56:57,SKU-00181,8,D-06-03-01,OP-104,PUT_AWAY,NORMAL
PA-001862,2026-09-02 06:56:58,SKU-00145,6,E-04-05-01,OP-105,PUT_AWAY,NORMAL
PA-006880,2026-09-02 06:57:01,SKU-00975,3,A-02-05-01,OP-106,PUT_AWAY,NORMAL
PA-006004,2026-09-02 06:57:18,SKU-01954,3,D-09-01-01,OP-107,PUT_AWAY,NORMAL
PA-001277,2026-09-02 06:57:26,SKU-01180,10,D-08-04-01,OP-106,PUT_AWAY,NORMAL
PA-003136,2026-09-02 06:58:20,SKU-00762,7,D-06-05-01,OP-107,PUT_AWAY,NORMAL
PA-005695,2026-09-02 06:58:59,SKU-01208,10,E-02-03-01,OP-106,PUT_AWAY,NORMAL
PA-008834,2026-09-02 06:59:11,SKU-01707,9,C-07-01-02,OP-108,PUT_AWAY,NORMAL
PA-001039,2026-09-02 06:59:19,SKU-01401,7,F-04-05-01,OP-106,PUT_AWAY,NORMAL
PA-008666,2026-09-02 06:59:45,SKU-01218,4,A-05-05-01,OP-108,PUT_AWAY,NORMAL
PA-004559,2026-09-02 06:59:47,SKU-00109,2,A-06-01-01,OP-104,PUT_AWAY,NORMAL
PA-006610,2026-09-02 06:59:51,SKU-00507,3,A-03-02-02,OP-103,PUT_AWAY,NORMAL
PA-005672,2026-09-02 07:00:21,SKU-00807,4,F-05-04-01,OP-106,PUT_AWAY,NORMAL
PA-003080,2026-09-02 07:00:27,SKU-01383,6,E-09-04-01,OP-104,PUT_AWAY,NORMAL
PA-001016,2026-09-02 07:00:34,SKU-00575,9,A-09-03-01,OP-103,PUT_AWAY,NORMAL
PA-005269,2026-09-02 07:00:45,SKU-01316,1,C-05-05-01,OP-103,PUT_AWAY,NORMAL
PA-006948,2026-09-02 07:00:47,SKU-01863,8,A-08-03-02,OP-102,PUT_AWAY,NORMAL
PA-000937,2026-09-02 07:01:05,SKU-01293,2,C-09-04-01,OP-108,PUT_AWAY,NORMAL
PA-008838,2026-09-02 07:01:13,SKU-01677,2,F-05-04-02,OP-105,PUT_AWAY,NORMAL
PA-006234,2026-09-02 07:01:31,SKU-01813,9,D-04-03-01,OP-106,PUT_AWAY,NORMAL
PA-005730,2026-09-02 07:01:46,SKU-00158,10,D-01-03-02,OP-101,PUT_AWAY,NORMAL
PA-002628,2026-09-02 07:02:02,SKU-00747,1,A-08-02-01,OP-105,PUT_AWAY,NORMAL
PA-002718,2026-09-02 07:02:49,SKU-00254,3,B-03-05-02,OP-106,PUT_AWAY,NORMAL
PA-000572,2026-09-02 07:03:10,SKU-00313,6,E-09-05-01,OP-104,PUT_AWAY,NORMAL
PA-003745,2026-09-02 07:03:11,SKU-01926,1,C-04-02-01,OP-102,PUT_AWAY,NORMAL
PA-005402,2026-09-02 07:03:28,SKU-01858,6,A-04-03-02,OP-107,PUT_AWAY,NORMAL
PA-004902,2026-09-02 07:03:31,SKU-00105,4,B-01-01-01,OP-103,PUT_AWAY,NORMAL
PA-003140,2026-09-02 07:03:48,SKU-01005,10,F-06-05-02,OP-107,PUT_AWAY,NORMAL
PA-000316,2026-09-02 07:03:53,SKU-01464,3,F-03-05-01,OP-106,PUT_AWAY,NORMAL
PA-001452,2026-09-02 07:04:07,SKU-00076,3,E-06-03-02,OP-107,PUT_AWAY,NORMAL
PA-004109,2026-09-02 07:04:19,SKU-01928,6,C-05-03-01,OP-102,PUT_AWAY,NORMAL
PA-004819,2026-09-02 07:04:30,SKU-01804,8,E-10-04-01,OP-101,PUT_AWAY,NORMAL
PA-002601,2026-09-02 07:04:51,SKU-01458,10,B-10-03-01,OP-104,PUT_AWAY,NORMAL
PA-003473,2026-09-02 07:04:53,SKU-00963,8,B-03-05-01,OP-101,PUT_AWAY,NORMAL
PA-004825,2026-09-02 07:05:03,SKU-01278,8,C-01-01-02,OP-106,PUT_AWAY,NORMAL
PA-001769,2026-09-02 07:05:21,SKU-01829,1,F-07-05-02,OP-102,PUT_AWAY,NORMAL
PA-004939,2026-09-02 07:05:29,SKU-01998,10,A-02-04-01,OP-107,PUT_AWAY,NORMAL
PA-005852,2026-09-02 07:05:38,SKU-01031,6,A-09-01-01,OP-103,PUT_AWAY,NORMAL
PA-008382,2026-09-02 07:05:51,SKU-01991,5,E-06-02-01,OP-103,PUT_AWAY,NORMAL
PA-006813,2026-09-02 07:05:54,SKU-01598,8,B-09-01-02,OP-101,PUT_AWAY,NORMAL
PA-006639,2026-09-02 07:06:01,SKU-00525,10,E-04-03-02,OP-108,PUT_AWAY,NORMAL
PA-008206,2026-09-02 07:06:07,SKU-01861,9,C-03-03-01,OP-108,PUT_AWAY,NORMAL
PA-001778,2026-09-02 07:06:11,SKU-01480,7,B-03-04-01,OP-102,PUT_AWAY,NORMAL
PA-000847,2026-09-02 07:06:16,SKU-01278,4,C-01-01-02,OP-101,PUT_AWAY,NORMAL
PA-000049,2026-09-02 07:07:08,SKU-01442,1,C-09-01-01,OP-104,PUT_AWAY,NORMAL
PA-001953,2026-09-02 07:07:21,SKU-00984,1,C-02-03-02,OP-103,PUT_AWAY,NORMAL
PA-006083,2026-09-02 07:08:01,SKU-00504,2,B-07-01-01,OP-101,PUT_AWAY,NORMAL
PA-000653,2026-09-02 07:08:24,SKU-00364,2,C-02-01-01,OP-103,PUT_AWAY,NORMAL
PA-002314,2026-09-02 07:08:48,SKU-00307,3,B-07-03-01,OP-105,PUT_AWAY,NORMAL
PA-001592,2026-09-02 07:08:51,SKU-00514,6,A-02-04-02,OP-102,PUT_AWAY,NORMAL
PA-000818,2026-09-02 07:12:44,SKU-00252,5,C-02-05-01,OP-104,PUT_AWAY,NORMAL
PA-006643,2026-09-02 07:12:49,SKU-00642,2,C-06-01-02,OP-103,PUT_AWAY,NORMAL
PA-008885,2026-09-02 07:13:59,SKU-01116,1,A-08-03-02,OP-108,PUT_AWAY,NORMAL
PA-006936,2026-09-02 07:14:05,SKU-01309,3,E-02-01-02,OP-107,PUT_AWAY,NORMAL
PA-007956,2026-09-02 07:14:37,SKU-00446,6,B-09-03-02,OP-104,PUT_AWAY,NORMAL
PA-006309,2026-09-02 07:15:00,SKU-00353,3,D-03-04-02,OP-108,PUT_AWAY,NORMAL
PA-007808,2026-09-02 07:15:03,SKU-01476,9,E-08-03-01,OP-107,PUT_AWAY,NORMAL
PA-001839,2026-09-02 07:15:06,SKU-01457,8,C-03-04-02,OP-108,PUT_AWAY,NORMAL
PA-003754,2026-09-02 07:15:16,SKU-00850,10,E-03-04-02,OP-104,PUT_AWAY,NORMAL
PA-006322,2026-09-02 07:15:22,SKU-00818,1,A-03-05-01,OP-106,PUT_AWAY,NORMAL
PA-003666,2026-09-02 07:15:25,SKU-01252,1,C-02-01-02,OP-103,PUT_AWAY,NORMAL
PA-004217,2026-09-02 07:15:27,SKU-00932,9,B-06-05-01,OP-108,PUT_AWAY,NORMAL
PA-002008,2026-09-02 07:15:34,SKU-01752,3,A-06-04-01,OP-104,PUT_AWAY,NORMAL
PA-001258,2026-09-02 07:15:44,SKU-00176,10,C-08-01-01,OP-106,PUT_AWAY,NORMAL
PA-008179,2026-09-02 07:16:46,SKU-00050,6,B-08-04-01,OP-102,PUT_AWAY,NORMAL
PA-008687,2026-09-02 07:16:48,SKU-01292,3,A-04-01-02,OP-104,PUT_AWAY,NORMAL
PA-005161,2026-09-02 07:18:10,SKU-00991,4,D-09-05-02,OP-102,PUT_AWAY,NORMAL
PA-000619,2026-09-02 07:18:42,SKU-01110,8,A-03-04-02,OP-103,PUT_AWAY,NORMAL
PA-007360,2026-09-02 07:18:44,SKU-01282,1,A-07-01-02,OP-108,PUT_AWAY,NORMAL
PA-006508,2026-09-02 07:19:02,SKU-00446,8,B-09-03-02,OP-107,PUT_AWAY,NORMAL
PA-003155,2026-09-02 07:19:06,SKU-01959,4,F-04-03-02,OP-102,PUT_AWAY,NORMAL
PA-008588,2026-09-02 07:19:37,SKU-00950,9,E-09-04-01,OP-101,PUT_AWAY,NORMAL
PA-004197,2026-09-02 07:19:49,SKU-00591,6,F-03-04-02,OP-104,PUT_AWAY,NORMAL
PA-005366,2026-09-02 07:20:22,SKU-01568,5,A-02-01-01,OP-102,PUT_AWAY,NORMAL
PA-006927,2026-09-02 07:20:30,SKU-00491,5,B-06-05-02,OP-108,PUT_AWAY,NORMAL
PA-005476,2026-09-02 07:20:41,SKU-00794,4,C-02-01-02,OP-103,PUT_AWAY,NORMAL
PA-005020,2026-09-02 07:22:55,SKU-00863,7,D-08-01-02,OP-107,PUT_AWAY,NORMAL
PA-000474,2026-09-02 07:23:20,SKU-01739,4,E-08-03-02,OP-102,PUT_AWAY,NORMAL
PA-005085,2026-09-02 07:23:55,SKU-00629,8,A-03-01-01,OP-108,PUT_AWAY,NORMAL
PA-008287,2026-09-02 07:23:57,SKU-00107,5,D-07-02-02,OP-103,PUT_AWAY,NORMAL
PA-004188,2026-09-02 07:24:00,SKU-01032,8,C-09-05-02,OP-105,PUT_AWAY,NORMAL
PA-000124,2026-09-02 07:24:11,SKU-01306,9,F-05-01-02,OP-108,PUT_AWAY,NORMAL
PA-002098,2026-09-02 07:24:30,SKU-00656,9,C-08-05-02,OP-106,PUT_AWAY,NORMAL
PA-008845,2026-09-02 07:25:13,SKU-00314,7,C-05-04-01,OP-107,PUT_AWAY,NORMAL
PA-006940,2026-09-02 07:25:46,SKU-01239,4,E-08-02-01,OP-108,PUT_AWAY,NORMAL
PA-006338,2026-09-02 07:26:05,SKU-01476,4,E-08-03-01,OP-105,PUT_AWAY,NORMAL
PA-002000,2026-09-02 07:26:10,SKU-01201,4,E-05-04-02,OP-106,PUT_AWAY,NORMAL
PA-003059,2026-09-02 07:26:14,SKU-00744,3,A-01-01-02,OP-108,PUT_AWAY,NORMAL
PA-005950,2026-09-02 07:27:04,SKU-00570,9,B-01-04-01,OP-101,PUT_AWAY,NORMAL
PA-008099,2026-09-02 07:27:18,SKU-00154,8,F-07-03-01,OP-105,PUT_AWAY,NORMAL
PA-005208,2026-09-02 07:27:20,SKU-00394,8,F-01-05-01,OP-101,PUT_AWAY,NORMAL
PA-002828,2026-09-02 07:28:08,SKU-01680,2,C-04-04-01,OP-103,PUT_AWAY,NORMAL
PA-002042,2026-09-02 07:29:03,SKU-01538,7,D-08-03-01,OP-102,PUT_AWAY,NORMAL
PA-006171,2026-09-02 07:29:26,SKU-00250,5,B-04-05-02,OP-103,PUT_AWAY,NORMAL
PA-001956,2026-09-02 07:29:33,SKU-00159,8,F-09-04-02,OP-108,PUT_AWAY,NORMAL
PA-005631,2026-09-02 07:30:23,SKU-01395,9,F-06-02-02,OP-107,PUT_AWAY,NORMAL
PA-008186,2026-09-02 07:30:51,SKU-00229,5,C-09-04-02,OP-106,PUT_AWAY,NORMAL
PA-006226,2026-09-02 07:30:54,SKU-00066,2,C-03-02-02,OP-103,PUT_AWAY,NORMAL
PA-000533,2026-09-02 07:30:57,SKU-00003,2,A-05-05-01,OP-104,PUT_AWAY,NORMAL
PA-005921,2026-09-02 07:31:22,SKU-01495,7,A-03-04-02,OP-106,PUT_AWAY,NORMAL
PA-006506,2026-09-02 07:31:45,SKU-01242,4,B-05-02-01,OP-102,PUT_AWAY,NORMAL
PA-007815,2026-09-02 07:32:00,SKU-01904,10,F-09-03-02,OP-107,PUT_AWAY,NORMAL
PA-005664,2026-09-02 07:32:22,SKU-01857,4,A-10-02-01,OP-105,PUT_AWAY,NORMAL
PA-008692,2026-09-02 07:32:34,SKU-00008,2,E-06-03-02,OP-108,PUT_AWAY,NORMAL
PA-005201,2026-09-02 07:33:11,SKU-01569,2,D-04-02-01,OP-108,PUT_AWAY,NORMAL
PA-002715,2026-09-02 07:33:49,SKU-00643,3,B-10-03-01,OP-107,PUT_AWAY,NORMAL
PA-008795,2026-09-02 07:34:00,SKU-01008,7,A-03-05-01,OP-108,PUT_AWAY,NORMAL
PA-002429,2026-09-02 07:35:25,SKU-01947,9,F-03-02-01,OP-101,PUT_AWAY,NORMAL
PA-005538,2026-09-02 07:35:57,SKU-00566,4,C-10-03-01,OP-102,PUT_AWAY,NORMAL
PA-008222,2026-09-02 07:36:37,SKU-01449,1,D-05-01-02,OP-101,PUT_AWAY,NORMAL
PA-007841,2026-09-02 07:36:48,SKU-00683,1,F-01-05-02,OP-107,PUT_AWAY,NORMAL
PA-000684,2026-09-02 07:36:53,SKU-01633,9,C-03-05-01,OP-101,PUT_AWAY,NORMAL
PA-002452,2026-09-02 07:37:00,SKU-01457,9,C-03-04-02,OP-107,PUT_AWAY,NORMAL
PA-000578,2026-09-02 07:37:03,SKU-00683,10,F-01-05-02,OP-104,PUT_AWAY,NORMAL
PA-004014,2026-09-02 07:37:36,SKU-01611,6,E-03-01-02,OP-104,PUT_AWAY,NORMAL
PA-002803,2026-09-02 07:37:47,SKU-01274,1,D-08-01-02,OP-106,PUT_AWAY,NORMAL
PA-004343,2026-09-02 07:38:11,SKU-00646,2,B-07-05-01,OP-103,PUT_AWAY,NORMAL
PA-007022,2026-09-02 07:38:32,SKU-01014,7,A-04-03-01,OP-104,PUT_AWAY,NORMAL
PA-007088,2026-09-02 07:39:00,SKU-01217,9,A-10-01-01,OP-108,PUT_AWAY,NORMAL
PA-005026,2026-09-02 07:39:03,SKU-00235,9,C-05-03-01,OP-101,PUT_AWAY,NORMAL
PA-002794,2026-09-02 07:39:43,SKU-01716,4,D-03-04-02,OP-104,PUT_AWAY,NORMAL
PA-002470,2026-09-02 07:39:49,SKU-00560,2,A-01-05-01,OP-106,PUT_AWAY,NORMAL
PA-007446,2026-09-02 07:39:57,SKU-00725,10,E-06-05-01,OP-107,PUT_AWAY,NORMAL
PA-001250,2026-09-02 07:40:01,SKU-00992,6,B-03-01-02,OP-104,PUT_AWAY,NORMAL
PA-007915,2026-09-02 07:40:38,SKU-00657,5,A-09-02-02,OP-101,PUT_AWAY,NORMAL
PA-003818,2026-09-02 07:40:49,SKU-00078,7,E-01-04-02,OP-103,PUT_AWAY,NORMAL
PA-000860,2026-09-02 07:41:49,SKU-01210,7,B-06-05-02,OP-108,PUT_AWAY,NORMAL
PA-005983,2026-09-02 07:42:01,SKU-01735,4,D-05-05-02,OP-107,PUT_AWAY,NORMAL
PA-004948,2026-09-02 07:42:42,SKU-01877,3,A-06-05-02,OP-107,PUT_AWAY,NORMAL
PA-008974,2026-09-02 07:42:50,SKU-01249,8,C-01-04-02,OP-106,PUT_AWAY,NORMAL
PA-005241,2026-09-02 07:43:02,SKU-00163,9,A-10-01-01,OP-107,PUT_AWAY,NORMAL
PA-007918,2026-09-02 07:43:14,SKU-01695,5,C-09-05-01,OP-101,PUT_AWAY,NORMAL
PA-003267,2026-09-02 07:43:17,SKU-00651,4,D-02-01-02,OP-101,PUT_AWAY,NORMAL
PA-007724,2026-09-02 07:43:22,SKU-00440,7,C-05-03-01,OP-101,PUT_AWAY,NORMAL
PA-008433,2026-09-02 07:43:36,SKU-00948,5,E-03-02-02,OP-108,PUT_AWAY,NORMAL
PA-006673,2026-09-02 07:44:23,SKU-00672,6,C-01-04-01,OP-102,PUT_AWAY,NORMAL
PA-007820,2026-09-02 07:44:49,SKU-01787,4,B-02-05-01,OP-105,PUT_AWAY,NORMAL
PA-002302,2026-09-02 07:45:02,SKU-00885,1,F-05-03-02,OP-101,PUT_AWAY,NORMAL
PA-008956,2026-09-02 07:45:22,SKU-00063,7,C-06-01-01,OP-105,PUT_AWAY,NORMAL
PA-002555,2026-09-02 07:45:26,SKU-01724,9,F-07-01-01,OP-103,PUT_AWAY,NORMAL
PA-002749,2026-09-02 07:45:30,SKU-01542,7,E-07-05-02,OP-101,PUT_AWAY,NORMAL
PA-002498,2026-09-02 07:46:03,SKU-00405,10,E-09-02-02,OP-106,PUT_AWAY,NORMAL
PA-004899,2026-09-02 07:46:12,SKU-01292,10,A-04-01-02,OP-105,PUT_AWAY,NORMAL
PA-000374,2026-09-02 07:46:21,SKU-01799,6,E-06-04-01,OP-108,PUT_AWAY,NORMAL
PA-000514,2026-09-02 07:46:22,SKU-01938,9,A-09-04-02,OP-103,PUT_AWAY,NORMAL
PA-005238,2026-09-02 07:46:22,SKU-00829,9,B-06-03-01,OP-104,PUT_AWAY,NORMAL
PA-008557,2026-09-02 07:47:05,SKU-00521,7,C-01-03-01,OP-108,PUT_AWAY,NORMAL
PA-003801,2026-09-02 07:47:55,SKU-01484,2,E-07-02-01,OP-106,PUT_AWAY,NORMAL
PA-006264,2026-09-02 07:48:07,SKU-00612,8,F-01-02-02,OP-104,PUT_AWAY,NORMAL
PA-001625,2026-09-02 07:49:36,SKU-01878,6,A-02-05-02,OP-105,PUT_AWAY,NORMAL
PA-001248,2026-09-02 07:50:01,SKU-01144,9,F-02-05-02,OP-108,PUT_AWAY,NORMAL
PA-002951,2026-09-02 07:50:50,SKU-01913,3,D-05-03-01,OP-106,PUT_AWAY,NORMAL
PA-000069,2026-09-02 07:50:58,SKU-00470,5,E-04-02-02,OP-106,PUT_AWAY,NORMAL
PA-006649,2026-09-02 07:51:39,SKU-01745,7,A-02-04-02,OP-108,PUT_AWAY,NORMAL
PA-000123,2026-09-02 07:51:41,SKU-00662,10,E-02-05-02,OP-106,PUT_AWAY,NORMAL
PA-003041,2026-09-02 07:52:14,SKU-00022,9,D-02-03-01,OP-103,PUT_AWAY,NORMAL
PA-000437,2026-09-02 07:52:31,SKU-00932,1,B-06-05-01,OP-103,PUT_AWAY,NORMAL
PA-006956,2026-09-02 07:53:08,SKU-00030,8,F-09-03-02,OP-105,PUT_AWAY,NORMAL
PA-006206,2026-09-02 07:53:15,SKU-00652,3,A-01-04-01,OP-107,PUT_AWAY,NORMAL
PA-005862,2026-09-02 07:53:36,SKU-01247,6,F-01-03-02,OP-102,PUT_AWAY,NORMAL
PA-005775,2026-09-02 07:54:41,SKU-01307,7,C-03-03-01,OP-103,PUT_AWAY,NORMAL
PA-007102,2026-09-02 07:54:44,SKU-01862,7,B-05-04-02,OP-101,PUT_AWAY,NORMAL
PA-002603,2026-09-02 07:54:46,SKU-01984,7,F-04-01-02,OP-102,PUT_AWAY,NORMAL
PA-004553,2026-09-02 07:55:27,SKU-00598,10,C-04-05-02,OP-103,PUT_AWAY,NORMAL
PA-005985,2026-09-02 07:55:35,SKU-00742,9,F-05-02-02,OP-107,PUT_AWAY,NORMAL
PA-002152,2026-09-02 07:55:36,SKU-00408,9,C-08-01-02,OP-104,PUT_AWAY,NORMAL
PA-007220,2026-09-02 07:55:41,SKU-01539,6,F-03-03-02,OP-102,PUT_AWAY,NORMAL
PA-002540,2026-09-02 07:56:07,SKU-00515,4,B-01-02-02,OP-101,PUT_AWAY,NORMAL
PA-002867,2026-09-02 07:56:25,SKU-01067,9,E-05-03-02,OP-107,PUT_AWAY,NORMAL
PA-003200,2026-09-02 07:56:26,SKU-01437,7,B-04-04-01,OP-108,PUT_AWAY,NORMAL
PA-001391,2026-09-02 07:56:31,SKU-00727,2,C-08-04-01,OP-106,PUT_AWAY,NORMAL
PA-006630,2026-09-02 07:56:49,SKU-01743,10,A-01-03-01,OP-102,PUT_AWAY,NORMAL
PA-008735,2026-09-02 07:57:01,SKU-00228,10,A-04-01-02,OP-103,PUT_AWAY,NORMAL
PA-003179,2026-09-02 07:57:09,SKU-00940,10,F-02-05-02,OP-105,PUT_AWAY,NORMAL
PA-006327,2026-09-02 07:57:32,SKU-01245,6,E-09-04-02,OP-108,PUT_AWAY,NORMAL
PA-000324,2026-09-02 07:57:34,SKU-01474,8,F-06-04-02,OP-108,PUT_AWAY,NORMAL
PA-003176,2026-09-02 07:58:06,SKU-00926,3,D-09-01-01,OP-105,PUT_AWAY,NORMAL
PA-000779,2026-09-02 07:58:25,SKU-00430,4,E-04-04-01,OP-103,PUT_AWAY,NORMAL
PA-001508,2026-09-02 07:59:14,SKU-00525,8,E-04-03-02,OP-104,PUT_AWAY,NORMAL
PA-003529,2026-09-02 07:59:23,SKU-00274,5,D-05-05-02,OP-103,PUT_AWAY,NORMAL
PA-006812,2026-09-02 07:59:28,SKU-00367,6,D-05-04-01,OP-106,PUT_AWAY,NORMAL
PA-001841,2026-09-02 07:59:29,SKU-01635,3,A-10-01-02,OP-104,PUT_AWAY,NORMAL
PA-003274,2026-09-02 08:00:03,SKU-00343,6,C-09-01-02,OP-102,PUT_AWAY,NORMAL
PA-004482,2026-09-02 08:00:27,SKU-00966,7,E-06-05-01,OP-105,PUT_AWAY,NORMAL
PA-008550,2026-09-02 08:00:57,SKU-00658,7,F-04-02-02,OP-106,PUT_AWAY,NORMAL
PA-005899,2026-09-02 08:01:34,SKU-01316,6,C-05-05-01,OP-104,PUT_AWAY,NORMAL
PA-003122,2026-09-02 08:01:39,SKU-01889,7,D-04-01-02,OP-105,PUT_AWAY,NORMAL
PA-005290,2026-09-02 08:01:51,SKU-00072,6,F-05-02-01,OP-104,PUT_AWAY,NORMAL
PA-003743,2026-09-02 08:02:01,SKU-01424,2,C-10-01-01,OP-101,PUT_AWAY,NORMAL
PA-006147,2026-09-02 08:02:20,SKU-01545,2,B-06-04-01,OP-103,PUT_AWAY,NORMAL
PA-004569,2026-09-02 08:02:22,SKU-01434,2,C-06-03-01,OP-102,PUT_AWAY,NORMAL
PA-002198,2026-09-02 08:03:01,SKU-00328,10,E-04-03-01,OP-103,PUT_AWAY,NORMAL
PA-001777,2026-09-02 08:03:35,SKU-00958,3,C-05-03-01,OP-104,PUT_AWAY,NORMAL
PA-006342,2026-09-02 08:03:52,SKU-00610,8,A-02-02-02,OP-102,PUT_AWAY,NORMAL
PA-005279,2026-09-02 08:03:59,SKU-01967,3,A-04-04-02,OP-108,PUT_AWAY,NORMAL
PA-000141,2026-09-02 08:04:08,SKU-01896,5,E-03-01-02,OP-103,PUT_AWAY,NORMAL
PA-005499,2026-09-02 08:04:09,SKU-01864,5,B-03-04-01,OP-102,PUT_AWAY,NORMAL
PA-003658,2026-09-02 08:04:42,SKU-00229,10,C-09-04-02,OP-103,PUT_AWAY,NORMAL
PA-005116,2026-09-02 08:04:48,SKU-00512,8,F-06-05-02,OP-102,PUT_AWAY,NORMAL
PA-005863,2026-09-02 08:04:57,SKU-01499,7,B-01-03-02,OP-105,PUT_AWAY,NORMAL
PA-000667,2026-09-02 08:05:31,SKU-01057,1,D-01-01-02,OP-108,PUT_AWAY,NORMAL
PA-000629,2026-09-02 08:05:39,SKU-00162,10,D-09-04-01,OP-102,PUT_AWAY,NORMAL
PA-003109,2026-09-02 08:06:36,SKU-00309,9,B-01-03-01,OP-102,PUT_AWAY,NORMAL
PA-002979,2026-09-02 08:07:09,SKU-01700,10,B-04-04-02,OP-103,PUT_AWAY,NORMAL
PA-006728,2026-09-02 08:07:22,SKU-00709,9,F-04-04-01,OP-101,PUT_AWAY,NORMAL
PA-002049,2026-09-02 08:08:33,SKU-00345,9,C-05-03-02,OP-106,PUT_AWAY,NORMAL
PA-008509,2026-09-02 08:08:40,SKU-01953,6,F-07-05-01,OP-106,PUT_AWAY,NORMAL
PA-007312,2026-09-02 08:09:22,SKU-00965,7,B-05-03-01,OP-108,PUT_AWAY,NORMAL
PA-004831,2026-09-02 08:09:44,SKU-00567,3,C-02-01-02,OP-107,PUT_AWAY,NORMAL
PA-008359,2026-09-02 08:09:49,SKU-00768,7,B-03-04-01,OP-103,PUT_AWAY,NORMAL
PA-007577,2026-09-02 08:09:51,SKU-00807,1,F-05-04-01,OP-106,PUT_AWAY,NORMAL
PA-006441,2026-09-02 08:10:21,SKU-01003,2,D-01-03-02,OP-106,PUT_AWAY,NORMAL
PA-001187,2026-09-02 08:10:46,SKU-00214,7,D-10-04-01,OP-101,PUT_AWAY,NORMAL
PA-007078,2026-09-02 08:11:29,SKU-00749,10,B-09-05-01,OP-107,PUT_AWAY,NORMAL
PA-002931,2026-09-02 08:11:49,SKU-00064,9,C-01-03-01,OP-104,PUT_AWAY,NORMAL
PA-002455,2026-09-02 08:12:36,SKU-00498,8,E-10-04-02,OP-105,PUT_AWAY,NORMAL
PA-005933,2026-09-02 08:12:36,SKU-00126,10,B-05-05-01,OP-108,PUT_AWAY,NORMAL
PA-007406,2026-09-02 08:13:04,SKU-00651,8,D-02-01-02,OP-101,PUT_AWAY,NORMAL
PA-007734,2026-09-02 08:13:31,SKU-01371,10,B-09-03-02,OP-107,PUT_AWAY,NORMAL
PA-006541,2026-09-02 08:13:42,SKU-00582,4,B-08-05-01,OP-101,PUT_AWAY,NORMAL
PA-006818,2026-09-02 08:14:50,SKU-00619,10,E-01-05-01,OP-105,PUT_AWAY,NORMAL
PA-008613,2026-09-02 08:14:52,SKU-01746,5,D-01-01-02,OP-106,PUT_AWAY,NORMAL
PA-004546,2026-09-02 08:15:01,SKU-01963,7,B-03-03-02,OP-105,PUT_AWAY,NORMAL
PA-005758,2026-09-02 08:15:19,SKU-01093,10,C-08-04-01,OP-105,PUT_AWAY,NORMAL
PA-002957,2026-09-02 08:15:59,SKU-01735,5,D-05-05-02,OP-103,PUT_AWAY,NORMAL
PA-008693,2026-09-02 08:16:15,SKU-01519,8,D-08-01-01,OP-101,PUT_AWAY,NORMAL
PA-000968,2026-09-02 08:16:57,SKU-01312,8,F-02-02-01,OP-101,PUT_AWAY,NORMAL
PA-007845,2026-09-02 08:17:04,SKU-00841,9,D-03-02-01,OP-104,PUT_AWAY,NORMAL
PA-001909,2026-09-02 08:17:10,SKU-00376,3,A-07-05-02,OP-104,PUT_AWAY,NORMAL
PA-000080,2026-09-02 08:17:11,SKU-01661,9,A-10-01-02,OP-104,PUT_AWAY,NORMAL
PA-008463,2026-09-02 08:18:12,SKU-01311,2,F-01-05-02,OP-101,PUT_AWAY,NORMAL
PA-008486,2026-09-02 08:18:18,SKU-00618,2,C-07-03-02,OP-105,PUT_AWAY,NORMAL
PA-001686,2026-09-02 08:18:38,SKU-01964,7,D-06-04-02,OP-107,PUT_AWAY,NORMAL
PA-001382,2026-09-02 08:19:06,SKU-01215,2,F-03-01-02,OP-105,PUT_AWAY,NORMAL
PA-001593,2026-09-02 08:19:16,SKU-01396,9,A-03-01-02,OP-105,PUT_AWAY,NORMAL
PA-006654,2026-09-02 08:19:23,SKU-01583,7,F-04-04-02,OP-104,PUT_AWAY,NORMAL
PA-005377,2026-09-02 08:20:07,SKU-01395,4,F-06-02-02,OP-103,PUT_AWAY,NORMAL
PA-005825,2026-09-02 08:20:14,SKU-00096,4,B-05-04-01,OP-105,PUT_AWAY,NORMAL
PA-008498,2026-09-02 08:20:16,SKU-00558,5,F-03-02-02,OP-105,PUT_AWAY,NORMAL
PA-007144,2026-09-02 08:20:16,SKU-00412,3,E-02-03-02,OP-106,PUT_AWAY,NORMAL
PA-008985,2026-09-02 08:20:18,SKU-00396,3,B-03-03-01,OP-105,PUT_AWAY,NORMAL
PA-005399,2026-09-02 08:20:45,SKU-00192,5,D-08-03-02,OP-106,PUT_AWAY,NORMAL
PA-005323,2026-09-02 08:20:46,SKU-00703,6,C-06-01-02,OP-108,PUT_AWAY,NORMAL
PA-004413,2026-09-02 08:20:47,SKU-01468,6,A-06-04-01,OP-105,PUT_AWAY,NORMAL
PA-006254,2026-09-02 08:21:10,SKU-00804,8,E-08-05-02,OP-102,PUT_AWAY,NORMAL
PA-007631,2026-09-02 08:21:27,SKU-01134,1,A-09-05-02,OP-106,PUT_AWAY,NORMAL
PA-002622,2026-09-02 08:21:49,SKU-01762,6,D-08-02-01,OP-101,PUT_AWAY,NORMAL
PA-005953,2026-09-02 08:22:08,SKU-00257,9,D-06-05-01,OP-102,PUT_AWAY,NORMAL
PA-000404,2026-09-02 08:22:29,SKU-00297,6,F-04-05-02,OP-104,PUT_AWAY,NORMAL
PA-007453,2026-09-02 08:22:53,SKU-01306,7,F-05-01-02,OP-106,PUT_AWAY,NORMAL
PA-007137,2026-09-02 08:23:14,SKU-00681,4,F-08-04-01,OP-103,PUT_AWAY,NORMAL
PA-003812,2026-09-02 08:23:24,SKU-00354,5,E-05-02-01,OP-104,PUT_AWAY,NORMAL
PA-001426,2026-09-02 08:23:55,SKU-00541,2,E-05-02-01,OP-102,PUT_AWAY,NORMAL
PA-002688,2026-09-02 08:24:52,SKU-00435,5,F-09-03-01,OP-103,PUT_AWAY,NORMAL
PA-007431,2026-09-02 08:25:07,SKU-01465,2,C-02-01-02,OP-101,PUT_AWAY,NORMAL
PA-000781,2026-09-02 08:25:42,SKU-01119,10,D-02-01-02,OP-106,PUT_AWAY,NORMAL
PA-006950,2026-09-02 08:26:42,SKU-00631,9,F-08-02-02,OP-105,PUT_AWAY,NORMAL
PA-007555,2026-09-02 08:26:54,SKU-00603,9,F-09-03-02,OP-106,PUT_AWAY,NORMAL
PA-007328,2026-09-02 08:27:01,SKU-00398,5,E-09-01-01,OP-103,PUT_AWAY,NORMAL
PA-003172,2026-09-02 08:27:09,SKU-01634,5,C-02-04-02,OP-102,PUT_AWAY,NORMAL
PA-004163,2026-09-02 08:27:17,SKU-01232,4,F-05-05-01,OP-101,PUT_AWAY,NORMAL
PA-007771,2026-09-02 08:27:22,SKU-00005,1,D-05-05-02,OP-101,PUT_AWAY,NORMAL
PA-003916,2026-09-02 08:27:27,SKU-00647,7,D-05-03-02,OP-107,PUT_AWAY,NORMAL
PA-000292,2026-09-02 08:27:36,SKU-00019,7,D-05-04-02,OP-108,PUT_AWAY,NORMAL
PA-005226,2026-09-02 08:28:04,SKU-01480,4,B-03-04-01,OP-108,PUT_AWAY,NORMAL
PA-000757,2026-09-02 08:28:25,SKU-01265,6,C-08-02-02,OP-106,PUT_AWAY,NORMAL
PA-004622,2026-09-02 08:28:40,SKU-01602,3,D-09-01-02,OP-107,PUT_AWAY,NORMAL
PA-008097,2026-09-02 08:28:43,SKU-00343,3,C-09-01-02,OP-103,PUT_AWAY,NORMAL
PA-001920,2026-09-02 08:29:04,SKU-00828,6,E-02-04-01,OP-105,PUT_AWAY,NORMAL
PA-008812,2026-09-02 08:29:16,SKU-00020,1,B-04-01-01,OP-105,PUT_AWAY,NORMAL
PA-000903,2026-09-02 08:29:23,SKU-00818,1,A-03-05-01,OP-108,PUT_AWAY,NORMAL
PA-006782,2026-09-02 08:29:47,SKU-01496,9,F-09-02-01,OP-106,PUT_AWAY,NORMAL
PA-003602,2026-09-02 08:30:14,SKU-01862,1,B-05-04-02,OP-105,PUT_AWAY,NORMAL
PA-004768,2026-09-02 08:30:36,SKU-00180,9,A-07-02-02,OP-105,PUT_AWAY,NORMAL
PA-007231,2026-09-02 08:30:44,SKU-01597,9,E-03-01-02,OP-105,PUT_AWAY,NORMAL
PA-002248,2026-09-02 08:31:09,SKU-00231,8,E-01-03-01,OP-108,PUT_AWAY,NORMAL
PA-008747,2026-09-02 08:31:14,SKU-01356,7,F-01-05-01,OP-108,PUT_AWAY,NORMAL
PA-001335,2026-09-02 08:31:15,SKU-00968,3,B-10-05-01,OP-107,PUT_AWAY,NORMAL
PA-001892,2026-09-02 08:31:19,SKU-00747,4,A-08-02-01,OP-107,PUT_AWAY,NORMAL
PA-007702,2026-09-02 08:31:38,SKU-01620,9,C-07-04-02,OP-106,PUT_AWAY,NORMAL
PA-006931,2026-09-02 08:32:24,SKU-01813,10,D-04-03-01,OP-108,PUT_AWAY,NORMAL
PA-002646,2026-09-02 08:33:16,SKU-00467,9,F-09-03-02,OP-104,PUT_AWAY,NORMAL
PA-003613,2026-09-02 08:33:31,SKU-00982,9,B-03-04-02,OP-107,PUT_AWAY,NORMAL
PA-005051,2026-09-02 08:33:35,SKU-00716,4,F-01-03-01,OP-104,PUT_AWAY,NORMAL
PA-006002,2026-09-02 08:33:38,SKU-00392,9,A-10-04-02,OP-103,PUT_AWAY,NORMAL
PA-008606,2026-09-02 08:34:44,SKU-00568,4,A-02-01-01,OP-108,PUT_AWAY,NORMAL
PA-001817,2026-09-02 08:35:05,SKU-01781,1,C-01-01-01,OP-107,PUT_AWAY,NORMAL
PA-002910,2026-09-02 08:35:35,SKU-01526,1,B-04-02-01,OP-108,PUT_AWAY,NORMAL
PA-005941,2026-09-02 08:35:56,SKU-00750,8,F-02-05-02,OP-106,PUT_AWAY,NORMAL
PA-008867,2026-09-02 08:36:09,SKU-00156,2,E-08-02-01,OP-101,PUT_AWAY,NORMAL
PA-004224,2026-09-02 08:36:18,SKU-01718,4,F-08-01-02,OP-102,PUT_AWAY,NORMAL
PA-004112,2026-09-02 08:37:57,SKU-01315,4,F-05-05-02,OP-102,PUT_AWAY,NORMAL
PA-001880,2026-09-02 08:38:13,SKU-01535,1,E-04-05-01,OP-108,PUT_AWAY,NORMAL
PA-007112,2026-09-02 08:38:16,SKU-01913,10,D-05-03-01,OP-107,PUT_AWAY,NORMAL
PA-003501,2026-09-02 08:38:51,SKU-00074,8,F-09-05-01,OP-104,PUT_AWAY,NORMAL
PA-006268,2026-09-02 08:38:56,SKU-01786,5,F-02-05-02,OP-103,PUT_AWAY,NORMAL
PA-001822,2026-09-02 08:39:15,SKU-01571,1,A-05-01-02,OP-106,PUT_AWAY,NORMAL
PA-004491,2026-09-02 08:39:18,SKU-00347,8,C-05-03-01,OP-103,PUT_AWAY,NORMAL
PA-001897,2026-09-02 08:39:33,SKU-01886,10,B-04-05-01,OP-104,PUT_AWAY,NORMAL
PA-001599,2026-09-02 08:39:59,SKU-01115,5,A-06-02-01,OP-103,PUT_AWAY,NORMAL
PA-002085,2026-09-02 08:40:08,SKU-00603,8,F-09-03-02,OP-102,PUT_AWAY,NORMAL
PA-008109,2026-09-02 08:40:18,SKU-01067,2,E-05-03-02,OP-104,PUT_AWAY,NORMAL
PA-007707,2026-09-02 08:40:38,SKU-00568,10,A-02-01-01,OP-103,PUT_AWAY,NORMAL
PA-002408,2026-09-02 08:41:00,SKU-00314,5,C-05-04-01,OP-103,PUT_AWAY,NORMAL
PA-005722,2026-09-02 08:41:07,SKU-01254,2,A-07-05-02,OP-104,PUT_AWAY,NORMAL
PA-005465,2026-09-02 08:41:21,SKU-00566,6,C-10-03-01,OP-108,PUT_AWAY,NORMAL
PA-006200,2026-09-02 08:41:35,SKU-00521,5,C-01-03-01,OP-102,PUT_AWAY,NORMAL
PA-001539,2026-09-02 08:41:53,SKU-01013,5,D-05-03-02,OP-107,PUT_AWAY,NORMAL
PA-000816,2026-09-02 08:42:32,SKU-00877,9,B-10-03-01,OP-107,PUT_AWAY,NORMAL
PA-006074,2026-09-02 08:42:44,SKU-00629,5,A-03-01-01,OP-101,PUT_AWAY,NORMAL
PA-002617,2026-09-02 08:42:58,SKU-01800,7,B-04-01-02,OP-106,PUT_AWAY,NORMAL
PA-004773,2026-09-02 08:43:15,SKU-01047,1,F-04-01-02,OP-105,PUT_AWAY,NORMAL
PA-002414,2026-09-02 08:44:11,SKU-01537,8,D-08-04-01,OP-101,PUT_AWAY,NORMAL
PA-002376,2026-09-02 08:44:41,SKU-01085,9,C-03-02-02,OP-104,PUT_AWAY,NORMAL
PA-006088,2026-09-02 08:46:15,SKU-01889,9,D-04-01-02,OP-108,PUT_AWAY,NORMAL
PA-004470,2026-09-02 08:46:15,SKU-01299,9,C-01-04-02,OP-104,PUT_AWAY,NORMAL
PA-008072,2026-09-02 08:46:15,SKU-00585,7,D-04-05-01,OP-102,PUT_AWAY,NORMAL
PA-007414,2026-09-02 08:46:17,SKU-00545,8,F-01-01-02,OP-104,PUT_AWAY,NORMAL
PA-003908,2026-09-02 08:46:41,SKU-01955,5,F-04-02-01,OP-102,PUT_AWAY,NORMAL
PA-007984,2026-09-02 08:47:01,SKU-00033,2,A-02-01-01,OP-104,PUT_AWAY,NORMAL
PA-007117,2026-09-02 08:47:08,SKU-01780,1,D-02-03-01,OP-106,PUT_AWAY,NORMAL
PA-007383,2026-09-02 08:48:14,SKU-00148,2,A-03-04-01,OP-103,PUT_AWAY,NORMAL
PA-007957,2026-09-02 08:48:59,SKU-00542,6,F-06-03-01,OP-102,PUT_AWAY,NORMAL
PA-002685,2026-09-02 08:49:23,SKU-00604,9,C-10-02-02,OP-108,PUT_AWAY,NORMAL
PA-001763,2026-09-02 08:49:23,SKU-01279,4,B-04-04-01,OP-105,PUT_AWAY,NORMAL
PA-002285,2026-09-02 08:49:58,SKU-01321,5,A-02-02-02,OP-103,PUT_AWAY,NORMAL
PA-002069,2026-09-02 08:50:17,SKU-01781,7,C-01-01-01,OP-105,PUT_AWAY,NORMAL
PA-008188,2026-09-02 08:50:28,SKU-00205,8,A-08-02-02,OP-101,PUT_AWAY,NORMAL
PA-003075,2026-09-02 08:50:36,SKU-01516,7,B-09-01-01,OP-107,PUT_AWAY,NORMAL
PA-008079,2026-09-02 08:50:41,SKU-00520,3,A-09-05-02,OP-101,PUT_AWAY,NORMAL
PA-001856,2026-09-02 08:50:47,SKU-01954,1,D-09-01-01,OP-105,PUT_AWAY,NORMAL
PA-004951,2026-09-02 08:51:18,SKU-00268,2,E-09-05-01,OP-103,PUT_AWAY,NORMAL
PA-000925,2026-09-02 08:51:24,SKU-00894,3,E-10-04-02,OP-106,PUT_AWAY,NORMAL
PA-002145,2026-09-02 08:53:49,SKU-01736,10,F-01-05-02,OP-108,PUT_AWAY,NORMAL
PA-007412,2026-09-02 08:54:29,SKU-00281,6,A-10-04-02,OP-105,PUT_AWAY,NORMAL
PA-002254,2026-09-02 08:54:29,SKU-00683,5,F-01-05-02,OP-107,PUT_AWAY,NORMAL
PA-004434,2026-09-02 08:54:46,SKU-00473,9,B-06-01-01,OP-107,PUT_AWAY,NORMAL
PA-008292,2026-09-02 08:55:17,SKU-00265,8,A-05-03-02,OP-106,PUT_AWAY,NORMAL
PA-002652,2026-09-02 08:55:39,SKU-01657,8,A-01-05-01,OP-107,PUT_AWAY,NORMAL
PA-000011,2026-09-02 08:55:46,SKU-01231,8,B-04-03-01,OP-102,PUT_AWAY,NORMAL
PA-007963,2026-09-02 08:56:16,SKU-00743,5,B-10-03-02,OP-102,PUT_AWAY,NORMAL
PA-002663,2026-09-02 08:56:17,SKU-01085,1,C-03-02-02,OP-101,PUT_AWAY,NORMAL
PA-005913,2026-09-02 08:57:58,SKU-01051,2,D-03-04-02,OP-103,PUT_AWAY,NORMAL
PA-008379,2026-09-02 08:58:10,SKU-01917,2,A-05-03-01,OP-101,PUT_AWAY,NORMAL
PA-000736,2026-09-02 08:58:10,SKU-00225,1,A-02-02-02,OP-103,PUT_AWAY,NORMAL
PA-008000,2026-09-02 08:58:59,SKU-00780,6,E-10-04-01,OP-108,PUT_AWAY,NORMAL
PA-008413,2026-09-02 08:59:59,SKU-00433,10,B-05-01-02,OP-106,PUT_AWAY,NORMAL
PA-001517,2026-09-02 09:00:23,SKU-01580,2,E-09-05-01,OP-101,PUT_AWAY,NORMAL
PA-006830,2026-09-02 09:00:49,SKU-01513,6,F-05-03-02,OP-106,PUT_AWAY,NORMAL
PA-006565,2026-09-02 09:00:53,SKU-01669,5,A-08-02-02,OP-107,PUT_AWAY,NORMAL
PA-008478,2026-09-02 09:01:12,SKU-00790,2,A-08-03-01,OP-104,PUT_AWAY,NORMAL
PA-007376,2026-09-02 09:01:52,SKU-01800,8,B-04-01-02,OP-104,PUT_AWAY,NORMAL
PA-004836,2026-09-02 09:02:02,SKU-01064,8,A-01-05-01,OP-101,PUT_AWAY,NORMAL
PA-006333,2026-09-02 09:02:23,SKU-00985,6,B-06-04-01,OP-102,PUT_AWAY,NORMAL
PA-003736,2026-09-02 09:02:41,SKU-01626,5,E-07-02-01,OP-104,PUT_AWAY,NORMAL
PA-007683,2026-09-02 09:02:44,SKU-01711,3,B-06-01-02,OP-107,PUT_AWAY,NORMAL
PA-005485,2026-09-02 09:03:25,SKU-01502,9,B-01-04-01,OP-106,PUT_AWAY,NORMAL
PA-008623,2026-09-02 09:04:07,SKU-00062,1,F-01-04-01,OP-104,PUT_AWAY,NORMAL
PA-002072,2026-09-02 09:05:09,SKU-01935,5,F-03-05-02,OP-107,PUT_AWAY,NORMAL
PA-001009,2026-09-02 09:05:46,SKU-01291,8,D-02-04-02,OP-106,PUT_AWAY,NORMAL
PA-004042,2026-09-02 09:06:01,SKU-01607,7,A-10-04-02,OP-101,PUT_AWAY,NORMAL
PA-006926,2026-09-02 09:06:16,SKU-00691,1,D-09-05-02,OP-103,PUT_AWAY,NORMAL
PA-006439,2026-09-02 09:06:31,SKU-01318,7,D-04-01-02,OP-108,PUT_AWAY,NORMAL
PA-000135,2026-09-02 09:06:31,SKU-00365,10,E-06-02-01,OP-107,PUT_AWAY,NORMAL
PA-006017,2026-09-02 09:06:36,SKU-00168,4,A-06-04-02,OP-103,PUT_AWAY,NORMAL
PA-003772,2026-09-02 09:06:56,SKU-01555,4,C-06-05-02,OP-107,PUT_AWAY,NORMAL
PA-004615,2026-09-02 09:07:12,SKU-00069,7,F-06-01-02,OP-103,PUT_AWAY,NORMAL
PA-006711,2026-09-02 09:07:22,SKU-01665,3,B-06-04-01,OP-104,PUT_AWAY,NORMAL
PA-003003,2026-09-02 09:07:25,SKU-00071,9,D-03-05-02,OP-103,PUT_AWAY,NORMAL
PA-001407,2026-09-02 09:07:38,SKU-00064,6,C-01-03-01,OP-107,PUT_AWAY,NORMAL
PA-000217,2026-09-02 09:08:46,SKU-01693,1,F-01-05-01,OP-103,PUT_AWAY,NORMAL
PA-000983,2026-09-02 09:08:52,SKU-00699,2,A-08-02-01,OP-105,PUT_AWAY,NORMAL
PA-008234,2026-09-02 09:08:58,SKU-00796,7,A-10-04-01,OP-108,PUT_AWAY,NORMAL
PA-002596,2026-09-02 09:09:21,SKU-00383,4,B-03-03-01,OP-101,PUT_AWAY,NORMAL
PA-001178,2026-09-02 09:09:29,SKU-01071,3,A-03-05-02,OP-102,PUT_AWAY,NORMAL
PA-000646,2026-09-02 09:10:18,SKU-01121,2,D-10-03-01,OP-103,PUT_AWAY,NORMAL
PA-005353,2026-09-02 09:10:21,SKU-01995,4,C-10-05-01,OP-101,PUT_AWAY,NORMAL
PA-008330,2026-09-02 09:10:34,SKU-01507,8,B-10-05-01,OP-103,PUT_AWAY,NORMAL
PA-001006,2026-09-02 09:10:49,SKU-00868,6,B-01-03-01,OP-103,PUT_AWAY,NORMAL
PA-000886,2026-09-02 09:11:12,SKU-01738,3,D-01-03-01,OP-106,PUT_AWAY,NORMAL
PA-000824,2026-09-02 09:11:21,SKU-01395,2,F-06-02-02,OP-103,PUT_AWAY,NORMAL
PA-000381,2026-09-02 09:11:44,SKU-01701,1,D-05-05-01,OP-106,PUT_AWAY,NORMAL
PA-004980,2026-09-02 09:12:11,SKU-01238,2,A-10-04-01,OP-105,PUT_AWAY,NORMAL
PA-001233,2026-09-02 09:12:23,SKU-01681,1,E-02-03-01,OP-106,PUT_AWAY,NORMAL
PA-004890,2026-09-02 09:12:35,SKU-01895,10,A-03-02-01,OP-104,PUT_AWAY,NORMAL
PA-006063,2026-09-02 09:12:59,SKU-01600,9,A-05-04-01,OP-102,PUT_AWAY,NORMAL
PA-004567,2026-09-02 09:13:07,SKU-00591,8,F-03-04-02,OP-105,PUT_AWAY,NORMAL
PA-008231,2026-09-02 09:13:13,SKU-00143,10,D-10-03-02,OP-106,PUT_AWAY,NORMAL
PA-006960,2026-09-02 09:13:31,SKU-00044,4,D-04-04-01,OP-106,PUT_AWAY,NORMAL
PA-006538,2026-09-02 09:14:08,SKU-00431,3,B-05-04-02,OP-104,PUT_AWAY,NORMAL
PA-001245,2026-09-02 09:14:11,SKU-00206,1,D-09-03-02,OP-106,PUT_AWAY,NORMAL
PA-002969,2026-09-02 09:14:51,SKU-01526,10,B-04-02-01,OP-107,PUT_AWAY,NORMAL
PA-005011,2026-09-02 09:14:54,SKU-00632,1,D-06-02-02,OP-101,PUT_AWAY,NORMAL
PA-003137,2026-09-02 09:15:00,SKU-00760,3,C-02-04-02,OP-105,PUT_AWAY,NORMAL
PA-004235,2026-09-02 09:15:08,SKU-00292,8,F-05-02-02,OP-101,PUT_AWAY,NORMAL
PA-005652,2026-09-02 09:15:29,SKU-00351,10,D-03-04-02,OP-105,PUT_AWAY,NORMAL
PA-003792,2026-09-02 09:15:36,SKU-01867,5,A-08-05-02,OP-103,PUT_AWAY,NORMAL
PA-006845,2026-09-02 09:16:19,SKU-00933,6,F-09-04-01,OP-101,PUT_AWAY,NORMAL
PA-005423,2026-09-02 09:16:37,SKU-00534,3,B-09-05-01,OP-105,PUT_AWAY,NORMAL
PA-008780,2026-09-02 09:16:53,SKU-01623,9,B-02-05-02,OP-107,PUT_AWAY,NORMAL
PA-007936,2026-09-02 09:17:17,SKU-01845,2,A-08-02-01,OP-103,PUT_AWAY,NORMAL
PA-000491,2026-09-02 09:17:23,SKU-00055,3,A-05-05-01,OP-101,PUT_AWAY,NORMAL
PA-007533,2026-09-02 09:17:26,SKU-00161,9,E-03-03-02,OP-101,PUT_AWAY,NORMAL
PA-006018,2026-09-02 09:17:27,SKU-00155,6,F-01-03-02,OP-105,PUT_AWAY,NORMAL
PA-000762,2026-09-02 09:17:35,SKU-01329,5,D-06-04-01,OP-104,PUT_AWAY,NORMAL
PA-006412,2026-09-02 09:18:10,SKU-00468,5,A-08-04-02,OP-106,PUT_AWAY,NORMAL
PA-008175,2026-09-02 09:18:17,SKU-01074,1,D-06-01-01,OP-106,PUT_AWAY,NORMAL
PA-000926,2026-09-02 09:18:31,SKU-00301,9,D-08-03-01,OP-101,PUT_AWAY,NORMAL
PA-003457,2026-09-02 09:18:40,SKU-00678,10,E-10-02-01,OP-105,PUT_AWAY,NORMAL
PA-000253,2026-09-02 09:19:38,SKU-00168,9,A-06-04-02,OP-103,PUT_AWAY,NORMAL
PA-007609,2026-09-02 09:19:49,SKU-00859,9,F-04-02-01,OP-106,PUT_AWAY,NORMAL
PA-006587,2026-09-02 09:20:26,SKU-00737,10,A-07-05-02,OP-101,PUT_AWAY,NORMAL
PA-002040,2026-09-02 09:20:55,SKU-01302,3,A-06-04-02,OP-101,PUT_AWAY,NORMAL
PA-000027,2026-09-02 09:21:23,SKU-00242,3,F-10-04-02,OP-101,PUT_AWAY,NORMAL
PA-003387,2026-09-02 09:22:00,SKU-00576,10,B-08-05-02,OP-101,PUT_AWAY,NORMAL
PA-001787,2026-09-02 09:22:41,SKU-01364,2,E-02-03-01,OP-104,PUT_AWAY,NORMAL
PA-003208,2026-09-02 09:23:04,SKU-01633,7,C-03-05-01,OP-105,PUT_AWAY,NORMAL
PA-002242,2026-09-02 09:24:14,SKU-01044,7,E-06-01-02,OP-105,PUT_AWAY,NORMAL
PA-004897,2026-09-02 09:25:16,SKU-00612,5,F-01-02-02,OP-108,PUT_AWAY,NORMAL
PA-000003,2026-09-02 09:25:18,SKU-01187,5,E-01-05-02,OP-107,PUT_AWAY,NORMAL
PA-006947,2026-09-02 09:25:55,SKU-01402,1,E-03-01-02,OP-106,PUT_AWAY,NORMAL
PA-005734,2026-09-02 09:26:13,SKU-00364,8,C-02-01-01,OP-106,PUT_AWAY,NORMAL
PA-002331,2026-09-02 09:26:26,SKU-00020,4,B-04-01-01,OP-101,PUT_AWAY,NORMAL
PA-004037,2026-09-02 09:26:56,SKU-01208,10,E-02-03-01,OP-103,PUT_AWAY,NORMAL
PA-002526,2026-09-02 09:27:02,SKU-00154,3,F-07-03-01,OP-106,PUT_AWAY,NORMAL
PA-002993,2026-09-02 09:27:03,SKU-00626,2,D-06-03-01,OP-106,PUT_AWAY,NORMAL
PA-002750,2026-09-02 09:27:15,SKU-00995,3,D-02-01-01,OP-106,PUT_AWAY,NORMAL
PA-002388,2026-09-02 09:27:22,SKU-01259,1,F-07-04-02,OP-104,PUT_AWAY,NORMAL
PA-000701,2026-09-02 09:27:42,SKU-01334,5,F-04-03-02,OP-104,PUT_AWAY,NORMAL
PA-001949,2026-09-02 09:27:49,SKU-00391,1,B-02-05-02,OP-102,PUT_AWAY,NORMAL
PA-000068,2026-09-02 09:28:29,SKU-01412,7,E-06-01-01,OP-108,PUT_AWAY,NORMAL
PA-007192,2026-09-02 09:28:33,SKU-00490,4,C-03-05-02,OP-102,PUT_AWAY,NORMAL
PA-008769,2026-09-02 09:28:34,SKU-00159,2,F-09-04-02,OP-105,PUT_AWAY,NORMAL
PA-003284,2026-09-02 09:30:14,SKU-01852,5,A-07-04-01,OP-105,PUT_AWAY,NORMAL
PA-001595,2026-09-02 09:30:17,SKU-00251,10,D-06-04-02,OP-102,PUT_AWAY,NORMAL
PA-006157,2026-09-02 09:30:50,SKU-01989,10,F-09-04-01,OP-105,PUT_AWAY,NORMAL
PA-008406,2026-09-02 09:31:00,SKU-01902,9,D-08-02-02,OP-107,PUT_AWAY,NORMAL
PA-002379,2026-09-02 09:31:09,SKU-01524,9,E-05-01-01,OP-107,PUT_AWAY,NORMAL
PA-006900,2026-09-02 09:31:30,SKU-01355,5,A-04-05-02,OP-108,PUT_AWAY,NORMAL
PA-002714,2026-09-02 09:31:52,SKU-00679,10,C-03-01-01,OP-106,PUT_AWAY,NORMAL
PA-001613,2026-09-02 09:31:53,SKU-01999,4,E-03-05-02,OP-102,PUT_AWAY,NORMAL
PA-008180,2026-09-02 09:33:21,SKU-01543,10,C-01-03-01,OP-104,PUT_AWAY,NORMAL
PA-000254,2026-09-02 09:33:22,SKU-00400,10,C-10-05-01,OP-102,PUT_AWAY,NORMAL
PA-003884,2026-09-02 09:33:41,SKU-01994,3,C-06-01-01,OP-107,PUT_AWAY,NORMAL
PA-005324,2026-09-02 09:34:06,SKU-01255,8,C-09-02-02,OP-103,PUT_AWAY,NORMAL
PA-007015,2026-09-02 09:34:51,SKU-01141,1,B-03-01-01,OP-103,PUT_AWAY,NORMAL
PA-006135,2026-09-02 09:35:41,SKU-01540,10,C-08-01-01,OP-103,PUT_AWAY,NORMAL
PA-002238,2026-09-02 09:35:48,SKU-00944,8,A-10-05-02,OP-101,PUT_AWAY,NORMAL
PA-001580,2026-09-02 09:36:04,SKU-01442,2,C-09-01-01,OP-105,PUT_AWAY,NORMAL
PA-007254,2026-09-02 09:36:14,SKU-00811,6,F-07-03-02,OP-105,PUT_AWAY,NORMAL
PA-006946,2026-09-02 09:37:16,SKU-01459,9,B-08-01-01,OP-102,PUT_AWAY,NORMAL
PA-008662,2026-09-02 09:37:25,SKU-01574,1,D-06-03-02,OP-108,PUT_AWAY,NORMAL
PA-002530,2026-09-02 09:37:59,SKU-00427,6,F-03-05-01,OP-105,PUT_AWAY,NORMAL
PA-004673,2026-09-02 09:38:14,SKU-00675,1,E-02-01-01,OP-108,PUT_AWAY,NORMAL
PA-004550,2026-09-02 09:38:32,SKU-01523,4,D-03-04-02,OP-102,PUT_AWAY,NORMAL
PA-007675,2026-09-02 09:38:53,SKU-00085,7,F-02-01-02,OP-101,PUT_AWAY,NORMAL
PA-007256,2026-09-02 09:39:15,SKU-00363,9,A-06-04-02,OP-105,PUT_AWAY,NORMAL
PA-001783,2026-09-02 09:39:30,SKU-00352,2,D-01-02-02,OP-104,PUT_AWAY,NORMAL
PA-008823,2026-09-02 09:39:49,SKU-00081,8,C-03-03-02,OP-103,PUT_AWAY,NORMAL
PA-008238,2026-09-02 09:40:05,SKU-01514,5,A-02-03-02,OP-107,PUT_AWAY,NORMAL
PA-004940,2026-09-02 09:40:11,SKU-00528,10,C-06-01-01,OP-104,PUT_AWAY,NORMAL
PA-000814,2026-09-02 09:40:19,SKU-00616,7,C-04-04-01,OP-101,PUT_AWAY,NORMAL
PA-000450,2026-09-02 09:40:22,SKU-00056,7,A-08-02-02,OP-107,PUT_AWAY,NORMAL
PA-000725,2026-09-02 09:40:23,SKU-00520,3,A-09-05-02,OP-105,PUT_AWAY,NORMAL
PA-007082,2026-09-02 09:40:44,SKU-00050,10,B-08-04-01,OP-101,PUT_AWAY,NORMAL
PA-002392,2026-09-02 09:40:51,SKU-00635,1,A-04-02-02,OP-105,PUT_AWAY,NORMAL
PA-007459,2026-09-02 09:40:59,SKU-00788,7,F-04-02-01,OP-104,PUT_AWAY,NORMAL
PA-005192,2026-09-02 09:41:02,SKU-01934,5,A-09-03-02,OP-101,PUT_AWAY,NORMAL
PA-006373,2026-09-02 09:41:05,SKU-00336,8,A-08-01-01,OP-103,PUT_AWAY,NORMAL
PA-006133,2026-09-02 09:41:13,SKU-01894,9,C-06-03-02,OP-106,PUT_AWAY,NORMAL
PA-002159,2026-09-02 09:41:20,SKU-01848,10,A-08-02-01,OP-102,PUT_AWAY,NORMAL
PA-005281,2026-09-02 09:41:34,SKU-01608,3,D-09-04-02,OP-106,PUT_AWAY,NORMAL
PA-005384,2026-09-02 09:41:53,SKU-01138,10,A-02-03-01,OP-101,PUT_AWAY,NORMAL
PA-000440,2026-09-02 09:42:03,SKU-01487,1,B-01-04-01,OP-108,PUT_AWAY,NORMAL
PA-001846,2026-09-02 09:42:12,SKU-00681,2,F-08-04-01,OP-102,PUT_AWAY,NORMAL
PA-008755,2026-09-02 09:43:07,SKU-01632,1,A-03-05-02,OP-101,PUT_AWAY,NORMAL
PA-000813,2026-09-02 09:43:10,SKU-01212,4,E-09-03-02,OP-108,PUT_AWAY,NORMAL
PA-008173,2026-09-02 09:43:13,SKU-01773,9,E-02-05-02,OP-102,PUT_AWAY,NORMAL
PA-005416,2026-09-02 09:43:39,SKU-00795,2,D-04-02-02,OP-105,PUT_AWAY,NORMAL
PA-003098,2026-09-02 09:43:49,SKU-00865,5,C-06-02-02,OP-101,PUT_AWAY,NORMAL
PA-005808,2026-09-02 09:44:15,SKU-01670,6,E-06-05-01,OP-107,PUT_AWAY,NORMAL
PA-001858,2026-09-02 09:44:20,SKU-01879,10,B-04-03-01,OP-106,PUT_AWAY,NORMAL
PA-004308,2026-09-02 09:44:38,SKU-01481,2,E-09-05-02,OP-103,PUT_AWAY,NORMAL
PA-007379,2026-09-02 09:45:02,SKU-01395,4,F-06-02-02,OP-106,PUT_AWAY,NORMAL
PA-007912,2026-09-02 09:45:02,SKU-01436,4,E-03-02-01,OP-104,PUT_AWAY,NORMAL
PA-004024,2026-09-02 09:45:18,SKU-00678,7,E-10-02-01,OP-108,PUT_AWAY,NORMAL
PA-005003,2026-09-02 09:45:26,SKU-00263,1,A-08-05-02,OP-106,PUT_AWAY,NORMAL
PA-000738,2026-09-02 09:45:32,SKU-01328,1,C-05-03-02,OP-101,PUT_AWAY,NORMAL
PA-002255,2026-09-02 09:45:45,SKU-00819,3,D-01-03-01,OP-103,PUT_AWAY,NORMAL
PA-008389,2026-09-02 09:46:02,SKU-01692,4,B-03-02-02,OP-103,PUT_AWAY,NORMAL
PA-005141,2026-09-02 09:46:18,SKU-01734,10,E-01-05-01,OP-104,PUT_AWAY,NORMAL
PA-005029,2026-09-02 09:46:30,SKU-00541,5,E-05-02-01,OP-108,PUT_AWAY,NORMAL
PA-002230,2026-09-02 09:46:45,SKU-01625,1,C-09-01-02,OP-106,PUT_AWAY,NORMAL
PA-003202,2026-09-02 09:46:52,SKU-01416,8,D-02-03-02,OP-102,PUT_AWAY,NORMAL
PA-005876,2026-09-02 09:47:06,SKU-01692,7,B-03-02-02,OP-101,PUT_AWAY,NORMAL
PA-005410,2026-09-02 09:47:35,SKU-00847,8,C-04-04-01,OP-104,PUT_AWAY,NORMAL
PA-002572,2026-09-02 09:47:45,SKU-01526,9,B-04-02-01,OP-101,PUT_AWAY,NORMAL
PA-007510,2026-09-02 09:47:56,SKU-01382,7,B-07-02-01,OP-101,PUT_AWAY,NORMAL
PA-006267,2026-09-02 09:48:44,SKU-01863,3,A-08-03-02,OP-103,PUT_AWAY,NORMAL
PA-006097,2026-09-02 09:48:55,SKU-00036,1,B-08-02-02,OP-106,PUT_AWAY,NORMAL
PA-006029,2026-09-02 09:48:59,SKU-01045,3,C-06-04-02,OP-103,PUT_AWAY,NORMAL
PA-000007,2026-09-02 09:50:46,SKU-01243,1,A-02-01-01,OP-108,PUT_AWAY,NORMAL
PA-004879,2026-09-02 09:50:56,SKU-00191,10,D-02-01-01,OP-104,PUT_AWAY,NORMAL
PA-000078,2026-09-02 09:50:58,SKU-01371,6,B-09-03-02,OP-103,PUT_AWAY,NORMAL
PA-003349,2026-09-02 09:51:28,SKU-00617,9,A-02-04-01,OP-107,PUT_AWAY,NORMAL
PA-001232,2026-09-02 09:51:29,SKU-00420,7,D-08-02-02,OP-105,PUT_AWAY,NORMAL
PA-008869,2026-09-02 09:52:00,SKU-00564,3,E-01-05-02,OP-105,PUT_AWAY,NORMAL
PA-000582,2026-09-02 09:52:01,SKU-00790,4,A-08-03-01,OP-105,PUT_AWAY,NORMAL
PA-004774,2026-09-02 09:52:23,SKU-00909,1,F-01-04-01,OP-108,PUT_AWAY,NORMAL
PA-008320,2026-09-02 09:53:13,SKU-01746,9,D-01-01-02,OP-101,PUT_AWAY,NORMAL
PA-008309,2026-09-02 09:53:27,SKU-00947,1,D-10-04-01,OP-106,PUT_AWAY,NORMAL
PA-004965,2026-09-02 09:53:41,SKU-01832,9,F-10-04-02,OP-106,PUT_AWAY,NORMAL
PA-003776,2026-09-02 09:53:46,SKU-01426,2,F-04-01-02,OP-103,PUT_AWAY,NORMAL
PA-006468,2026-09-02 09:54:22,SKU-00371,2,E-08-03-01,OP-101,PUT_AWAY,NORMAL
PA-008877,2026-09-02 09:54:29,SKU-01491,3,E-04-05-01,OP-106,PUT_AWAY,NORMAL
PA-004691,2026-09-02 09:54:31,SKU-01694,5,E-02-01-02,OP-108,PUT_AWAY,NORMAL
PA-005546,2026-09-02 09:54:47,SKU-01948,6,B-07-02-01,OP-105,PUT_AWAY,NORMAL
PA-000267,2026-09-02 09:54:53,SKU-01880,10,E-09-01-01,OP-107,PUT_AWAY,NORMAL
PA-004106,2026-09-02 09:55:39,SKU-01772,4,A-06-04-02,OP-105,PUT_AWAY,NORMAL
PA-004639,2026-09-02 09:56:11,SKU-00439,7,F-10-02-01,OP-106,PUT_AWAY,NORMAL
PA-008053,2026-09-02 09:56:26,SKU-01268,9,A-10-01-02,OP-108,PUT_AWAY,NORMAL
PA-005570,2026-09-02 09:56:29,SKU-00183,10,B-04-03-02,OP-103,PUT_AWAY,NORMAL
PA-008040,2026-09-02 09:57:49,SKU-00261,10,A-02-02-02,OP-104,PUT_AWAY,NORMAL
PA-000898,2026-09-02 09:58:20,SKU-00908,3,F-01-02-01,OP-106,PUT_AWAY,NORMAL
PA-000768,2026-09-02 09:58:59,SKU-01027,9,E-02-03-01,OP-107,PUT_AWAY,NORMAL
PA-006600,2026-09-02 09:59:29,SKU-01314,2,C-09-05-02,OP-104,PUT_AWAY,NORMAL
PA-004324,2026-09-02 09:59:33,SKU-01704,2,E-08-05-02,OP-104,PUT_AWAY,NORMAL
PA-005221,2026-09-02 09:59:39,SKU-00782,3,D-09-01-02,OP-101,PUT_AWAY,NORMAL
PA-001849,2026-09-02 09:59:47,SKU-01300,9,E-07-05-02,OP-103,PUT_AWAY,NORMAL
PA-001172,2026-09-02 09:59:47,SKU-00953,10,C-03-03-01,OP-107,PUT_AWAY,NORMAL
PA-007926,2026-09-02 09:59:56,SKU-00454,9,D-10-04-01,OP-103,PUT_AWAY,NORMAL
PA-006543,2026-09-02 10:00:53,SKU-01860,7,C-01-01-01,OP-106,PUT_AWAY,NORMAL
PA-007534,2026-09-02 10:01:04,SKU-01030,2,D-03-05-01,OP-105,PUT_AWAY,NORMAL
PA-000492,2026-09-02 10:02:13,SKU-01502,1,B-01-04-01,OP-104,PUT_AWAY,NORMAL
PA-002400,2026-09-02 10:02:30,SKU-00953,10,C-03-03-01,OP-103,PUT_AWAY,NORMAL
PA-006101,2026-09-02 10:02:53,SKU-00046,9,F-03-02-02,OP-105,PUT_AWAY,NORMAL
PA-006504,2026-09-02 10:03:26,SKU-01818,1,A-10-03-02,OP-104,PUT_AWAY,NORMAL
PA-000287,2026-09-02 10:03:28,SKU-00802,2,E-06-04-01,OP-107,PUT_AWAY,NORMAL
PA-007556,2026-09-02 10:03:38,SKU-00153,3,D-08-03-02,OP-108,PUT_AWAY,NORMAL
PA-005622,2026-09-02 10:03:40,SKU-00920,4,F-05-05-02,OP-106,PUT_AWAY,NORMAL
PA-005040,2026-09-02 10:03:45,SKU-01974,8,C-06-02-01,OP-106,PUT_AWAY,NORMAL
PA-006243,2026-09-02 10:04:10,SKU-01315,3,F-05-05-02,OP-106,PUT_AWAY,NORMAL
PA-002814,2026-09-02 10:04:57,SKU-00858,6,C-01-04-01,OP-107,PUT_AWAY,NORMAL
PA-008210,2026-09-02 10:05:08,SKU-00105,9,B-01-01-01,OP-103,PUT_AWAY,NORMAL
PA-001936,2026-09-02 10:05:41,SKU-01712,10,A-09-02-02,OP-108,PUT_AWAY,NORMAL
PA-003272,2026-09-02 10:05:44,SKU-01148,7,F-05-02-01,OP-104,PUT_AWAY,NORMAL
PA-001119,2026-09-02 10:06:52,SKU-01812,10,C-02-03-02,OP-103,PUT_AWAY,NORMAL
PA-006827,2026-09-02 10:07:20,SKU-00783,5,B-02-03-02,OP-105,PUT_AWAY,NORMAL
PA-002350,2026-09-02 10:07:28,SKU-01723,2,D-03-02-01,OP-101,PUT_AWAY,NORMAL
PA-001688,2026-09-02 10:07:42,SKU-01607,3,A-10-04-02,OP-108,PUT_AWAY,NORMAL
PA-003968,2026-09-02 10:08:03,SKU-00572,7,C-09-03-01,OP-105,PUT_AWAY,NORMAL
PA-002306,2026-09-02 10:09:08,SKU-01979,10,E-04-04-01,OP-104,PUT_AWAY,NORMAL
PA-000182,2026-09-02 10:10:01,SKU-00075,8,B-06-02-02,OP-101,PUT_AWAY,NORMAL
PA-000835,2026-09-02 10:10:23,SKU-01318,6,D-04-01-02,OP-104,PUT_AWAY,NORMAL
PA-006058,2026-09-02 10:10:24,SKU-00965,5,B-05-03-01,OP-101,PUT_AWAY,NORMAL
PA-006117,2026-09-02 10:10:54,SKU-01863,1,A-08-03-02,OP-106,PUT_AWAY,NORMAL
PA-001403,2026-09-02 10:12:01,SKU-01450,6,E-07-02-01,OP-106,PUT_AWAY,NORMAL
PA-005633,2026-09-02 10:12:06,SKU-00234,6,B-10-03-01,OP-107,PUT_AWAY,NORMAL
PA-007611,2026-09-02 10:12:39,SKU-00827,3,F-01-05-01,OP-108,PUT_AWAY,NORMAL
PA-003510,2026-09-02 10:12:41,SKU-01951,6,D-02-02-01,OP-107,PUT_AWAY,NORMAL
PA-006430,2026-09-02 10:12:57,SKU-00068,3,C-06-03-01,OP-108,PUT_AWAY,NORMAL
PA-008774,2026-09-02 10:13:05,SKU-00646,9,B-07-05-01,OP-108,PUT_AWAY,NORMAL
PA-000948,2026-09-02 10:13:07,SKU-01100,7,E-08-04-02,OP-101,PUT_AWAY,NORMAL
PA-000739,2026-09-02 10:13:07,SKU-00293,10,D-09-01-01,OP-102,PUT_AWAY,NORMAL
PA-005197,2026-09-02 10:13:09,SKU-01508,6,D-01-02-01,OP-108,PUT_AWAY,NORMAL
PA-000167,2026-09-02 10:13:20,SKU-01970,3,D-01-05-02,OP-106,PUT_AWAY,NORMAL
PA-003719,2026-09-02 10:13:31,SKU-00827,4,F-01-05-01,OP-106,PUT_AWAY,NORMAL
PA-004452,2026-09-02 10:13:32,SKU-00112,9,D-03-05-01,OP-104,PUT_AWAY,NORMAL
PA-007948,2026-09-02 10:13:48,SKU-01854,2,D-06-01-02,OP-106,PUT_AWAY,NORMAL
PA-007688,2026-09-02 10:13:50,SKU-00626,2,D-06-03-01,OP-105,PUT_AWAY,NORMAL
PA-004997,2026-09-02 10:13:52,SKU-00347,5,C-05-03-01,OP-104,PUT_AWAY,NORMAL
PA-003014,2026-09-02 10:13:57,SKU-01977,7,E-09-05-02,OP-105,PUT_AWAY,NORMAL
PA-006105,2026-09-02 10:14:12,SKU-01497,5,D-07-01-01,OP-104,PUT_AWAY,NORMAL
PA-002875,2026-09-02 10:14:42,SKU-01902,4,D-08-02-02,OP-102,PUT_AWAY,NORMAL
PA-006794,2026-09-02 10:14:46,SKU-00460,10,F-07-02-01,OP-103,PUT_AWAY,NORMAL
PA-002513,2026-09-02 10:14:51,SKU-00857,2,D-02-04-01,OP-101,PUT_AWAY,NORMAL
PA-000716,2026-09-02 10:15:28,SKU-01911,3,F-02-01-02,OP-102,PUT_AWAY,NORMAL
PA-007612,2026-09-02 10:15:34,SKU-01941,2,B-04-03-02,OP-102,PUT_AWAY,NORMAL
PA-005648,2026-09-02 10:15:44,SKU-00240,4,C-02-04-01,OP-107,PUT_AWAY,NORMAL
PA-003011,2026-09-02 10:16:21,SKU-00599,3,D-02-01-02,OP-108,PUT_AWAY,NORMAL
PA-005428,2026-09-02 10:16:30,SKU-01684,6,E-06-02-01,OP-107,PUT_AWAY,NORMAL
PA-004753,2026-09-02 10:17:32,SKU-01725,2,C-02-02-02,OP-107,PUT_AWAY,NORMAL
PA-007558,2026-09-02 10:18:04,SKU-00646,7,B-07-05-01,OP-102,PUT_AWAY,NORMAL
PA-005804,2026-09-02 10:19:15,SKU-00041,6,C-09-03-02,OP-106,PUT_AWAY,NORMAL
PA-008740,2026-09-02 10:19:28,SKU-00001,6,B-04-04-02,OP-102,PUT_AWAY,NORMAL
PA-001875,2026-09-02 10:19:54,SKU-00200,3,A-09-02-02,OP-103,PUT_AWAY,NORMAL
PA-002731,2026-09-02 10:19:57,SKU-01974,10,C-06-02-01,OP-108,PUT_AWAY,NORMAL
PA-001472,2026-09-02 10:20:29,SKU-01231,6,B-04-03-01,OP-104,PUT_AWAY,NORMAL
PA-004374,2026-09-02 10:20:37,SKU-00931,10,C-05-04-02,OP-105,PUT_AWAY,NORMAL
PA-001752,2026-09-02 10:20:49,SKU-00887,2,E-10-04-01,OP-101,PUT_AWAY,NORMAL
PA-005658,2026-09-02 10:20:50,SKU-01475,8,B-01-01-02,OP-107,PUT_AWAY,NORMAL
PA-006577,2026-09-02 10:21:26,SKU-00166,1,C-01-01-02,OP-101,PUT_AWAY,NORMAL
PA-003009,2026-09-02 10:21:35,SKU-00301,5,D-08-03-01,OP-105,PUT_AWAY,NORMAL
PA-001338,2026-09-02 10:22:00,SKU-00594,3,D-02-02-02,OP-108,PUT_AWAY,NORMAL
PA-002752,2026-09-02 10:22:14,SKU-00778,4,C-06-02-01,OP-108,PUT_AWAY,NORMAL
PA-005338,2026-09-02 10:23:10,SKU-00358,6,F-06-03-02,OP-102,PUT_AWAY,NORMAL
PA-006003,2026-09-02 10:23:12,SKU-01628,1,E-04-01-01,OP-103,PUT_AWAY,NORMAL
PA-000694,2026-09-02 10:23:34,SKU-00634,4,A-04-02-02,OP-106,PUT_AWAY,NORMAL
PA-007899,2026-09-02 10:23:45,SKU-01634,5,C-02-04-02,OP-104,PUT_AWAY,NORMAL
PA-007681,2026-09-02 10:24:02,SKU-01263,9,C-02-02-01,OP-106,PUT_AWAY,NORMAL
PA-000243,2026-09-02 10:24:12,SKU-00235,5,C-05-03-01,OP-107,PUT_AWAY,NORMAL
PA-007039,2026-09-02 10:24:25,SKU-00322,10,A-08-01-02,OP-105,PUT_AWAY,NORMAL
PA-002266,2026-09-02 10:24:33,SKU-00552,1,C-05-05-02,OP-102,PUT_AWAY,NORMAL
PA-008604,2026-09-02 10:24:41,SKU-00568,5,A-02-01-01,OP-107,PUT_AWAY,NORMAL
PA-006632,2026-09-02 10:24:41,SKU-01150,4,A-07-03-02,OP-108,PUT_AWAY,NORMAL
PA-007613,2026-09-02 10:24:56,SKU-00842,7,D-01-02-02,OP-103,PUT_AWAY,NORMAL
PA-007627,2026-09-02 10:25:09,SKU-00948,1,E-03-02-02,OP-101,PUT_AWAY,NORMAL
PA-008216,2026-09-02 10:25:26,SKU-01123,10,E-07-02-01,OP-102,PUT_AWAY,NORMAL
PA-003119,2026-09-02 10:25:35,SKU-01343,7,F-08-03-02,OP-102,PUT_AWAY,NORMAL
PA-006754,2026-09-02 10:25:45,SKU-01313,2,C-10-05-02,OP-102,PUT_AWAY,NORMAL
PA-008049,2026-09-02 10:26:00,SKU-01087,7,D-02-04-02,OP-102,PUT_AWAY,NORMAL
PA-001843,2026-09-02 10:26:06,SKU-00523,8,E-05-04-02,OP-104,PUT_AWAY,NORMAL
PA-007270,2026-09-02 10:26:27,SKU-00291,9,B-10-04-02,OP-104,PUT_AWAY,NORMAL
PA-001485,2026-09-02 10:26:32,SKU-01722,5,D-01-01-01,OP-103,PUT_AWAY,NORMAL
PA-008872,2026-09-02 10:26:56,SKU-01359,6,D-03-02-01,OP-107,PUT_AWAY,NORMAL
PA-001766,2026-09-02 10:27:09,SKU-01906,3,A-02-04-01,OP-101,PUT_AWAY,NORMAL
PA-007606,2026-09-02 10:27:11,SKU-00876,5,A-02-04-02,OP-108,PUT_AWAY,NORMAL
PA-003940,2026-09-02 10:27:13,SKU-00319,4,E-10-01-02,OP-103,PUT_AWAY,NORMAL
PA-003893,2026-09-02 10:27:29,SKU-01553,5,D-04-02-02,OP-104,PUT_AWAY,NORMAL
PA-007188,2026-09-02 10:27:36,SKU-00021,6,D-08-04-02,OP-101,PUT_AWAY,NORMAL
PA-006453,2026-09-02 10:27:54,SKU-00970,10,D-10-05-02,OP-106,PUT_AWAY,NORMAL
PA-003356,2026-09-02 10:27:58,SKU-01716,7,D-03-04-02,OP-103,PUT_AWAY,NORMAL
PA-008004,2026-09-02 10:28:10,SKU-00763,9,C-03-02-01,OP-107,PUT_AWAY,NORMAL
PA-006777,2026-09-02 10:28:18,SKU-00735,1,D-10-03-02,OP-105,PUT_AWAY,NORMAL
PA-005230,2026-09-02 10:28:25,SKU-01287,10,C-04-05-01,OP-106,PUT_AWAY,NORMAL
PA-008497,2026-09-02 10:29:36,SKU-01290,3,A-02-01-02,OP-101,PUT_AWAY,NORMAL
PA-001869,2026-09-02 10:29:59,SKU-00354,4,E-05-02-01,OP-104,PUT_AWAY,NORMAL
PA-004328,2026-09-02 10:30:07,SKU-00972,1,E-06-01-01,OP-106,PUT_AWAY,NORMAL
PA-007466,2026-09-02 10:30:12,SKU-00557,1,C-05-01-02,OP-102,PUT_AWAY,NORMAL
PA-005244,2026-09-02 10:31:05,SKU-00076,5,E-06-03-02,OP-106,PUT_AWAY,NORMAL
PA-001608,2026-09-02 10:31:15,SKU-00953,5,C-03-03-01,OP-102,PUT_AWAY,NORMAL
PA-007860,2026-09-02 10:31:32,SKU-01403,5,A-05-01-01,OP-105,PUT_AWAY,NORMAL
PA-001664,2026-09-02 10:31:37,SKU-00598,6,C-04-05-02,OP-106,PUT_AWAY,NORMAL
PA-002613,2026-09-02 10:32:09,SKU-00172,3,A-04-03-01,OP-103,PUT_AWAY,NORMAL
PA-003992,2026-09-02 10:32:17,SKU-00682,3,C-02-04-01,OP-101,PUT_AWAY,NORMAL
PA-008191,2026-09-02 10:32:29,SKU-01549,3,D-09-03-02,OP-101,PUT_AWAY,NORMAL
PA-005472,2026-09-02 10:32:30,SKU-00088,9,D-05-02-02,OP-103,PUT_AWAY,NORMAL
PA-008325,2026-09-02 10:32:57,SKU-01352,6,E-10-02-02,OP-101,PUT_AWAY,NORMAL
PA-005597,2026-09-02 10:33:29,SKU-00766,8,D-05-02-01,OP-106,PUT_AWAY,NORMAL
PA-004955,2026-09-02 10:33:46,SKU-00412,6,E-02-03-02,OP-107,PUT_AWAY,NORMAL
PA-005302,2026-09-02 10:33:47,SKU-00309,3,B-01-03-01,OP-101,PUT_AWAY,NORMAL
PA-004871,2026-09-02 10:34:01,SKU-01271,3,A-07-01-01,OP-102,PUT_AWAY,NORMAL
PA-006343,2026-09-02 10:34:07,SKU-01571,7,A-05-01-02,OP-104,PUT_AWAY,NORMAL
PA-004185,2026-09-02 10:34:31,SKU-00520,1,A-09-05-02,OP-101,PUT_AWAY,NORMAL
PA-007174,2026-09-02 10:35:05,SKU-01789,9,B-01-04-02,OP-104,PUT_AWAY,NORMAL
PA-002525,2026-09-02 10:35:25,SKU-00412,8,E-02-03-02,OP-108,PUT_AWAY,NORMAL
PA-002501,2026-09-02 10:35:36,SKU-01897,5,D-01-03-02,OP-104,PUT_AWAY,NORMAL
PA-000763,2026-09-02 10:36:17,SKU-00407,3,F-07-05-01,OP-108,PUT_AWAY,NORMAL
PA-005127,2026-09-02 10:36:22,SKU-00036,9,B-08-02-02,OP-106,PUT_AWAY,NORMAL
PA-004949,2026-09-02 10:36:41,SKU-00497,5,F-07-04-02,OP-103,PUT_AWAY,NORMAL
PA-005889,2026-09-02 10:36:49,SKU-00475,1,E-06-01-02,OP-107,PUT_AWAY,NORMAL
PA-003414,2026-09-02 10:37:12,SKU-01473,10,A-02-02-01,OP-103,PUT_AWAY,NORMAL
PA-008856,2026-09-02 10:38:30,SKU-01967,9,A-04-04-02,OP-105,PUT_AWAY,NORMAL
PA-004270,2026-09-02 10:38:33,SKU-01541,5,D-01-04-02,OP-104,PUT_AWAY,NORMAL
PA-004170,2026-09-02 10:38:39,SKU-00419,4,E-10-03-02,OP-101,PUT_AWAY,NORMAL
PA-003135,2026-09-02 10:38:46,SKU-01697,8,A-03-04-02,OP-105,PUT_AWAY,NORMAL
PA-000798,2026-09-02 10:39:44,SKU-00250,3,B-04-05-02,OP-102,PUT_AWAY,NORMAL
PA-000008,2026-09-02 10:39:51,SKU-00798,6,D-10-03-01,OP-102,PUT_AWAY,NORMAL
PA-004121,2026-09-02 10:39:54,SKU-00213,3,E-03-02-02,OP-101,PUT_AWAY,NORMAL
PA-000564,2026-09-02 10:40:17,SKU-01390,1,C-06-04-02,OP-106,PUT_AWAY,NORMAL
PA-001214,2026-09-02 10:40:33,SKU-00801,3,F-03-01-01,OP-103,PUT_AWAY,NORMAL
PA-008742,2026-09-02 10:41:01,SKU-01327,10,F-05-04-02,OP-103,PUT_AWAY,NORMAL
PA-006758,2026-09-02 10:41:10,SKU-01533,1,C-02-03-01,OP-104,PUT_AWAY,NORMAL
PA-002620,2026-09-02 10:41:25,SKU-01908,3,A-05-01-01,OP-102,PUT_AWAY,NORMAL
PA-008807,2026-09-02 10:41:37,SKU-01225,1,E-02-02-01,OP-106,PUT_AWAY,NORMAL
PA-007850,2026-09-02 10:41:49,SKU-00442,7,E-02-05-01,OP-101,PUT_AWAY,NORMAL
PA-002937,2026-09-02 10:42:17,SKU-00482,9,D-06-05-02,OP-105,PUT_AWAY,NORMAL
PA-003508,2026-09-02 10:42:27,SKU-00839,8,B-03-05-01,OP-101,PUT_AWAY,NORMAL
PA-006015,2026-09-02 10:42:47,SKU-00203,6,B-01-05-02,OP-108,PUT_AWAY,NORMAL
PA-007193,2026-09-02 10:43:02,SKU-00775,1,D-10-01-01,OP-104,PUT_AWAY,NORMAL
PA-001267,2026-09-02 10:43:09,SKU-00003,4,A-05-05-01,OP-101,PUT_AWAY,NORMAL
PA-002220,2026-09-02 10:43:40,SKU-00843,7,B-08-02-01,OP-105,PUT_AWAY,NORMAL
PA-008363,2026-09-02 10:43:45,SKU-00556,3,B-10-05-01,OP-107,PUT_AWAY,NORMAL
PA-007848,2026-09-02 10:43:53,SKU-00306,8,D-03-04-01,OP-105,PUT_AWAY,NORMAL
PA-001558,2026-09-02 10:44:03,SKU-00611,10,E-09-03-02,OP-103,PUT_AWAY,NORMAL
PA-004248,2026-09-02 10:44:50,SKU-00454,8,D-10-04-01,OP-107,PUT_AWAY,NORMAL
PA-007362,2026-09-02 10:45:38,SKU-00012,6,A-03-01-01,OP-108,PUT_AWAY,NORMAL
PA-002123,2026-09-02 10:45:46,SKU-00480,10,B-04-04-02,OP-108,PUT_AWAY,NORMAL
PA-007497,2026-09-02 10:46:05,SKU-00028,3,F-03-01-02,OP-106,PUT_AWAY,NORMAL
PA-007364,2026-09-02 10:46:30,SKU-01234,6,A-05-03-01,OP-105,PUT_AWAY,NORMAL
PA-005184,2026-09-02 10:46:32,SKU-01741,6,E-07-01-01,OP-103,PUT_AWAY,NORMAL
PA-001681,2026-09-02 10:47:57,SKU-01051,7,D-03-04-02,OP-107,PUT_AWAY,NORMAL
PA-002840,2026-09-02 10:48:03,SKU-00746,10,A-02-02-01,OP-104,PUT_AWAY,NORMAL
PA-003770,2026-09-02 10:48:04,SKU-00215,8,E-01-02-01,OP-102,PUT_AWAY,NORMAL
PA-000928,2026-09-02 10:48:07,SKU-01549,3,D-09-03-02,OP-106,PUT_AWAY,NORMAL
PA-007814,2026-09-02 10:48:27,SKU-00575,8,A-09-03-01,OP-107,PUT_AWAY,NORMAL
PA-002809,2026-09-02 10:48:35,SKU-00514,5,A-02-04-02,OP-105,PUT_AWAY,NORMAL
PA-007619,2026-09-02 10:49:25,SKU-01385,6,D-02-03-02,OP-107,PUT_AWAY,NORMAL
PA-003324,2026-09-02 10:49:42,SKU-00325,3,B-01-05-01,OP-106,PUT_AWAY,NORMAL
PA-006765,2026-09-02 10:49:49,SKU-01482,4,C-03-02-02,OP-101,PUT_AWAY,NORMAL
PA-008150,2026-09-02 10:49:54,SKU-01367,5,B-01-02-02,OP-107,PUT_AWAY,NORMAL
PA-004234,2026-09-02 10:50:05,SKU-00565,9,B-10-03-02,OP-101,PUT_AWAY,NORMAL
PA-006276,2026-09-02 10:50:09,SKU-01107,5,B-09-01-01,OP-102,PUT_AWAY,NORMAL
PA-007433,2026-09-02 10:50:41,SKU-00312,7,C-01-01-01,OP-107,PUT_AWAY,NORMAL
PA-004171,2026-09-02 10:51:08,SKU-00325,7,B-01-05-01,OP-104,PUT_AWAY,NORMAL
PA-007470,2026-09-02 10:51:35,SKU-01176,1,E-09-03-02,OP-108,PUT_AWAY,NORMAL
PA-007719,2026-09-02 10:51:38,SKU-01453,9,E-10-05-01,OP-108,PUT_AWAY,NORMAL
PA-001019,2026-09-02 10:51:40,SKU-00341,2,A-04-02-01,OP-107,PUT_AWAY,NORMAL
PA-007227,2026-09-02 10:51:48,SKU-00537,10,A-10-02-01,OP-104,PUT_AWAY,NORMAL
PA-006689,2026-09-02 10:51:52,SKU-00190,4,E-07-05-02,OP-102,PUT_AWAY,NORMAL
PA-005362,2026-09-02 10:52:46,SKU-01488,1,C-01-02-02,OP-104,PUT_AWAY,NORMAL
PA-007674,2026-09-02 10:53:15,SKU-01411,8,E-07-04-01,OP-107,PUT_AWAY,NORMAL
PA-000593,2026-09-02 10:53:27,SKU-01220,3,C-09-01-01,OP-107,PUT_AWAY,NORMAL
PA-008339,2026-09-02 10:53:31,SKU-00221,10,F-09-04-02,OP-104,PUT_AWAY,NORMAL
PA-002755,2026-09-02 10:53:43,SKU-01984,8,F-04-01-02,OP-105,PUT_AWAY,NORMAL
PA-004682,2026-09-02 10:53:54,SKU-01273,3,E-10-04-01,OP-106,PUT_AWAY,NORMAL
PA-005108,2026-09-02 10:54:22,SKU-01979,3,E-04-04-01,OP-107,PUT_AWAY,NORMAL
PA-002471,2026-09-02 10:54:48,SKU-00203,3,B-01-05-02,OP-104,PUT_AWAY,NORMAL
PA-005345,2026-09-02 10:54:49,SKU-01497,10,D-07-01-01,OP-102,PUT_AWAY,NORMAL
PA-002668,2026-09-02 10:54:50,SKU-00140,5,C-08-03-02,OP-108,PUT_AWAY,NORMAL
PA-001996,2026-09-02 10:55:05,SKU-00218,1,F-05-05-02,OP-104,PUT_AWAY,NORMAL
PA-008619,2026-09-02 10:55:07,SKU-01003,3,D-01-03-02,OP-106,PUT_AWAY,NORMAL
PA-000955,2026-09-02 10:55:18,SKU-01543,4,C-01-03-01,OP-103,PUT_AWAY,NORMAL
PA-007202,2026-09-02 10:55:27,SKU-00537,10,A-10-02-01,OP-104,PUT_AWAY,NORMAL
PA-000010,2026-09-02 10:56:02,SKU-00890,4,C-02-03-01,OP-108,PUT_AWAY,NORMAL
PA-003696,2026-09-02 10:56:47,SKU-00441,5,F-06-05-02,OP-108,PUT_AWAY,NORMAL
PA-003481,2026-09-02 10:57:03,SKU-00645,2,B-08-05-01,OP-101,PUT_AWAY,NORMAL
PA-005906,2026-09-02 10:57:25,SKU-00910,8,E-01-04-02,OP-105,PUT_AWAY,NORMAL
PA-004318,2026-09-02 10:57:32,SKU-01193,8,D-10-04-01,OP-108,PUT_AWAY,NORMAL
PA-003711,2026-09-02 10:57:34,SKU-00849,6,A-03-01-01,OP-105,PUT_AWAY,NORMAL
PA-006898,2026-09-02 10:58:04,SKU-00191,9,D-02-01-01,OP-101,PUT_AWAY,NORMAL
PA-002019,2026-09-02 10:58:05,SKU-00548,1,C-08-01-02,OP-103,PUT_AWAY,NORMAL
PA-006215,2026-09-02 10:58:26,SKU-00018,9,D-03-04-01,OP-101,PUT_AWAY,NORMAL
PA-000589,2026-09-02 10:58:45,SKU-00833,10,E-03-05-02,OP-102,PUT_AWAY,NORMAL
PA-001725,2026-09-02 10:58:51,SKU-00026,2,A-06-04-01,OP-108,PUT_AWAY,NORMAL
PA-002711,2026-09-02 10:58:52,SKU-01976,9,B-01-02-02,OP-102,PUT_AWAY,NORMAL
PA-005174,2026-09-02 10:59:26,SKU-00594,3,D-02-02-02,OP-104,PUT_AWAY,NORMAL
PA-004199,2026-09-02 10:59:29,SKU-01751,7,B-09-02-01,OP-103,PUT_AWAY,NORMAL
PA-008122,2026-09-02 10:59:30,SKU-01150,1,A-07-03-02,OP-103,PUT_AWAY,NORMAL
PA-004034,2026-09-02 10:59:33,SKU-01967,2,A-04-04-02,OP-108,PUT_AWAY,NORMAL
PA-000086,2026-09-02 11:00:10,SKU-00941,1,D-08-01-01,OP-105,PUT_AWAY,NORMAL
PA-006201,2026-09-02 11:00:24,SKU-00459,5,A-05-04-01,OP-108,PUT_AWAY,NORMAL
PA-004113,2026-09-02 11:00:30,SKU-00210,1,C-08-01-02,OP-108,PUT_AWAY,NORMAL
PA-004276,2026-09-02 11:00:44,SKU-01916,7,B-03-02-02,OP-105,PUT_AWAY,NORMAL
PA-005670,2026-09-02 11:00:45,SKU-00364,6,C-02-01-01,OP-103,PUT_AWAY,NORMAL
PA-003104,2026-09-02 11:00:56,SKU-01883,3,F-09-04-02,OP-108,PUT_AWAY,NORMAL
PA-000327,2026-09-02 11:01:02,SKU-01460,2,F-02-05-01,OP-106,PUT_AWAY,NORMAL
PA-004439,2026-09-02 11:01:28,SKU-00987,2,B-01-04-01,OP-103,PUT_AWAY,NORMAL
PA-007405,2026-09-02 11:01:36,SKU-00704,2,A-09-03-02,OP-103,PUT_AWAY,NORMAL
PA-003097,2026-09-02 11:01:48,SKU-01227,10,F-06-04-01,OP-102,PUT_AWAY,NORMAL
PA-001746,2026-09-02 11:01:49,SKU-01665,9,B-06-04-01,OP-103,PUT_AWAY,NORMAL
PA-000567,2026-09-02 11:01:54,SKU-00485,7,D-10-03-02,OP-101,PUT_AWAY,NORMAL
PA-005090,2026-09-02 11:02:12,SKU-00970,7,D-10-05-02,OP-108,PUT_AWAY,NORMAL
PA-000758,2026-09-02 11:02:44,SKU-00405,3,E-09-02-02,OP-104,PUT_AWAY,NORMAL
PA-007199,2026-09-02 11:02:59,SKU-01335,8,D-02-01-01,OP-101,PUT_AWAY,NORMAL
PA-003015,2026-09-02 11:04:32,SKU-00760,5,C-02-04-02,OP-102,PUT_AWAY,NORMAL
PA-002763,2026-09-02 11:04:33,SKU-01334,4,F-04-03-02,OP-108,PUT_AWAY,NORMAL
PA-000145,2026-09-02 11:04:42,SKU-00760,8,C-02-04-02,OP-104,PUT_AWAY,NORMAL
PA-002981,2026-09-02 11:04:51,SKU-00814,6,E-10-04-01,OP-102,PUT_AWAY,NORMAL
PA-000033,2026-09-02 11:05:01,SKU-01711,1,B-06-01-02,OP-105,PUT_AWAY,NORMAL
PA-000866,2026-09-02 11:05:05,SKU-01213,6,A-03-04-01,OP-101,PUT_AWAY,NORMAL
PA-007387,2026-09-02 11:05:10,SKU-01662,7,C-02-03-02,OP-104,PUT_AWAY,NORMAL
PA-007240,2026-09-02 11:06:02,SKU-00974,1,E-06-04-01,OP-102,PUT_AWAY,NORMAL
PA-007252,2026-09-02 11:06:10,SKU-01101,1,E-09-02-01,OP-106,PUT_AWAY,NORMAL
PA-001614,2026-09-02 11:06:21,SKU-01306,5,F-05-01-02,OP-104,PUT_AWAY,NORMAL
PA-003933,2026-09-02 11:06:46,SKU-00240,1,C-02-04-01,OP-106,PUT_AWAY,NORMAL
PA-004040,2026-09-02 11:06:49,SKU-00324,9,B-03-01-02,OP-108,PUT_AWAY,NORMAL
PA-005692,2026-09-02 11:07:10,SKU-00376,7,A-07-05-02,OP-103,PUT_AWAY,NORMAL
PA-001616,2026-09-02 11:07:59,SKU-01139,10,F-04-02-01,OP-105,PUT_AWAY,NORMAL
PA-004018,2026-09-02 11:08:05,SKU-01931,5,D-06-05-02,OP-103,PUT_AWAY,NORMAL
PA-005054,2026-09-02 11:08:24,SKU-01906,3,A-02-04-01,OP-102,PUT_AWAY,NORMAL
PA-003846,2026-09-02 11:08:38,SKU-00621,2,D-10-01-01,OP-107,PUT_AWAY,NORMAL
PA-006383,2026-09-02 11:09:07,SKU-00217,10,A-05-01-02,OP-108,PUT_AWAY,NORMAL
PA-006846,2026-09-02 11:09:25,SKU-00746,2,A-02-02-01,OP-108,PUT_AWAY,NORMAL
PA-005961,2026-09-02 11:09:34,SKU-01259,10,F-07-04-02,OP-108,PUT_AWAY,NORMAL
PA-004711,2026-09-02 11:09:37,SKU-00512,1,F-06-05-02,OP-105,PUT_AWAY,NORMAL
PA-005513,2026-09-02 11:09:38,SKU-00593,9,A-02-01-02,OP-102,PUT_AWAY,NORMAL
PA-006301,2026-09-02 11:10:02,SKU-00949,10,D-04-04-02,OP-108,PUT_AWAY,NORMAL
PA-000938,2026-09-02 11:10:04,SKU-01159,9,E-06-03-01,OP-101,PUT_AWAY,NORMAL
PA-002204,2026-09-02 11:10:17,SKU-01234,6,A-05-03-01,OP-101,PUT_AWAY,NORMAL
PA-002095,2026-09-02 11:10:19,SKU-01477,3,A-07-05-01,OP-102,PUT_AWAY,NORMAL
PA-002215,2026-09-02 11:10:42,SKU-01394,8,E-04-04-01,OP-103,PUT_AWAY,NORMAL
PA-000221,2026-09-02 11:10:51,SKU-01327,1,F-05-04-02,OP-103,PUT_AWAY,NORMAL
PA-004326,2026-09-02 11:11:10,SKU-01768,5,A-02-04-02,OP-108,PUT_AWAY,NORMAL
PA-008806,2026-09-02 11:11:25,SKU-01241,5,D-06-02-01,OP-108,PUT_AWAY,NORMAL
PA-000522,2026-09-02 11:11:26,SKU-01164,5,A-06-01-01,OP-107,PUT_AWAY,NORMAL
PA-005257,2026-09-02 11:11:31,SKU-00943,8,E-05-01-01,OP-103,PUT_AWAY,NORMAL
PA-002811,2026-09-02 11:11:37,SKU-01311,5,F-01-05-02,OP-108,PUT_AWAY,NORMAL
PA-006892,2026-09-02 11:12:13,SKU-01690,2,F-10-03-02,OP-107,PUT_AWAY,NORMAL
PA-007525,2026-09-02 11:12:24,SKU-00641,1,D-04-02-02,OP-102,PUT_AWAY,NORMAL
PA-006056,2026-09-02 11:13:12,SKU-01591,1,B-05-05-01,OP-106,PUT_AWAY,NORMAL
PA-005942,2026-09-02 11:13:15,SKU-01162,5,D-07-05-02,OP-102,PUT_AWAY,NORMAL
PA-002762,2026-09-02 11:13:16,SKU-01293,1,C-09-04-01,OP-105,PUT_AWAY,NORMAL
PA-000576,2026-09-02 11:13:23,SKU-00277,6,C-04-05-01,OP-103,PUT_AWAY,NORMAL
PA-001082,2026-09-02 11:13:25,SKU-01313,9,C-10-05-02,OP-104,PUT_AWAY,NORMAL
PA-004699,2026-09-02 11:13:32,SKU-01307,4,C-03-03-01,OP-105,PUT_AWAY,NORMAL
PA-008715,2026-09-02 11:13:35,SKU-00927,3,C-01-03-01,OP-102,PUT_AWAY,NORMAL
PA-008581,2026-09-02 11:14:04,SKU-00490,9,C-03-05-02,OP-103,PUT_AWAY,NORMAL
PA-005216,2026-09-02 11:14:10,SKU-00798,10,D-10-03-01,OP-106,PUT_AWAY,NORMAL
PA-005179,2026-09-02 11:14:15,SKU-00158,3,D-01-03-02,OP-103,PUT_AWAY,NORMAL
PA-004448,2026-09-02 11:15:26,SKU-01450,7,E-07-02-01,OP-101,PUT_AWAY,NORMAL
PA-006724,2026-09-02 11:15:46,SKU-00632,1,D-06-02-02,OP-104,PUT_AWAY,NORMAL
PA-008802,2026-09-02 11:15:47,SKU-01590,5,F-10-02-02,OP-106,PUT_AWAY,NORMAL
PA-004767,2026-09-02 11:15:53,SKU-01830,4,A-03-04-01,OP-106,PUT_AWAY,NORMAL
PA-000695,2026-09-02 11:16:11,SKU-01968,1,E-02-02-02,OP-103,PUT_AWAY,NORMAL
PA-008567,2026-09-02 11:16:24,SKU-00651,10,D-02-01-02,OP-104,PUT_AWAY,NORMAL
PA-002211,2026-09-02 11:16:38,SKU-01633,2,C-03-05-01,OP-108,PUT_AWAY,NORMAL
PA-006396,2026-09-02 11:17:06,SKU-00719,4,E-06-02-01,OP-105,PUT_AWAY,NORMAL
PA-001911,2026-09-02 11:17:12,SKU-01022,3,D-09-03-02,OP-103,PUT_AWAY,NORMAL
PA-000753,2026-09-02 11:17:22,SKU-01125,3,F-01-04-01,OP-106,PUT_AWAY,NORMAL
PA-007736,2026-09-02 11:17:39,SKU-01952,7,A-05-03-01,OP-107,PUT_AWAY,NORMAL
PA-008949,2026-09-02 11:18:29,SKU-00879,6,F-08-02-01,OP-107,PUT_AWAY,NORMAL
PA-007347,2026-09-02 11:18:35,SKU-01421,9,A-09-03-02,OP-103,PUT_AWAY,NORMAL
PA-002740,2026-09-02 11:18:42,SKU-01146,8,C-02-04-02,OP-104,PUT_AWAY,NORMAL
PA-007201,2026-09-02 11:18:57,SKU-00817,10,F-02-05-01,OP-107,PUT_AWAY,NORMAL
PA-006290,2026-09-02 11:19:21,SKU-00988,6,C-01-04-02,OP-101,PUT_AWAY,NORMAL
PA-007723,2026-09-02 11:19:22,SKU-00470,7,E-04-02-02,OP-107,PUT_AWAY,NORMAL
PA-002025,2026-09-02 11:19:24,SKU-00408,2,C-08-01-02,OP-103,PUT_AWAY,NORMAL
PA-001813,2026-09-02 11:19:46,SKU-00564,2,E-01-05-02,OP-108,PUT_AWAY,NORMAL
PA-008995,2026-09-02 11:20:11,SKU-01321,8,A-02-02-02,OP-101,PUT_AWAY,NORMAL
PA-007834,2026-09-02 11:20:21,SKU-01135,10,E-10-04-02,OP-104,PUT_AWAY,NORMAL
PA-005638,2026-09-02 11:20:35,SKU-01612,9,A-10-02-02,OP-107,PUT_AWAY,NORMAL
PA-002110,2026-09-02 11:20:39,SKU-01637,7,D-10-01-02,OP-107,PUT_AWAY,NORMAL
PA-001038,2026-09-02 11:20:44,SKU-00296,1,E-03-02-02,OP-105,PUT_AWAY,NORMAL
PA-000100,2026-09-02 11:21:29,SKU-01776,7,B-02-05-02,OP-101,PUT_AWAY,NORMAL
PA-008255,2026-09-02 11:21:44,SKU-01392,10,C-08-01-02,OP-104,PUT_AWAY,NORMAL
PA-008347,2026-09-02 11:21:48,SKU-01629,6,F-03-02-01,OP-105,PUT_AWAY,NORMAL
PA-001434,2026-09-02 11:23:34,SKU-00270,1,A-10-02-02,OP-105,PUT_AWAY,NORMAL
PA-001876,2026-09-02 11:23:34,SKU-01545,10,B-06-04-01,OP-104,PUT_AWAY,NORMAL
PA-006103,2026-09-02 11:23:50,SKU-01070,8,D-09-04-01,OP-108,PUT_AWAY,NORMAL
PA-001493,2026-09-02 11:23:51,SKU-01758,1,A-10-05-02,OP-102,PUT_AWAY,NORMAL
PA-004604,2026-09-02 11:23:51,SKU-01767,7,F-01-03-01,OP-108,PUT_AWAY,NORMAL
PA-001180,2026-09-02 11:25:07,SKU-01132,4,C-08-04-02,OP-104,PUT_AWAY,NORMAL
PA-003907,2026-09-02 11:25:40,SKU-00130,9,B-05-03-01,OP-102,PUT_AWAY,NORMAL
PA-008024,2026-09-02 11:25:53,SKU-01076,4,C-02-03-01,OP-105,PUT_AWAY,NORMAL
PA-000673,2026-09-02 11:26:08,SKU-00673,7,B-09-01-02,OP-107,PUT_AWAY,NORMAL
PA-003459,2026-09-02 11:26:56,SKU-00869,7,B-03-02-01,OP-108,PUT_AWAY,NORMAL
PA-006939,2026-09-02 11:27:07,SKU-00356,5,E-03-03-02,OP-102,PUT_AWAY,NORMAL
PA-004514,2026-09-02 11:27:14,SKU-01424,10,C-10-01-01,OP-102,PUT_AWAY,NORMAL
PA-003809,2026-09-02 11:27:25,SKU-00621,3,D-10-01-01,OP-101,PUT_AWAY,NORMAL
PA-006717,2026-09-02 11:27:41,SKU-01517,3,A-08-05-02,OP-106,PUT_AWAY,NORMAL
PA-008028,2026-09-02 11:28:24,SKU-00896,7,D-07-04-02,OP-105,PUT_AWAY,NORMAL
PA-005034,2026-09-02 11:28:35,SKU-01307,10,C-03-03-01,OP-104,PUT_AWAY,NORMAL
PA-005931,2026-09-02 11:29:06,SKU-00796,4,A-10-04-01,OP-105,PUT_AWAY,NORMAL
PA-007581,2026-09-02 11:29:14,SKU-01915,5,B-06-04-02,OP-102,PUT_AWAY,NORMAL
PA-007305,2026-09-02 11:29:37,SKU-01964,2,D-06-04-02,OP-104,PUT_AWAY,NORMAL
PA-004009,2026-09-02 11:29:46,SKU-01259,1,F-07-04-02,OP-104,PUT_AWAY,NORMAL
PA-003541,2026-09-02 11:30:08,SKU-00391,7,B-02-05-02,OP-105,PUT_AWAY,NORMAL
PA-006824,2026-09-02 11:30:26,SKU-00384,2,F-02-05-02,OP-103,PUT_AWAY,NORMAL
PA-006521,2026-09-02 11:30:43,SKU-01775,2,F-07-05-01,OP-101,PUT_AWAY,NORMAL
PA-001299,2026-09-02 11:30:51,SKU-00809,7,E-01-03-02,OP-104,PUT_AWAY,NORMAL
PA-003092,2026-09-02 11:32:12,SKU-01937,5,C-09-03-01,OP-102,PUT_AWAY,NORMAL
PA-002458,2026-09-02 11:32:13,SKU-00665,5,F-06-02-01,OP-107,PUT_AWAY,NORMAL
PA-001294,2026-09-02 11:33:30,SKU-00115,7,E-04-03-02,OP-103,PUT_AWAY,NORMAL
PA-002786,2026-09-02 11:33:46,SKU-01386,1,C-07-03-02,OP-108,PUT_AWAY,NORMAL
PA-002483,2026-09-02 11:34:22,SKU-00031,10,E-06-04-01,OP-106,PUT_AWAY,NORMAL
PA-007340,2026-09-02 11:34:37,SKU-01143,8,F-09-05-02,OP-101,PUT_AWAY,NORMAL
PA-003433,2026-09-02 11:34:41,SKU-00430,1,E-04-04-01,OP-101,PUT_AWAY,NORMAL
PA-001736,2026-09-02 11:34:51,SKU-00155,10,F-01-03-02,OP-106,PUT_AWAY,NORMAL
PA-000286,2026-09-02 11:35:21,SKU-01312,9,F-02-02-01,OP-108,PUT_AWAY,NORMAL
PA-005462,2026-09-02 11:35:30,SKU-00961,4,B-03-05-01,OP-102,PUT_AWAY,NORMAL
PA-007275,2026-09-02 11:35:32,SKU-01559,6,F-09-03-01,OP-101,PUT_AWAY,NORMAL
PA-003661,2026-09-02 11:35:45,SKU-00535,1,F-07-04-02,OP-105,PUT_AWAY,NORMAL
PA-008034,2026-09-02 11:35:52,SKU-00071,4,D-03-05-02,OP-108,PUT_AWAY,NORMAL
PA-004593,2026-09-02 11:36:13,SKU-00021,9,D-08-04-02,OP-101,PUT_AWAY,NORMAL
PA-006295,2026-09-02 11:36:22,SKU-01945,2,A-05-05-01,OP-105,PUT_AWAY,NORMAL
PA-005091,2026-09-02 11:36:59,SKU-00721,5,B-08-03-02,OP-101,PUT_AWAY,NORMAL
PA-005760,2026-09-02 11:37:14,SKU-01965,7,F-07-01-02,OP-104,PUT_AWAY,NORMAL
PA-004962,2026-09-02 11:37:19,SKU-01999,3,E-03-05-02,OP-106,PUT_AWAY,NORMAL
PA-006150,2026-09-02 11:37:37,SKU-00812,9,F-02-04-02,OP-103,PUT_AWAY,NORMAL
PA-001740,2026-09-02 11:37:52,SKU-01591,2,B-05-05-01,OP-104,PUT_AWAY,NORMAL
PA-008278,2026-09-02 11:37:56,SKU-00127,9,A-07-04-02,OP-107,PUT_AWAY,NORMAL
PA-004991,2026-09-02 11:38:11,SKU-01002,4,E-05-02-01,OP-103,PUT_AWAY,NORMAL
PA-006512,2026-09-02 11:38:13,SKU-00219,2,F-09-04-02,OP-103,PUT_AWAY,NORMAL
PA-002599,2026-09-02 11:38:54,SKU-01999,5,E-03-05-02,OP-107,PUT_AWAY,NORMAL
PA-000230,2026-09-02 11:39:00,SKU-01890,4,F-08-04-01,OP-101,PUT_AWAY,NORMAL
PA-000817,2026-09-02 11:39:03,SKU-01101,6,E-09-02-01,OP-103,PUT_AWAY,NORMAL
PA-005621,2026-09-02 11:39:06,SKU-00105,9,B-01-01-01,OP-101,PUT_AWAY,NORMAL
PA-007953,2026-09-02 11:39:10,SKU-01997,5,A-09-02-01,OP-101,PUT_AWAY,NORMAL
PA-008758,2026-09-02 11:39:21,SKU-01128,10,B-06-05-02,OP-101,PUT_AWAY,NORMAL
PA-004876,2026-09-02 11:39:23,SKU-01247,8,F-01-03-02,OP-103,PUT_AWAY,NORMAL
PA-001672,2026-09-02 11:39:25,SKU-01665,4,B-06-04-01,OP-103,PUT_AWAY,NORMAL
PA-001358,2026-09-02 11:39:40,SKU-01625,10,C-09-01-02,OP-102,PUT_AWAY,NORMAL
PA-001702,2026-09-02 11:40:12,SKU-01998,1,A-02-04-01,OP-104,PUT_AWAY,NORMAL
PA-001733,2026-09-02 11:40:16,SKU-00559,2,B-09-04-01,OP-103,PUT_AWAY,NORMAL
PA-003050,2026-09-02 11:40:26,SKU-00877,2,B-10-03-01,OP-106,PUT_AWAY,NORMAL
PA-000636,2026-09-02 11:40:43,SKU-01445,7,E-02-03-01,OP-108,PUT_AWAY,NORMAL
PA-006367,2026-09-02 11:40:58,SKU-01442,9,C-09-01-01,OP-108,PUT_AWAY,NORMAL
PA-002201,2026-09-02 11:40:58,SKU-00874,1,E-01-04-01,OP-106,PUT_AWAY,NORMAL
PA-001618,2026-09-02 11:41:00,SKU-00457,5,E-03-02-02,OP-103,PUT_AWAY,NORMAL
PA-000471,2026-09-02 11:41:04,SKU-00277,1,C-04-05-01,OP-107,PUT_AWAY,NORMAL
PA-001760,2026-09-02 11:41:39,SKU-00273,3,F-06-01-01,OP-104,PUT_AWAY,NORMAL
PA-001723,2026-09-02 11:41:47,SKU-00814,10,E-10-04-01,OP-101,PUT_AWAY,NORMAL
PA-005463,2026-09-02 11:42:17,SKU-00652,4,A-01-04-01,OP-102,PUT_AWAY,NORMAL
PA-001027,2026-09-02 11:42:34,SKU-01660,2,F-02-01-02,OP-104,PUT_AWAY,NORMAL
PA-005231,2026-09-02 11:42:36,SKU-01094,8,E-01-04-02,OP-105,PUT_AWAY,NORMAL
PA-008873,2026-09-02 11:42:43,SKU-00453,4,D-09-02-01,OP-104,PUT_AWAY,NORMAL
PA-004160,2026-09-02 11:43:20,SKU-01510,3,A-09-03-02,OP-107,PUT_AWAY,NORMAL
PA-005170,2026-09-02 11:43:25,SKU-01888,6,D-10-01-02,OP-101,PUT_AWAY,NORMAL
PA-004361,2026-09-02 11:43:29,SKU-00398,4,E-09-01-01,OP-101,PUT_AWAY,NORMAL
PA-006079,2026-09-02 11:43:41,SKU-01291,6,D-02-04-02,OP-108,PUT_AWAY,NORMAL
PA-006877,2026-09-02 11:44:06,SKU-01322,1,C-05-05-01,OP-107,PUT_AWAY,NORMAL
PA-007656,2026-09-02 11:44:19,SKU-00132,6,E-08-01-01,OP-108,PUT_AWAY,NORMAL
PA-001810,2026-09-02 11:44:26,SKU-00046,1,F-03-02-02,OP-106,PUT_AWAY,NORMAL
PA-005608,2026-09-02 11:44:53,SKU-00329,10,F-03-01-01,OP-104,PUT_AWAY,NORMAL
PA-006188,2026-09-02 11:45:36,SKU-01991,3,E-06-02-01,OP-102,PUT_AWAY,NORMAL
PA-003513,2026-09-02 11:45:56,SKU-01242,9,B-05-02-01,OP-108,PUT_AWAY,NORMAL
PA-006798,2026-09-02 11:46:04,SKU-00333,10,C-10-02-02,OP-106,PUT_AWAY,NORMAL
PA-005828,2026-09-02 11:46:14,SKU-00506,8,F-03-03-01,OP-104,PUT_AWAY,NORMAL
PA-008084,2026-09-02 11:46:17,SKU-00513,6,A-08-02-02,OP-102,PUT_AWAY,NORMAL
PA-008524,2026-09-02 11:46:18,SKU-00469,8,D-04-01-01,OP-102,PUT_AWAY,NORMAL
PA-005175,2026-09-02 11:47:40,SKU-01029,4,F-06-01-01,OP-107,PUT_AWAY,NORMAL
PA-007359,2026-09-02 11:48:32,SKU-01835,3,F-03-03-02,OP-107,PUT_AWAY,NORMAL
PA-007009,2026-09-02 11:49:31,SKU-01944,9,B-03-04-02,OP-107,PUT_AWAY,NORMAL
PA-003069,2026-09-02 11:50:13,SKU-00227,2,E-01-05-01,OP-108,PUT_AWAY,NORMAL
PA-006138,2026-09-02 11:50:17,SKU-01864,9,B-03-04-01,OP-108,PUT_AWAY,NORMAL
PA-002844,2026-09-02 11:50:57,SKU-01026,5,A-03-01-02,OP-101,PUT_AWAY,NORMAL
PA-002022,2026-09-02 11:51:48,SKU-01642,8,B-01-01-01,OP-103,PUT_AWAY,NORMAL
PA-007262,2026-09-02 11:52:30,SKU-00571,7,F-03-01-02,OP-101,PUT_AWAY,NORMAL
PA-003925,2026-09-02 11:52:40,SKU-01894,8,C-06-03-02,OP-105,PUT_AWAY,NORMAL
PA-006965,2026-09-02 11:52:53,SKU-01772,7,A-06-04-02,OP-106,PUT_AWAY,NORMAL
PA-003856,2026-09-02 11:52:55,SKU-01207,2,F-03-04-01,OP-101,PUT_AWAY,NORMAL
PA-000752,2026-09-02 11:52:56,SKU-00961,9,B-03-05-01,OP-104,PUT_AWAY,NORMAL
PA-002986,2026-09-02 11:53:33,SKU-00581,4,C-06-03-02,OP-101,PUT_AWAY,NORMAL
PA-006347,2026-09-02 11:53:34,SKU-00940,3,F-02-05-02,OP-102,PUT_AWAY,NORMAL
PA-005957,2026-09-02 11:53:41,SKU-01906,3,A-02-04-01,OP-104,PUT_AWAY,NORMAL
PA-008195,2026-09-02 11:54:14,SKU-01879,1,B-04-03-01,OP-103,PUT_AWAY,NORMAL
PA-006094,2026-09-02 11:54:50,SKU-01289,9,E-02-02-01,OP-108,PUT_AWAY,NORMAL
PA-008958,2026-09-02 11:54:53,SKU-00960,4,D-02-03-01,OP-106,PUT_AWAY,NORMAL
PA-004437,2026-09-02 11:55:47,SKU-01869,4,C-09-04-02,OP-101,PUT_AWAY,NORMAL
PA-006815,2026-09-02 11:56:00,SKU-01850,2,C-06-02-01,OP-108,PUT_AWAY,NORMAL
PA-001631,2026-09-02 11:56:31,SKU-01886,5,B-04-05-01,OP-105,PUT_AWAY,NORMAL
PA-007230,2026-09-02 11:56:32,SKU-00161,5,E-03-03-02,OP-108,PUT_AWAY,NORMAL
PA-005532,2026-09-02 11:57:13,SKU-00606,6,E-06-05-02,OP-102,PUT_AWAY,NORMAL
PA-003671,2026-09-02 11:57:50,SKU-01659,8,E-03-03-02,OP-101,PUT_AWAY,NORMAL
PA-004293,2026-09-02 11:58:24,SKU-01119,2,D-02-01-02,OP-105,PUT_AWAY,NORMAL
PA-001768,2026-09-02 11:58:30,SKU-01067,3,E-05-03-02,OP-103,PUT_AWAY,NORMAL
PA-006387,2026-09-02 11:58:33,SKU-00521,8,C-01-03-01,OP-102,PUT_AWAY,NORMAL
PA-000019,2026-09-02 11:59:26,SKU-00758,5,E-01-05-01,OP-106,PUT_AWAY,NORMAL
PA-007342,2026-09-02 11:59:46,SKU-01908,1,A-05-01-01,OP-103,PUT_AWAY,NORMAL
PA-001972,2026-09-02 11:59:47,SKU-01500,3,B-02-02-01,OP-102,PUT_AWAY,NORMAL
PA-008681,2026-09-02 11:59:56,SKU-01306,9,F-05-01-02,OP-101,PUT_AWAY,NORMAL
PA-002444,2026-09-02 12:00:36,SKU-01191,6,D-03-05-01,OP-103,PUT_AWAY,NORMAL
PA-008023,2026-09-02 12:00:59,SKU-01591,8,B-05-05-01,OP-107,PUT_AWAY,NORMAL
PA-003976,2026-09-02 12:01:13,SKU-00501,5,E-02-02-02,OP-101,PUT_AWAY,NORMAL
PA-006920,2026-09-02 12:01:17,SKU-00380,2,A-03-02-02,OP-101,PUT_AWAY,NORMAL
PA-000603,2026-09-02 12:01:28,SKU-01875,3,F-05-02-02,OP-107,PUT_AWAY,NORMAL
PA-002061,2026-09-02 12:01:32,SKU-00773,4,F-02-04-01,OP-103,PUT_AWAY,NORMAL
PA-001289,2026-09-02 12:02:52,SKU-01315,7,F-05-05-02,OP-107,PUT_AWAY,NORMAL
PA-008030,2026-09-02 12:04:32,SKU-01263,5,C-02-02-01,OP-105,PUT_AWAY,NORMAL
PA-002443,2026-09-02 12:05:19,SKU-01242,10,B-05-02-01,OP-104,PUT_AWAY,NORMAL
PA-003694,2026-09-02 12:05:20,SKU-00969,10,D-05-04-01,OP-101,PUT_AWAY,NORMAL
PA-008977,2026-09-02 12:05:21,SKU-00305,1,E-05-05-01,OP-105,PUT_AWAY,NORMAL
PA-007232,2026-09-02 12:05:42,SKU-00835,7,F-10-05-01,OP-105,PUT_AWAY,NORMAL
PA-006602,2026-09-02 12:06:26,SKU-01910,5,B-10-03-01,OP-102,PUT_AWAY,NORMAL
PA-002830,2026-09-02 12:06:43,SKU-00617,4,A-02-04-01,OP-107,PUT_AWAY,NORMAL
PA-004100,2026-09-02 12:06:46,SKU-01294,6,C-02-01-02,OP-102,PUT_AWAY,NORMAL
PA-006121,2026-09-02 12:06:51,SKU-01472,2,E-02-05-02,OP-102,PUT_AWAY,NORMAL
PA-005719,2026-09-02 12:07:07,SKU-00883,5,F-01-05-01,OP-108,PUT_AWAY,NORMAL
PA-007636,2026-09-02 12:07:31,SKU-01855,1,C-02-03-02,OP-106,PUT_AWAY,NORMAL
PA-000395,2026-09-02 12:07:49,SKU-00030,3,F-09-03-02,OP-103,PUT_AWAY,NORMAL
PA-006606,2026-09-02 12:08:02,SKU-01875,8,F-05-02-02,OP-107,PUT_AWAY,NORMAL
PA-007591,2026-09-02 12:08:39,SKU-01850,3,C-06-02-01,OP-108,PUT_AWAY,NORMAL
PA-000119,2026-09-02 12:08:43,SKU-00133,4,D-06-01-02,OP-104,PUT_AWAY,NORMAL
PA-004931,2026-09-02 12:09:09,SKU-00985,4,B-06-04-01,OP-108,PUT_AWAY,NORMAL
PA-001295,2026-09-02 12:09:46,SKU-00505,8,E-06-02-02,OP-101,PUT_AWAY,NORMAL
PA-004414,2026-09-02 12:10:11,SKU-01559,10,F-09-03-01,OP-101,PUT_AWAY,NORMAL
PA-000231,2026-09-02 12:10:12,SKU-01539,3,F-03-03-02,OP-105,PUT_AWAY,NORMAL
PA-007315,2026-09-02 12:11:13,SKU-00063,6,C-06-01-01,OP-107,PUT_AWAY,NORMAL
PA-008407,2026-09-02 12:11:25,SKU-01852,3,A-07-04-01,OP-102,PUT_AWAY,NORMAL
PA-007994,2026-09-02 12:11:28,SKU-01757,7,F-04-04-01,OP-101,PUT_AWAY,NORMAL
PA-006183,2026-09-02 12:11:52,SKU-00541,4,E-05-02-01,OP-103,PUT_AWAY,NORMAL
PA-004350,2026-09-02 12:11:57,SKU-00178,7,B-03-04-01,OP-106,PUT_AWAY,NORMAL
PA-006204,2026-09-02 12:13:23,SKU-00043,3,D-10-03-02,OP-108,PUT_AWAY,NORMAL
PA-001546,2026-09-02 12:13:23,SKU-00413,2,E-09-04-01,OP-107,PUT_AWAY,NORMAL
PA-004667,2026-09-02 12:14:23,SKU-01041,2,F-08-01-02,OP-106,PUT_AWAY,NORMAL
PA-005381,2026-09-02 12:14:37,SKU-00649,1,F-10-04-01,OP-104,PUT_AWAY,NORMAL
PA-000251,2026-09-02 12:14:52,SKU-01961,1,E-10-04-01,OP-105,PUT_AWAY,NORMAL
PA-006285,2026-09-02 12:15:04,SKU-01909,8,A-02-02-02,OP-108,PUT_AWAY,NORMAL
PA-004529,2026-09-02 12:15:17,SKU-00945,7,D-01-03-01,OP-107,PUT_AWAY,NORMAL
PA-003574,2026-09-02 12:15:21,SKU-01225,2,E-02-02-01,OP-107,PUT_AWAY,NORMAL
PA-001663,2026-09-02 12:15:23,SKU-01280,1,F-10-02-01,OP-104,PUT_AWAY,NORMAL
PA-004527,2026-09-02 12:15:51,SKU-00317,7,C-06-04-02,OP-108,PUT_AWAY,NORMAL
PA-002607,2026-09-02 12:16:16,SKU-00442,2,E-02-05-01,OP-108,PUT_AWAY,NORMAL
PA-001343,2026-09-02 12:16:39,SKU-01933,2,E-09-04-02,OP-108,PUT_AWAY,NORMAL
PA-003115,2026-09-02 12:17:30,SKU-01021,4,E-02-04-02,OP-101,PUT_AWAY,NORMAL
PA-001913,2026-09-02 12:17:53,SKU-01662,1,C-02-03-02,OP-106,PUT_AWAY,NORMAL
PA-007028,2026-09-02 12:18:23,SKU-00532,2,A-07-05-01,OP-106,PUT_AWAY,NORMAL
PA-008352,2026-09-02 12:19:01,SKU-01014,5,A-04-03-01,OP-105,PUT_AWAY,NORMAL
PA-007323,2026-09-02 12:19:48,SKU-00858,2,C-01-04-01,OP-102,PUT_AWAY,NORMAL
PA-005535,2026-09-02 12:19:50,SKU-00637,5,E-01-02-02,OP-101,PUT_AWAY,NORMAL
PA-005887,2026-09-02 12:21:09,SKU-00581,1,C-06-03-02,OP-106,PUT_AWAY,NORMAL
PA-006134,2026-09-02 12:21:17,SKU-01293,1,C-09-04-01,OP-107,PUT_AWAY,NORMAL
PA-004305,2026-09-02 12:21:39,SKU-00417,7,D-08-02-02,OP-105,PUT_AWAY,NORMAL
PA-005766,2026-09-02 12:21:47,SKU-01200,5,F-02-05-01,OP-102,PUT_AWAY,NORMAL
PA-004716,2026-09-02 12:21:52,SKU-00973,2,C-04-04-01,OP-107,PUT_AWAY,NORMAL
PA-000889,2026-09-02 12:21:54,SKU-00062,4,F-01-04-01,OP-104,PUT_AWAY,NORMAL
PA-007661,2026-09-02 12:21:57,SKU-00442,4,E-02-05-01,OP-105,PUT_AWAY,NORMAL
PA-000207,2026-09-02 12:22:09,SKU-01368,1,A-05-04-02,OP-108,PUT_AWAY,NORMAL
PA-000376,2026-09-02 12:22:26,SKU-00180,1,A-07-02-02,OP-107,PUT_AWAY,NORMAL
PA-005773,2026-09-02 12:23:39,SKU-01727,9,C-03-02-01,OP-103,PUT_AWAY,NORMAL
PA-005155,2026-09-02 12:24:00,SKU-00726,7,B-10-04-01,OP-103,PUT_AWAY,NORMAL
PA-000984,2026-09-02 12:24:01,SKU-00549,1,B-10-02-01,OP-105,PUT_AWAY,NORMAL
PA-004131,2026-09-02 12:24:11,SKU-01087,3,D-02-04-02,OP-104,PUT_AWAY,NORMAL
PA-002489,2026-09-02 12:24:52,SKU-01120,1,D-03-04-02,OP-102,PUT_AWAY,NORMAL
PA-002618,2026-09-02 12:24:53,SKU-01268,7,A-10-01-02,OP-108,PUT_AWAY,NORMAL
PA-008800,2026-09-02 12:24:54,SKU-00038,9,B-09-05-01,OP-104,PUT_AWAY,NORMAL
PA-001726,2026-09-02 12:24:58,SKU-00260,1,B-01-01-02,OP-108,PUT_AWAY,NORMAL
PA-000755,2026-09-02 12:25:04,SKU-01655,8,A-09-05-02,OP-108,PUT_AWAY,NORMAL
PA-001347,2026-09-02 12:25:42,SKU-00508,1,F-07-01-01,OP-101,PUT_AWAY,NORMAL
PA-004968,2026-09-02 12:25:47,SKU-00832,8,D-07-04-02,OP-103,PUT_AWAY,NORMAL
PA-006862,2026-09-02 12:25:50,SKU-01712,1,A-09-02-02,OP-101,PUT_AWAY,NORMAL
PA-002598,2026-09-02 12:25:57,SKU-00752,6,E-06-02-01,OP-101,PUT_AWAY,NORMAL
PA-003042,2026-09-02 12:25:57,SKU-00715,10,D-02-05-01,OP-103,PUT_AWAY,NORMAL
PA-004887,2026-09-02 12:26:12,SKU-01365,2,C-07-01-01,OP-101,PUT_AWAY,NORMAL
PA-006817,2026-09-02 12:26:41,SKU-00085,5,F-02-01-02,OP-105,PUT_AWAY,NORMAL
PA-001676,2026-09-02 12:27:26,SKU-00151,2,D-09-01-02,OP-102,PUT_AWAY,NORMAL
PA-000268,2026-09-02 12:27:26,SKU-00124,7,E-03-02-01,OP-104,PUT_AWAY,NORMAL
PA-007483,2026-09-02 12:28:18,SKU-00266,7,F-05-02-02,OP-105,PUT_AWAY,NORMAL
PA-008126,2026-09-02 12:28:32,SKU-00640,3,A-07-02-01,OP-105,PUT_AWAY,NORMAL
PA-005467,2026-09-02 12:28:41,SKU-00674,10,E-09-02-02,OP-105,PUT_AWAY,NORMAL
PA-008145,2026-09-02 12:28:54,SKU-00783,6,B-02-03-02,OP-108,PUT_AWAY,NORMAL
PA-001078,2026-09-02 12:28:59,SKU-01999,8,E-03-05-02,OP-101,PUT_AWAY,NORMAL
PA-003478,2026-09-02 12:29:12,SKU-00735,2,D-10-03-02,OP-103,PUT_AWAY,NORMAL
PA-003947,2026-09-02 12:29:14,SKU-01354,6,D-08-03-02,OP-104,PUT_AWAY,NORMAL
PA-004338,2026-09-02 12:29:18,SKU-01152,6,F-05-01-02,OP-106,PUT_AWAY,NORMAL
PA-002256,2026-09-02 12:29:28,SKU-00740,6,D-02-03-01,OP-105,PUT_AWAY,NORMAL
PA-005598,2026-09-02 12:29:54,SKU-01410,7,A-09-04-01,OP-106,PUT_AWAY,NORMAL
PA-002553,2026-09-02 12:30:59,SKU-01260,3,A-06-01-02,OP-101,PUT_AWAY,NORMAL
PA-006875,2026-09-02 12:31:00,SKU-00389,6,E-05-05-01,OP-106,PUT_AWAY,NORMAL
PA-004829,2026-09-02 12:31:05,SKU-01706,10,B-04-05-02,OP-107,PUT_AWAY,NORMAL
PA-006828,2026-09-02 12:31:42,SKU-00880,9,B-10-03-02,OP-106,PUT_AWAY,NORMAL
PA-005007,2026-09-02 12:31:58,SKU-01896,5,E-03-01-02,OP-101,PUT_AWAY,NORMAL
PA-005768,2026-09-02 12:32:10,SKU-01126,2,F-08-04-01,OP-107,PUT_AWAY,NORMAL
PA-001898,2026-09-02 12:32:45,SKU-00516,8,B-01-01-01,OP-102,PUT_AWAY,NORMAL
PA-000864,2026-09-02 12:33:14,SKU-00836,1,E-06-01-01,OP-103,PUT_AWAY,NORMAL
PA-007509,2026-09-02 12:33:17,SKU-01367,10,B-01-02-02,OP-105,PUT_AWAY,NORMAL
PA-000553,2026-09-02 12:33:27,SKU-01598,5,B-09-01-02,OP-106,PUT_AWAY,NORMAL
PA-002426,2026-09-02 12:33:37,SKU-01181,2,E-09-05-01,OP-107,PUT_AWAY,NORMAL
PA-000475,2026-09-02 12:34:29,SKU-00241,2,F-01-05-01,OP-102,PUT_AWAY,NORMAL
PA-001435,2026-09-02 12:35:45,SKU-01654,2,E-01-02-02,OP-106,PUT_AWAY,NORMAL
PA-001455,2026-09-02 12:35:59,SKU-00923,5,A-09-02-01,OP-108,PUT_AWAY,NORMAL
PA-003865,2026-09-02 12:35:59,SKU-00897,1,B-05-03-02,OP-107,PUT_AWAY,NORMAL
PA-005400,2026-09-02 12:36:23,SKU-01195,10,C-04-01-02,OP-108,PUT_AWAY,NORMAL
PA-004834,2026-09-02 12:36:39,SKU-01771,8,C-03-05-02,OP-104,PUT_AWAY,NORMAL
PA-004415,2026-09-02 12:36:47,SKU-00677,3,A-02-03-02,OP-104,PUT_AWAY,NORMAL
PA-008504,2026-09-02 12:37:05,SKU-01230,8,C-10-02-02,OP-101,PUT_AWAY,NORMAL
PA-004426,2026-09-02 12:38:09,SKU-01257,8,A-01-02-01,OP-106,PUT_AWAY,NORMAL
PA-002808,2026-09-02 12:38:47,SKU-00171,9,B-08-05-02,OP-108,PUT_AWAY,NORMAL
PA-005495,2026-09-02 12:39:15,SKU-00523,3,E-05-04-02,OP-102,PUT_AWAY,NORMAL
PA-004537,2026-09-02 12:39:16,SKU-01423,8,F-04-01-01,OP-106,PUT_AWAY,NORMAL
PA-000149,2026-09-02 12:39:18,SKU-00265,7,A-05-03-02,OP-105,PUT_AWAY,NORMAL
PA-005487,2026-09-02 12:39:48,SKU-01126,4,F-08-04-01,OP-102,PUT_AWAY,NORMAL
PA-006278,2026-09-02 12:39:49,SKU-01349,10,F-09-05-01,OP-101,PUT_AWAY,NORMAL
PA-004159,2026-09-02 12:40:21,SKU-00125,8,C-07-03-02,OP-107,PUT_AWAY,NORMAL
PA-003996,2026-09-02 12:40:35,SKU-01414,4,D-04-04-02,OP-105,PUT_AWAY,NORMAL
PA-005104,2026-09-02 12:40:50,SKU-00892,1,C-02-03-02,OP-102,PUT_AWAY,NORMAL
PA-005681,2026-09-02 12:41:11,SKU-01135,2,E-10-04-02,OP-102,PUT_AWAY,NORMAL
PA-008925,2026-09-02 12:41:13,SKU-00285,3,F-08-03-02,OP-103,PUT_AWAY,NORMAL
PA-002589,2026-09-02 12:41:23,SKU-01531,6,B-02-05-02,OP-104,PUT_AWAY,NORMAL
PA-004209,2026-09-02 12:41:59,SKU-00576,7,B-08-05-02,OP-101,PUT_AWAY,NORMAL
PA-000550,2026-09-02 12:42:19,SKU-01042,1,B-07-01-02,OP-102,PUT_AWAY,NORMAL
PA-004967,2026-09-02 12:42:26,SKU-00700,3,D-05-05-01,OP-108,PUT_AWAY,NORMAL
PA-007974,2026-09-02 12:42:45,SKU-01964,8,D-06-04-02,OP-102,PUT_AWAY,NORMAL
PA-006040,2026-09-02 12:42:49,SKU-01704,8,E-08-05-02,OP-107,PUT_AWAY,NORMAL
PA-001784,2026-09-02 12:43:18,SKU-00194,4,B-04-02-02,OP-106,PUT_AWAY,NORMAL
PA-007007,2026-09-02 12:43:27,SKU-00464,6,A-10-02-02,OP-107,PUT_AWAY,NORMAL
PA-006690,2026-09-02 12:43:51,SKU-01010,7,F-02-01-02,OP-107,PUT_AWAY,NORMAL
PA-001570,2026-09-02 12:44:16,SKU-00934,9,B-08-02-01,OP-102,PUT_AWAY,NORMAL
PA-002898,2026-09-02 12:44:17,SKU-00176,7,C-08-01-01,OP-106,PUT_AWAY,NORMAL
PA-007580,2026-09-02 12:44:35,SKU-01133,1,F-01-03-02,OP-102,PUT_AWAY,NORMAL
PA-003295,2026-09-02 12:44:42,SKU-01971,3,A-01-02-02,OP-102,PUT_AWAY,NORMAL
PA-003032,2026-09-02 12:44:49,SKU-00159,7,F-09-04-02,OP-101,PUT_AWAY,NORMAL
PA-001341,2026-09-02 12:45:16,SKU-01138,6,A-02-03-01,OP-103,PUT_AWAY,NORMAL
PA-005843,2026-09-02 12:45:31,SKU-01489,8,C-04-03-01,OP-107,PUT_AWAY,NORMAL
PA-005635,2026-09-02 12:45:45,SKU-00127,4,A-07-04-02,OP-105,PUT_AWAY,NORMAL
PA-005700,2026-09-02 12:47:17,SKU-01727,5,C-03-02-01,OP-101,PUT_AWAY,NORMAL
PA-003634,2026-09-02 12:47:27,SKU-01757,8,F-04-04-01,OP-108,PUT_AWAY,NORMAL
PA-003245,2026-09-02 12:47:56,SKU-00028,10,F-03-01-02,OP-104,PUT_AWAY,NORMAL
PA-003989,2026-09-02 12:48:02,SKU-00135,10,F-04-04-02,OP-102,PUT_AWAY,NORMAL
PA-003086,2026-09-02 12:48:20,SKU-01920,10,F-06-05-02,OP-105,PUT_AWAY,NORMAL
PA-001938,2026-09-02 12:48:25,SKU-00038,8,B-09-05-01,OP-108,PUT_AWAY,NORMAL
PA-004215,2026-09-02 12:48:48,SKU-01781,8,C-01-01-01,OP-102,PUT_AWAY,NORMAL
PA-005298,2026-09-02 12:48:53,SKU-01830,3,A-03-04-01,OP-107,PUT_AWAY,NORMAL
PA-002726,2026-09-02 12:49:06,SKU-00977,7,D-04-02-02,OP-102,PUT_AWAY,NORMAL
PA-007090,2026-09-02 12:49:09,SKU-01927,3,E-02-05-01,OP-104,PUT_AWAY,NORMAL
PA-004591,2026-09-02 12:49:11,SKU-00078,5,E-01-04-02,OP-103,PUT_AWAY,NORMAL
PA-005125,2026-09-02 12:49:20,SKU-01053,6,B-03-01-01,OP-103,PUT_AWAY,NORMAL
PA-004257,2026-09-02 12:49:20,SKU-01073,10,A-09-05-01,OP-104,PUT_AWAY,NORMAL
PA-008090,2026-09-02 12:49:29,SKU-01286,7,B-02-02-01,OP-104,PUT_AWAY,NORMAL
PA-007908,2026-09-02 12:49:32,SKU-01171,10,C-07-05-01,OP-101,PUT_AWAY,NORMAL
PA-004536,2026-09-02 12:49:45,SKU-01756,9,E-09-05-02,OP-104,PUT_AWAY,NORMAL
PA-008477,2026-09-02 12:50:23,SKU-01521,8,E-04-02-01,OP-108,PUT_AWAY,NORMAL
PA-006604,2026-09-02 12:50:33,SKU-01983,9,E-09-03-01,OP-104,PUT_AWAY,NORMAL
PA-002083,2026-09-02 12:51:38,SKU-00015,9,F-08-03-02,OP-101,PUT_AWAY,NORMAL
PA-006810,2026-09-02 12:51:57,SKU-01074,10,D-06-01-01,OP-106,PUT_AWAY,NORMAL
PA-005304,2026-09-02 12:52:01,SKU-01712,10,A-09-02-02,OP-104,PUT_AWAY,NORMAL
PA-007992,2026-09-02 12:52:19,SKU-01635,9,A-10-01-02,OP-104,PUT_AWAY,NORMAL
PA-005368,2026-09-02 12:52:19,SKU-00898,9,B-09-02-02,OP-102,PUT_AWAY,NORMAL
PA-006580,2026-09-02 12:53:03,SKU-01958,2,A-05-01-02,OP-107,PUT_AWAY,NORMAL
PA-001189,2026-09-02 12:53:05,SKU-00963,2,B-03-05-01,OP-107,PUT_AWAY,NORMAL
PA-005300,2026-09-02 12:53:51,SKU-00188,1,F-04-02-02,OP-105,PUT_AWAY,NORMAL
PA-005860,2026-09-02 12:54:14,SKU-00463,5,B-07-03-01,OP-106,PUT_AWAY,NORMAL
PA-004609,2026-09-02 12:54:17,SKU-00851,4,A-01-02-02,OP-104,PUT_AWAY,NORMAL
PA-008224,2026-09-02 12:54:18,SKU-01248,8,C-05-01-01,OP-105,PUT_AWAY,NORMAL
PA-008853,2026-09-02 12:54:58,SKU-01514,10,A-02-03-02,OP-105,PUT_AWAY,NORMAL
PA-006917,2026-09-02 12:55:19,SKU-01020,9,D-09-02-01,OP-106,PUT_AWAY,NORMAL
PA-005154,2026-09-02 12:55:31,SKU-01582,2,F-01-02-01,OP-104,PUT_AWAY,NORMAL
PA-001502,2026-09-02 12:56:11,SKU-01914,5,C-09-02-02,OP-105,PUT_AWAY,NORMAL
PA-007587,2026-09-02 12:56:12,SKU-01759,10,C-07-03-02,OP-106,PUT_AWAY,NORMAL
PA-002195,2026-09-02 12:56:28,SKU-01959,1,F-04-03-02,OP-102,PUT_AWAY,NORMAL
PA-004015,2026-09-02 12:56:28,SKU-01583,5,F-04-04-02,OP-102,PUT_AWAY,NORMAL
PA-008121,2026-09-02 12:56:47,SKU-00362,7,C-09-03-01,OP-106,PUT_AWAY,NORMAL
PA-002253,2026-09-02 12:57:30,SKU-00294,3,E-09-05-02,OP-104,PUT_AWAY,NORMAL
PA-007061,2026-09-02 12:58:05,SKU-00437,3,A-07-01-01,OP-104,PUT_AWAY,NORMAL
PA-005058,2026-09-02 12:58:15,SKU-00884,7,A-06-04-02,OP-108,PUT_AWAY,NORMAL
PA-008193,2026-09-02 12:58:30,SKU-00067,3,A-06-02-01,OP-103,PUT_AWAY,NORMAL
PA-000065,2026-09-02 12:58:37,SKU-00157,8,E-07-05-02,OP-106,PUT_AWAY,NORMAL
PA-003142,2026-09-02 12:58:54,SKU-00351,3,D-03-04-02,OP-103,PUT_AWAY,NORMAL
PA-002260,2026-09-02 12:59:01,SKU-01056,3,E-07-02-01,OP-103,PUT_AWAY,NORMAL
PA-008719,2026-09-02 13:00:06,SKU-01621,7,B-10-04-02,OP-108,PUT_AWAY,NORMAL
PA-000545,2026-09-02 13:00:49,SKU-00260,10,B-01-01-02,OP-103,PUT_AWAY,NORMAL
PA-004762,2026-09-02 13:00:52,SKU-01042,7,B-07-01-02,OP-105,PUT_AWAY,NORMAL
PA-003684,2026-09-02 13:00:54,SKU-00233,10,C-07-04-02,OP-102,PUT_AWAY,NORMAL
PA-001742,2026-09-02 13:01:01,SKU-00468,2,A-08-04-02,OP-103,PUT_AWAY,NORMAL
PA-006773,2026-09-02 13:01:24,SKU-01629,3,F-03-02-01,OP-107,PUT_AWAY,NORMAL
PA-002060,2026-09-02 13:02:05,SKU-00706,10,B-05-04-01,OP-101,PUT_AWAY,NORMAL
PA-006216,2026-09-02 13:02:17,SKU-01280,1,F-10-02-01,OP-102,PUT_AWAY,NORMAL
PA-008135,2026-09-02 13:02:23,SKU-00100,10,A-02-05-01,OP-101,PUT_AWAY,NORMAL
PA-002788,2026-09-02 13:02:48,SKU-00886,8,E-01-01-01,OP-108,PUT_AWAY,NORMAL
PA-001381,2026-09-02 13:03:11,SKU-01991,4,E-06-02-01,OP-103,PUT_AWAY,NORMAL
PA-005069,2026-09-02 13:03:16,SKU-00422,2,E-05-05-01,OP-104,PUT_AWAY,NORMAL
PA-003484,2026-09-02 13:03:16,SKU-00750,7,F-02-05-02,OP-101,PUT_AWAY,NORMAL
PA-008212,2026-09-02 13:04:43,SKU-01683,10,F-06-01-01,OP-107,PUT_AWAY,NORMAL
PA-002911,2026-09-02 13:05:00,SKU-01525,3,C-02-02-02,OP-108,PUT_AWAY,NORMAL
PA-005842,2026-09-02 13:06:00,SKU-00377,9,F-07-05-02,OP-105,PUT_AWAY,NORMAL
PA-001973,2026-09-02 13:06:01,SKU-01065,6,A-10-04-02,OP-102,PUT_AWAY,NORMAL
PA-001529,2026-09-02 13:06:03,SKU-00847,6,C-04-04-01,OP-106,PUT_AWAY,NORMAL
PA-006191,2026-09-02 13:06:04,SKU-00965,1,B-05-03-01,OP-104,PUT_AWAY,NORMAL
PA-003188,2026-09-02 13:06:07,SKU-00698,1,B-06-03-01,OP-108,PUT_AWAY,NORMAL
PA-002974,2026-09-02 13:06:11,SKU-00460,4,F-07-02-01,OP-103,PUT_AWAY,NORMAL
PA-005172,2026-09-02 13:06:12,SKU-01391,8,B-08-04-01,OP-102,PUT_AWAY,NORMAL
PA-000407,2026-09-02 13:07:02,SKU-01664,7,D-01-03-02,OP-108,PUT_AWAY,NORMAL
PA-000382,2026-09-02 13:07:46,SKU-01312,7,F-02-02-01,OP-106,PUT_AWAY,NORMAL
PA-006548,2026-09-02 13:08:05,SKU-00508,3,F-07-01-01,OP-105,PUT_AWAY,NORMAL
PA-007759,2026-09-02 13:08:31,SKU-00306,9,D-03-04-01,OP-108,PUT_AWAY,NORMAL
PA-001146,2026-09-02 13:08:40,SKU-01595,8,B-06-01-02,OP-102,PUT_AWAY,NORMAL
PA-003131,2026-09-02 13:08:46,SKU-01974,6,C-06-02-01,OP-102,PUT_AWAY,NORMAL
PA-007286,2026-09-02 13:08:51,SKU-00914,10,B-02-05-02,OP-106,PUT_AWAY,NORMAL
PA-005617,2026-09-02 13:09:13,SKU-00461,3,A-08-01-01,OP-107,PUT_AWAY,NORMAL
PA-004912,2026-09-02 13:09:33,SKU-00759,7,F-08-03-01,OP-107,PUT_AWAY,NORMAL
PA-008906,2026-09-02 13:09:55,SKU-00013,2,C-03-01-01,OP-106,PUT_AWAY,NORMAL
PA-004287,2026-09-02 13:10:04,SKU-00746,8,A-02-02-01,OP-107,PUT_AWAY,NORMAL
PA-004067,2026-09-02 13:10:25,SKU-01059,10,F-10-04-01,OP-102,PUT_AWAY,NORMAL
PA-002263,2026-09-02 13:10:45,SKU-01720,8,E-01-01-02,OP-108,PUT_AWAY,NORMAL
PA-004629,2026-09-02 13:10:49,SKU-00855,1,E-04-05-02,OP-103,PUT_AWAY,NORMAL
PA-003879,2026-09-02 13:11:42,SKU-01102,6,B-10-05-01,OP-104,PUT_AWAY,NORMAL
PA-000293,2026-09-02 13:12:31,SKU-00379,2,E-05-02-01,OP-102,PUT_AWAY,NORMAL
PA-003652,2026-09-02 13:12:37,SKU-00872,5,C-04-01-01,OP-103,PUT_AWAY,NORMAL
PA-004742,2026-09-02 13:13:01,SKU-00032,4,F-05-02-01,OP-102,PUT_AWAY,NORMAL
PA-005516,2026-09-02 13:13:25,SKU-00796,8,A-10-04-01,OP-101,PUT_AWAY,NORMAL
PA-006026,2026-09-02 13:13:37,SKU-01389,9,B-06-01-01,OP-105,PUT_AWAY,NORMAL
PA-002208,2026-09-02 13:13:58,SKU-01138,6,A-02-03-01,OP-101,PUT_AWAY,NORMAL
PA-003669,2026-09-02 13:14:36,SKU-00701,5,E-06-02-01,OP-101,PUT_AWAY,NORMAL
PA-008781,2026-09-02 13:14:41,SKU-00048,2,A-09-04-02,OP-103,PUT_AWAY,NORMAL
PA-006007,2026-09-02 13:15:02,SKU-01235,10,A-01-01-01,OP-102,PUT_AWAY,NORMAL
PA-007571,2026-09-02 13:15:09,SKU-01340,3,F-03-01-01,OP-104,PUT_AWAY,NORMAL
PA-006236,2026-09-02 13:15:53,SKU-00511,4,B-09-02-01,OP-108,PUT_AWAY,NORMAL
PA-004402,2026-09-02 13:15:54,SKU-00957,1,D-04-01-02,OP-106,PUT_AWAY,NORMAL
PA-004631,2026-09-02 13:16:04,SKU-00218,4,F-05-05-02,OP-105,PUT_AWAY,NORMAL
PA-005917,2026-09-02 13:16:16,SKU-01191,5,D-03-05-01,OP-103,PUT_AWAY,NORMAL
PA-001376,2026-09-02 13:16:30,SKU-00234,2,B-10-03-01,OP-106,PUT_AWAY,NORMAL
PA-008979,2026-09-02 13:17:08,SKU-01976,5,B-01-02-02,OP-104,PUT_AWAY,NORMAL
PA-004289,2026-09-02 13:17:23,SKU-00041,3,C-09-03-02,OP-101,PUT_AWAY,NORMAL
PA-001450,2026-09-02 13:17:29,SKU-00762,4,D-06-05-01,OP-107,PUT_AWAY,NORMAL
PA-001156,2026-09-02 13:17:50,SKU-01241,4,D-06-02-01,OP-104,PUT_AWAY,NORMAL
PA-005676,2026-09-02 13:17:59,SKU-00485,1,D-10-03-02,OP-101,PUT_AWAY,NORMAL
PA-002377,2026-09-02 13:18:14,SKU-00842,7,D-01-02-02,OP-104,PUT_AWAY,NORMAL
PA-001076,2026-09-02 13:18:34,SKU-01448,1,E-01-03-01,OP-106,PUT_AWAY,NORMAL
PA-001368,2026-09-02 13:18:44,SKU-00397,1,B-05-04-02,OP-102,PUT_AWAY,NORMAL
PA-002282,2026-09-02 13:19:03,SKU-01042,6,B-07-01-02,OP-107,PUT_AWAY,NORMAL
PA-003269,2026-09-02 13:19:34,SKU-00071,2,D-03-05-02,OP-106,PUT_AWAY,NORMAL
PA-004895,2026-09-02 13:19:57,SKU-01667,2,C-04-01-01,OP-107,PUT_AWAY,NORMAL
PA-003832,2026-09-02 13:20:02,SKU-01450,4,E-07-02-01,OP-103,PUT_AWAY,NORMAL
PA-002138,2026-09-02 13:22:08,SKU-01762,3,D-08-02-01,OP-101,PUT_AWAY,NORMAL
PA-000623,2026-09-02 13:22:19,SKU-00812,3,F-02-04-02,OP-107,PUT_AWAY,NORMAL
PA-007978,2026-09-02 13:22:44,SKU-01369,8,C-01-03-02,OP-105,PUT_AWAY,NORMAL
PA-008998,2026-09-02 13:22:48,SKU-01404,7,E-08-04-02,OP-107,PUT_AWAY,NORMAL
PA-004950,2026-09-02 13:23:25,SKU-00003,8,A-05-05-01,OP-104,PUT_AWAY,NORMAL
PA-006650,2026-09-02 13:23:27,SKU-01329,2,D-06-04-01,OP-102,PUT_AWAY,NORMAL
PA-008328,2026-09-02 13:23:28,SKU-01960,6,D-01-05-01,OP-102,PUT_AWAY,NORMAL
PA-007084,2026-09-02 13:24:05,SKU-00605,8,A-10-04-02,OP-104,PUT_AWAY,NORMAL
PA-000606,2026-09-02 13:24:26,SKU-00982,6,B-03-04-02,OP-106,PUT_AWAY,NORMAL
PA-002244,2026-09-02 13:24:33,SKU-01781,8,C-01-01-01,OP-107,PUT_AWAY,NORMAL
PA-006446,2026-09-02 13:24:37,SKU-01534,1,E-07-01-01,OP-102,PUT_AWAY,NORMAL
PA-005805,2026-09-02 13:24:52,SKU-00370,3,F-04-04-01,OP-104,PUT_AWAY,NORMAL
PA-009000,2026-09-02 13:24:56,SKU-00636,1,F-08-03-02,OP-105,PUT_AWAY,NORMAL
PA-002031,2026-09-02 13:25:01,SKU-00956,7,C-01-01-02,OP-106,PUT_AWAY,NORMAL
PA-001012,2026-09-02 13:26:10,SKU-01040,2,F-09-02-02,OP-105,PUT_AWAY,NORMAL
PA-008442,2026-09-02 13:27:22,SKU-00270,6,A-10-02-02,OP-105,PUT_AWAY,NORMAL
PA-004135,2026-09-02 13:27:26,SKU-00437,8,A-07-01-01,OP-101,PUT_AWAY,NORMAL
PA-004487,2026-09-02 13:27:27,SKU-01314,4,C-09-05-02,OP-103,PUT_AWAY,NORMAL
PA-008743,2026-09-02 13:27:54,SKU-01861,10,C-03-03-01,OP-103,PUT_AWAY,NORMAL
PA-008852,2026-09-02 13:28:09,SKU-00548,3,C-08-01-02,OP-105,PUT_AWAY,NORMAL
PA-007593,2026-09-02 13:28:18,SKU-01489,10,C-04-03-01,OP-104,PUT_AWAY,NORMAL
PA-005996,2026-09-02 13:28:22,SKU-01777,7,C-07-01-01,OP-104,PUT_AWAY,NORMAL
PA-008383,2026-09-02 13:28:34,SKU-00558,6,F-03-02-02,OP-105,PUT_AWAY,NORMAL
PA-006294,2026-09-02 13:28:51,SKU-01110,5,A-03-04-02,OP-108,PUT_AWAY,NORMAL
PA-004241,2026-09-02 13:29:33,SKU-00417,8,D-08-02-02,OP-104,PUT_AWAY,NORMAL
PA-000995,2026-09-02 13:29:34,SKU-00729,8,E-05-05-01,OP-107,PUT_AWAY,NORMAL
PA-004272,2026-09-02 13:29:36,SKU-01852,3,A-07-04-01,OP-103,PUT_AWAY,NORMAL
PA-007047,2026-09-02 13:30:01,SKU-00749,7,B-09-05-01,OP-107,PUT_AWAY,NORMAL
PA-004766,2026-09-02 13:30:26,SKU-01698,8,B-09-02-01,OP-106,PUT_AWAY,NORMAL
PA-005550,2026-09-02 13:30:51,SKU-01764,10,C-04-05-01,OP-107,PUT_AWAY,NORMAL
PA-007037,2026-09-02 13:30:53,SKU-01793,10,C-10-03-01,OP-101,PUT_AWAY,NORMAL
PA-002367,2026-09-02 13:31:09,SKU-00300,7,A-03-01-02,OP-107,PUT_AWAY,NORMAL
PA-006303,2026-09-02 13:31:13,SKU-01699,8,C-01-05-01,OP-106,PUT_AWAY,NORMAL
PA-002689,2026-09-02 13:31:34,SKU-01361,9,E-09-02-02,OP-108,PUT_AWAY,NORMAL
PA-007743,2026-09-02 13:31:47,SKU-00507,6,A-03-02-02,OP-102,PUT_AWAY,NORMAL
PA-005592,2026-09-02 13:32:48,SKU-00243,10,E-05-05-01,OP-101,PUT_AWAY,NORMAL
PA-003709,2026-09-02 13:32:48,SKU-01279,4,B-04-04-01,OP-101,PUT_AWAY,NORMAL
PA-003804,2026-09-02 13:33:04,SKU-00600,5,C-01-02-02,OP-101,PUT_AWAY,NORMAL
PA-008764,2026-09-02 13:34:47,SKU-01277,9,F-06-04-02,OP-105,PUT_AWAY,NORMAL
PA-005392,2026-09-02 13:34:52,SKU-01151,4,C-10-02-01,OP-105,PUT_AWAY,NORMAL
PA-002566,2026-09-02 13:35:00,SKU-00233,2,C-07-04-02,OP-102,PUT_AWAY,NORMAL
PA-000685,2026-09-02 13:35:19,SKU-01096,9,B-05-01-02,OP-103,PUT_AWAY,NORMAL
PA-000128,2026-09-02 13:35:32,SKU-01223,6,B-10-04-01,OP-105,PUT_AWAY,NORMAL
PA-008696,2026-09-02 13:35:57,SKU-01510,1,A-09-03-02,OP-105,PUT_AWAY,NORMAL
PA-002348,2026-09-02 13:36:02,SKU-01656,7,A-05-03-02,OP-102,PUT_AWAY,NORMAL
PA-004172,2026-09-02 13:36:03,SKU-01367,1,B-01-02-02,OP-106,PUT_AWAY,NORMAL
PA-004708,2026-09-02 13:36:52,SKU-01538,8,D-08-03-01,OP-104,PUT_AWAY,NORMAL
PA-000867,2026-09-02 13:37:50,SKU-01156,3,D-10-03-02,OP-103,PUT_AWAY,NORMAL
PA-008386,2026-09-02 13:37:55,SKU-01542,4,E-07-05-02,OP-106,PUT_AWAY,NORMAL
PA-003237,2026-09-02 13:37:59,SKU-00212,9,D-03-02-02,OP-102,PUT_AWAY,NORMAL
PA-007389,2026-09-02 13:38:15,SKU-01566,4,E-09-01-01,OP-104,PUT_AWAY,NORMAL
PA-007353,2026-09-02 13:38:59,SKU-00240,10,C-02-04-01,OP-104,PUT_AWAY,NORMAL
PA-004228,2026-09-02 13:39:21,SKU-00637,5,E-01-02-02,OP-107,PUT_AWAY,NORMAL
PA-006390,2026-09-02 13:39:35,SKU-01784,7,F-02-05-02,OP-107,PUT_AWAY,NORMAL
PA-005005,2026-09-02 13:39:57,SKU-01319,10,B-05-04-02,OP-103,PUT_AWAY,NORMAL
PA-000200,2026-09-02 13:40:03,SKU-01151,1,C-10-02-01,OP-108,PUT_AWAY,NORMAL
PA-001354,2026-09-02 13:40:16,SKU-01446,1,C-06-02-02,OP-108,PUT_AWAY,NORMAL
PA-005181,2026-09-02 13:40:27,SKU-00095,8,A-08-05-02,OP-101,PUT_AWAY,NORMAL
PA-007416,2026-09-02 13:40:52,SKU-01338,5,F-09-04-02,OP-101,PUT_AWAY,NORMAL
PA-000876,2026-09-02 13:41:00,SKU-01864,3,B-03-04-01,OP-108,PUT_AWAY,NORMAL
PA-003633,2026-09-02 13:41:07,SKU-01525,6,C-02-02-02,OP-105,PUT_AWAY,NORMAL
PA-007991,2026-09-02 13:41:09,SKU-00571,3,F-03-01-02,OP-102,PUT_AWAY,NORMAL
PA-001332,2026-09-02 13:42:00,SKU-01621,7,B-10-04-02,OP-102,PUT_AWAY,NORMAL
PA-003004,2026-09-02 13:42:28,SKU-00153,9,D-08-03-02,OP-107,PUT_AWAY,NORMAL
PA-006104,2026-09-02 13:43:05,SKU-00302,1,F-10-05-01,OP-101,PUT_AWAY,NORMAL
PA-005802,2026-09-02 13:43:23,SKU-01494,7,B-07-03-01,OP-105,PUT_AWAY,NORMAL
PA-006351,2026-09-02 13:44:07,SKU-00149,2,B-03-03-01,OP-106,PUT_AWAY,NORMAL
PA-005331,2026-09-02 13:44:22,SKU-01116,10,A-08-03-02,OP-106,PUT_AWAY,NORMAL
PA-005878,2026-09-02 13:44:26,SKU-01174,1,C-05-05-01,OP-102,PUT_AWAY,NORMAL
PA-006696,2026-09-02 13:44:27,SKU-01434,7,C-06-03-01,OP-105,PUT_AWAY,NORMAL
PA-008200,2026-09-02 13:44:56,SKU-01104,1,E-09-03-01,OP-102,PUT_AWAY,NORMAL
PA-003019,2026-09-02 13:45:25,SKU-00649,3,F-10-04-01,OP-103,PUT_AWAY,NORMAL
PA-008898,2026-09-02 13:45:38,SKU-01599,6,A-09-02-01,OP-106,PUT_AWAY,NORMAL
PA-001693,2026-09-02 13:45:57,SKU-01380,10,C-06-05-01,OP-102,PUT_AWAY,NORMAL
PA-007972,2026-09-02 13:46:33,SKU-01288,7,F-02-01-02,OP-103,PUT_AWAY,NORMAL
PA-002657,2026-09-02 13:47:28,SKU-01409,6,B-03-03-02,OP-108,PUT_AWAY,NORMAL
PA-007489,2026-09-02 13:48:09,SKU-01102,6,B-10-05-01,OP-102,PUT_AWAY,NORMAL
PA-003595,2026-09-02 13:48:58,SKU-00699,10,A-08-02-01,OP-102,PUT_AWAY,NORMAL
PA-004314,2026-09-02 13:49:00,SKU-01614,3,A-07-03-01,OP-103,PUT_AWAY,NORMAL
PA-003808,2026-09-02 13:50:20,SKU-01281,8,D-08-03-02,OP-103,PUT_AWAY,NORMAL
PA-000072,2026-09-02 13:50:20,SKU-01776,9,B-02-05-02,OP-108,PUT_AWAY,NORMAL
PA-004129,2026-09-02 13:50:43,SKU-00361,10,D-04-04-01,OP-104,PUT_AWAY,NORMAL
PA-007372,2026-09-02 13:51:18,SKU-00955,3,B-09-05-01,OP-107,PUT_AWAY,NORMAL
PA-002105,2026-09-02 13:51:21,SKU-01905,7,E-02-05-01,OP-107,PUT_AWAY,NORMAL
PA-002365,2026-09-02 13:51:37,SKU-01873,2,A-08-03-02,OP-106,PUT_AWAY,NORMAL
PA-002154,2026-09-02 13:52:11,SKU-00002,1,B-06-02-02,OP-103,PUT_AWAY,NORMAL
PA-007089,2026-09-02 13:52:21,SKU-00133,1,D-06-01-02,OP-101,PUT_AWAY,NORMAL
PA-002487,2026-09-02 13:52:30,SKU-01504,6,B-04-04-01,OP-106,PUT_AWAY,NORMAL
PA-000584,2026-09-02 13:52:38,SKU-01757,6,F-04-04-01,OP-103,PUT_AWAY,NORMAL
PA-001075,2026-09-02 13:54:04,SKU-01388,8,A-07-05-02,OP-106,PUT_AWAY,NORMAL
PA-002891,2026-09-02 13:54:19,SKU-01099,5,C-09-04-02,OP-102,PUT_AWAY,NORMAL
PA-003408,2026-09-02 13:55:03,SKU-01617,9,B-06-02-01,OP-102,PUT_AWAY,NORMAL
PA-005974,2026-09-02 13:55:05,SKU-00138,1,F-01-03-01,OP-107,PUT_AWAY,NORMAL
PA-003177,2026-09-02 13:55:13,SKU-00322,9,A-08-01-02,OP-105,PUT_AWAY,NORMAL
PA-002297,2026-09-02 13:55:20,SKU-01103,7,E-08-04-02,OP-104,PUT_AWAY,NORMAL
PA-001261,2026-09-02 13:55:23,SKU-00885,8,F-05-03-02,OP-107,PUT_AWAY,NORMAL
PA-000290,2026-09-02 13:55:55,SKU-01923,8,E-05-04-01,OP-101,PUT_AWAY,NORMAL
PA-000441,2026-09-02 13:56:02,SKU-00417,7,D-08-02-02,OP-104,PUT_AWAY,NORMAL
PA-008580,2026-09-02 13:56:13,SKU-01225,6,E-02-02-01,OP-103,PUT_AWAY,NORMAL
PA-005883,2026-09-02 13:56:25,SKU-00518,4,C-05-05-02,OP-106,PUT_AWAY,NORMAL
PA-004555,2026-09-02 13:56:35,SKU-01789,7,B-01-04-02,OP-105,PUT_AWAY,NORMAL
PA-006115,2026-09-02 13:57:05,SKU-00636,4,F-08-03-02,OP-102,PUT_AWAY,NORMAL
PA-002594,2026-09-02 13:57:36,SKU-00685,8,A-03-01-01,OP-106,PUT_AWAY,NORMAL
PA-000602,2026-09-02 13:57:48,SKU-00082,7,C-03-05-01,OP-104,PUT_AWAY,NORMAL
PA-007716,2026-09-02 13:57:53,SKU-01259,1,F-07-04-02,OP-105,PUT_AWAY,NORMAL
PA-002519,2026-09-02 13:59:02,SKU-01321,8,A-02-02-02,OP-105,PUT_AWAY,NORMAL
PA-008329,2026-09-02 13:59:05,SKU-01377,10,A-08-02-01,OP-102,PUT_AWAY,NORMAL
PA-002925,2026-09-02 13:59:32,SKU-00876,7,A-02-04-02,OP-105,PUT_AWAY,NORMAL
PA-008262,2026-09-02 13:59:40,SKU-00841,6,D-03-02-01,OP-101,PUT_AWAY,NORMAL
PA-008636,2026-09-02 13:59:58,SKU-01243,2,A-02-01-01,OP-104,PUT_AWAY,NORMAL
PA-007196,2026-09-02 14:00:10,SKU-00695,1,C-07-02-01,OP-104,PUT_AWAY,NORMAL
PA-000438,2026-09-02 14:00:49,SKU-01869,2,C-09-04-02,OP-107,PUT_AWAY,NORMAL
PA-005642,2026-09-02 14:01:16,SKU-00422,7,E-05-05-01,OP-102,PUT_AWAY,NORMAL
PA-003497,2026-09-02 14:01:32,SKU-01609,7,D-07-03-02,OP-104,PUT_AWAY,NORMAL
PA-001264,2026-09-02 14:01:47,SKU-01711,5,B-06-01-02,OP-103,PUT_AWAY,NORMAL
PA-007408,2026-09-02 14:01:54,SKU-00135,2,F-04-04-02,OP-106,PUT_AWAY,NORMAL
PA-006879,2026-09-02 14:02:13,SKU-01164,3,A-06-01-01,OP-105,PUT_AWAY,NORMAL
PA-002602,2026-09-02 14:02:15,SKU-01080,8,E-04-05-02,OP-108,PUT_AWAY,NORMAL
PA-005920,2026-09-02 14:02:16,SKU-01437,8,B-04-04-01,OP-107,PUT_AWAY,NORMAL
PA-004465,2026-09-02 14:02:17,SKU-00486,1,F-01-03-02,OP-106,PUT_AWAY,NORMAL
PA-001989,2026-09-02 14:03:00,SKU-00056,2,A-08-02-02,OP-103,PUT_AWAY,NORMAL
PA-002493,2026-09-02 14:03:03,SKU-01385,10,D-02-03-02,OP-106,PUT_AWAY,NORMAL
PA-008803,2026-09-02 14:03:08,SKU-00920,7,F-05-05-02,OP-108,PUT_AWAY,NORMAL
PA-006557,2026-09-02 14:03:46,SKU-01881,1,C-01-05-02,OP-107,PUT_AWAY,NORMAL
PA-007731,2026-09-02 14:03:58,SKU-01443,3,F-09-03-02,OP-107,PUT_AWAY,NORMAL
PA-008738,2026-09-02 14:04:07,SKU-01268,1,A-10-01-02,OP-105,PUT_AWAY,NORMAL
PA-005826,2026-09-02 14:04:34,SKU-01866,3,D-10-02-02,OP-104,PUT_AWAY,NORMAL
PA-000729,2026-09-02 14:04:42,SKU-01903,2,A-07-01-02,OP-104,PUT_AWAY,NORMAL
PA-002312,2026-09-02 14:04:45,SKU-00364,8,C-02-01-01,OP-105,PUT_AWAY,NORMAL
PA-005865,2026-09-02 14:05:00,SKU-01874,9,B-04-05-01,OP-107,PUT_AWAY,NORMAL
PA-001765,2026-09-02 14:05:13,SKU-00989,8,C-04-01-02,OP-105,PUT_AWAY,NORMAL
PA-000655,2026-09-02 14:05:26,SKU-00554,3,F-10-02-01,OP-103,PUT_AWAY,NORMAL
PA-006140,2026-09-02 14:05:28,SKU-01709,8,A-06-03-02,OP-108,PUT_AWAY,NORMAL
PA-006516,2026-09-02 14:05:56,SKU-01550,5,B-10-04-02,OP-107,PUT_AWAY,NORMAL
PA-008168,2026-09-02 14:06:02,SKU-00989,1,C-04-01-02,OP-102,PUT_AWAY,NORMAL
PA-007829,2026-09-02 14:06:26,SKU-00541,6,E-05-02-01,OP-105,PUT_AWAY,NORMAL
PA-000793,2026-09-02 14:06:28,SKU-00683,10,F-01-05-02,OP-103,PUT_AWAY,NORMAL
PA-005756,2026-09-02 14:06:32,SKU-00659,9,A-04-05-02,OP-102,PUT_AWAY,NORMAL
PA-002625,2026-09-02 14:06:39,SKU-01246,7,E-03-03-01,OP-107,PUT_AWAY,NORMAL
PA-008368,2026-09-02 14:06:48,SKU-00627,1,F-09-01-01,OP-108,PUT_AWAY,NORMAL
PA-008663,2026-09-02 14:06:51,SKU-01578,3,C-09-01-01,OP-102,PUT_AWAY,NORMAL
PA-004907,2026-09-02 14:07:09,SKU-00445,5,D-03-02-01,OP-104,PUT_AWAY,NORMAL
PA-008766,2026-09-02 14:07:35,SKU-01042,1,B-07-01-02,OP-108,PUT_AWAY,NORMAL
PA-004214,2026-09-02 14:07:42,SKU-00495,4,D-10-03-01,OP-102,PUT_AWAY,NORMAL
PA-008432,2026-09-02 14:08:16,SKU-01239,2,E-08-02-01,OP-104,PUT_AWAY,NORMAL
PA-002822,2026-09-02 14:08:24,SKU-01176,2,E-09-03-02,OP-102,PUT_AWAY,NORMAL
PA-008937,2026-09-02 14:08:39,SKU-00828,7,E-02-04-01,OP-104,PUT_AWAY,NORMAL
PA-008921,2026-09-02 14:09:23,SKU-00868,6,B-01-03-01,OP-104,PUT_AWAY,NORMAL
PA-005998,2026-09-02 14:09:30,SKU-01940,2,B-08-05-01,OP-105,PUT_AWAY,NORMAL
PA-006742,2026-09-02 14:11:47,SKU-01438,5,B-09-01-01,OP-106,PUT_AWAY,NORMAL
PA-001177,2026-09-02 14:11:57,SKU-00799,10,E-08-02-01,OP-104,PUT_AWAY,NORMAL
PA-003012,2026-09-02 14:12:11,SKU-00910,9,E-01-04-02,OP-108,PUT_AWAY,NORMAL
PA-005295,2026-09-02 14:12:16,SKU-01545,5,B-06-04-01,OP-107,PUT_AWAY,NORMAL
PA-008653,2026-09-02 14:12:40,SKU-01468,7,A-06-04-01,OP-108,PUT_AWAY,NORMAL
PA-003594,2026-09-02 14:13:14,SKU-00567,6,C-02-01-02,OP-102,PUT_AWAY,NORMAL
PA-000839,2026-09-02 14:13:23,SKU-01957,3,B-06-01-01,OP-101,PUT_AWAY,NORMAL
PA-007492,2026-09-02 14:13:29,SKU-01127,2,F-02-02-02,OP-104,PUT_AWAY,NORMAL
PA-004266,2026-09-02 14:13:35,SKU-01768,6,A-02-04-02,OP-107,PUT_AWAY,NORMAL
PA-007819,2026-09-02 14:13:49,SKU-00110,2,B-10-03-01,OP-106,PUT_AWAY,NORMAL
PA-004872,2026-09-02 14:13:50,SKU-00742,3,F-05-02-02,OP-102,PUT_AWAY,NORMAL
PA-006918,2026-09-02 14:13:53,SKU-01743,10,A-01-03-01,OP-107,PUT_AWAY,NORMAL
PA-003939,2026-09-02 14:14:32,SKU-00938,1,F-05-04-02,OP-107,PUT_AWAY,NORMAL
PA-002071,2026-09-02 14:14:40,SKU-00773,10,F-02-04-01,OP-106,PUT_AWAY,NORMAL
PA-002964,2026-09-02 14:14:42,SKU-01263,1,C-02-02-01,OP-105,PUT_AWAY,NORMAL
PA-002217,2026-09-02 14:14:50,SKU-01397,5,F-09-05-01,OP-107,PUT_AWAY,NORMAL
PA-006789,2026-09-02 14:14:52,SKU-01538,2,D-08-03-01,OP-108,PUT_AWAY,NORMAL
PA-002496,2026-09-02 14:15:14,SKU-00738,4,D-07-01-01,OP-103,PUT_AWAY,NORMAL
PA-006736,2026-09-02 14:15:17,SKU-00496,6,A-07-04-02,OP-108,PUT_AWAY,NORMAL
PA-007120,2026-09-02 14:15:58,SKU-01816,2,F-02-02-02,OP-105,PUT_AWAY,NORMAL
PA-002059,2026-09-02 14:15:59,SKU-00410,2,F-05-02-01,OP-107,PUT_AWAY,NORMAL
PA-007821,2026-09-02 14:17:02,SKU-01797,5,D-01-01-01,OP-106,PUT_AWAY,NORMAL
PA-000103,2026-09-02 14:17:14,SKU-01614,1,A-07-03-01,OP-105,PUT_AWAY,NORMAL
PA-007932,2026-09-02 14:17:31,SKU-00806,8,E-03-01-02,OP-108,PUT_AWAY,NORMAL
PA-008119,2026-09-02 14:17:32,SKU-01673,5,F-03-01-01,OP-104,PUT_AWAY,NORMAL
PA-007955,2026-09-02 14:18:12,SKU-01912,7,E-05-04-02,OP-106,PUT_AWAY,NORMAL
PA-008901,2026-09-02 14:19:02,SKU-01293,6,C-09-04-01,OP-108,PUT_AWAY,NORMAL
PA-000756,2026-09-02 14:19:23,SKU-01910,7,B-10-03-01,OP-108,PUT_AWAY,NORMAL
PA-007797,2026-09-02 14:19:33,SKU-00018,10,D-03-04-01,OP-104,PUT_AWAY,NORMAL
PA-004908,2026-09-02 14:19:35,SKU-01153,1,E-08-04-02,OP-102,PUT_AWAY,NORMAL
PA-006145,2026-09-02 14:20:02,SKU-01223,2,B-10-04-01,OP-102,PUT_AWAY,NORMAL
PA-002545,2026-09-02 14:20:10,SKU-00140,4,C-08-03-02,OP-103,PUT_AWAY,NORMAL
PA-002275,2026-09-02 14:20:15,SKU-00342,1,F-02-05-02,OP-105,PUT_AWAY,NORMAL
PA-001171,2026-09-02 14:20:26,SKU-01626,8,E-07-02-01,OP-103,PUT_AWAY,NORMAL
PA-006944,2026-09-02 14:20:28,SKU-00124,7,E-03-02-01,OP-107,PUT_AWAY,NORMAL
PA-000241,2026-09-02 14:21:32,SKU-01804,3,E-10-04-01,OP-108,PUT_AWAY,NORMAL
PA-005897,2026-09-02 14:21:49,SKU-01477,3,A-07-05-01,OP-106,PUT_AWAY,NORMAL
PA-002147,2026-09-02 14:21:51,SKU-01949,1,E-02-04-01,OP-105,PUT_AWAY,NORMAL
PA-006865,2026-09-02 14:21:55,SKU-00289,5,B-09-05-01,OP-103,PUT_AWAY,NORMAL
PA-005649,2026-09-02 14:22:02,SKU-00273,9,F-06-01-01,OP-106,PUT_AWAY,NORMAL
PA-008307,2026-09-02 14:23:27,SKU-00743,4,B-10-03-02,OP-105,PUT_AWAY,NORMAL
PA-003084,2026-09-02 14:24:27,SKU-00763,5,C-03-02-01,OP-108,PUT_AWAY,NORMAL
PA-007493,2026-09-02 14:24:29,SKU-01669,5,A-08-02-02,OP-104,PUT_AWAY,NORMAL
PA-000656,2026-09-02 14:24:41,SKU-00647,1,D-05-03-02,OP-101,PUT_AWAY,NORMAL
PA-005982,2026-09-02 14:24:58,SKU-01829,7,F-07-05-02,OP-104,PUT_AWAY,NORMAL
PA-002481,2026-09-02 14:25:02,SKU-01011,7,F-06-02-01,OP-101,PUT_AWAY,NORMAL
PA-002467,2026-09-02 14:26:29,SKU-00864,8,B-03-04-02,OP-105,PUT_AWAY,NORMAL
PA-003447,2026-09-02 14:27:09,SKU-00479,2,C-02-02-02,OP-102,PUT_AWAY,NORMAL
PA-005908,2026-09-02 14:27:46,SKU-01585,9,A-08-03-01,OP-101,PUT_AWAY,NORMAL
PA-008948,2026-09-02 14:28:21,SKU-00808,6,F-10-04-02,OP-105,PUT_AWAY,NORMAL
PA-006991,2026-09-02 14:28:39,SKU-01938,7,A-09-04-02,OP-108,PUT_AWAY,NORMAL
PA-003386,2026-09-02 14:28:56,SKU-01002,8,E-05-02-01,OP-103,PUT_AWAY,NORMAL
PA-002276,2026-09-02 14:29:06,SKU-01075,3,B-09-03-02,OP-107,PUT_AWAY,NORMAL
PA-005656,2026-09-02 14:29:09,SKU-00362,8,C-09-03-01,OP-105,PUT_AWAY,NORMAL
PA-005406,2026-09-02 14:29:14,SKU-00629,2,A-03-01-01,OP-107,PUT_AWAY,NORMAL
PA-001169,2026-09-02 14:29:19,SKU-00407,4,F-07-05-01,OP-104,PUT_AWAY,NORMAL
PA-003977,2026-09-02 14:29:46,SKU-00813,1,A-06-04-02,OP-104,PUT_AWAY,NORMAL
PA-005449,2026-09-02 14:30:07,SKU-00794,10,C-02-01-02,OP-107,PUT_AWAY,NORMAL
PA-008916,2026-09-02 14:30:37,SKU-00448,8,C-08-05-01,OP-104,PUT_AWAY,NORMAL
PA-002099,2026-09-02 14:32:11,SKU-01241,7,D-06-02-01,OP-107,PUT_AWAY,NORMAL
PA-001987,2026-09-02 14:32:12,SKU-01122,10,F-04-04-01,OP-108,PUT_AWAY,NORMAL
PA-006981,2026-09-02 14:32:20,SKU-01469,5,B-06-05-02,OP-107,PUT_AWAY,NORMAL
PA-002114,2026-09-02 14:32:40,SKU-01599,10,A-09-02-01,OP-108,PUT_AWAY,NORMAL
PA-008116,2026-09-02 14:33:01,SKU-01433,4,D-10-03-02,OP-103,PUT_AWAY,NORMAL
PA-002372,2026-09-02 14:33:03,SKU-00939,9,B-07-04-01,OP-106,PUT_AWAY,NORMAL
PA-001467,2026-09-02 14:33:17,SKU-01955,3,F-04-02-01,OP-103,PUT_AWAY,NORMAL
PA-000794,2026-09-02 14:34:25,SKU-00237,1,C-05-02-02,OP-108,PUT_AWAY,NORMAL
PA-008967,2026-09-02 14:36:02,SKU-01257,6,A-01-02-01,OP-103,PUT_AWAY,NORMAL
PA-008451,2026-09-02 14:36:12,SKU-01211,1,E-03-03-01,OP-103,PUT_AWAY,NORMAL
PA-006535,2026-09-02 14:36:12,SKU-01564,5,A-07-03-02,OP-104,PUT_AWAY,NORMAL
PA-000663,2026-09-02 14:37:03,SKU-01868,2,A-07-01-02,OP-102,PUT_AWAY,NORMAL
PA-005596,2026-09-02 14:37:28,SKU-00389,2,E-05-05-01,OP-106,PUT_AWAY,NORMAL
PA-002972,2026-09-02 14:38:11,SKU-01803,8,F-04-02-01,OP-105,PUT_AWAY,NORMAL
PA-006282,2026-09-02 14:38:58,SKU-01447,5,B-03-01-01,OP-103,PUT_AWAY,NORMAL
PA-008634,2026-09-02 14:40:04,SKU-01446,4,C-06-02-02,OP-102,PUT_AWAY,NORMAL
PA-003170,2026-09-02 14:40:04,SKU-01440,2,B-02-03-01,OP-101,PUT_AWAY,NORMAL
PA-003881,2026-09-02 14:40:07,SKU-01329,10,D-06-04-01,OP-101,PUT_AWAY,NORMAL
PA-003353,2026-09-02 14:40:11,SKU-01661,3,A-10-01-02,OP-101,PUT_AWAY,NORMAL
PA-003974,2026-09-02 14:40:41,SKU-00909,1,F-01-04-01,OP-102,PUT_AWAY,NORMAL
PA-008376,2026-09-02 14:40:55,SKU-00044,6,D-04-04-01,OP-103,PUT_AWAY,NORMAL
PA-003126,2026-09-02 14:40:56,SKU-01562,10,F-03-05-01,OP-101,PUT_AWAY,NORMAL
PA-007055,2026-09-02 14:40:59,SKU-00891,9,B-02-05-01,OP-104,PUT_AWAY,NORMAL
PA-002469,2026-09-02 14:41:38,SKU-00475,10,E-06-01-02,OP-106,PUT_AWAY,NORMAL
PA-001767,2026-09-02 14:41:49,SKU-01595,3,B-06-01-02,OP-107,PUT_AWAY,NORMAL
PA-003418,2026-09-02 14:41:55,SKU-01947,1,F-03-02-01,OP-103,PUT_AWAY,NORMAL
PA-001550,2026-09-02 14:41:58,SKU-00452,7,F-06-02-02,OP-103,PUT_AWAY,NORMAL
PA-000704,2026-09-02 14:42:16,SKU-00159,3,F-09-04-02,OP-104,PUT_AWAY,NORMAL
PA-001362,2026-09-02 14:42:53,SKU-00389,5,E-05-05-01,OP-105,PUT_AWAY,NORMAL
PA-002407,2026-09-02 14:42:55,SKU-00509,1,B-08-05-01,OP-105,PUT_AWAY,NORMAL
PA-002081,2026-09-02 14:43:08,SKU-01851,7,B-09-04-01,OP-105,PUT_AWAY,NORMAL
PA-002330,2026-09-02 14:43:31,SKU-01359,3,D-03-02-01,OP-105,PUT_AWAY,NORMAL
PA-006391,2026-09-02 14:43:38,SKU-00560,6,A-01-05-01,OP-102,PUT_AWAY,NORMAL
PA-006247,2026-09-02 14:44:02,SKU-00682,4,C-02-04-01,OP-107,PUT_AWAY,NORMAL
PA-001340,2026-09-02 14:44:23,SKU-00234,3,B-10-03-01,OP-106,PUT_AWAY,NORMAL
PA-003958,2026-09-02 14:44:30,SKU-00757,1,A-04-02-02,OP-107,PUT_AWAY,NORMAL
PA-000743,2026-09-02 14:44:38,SKU-01733,4,C-01-01-02,OP-108,PUT_AWAY,NORMAL
PA-006497,2026-09-02 14:44:54,SKU-00830,5,E-10-01-02,OP-105,PUT_AWAY,NORMAL
PA-001915,2026-09-02 14:45:07,SKU-01059,9,F-10-04-01,OP-108,PUT_AWAY,NORMAL
PA-008022,2026-09-02 14:45:10,SKU-00539,9,A-10-04-02,OP-102,PUT_AWAY,NORMAL
PA-001107,2026-09-02 14:45:19,SKU-00818,10,A-03-05-01,OP-104,PUT_AWAY,NORMAL
PA-001236,2026-09-02 14:45:49,SKU-00837,10,C-04-05-01,OP-103,PUT_AWAY,NORMAL
PA-005589,2026-09-02 14:45:57,SKU-00471,10,F-09-03-01,OP-105,PUT_AWAY,NORMAL
PA-008804,2026-09-02 14:46:36,SKU-01478,7,A-03-01-02,OP-106,PUT_AWAY,NORMAL
PA-006022,2026-09-02 14:46:42,SKU-00193,4,B-01-04-01,OP-101,PUT_AWAY,NORMAL
PA-008194,2026-09-02 14:46:48,SKU-00032,2,F-05-02-01,OP-103,PUT_AWAY,NORMAL
PA-008344,2026-09-02 14:47:03,SKU-00758,5,E-01-05-01,OP-101,PUT_AWAY,NORMAL
PA-004418,2026-09-02 14:47:26,SKU-01283,10,D-08-04-01,OP-101,PUT_AWAY,NORMAL
PA-002320,2026-09-02 14:47:32,SKU-00419,9,E-10-03-02,OP-102,PUT_AWAY,NORMAL
PA-004479,2026-09-02 14:47:32,SKU-00383,10,B-03-03-01,OP-108,PUT_AWAY,NORMAL
PA-006783,2026-09-02 14:48:00,SKU-01806,9,A-06-03-01,OP-104,PUT_AWAY,NORMAL
PA-007717,2026-09-02 14:48:07,SKU-01840,4,D-09-05-02,OP-102,PUT_AWAY,NORMAL
PA-003699,2026-09-02 14:48:36,SKU-00249,8,E-04-02-01,OP-101,PUT_AWAY,NORMAL
PA-008275,2026-09-02 14:49:10,SKU-00197,6,D-10-04-01,OP-107,PUT_AWAY,NORMAL
PA-003650,2026-09-02 14:49:52,SKU-00603,3,F-09-03-02,OP-105,PUT_AWAY,NORMAL
PA-005799,2026-09-02 14:51:07,SKU-01940,7,B-08-05-01,OP-106,PUT_AWAY,NORMAL
PA-006111,2026-09-02 14:51:16,SKU-00106,6,A-02-01-01,OP-108,PUT_AWAY,NORMAL
PA-001387,2026-09-02 14:51:43,SKU-01911,6,F-02-01-02,OP-102,PUT_AWAY,NORMAL
PA-004999,2026-09-02 14:52:01,SKU-01982,10,D-06-02-02,OP-107,PUT_AWAY,NORMAL
PA-004693,2026-09-02 14:52:37,SKU-00364,1,C-02-01-01,OP-107,PUT_AWAY,NORMAL
PA-000248,2026-09-02 14:52:37,SKU-01585,8,A-08-03-01,OP-101,PUT_AWAY,NORMAL
PA-001705,2026-09-02 14:52:46,SKU-01043,1,E-05-05-02,OP-101,PUT_AWAY,NORMAL
PA-006440,2026-09-02 14:53:06,SKU-01404,2,E-08-04-02,OP-103,PUT_AWAY,NORMAL
PA-001796,2026-09-02 14:53:40,SKU-01933,4,E-09-04-02,OP-105,PUT_AWAY,NORMAL
PA-006772,2026-09-02 14:54:22,SKU-01453,7,E-10-05-01,OP-103,PUT_AWAY,NORMAL
PA-005339,2026-09-02 14:54:26,SKU-00335,4,F-07-03-01,OP-103,PUT_AWAY,NORMAL
PA-006995,2026-09-02 14:54:27,SKU-01358,5,B-09-02-01,OP-102,PUT_AWAY,NORMAL
PA-006776,2026-09-02 14:54:29,SKU-00224,6,A-06-05-02,OP-102,PUT_AWAY,NORMAL
PA-007961,2026-09-02 14:54:55,SKU-01449,8,D-05-01-02,OP-108,PUT_AWAY,NORMAL
PA-008257,2026-09-02 14:55:04,SKU-01486,4,F-04-04-02,OP-103,PUT_AWAY,NORMAL
PA-007787,2026-09-02 14:55:12,SKU-01152,3,F-05-01-02,OP-101,PUT_AWAY,NORMAL
PA-000499,2026-09-02 14:55:16,SKU-00062,4,F-01-04-01,OP-108,PUT_AWAY,NORMAL
PA-000009,2026-09-02 14:55:59,SKU-01293,4,C-09-04-01,OP-101,PUT_AWAY,NORMAL
PA-002977,2026-09-02 14:56:20,SKU-00924,8,F-05-02-02,OP-108,PUT_AWAY,NORMAL
PA-001530,2026-09-02 14:56:22,SKU-01335,9,D-02-01-01,OP-103,PUT_AWAY,NORMAL
PA-004797,2026-09-02 14:56:26,SKU-00119,10,C-10-02-01,OP-102,PUT_AWAY,NORMAL
PA-004429,2026-09-02 14:56:42,SKU-00005,4,D-05-05-02,OP-108,PUT_AWAY,NORMAL
PA-001322,2026-09-02 14:57:02,SKU-01850,6,C-06-02-01,OP-105,PUT_AWAY,NORMAL
PA-003723,2026-09-02 14:57:16,SKU-00946,7,F-07-01-01,OP-106,PUT_AWAY,NORMAL
PA-000510,2026-09-02 14:57:17,SKU-00004,7,F-07-05-01,OP-102,PUT_AWAY,NORMAL
PA-007630,2026-09-02 14:57:30,SKU-01727,3,C-03-02-01,OP-102,PUT_AWAY,NORMAL
PA-004360,2026-09-02 14:57:35,SKU-00491,1,B-06-05-02,OP-104,PUT_AWAY,NORMAL
PA-002679,2026-09-02 14:58:20,SKU-01005,10,F-06-05-02,OP-107,PUT_AWAY,NORMAL
PA-001405,2026-09-02 14:58:47,SKU-01407,4,B-06-05-01,OP-101,PUT_AWAY,NORMAL
PA-002090,2026-09-02 14:59:01,SKU-01879,2,B-04-03-01,OP-104,PUT_AWAY,NORMAL
PA-006919,2026-09-02 14:59:14,SKU-00138,3,F-01-03-01,OP-105,PUT_AWAY,NORMAL
PA-001549,2026-09-02 14:59:25,SKU-01903,3,A-07-01-02,OP-104,PUT_AWAY,NORMAL
PA-001198,2026-09-02 14:59:37,SKU-01056,3,E-07-02-01,OP-105,PUT_AWAY,NORMAL
PA-003297,2026-09-02 15:00:26,SKU-00526,2,E-01-04-02,OP-104,PUT_AWAY,NORMAL
PA-003429,2026-09-02 15:01:05,SKU-00652,4,A-01-04-01,OP-102,PUT_AWAY,NORMAL
PA-005404,2026-09-02 15:01:27,SKU-01108,7,A-01-03-01,OP-108,PUT_AWAY,NORMAL
PA-008139,2026-09-02 15:01:59,SKU-01352,10,E-10-02-02,OP-104,PUT_AWAY,NORMAL
PA-008127,2026-09-02 15:02:11,SKU-00836,6,E-06-01-01,OP-106,PUT_AWAY,NORMAL
PA-002047,2026-09-02 15:02:23,SKU-00044,2,D-04-04-01,OP-103,PUT_AWAY,NORMAL
PA-005291,2026-09-02 15:02:29,SKU-00085,1,F-02-01-02,OP-107,PUT_AWAY,NORMAL
PA-008174,2026-09-02 15:03:36,SKU-00472,7,B-06-02-02,OP-108,PUT_AWAY,NORMAL
PA-006866,2026-09-02 15:03:41,SKU-01313,1,C-10-05-02,OP-106,PUT_AWAY,NORMAL
PA-000421,2026-09-02 15:03:45,SKU-01752,9,A-06-04-01,OP-107,PUT_AWAY,NORMAL
PA-004815,2026-09-02 15:04:08,SKU-01863,5,A-08-03-02,OP-103,PUT_AWAY,NORMAL
PA-007603,2026-09-02 15:04:09,SKU-00710,7,E-07-04-01,OP-107,PUT_AWAY,NORMAL
PA-007785,2026-09-02 15:04:23,SKU-00195,10,A-01-01-01,OP-107,PUT_AWAY,NORMAL
PA-004854,2026-09-02 15:05:10,SKU-00033,3,A-02-01-01,OP-105,PUT_AWAY,NORMAL
PA-002947,2026-09-02 15:05:22,SKU-00539,1,A-10-04-02,OP-108,PUT_AWAY,NORMAL
PA-005987,2026-09-02 15:05:32,SKU-00681,3,F-08-04-01,OP-103,PUT_AWAY,NORMAL
PA-002391,2026-09-02 15:05:58,SKU-00506,9,F-03-03-01,OP-103,PUT_AWAY,NORMAL
PA-000662,2026-09-02 15:06:28,SKU-00334,9,E-09-03-01,OP-107,PUT_AWAY,NORMAL
PA-001052,2026-09-02 15:06:33,SKU-00056,7,A-08-02-02,OP-106,PUT_AWAY,NORMAL
PA-000189,2026-09-02 15:06:34,SKU-01038,1,A-03-01-01,OP-108,PUT_AWAY,NORMAL
PA-005937,2026-09-02 15:07:17,SKU-01426,4,F-04-01-02,OP-105,PUT_AWAY,NORMAL
PA-008469,2026-09-02 15:08:51,SKU-01539,10,F-03-03-02,OP-105,PUT_AWAY,NORMAL
PA-000990,2026-09-02 15:08:59,SKU-01985,10,E-10-01-01,OP-105,PUT_AWAY,NORMAL
PA-003679,2026-09-02 15:09:51,SKU-00473,4,B-06-01-01,OP-103,PUT_AWAY,NORMAL
PA-003900,2026-09-02 15:10:35,SKU-00803,9,A-02-02-01,OP-105,PUT_AWAY,NORMAL
PA-005294,2026-09-02 15:10:40,SKU-01415,4,B-01-03-01,OP-104,PUT_AWAY,NORMAL
PA-005075,2026-09-02 15:11:46,SKU-01285,2,D-07-04-02,OP-102,PUT_AWAY,NORMAL
PA-003592,2026-09-02 15:11:49,SKU-01631,5,C-10-03-01,OP-107,PUT_AWAY,NORMAL
PA-000920,2026-09-02 15:12:02,SKU-00267,5,D-09-05-01,OP-104,PUT_AWAY,NORMAL
PA-001955,2026-09-02 15:12:24,SKU-01825,3,F-07-03-01,OP-103,PUT_AWAY,NORMAL
PA-006714,2026-09-02 15:12:25,SKU-01269,8,A-07-05-02,OP-105,PUT_AWAY,NORMAL
PA-008513,2026-09-02 15:12:26,SKU-00491,8,B-06-05-02,OP-103,PUT_AWAY,NORMAL
PA-006647,2026-09-02 15:12:30,SKU-00402,1,B-02-01-02,OP-104,PUT_AWAY,NORMAL
PA-000333,2026-09-02 15:12:34,SKU-01427,3,E-01-04-02,OP-101,PUT_AWAY,NORMAL
PA-005912,2026-09-02 15:12:39,SKU-01195,8,C-04-01-02,OP-106,PUT_AWAY,NORMAL
PA-001005,2026-09-02 15:13:25,SKU-01027,8,E-02-03-01,OP-103,PUT_AWAY,NORMAL
PA-003995,2026-09-02 15:13:33,SKU-00601,1,B-02-05-02,OP-103,PUT_AWAY,NORMAL
PA-008394,2026-09-02 15:14:57,SKU-01910,4,B-10-03-01,OP-102,PUT_AWAY,NORMAL
PA-000571,2026-09-02 15:15:01,SKU-00142,5,F-09-03-02,OP-106,PUT_AWAY,NORMAL
PA-001859,2026-09-02 15:15:04,SKU-01754,10,C-10-03-01,OP-101,PUT_AWAY,NORMAL
PA-006311,2026-09-02 15:15:14,SKU-00649,4,F-10-04-01,OP-104,PUT_AWAY,NORMAL
PA-001828,2026-09-02 15:15:27,SKU-01196,10,C-09-05-01,OP-101,PUT_AWAY,NORMAL
PA-003437,2026-09-02 15:15:33,SKU-01036,10,E-08-02-02,OP-108,PUT_AWAY,NORMAL
PA-006685,2026-09-02 15:16:12,SKU-00994,6,A-05-02-01,OP-104,PUT_AWAY,NORMAL
PA-008129,2026-09-02 15:16:14,SKU-00345,3,C-05-03-02,OP-101,PUT_AWAY,NORMAL
PA-002398,2026-09-02 15:16:18,SKU-01606,5,B-03-01-02,OP-102,PUT_AWAY,NORMAL
PA-003279,2026-09-02 15:16:22,SKU-00211,1,D-04-01-01,OP-103,PUT_AWAY,NORMAL
PA-000449,2026-09-02 15:16:27,SKU-00661,1,E-06-03-02,OP-101,PUT_AWAY,NORMAL
PA-005590,2026-09-02 15:16:35,SKU-01469,1,B-06-05-02,OP-107,PUT_AWAY,NORMAL
PA-005421,2026-09-02 15:17:00,SKU-00291,7,B-10-04-02,OP-102,PUT_AWAY,NORMAL
PA-006853,2026-09-02 15:17:04,SKU-01495,7,A-03-04-02,OP-108,PUT_AWAY,NORMAL
PA-003046,2026-09-02 15:18:21,SKU-01800,7,B-04-01-02,OP-104,PUT_AWAY,NORMAL
PA-002881,2026-09-02 15:18:55,SKU-01041,5,F-08-01-02,OP-103,PUT_AWAY,NORMAL
PA-003949,2026-09-02 15:19:01,SKU-00696,1,E-10-01-02,OP-107,PUT_AWAY,NORMAL
PA-006949,2026-09-02 15:20:10,SKU-00399,5,D-08-03-01,OP-101,PUT_AWAY,NORMAL
PA-000974,2026-09-02 15:20:31,SKU-00379,7,E-05-02-01,OP-103,PUT_AWAY,NORMAL
PA-004545,2026-09-02 15:20:41,SKU-01695,5,C-09-05-01,OP-107,PUT_AWAY,NORMAL
PA-006987,2026-09-02 15:21:04,SKU-00573,3,A-03-01-02,OP-108,PUT_AWAY,NORMAL
PA-008297,2026-09-02 15:21:16,SKU-00594,6,D-02-02-02,OP-107,PUT_AWAY,NORMAL
PA-007790,2026-09-02 15:21:20,SKU-01515,3,F-09-03-02,OP-107,PUT_AWAY,NORMAL
PA-006887,2026-09-02 15:21:40,SKU-00227,1,E-01-05-01,OP-107,PUT_AWAY,NORMAL
PA-003487,2026-09-02 15:22:15,SKU-00878,2,F-03-01-02,OP-101,PUT_AWAY,NORMAL
PA-007108,2026-09-02 15:22:42,SKU-00009,1,C-09-05-02,OP-103,PUT_AWAY,NORMAL
PA-007333,2026-09-02 15:23:10,SKU-00301,1,D-08-03-01,OP-101,PUT_AWAY,NORMAL
PA-006943,2026-09-02 15:23:35,SKU-01114,10,E-10-03-02,OP-104,PUT_AWAY,NORMAL
PA-006803,2026-09-02 15:23:39,SKU-00113,4,E-03-01-02,OP-106,PUT_AWAY,NORMAL
PA-005102,2026-09-02 15:23:53,SKU-00855,1,E-04-05-02,OP-106,PUT_AWAY,NORMAL
PA-008265,2026-09-02 15:24:00,SKU-00140,5,C-08-03-02,OP-104,PUT_AWAY,NORMAL
PA-000156,2026-09-02 15:24:08,SKU-00799,7,E-08-02-01,OP-103,PUT_AWAY,NORMAL
PA-005396,2026-09-02 15:24:25,SKU-00427,1,F-03-05-01,OP-106,PUT_AWAY,NORMAL
PA-003705,2026-09-02 15:24:41,SKU-00534,3,B-09-05-01,OP-105,PUT_AWAY,NORMAL
PA-003646,2026-09-02 15:25:29,SKU-00749,3,B-09-05-01,OP-107,PUT_AWAY,NORMAL
PA-007722,2026-09-02 15:25:35,SKU-00129,1,F-05-02-01,OP-104,PUT_AWAY,NORMAL
PA-000281,2026-09-02 15:26:14,SKU-00757,4,A-04-02-02,OP-108,PUT_AWAY,NORMAL
PA-008390,2026-09-02 15:27:14,SKU-00324,9,B-03-01-02,OP-107,PUT_AWAY,NORMAL
PA-008272,2026-09-02 15:27:16,SKU-00891,3,B-02-05-01,OP-101,PUT_AWAY,NORMAL
PA-006239,2026-09-02 15:27:32,SKU-00282,5,F-08-04-01,OP-102,PUT_AWAY,NORMAL
PA-007514,2026-09-02 15:27:49,SKU-01506,7,E-01-04-02,OP-102,PUT_AWAY,NORMAL
PA-004528,2026-09-02 15:28:22,SKU-00102,2,C-01-04-02,OP-107,PUT_AWAY,NORMAL
PA-003763,2026-09-02 15:28:50,SKU-01393,5,C-10-05-01,OP-106,PUT_AWAY,NORMAL
PA-004848,2026-09-02 15:29:02,SKU-00366,8,C-02-04-01,OP-103,PUT_AWAY,NORMAL
PA-008115,2026-09-02 15:29:20,SKU-01334,2,F-04-03-02,OP-105,PUT_AWAY,NORMAL
PA-004687,2026-09-02 15:29:48,SKU-02000,3,E-07-03-01,OP-105,PUT_AWAY,NORMAL
PA-005975,2026-09-02 15:29:49,SKU-00558,10,F-03-02-02,OP-105,PUT_AWAY,NORMAL
PA-004182,2026-09-02 15:30:04,SKU-00408,6,C-08-01-02,OP-108,PUT_AWAY,NORMAL
PA-005972,2026-09-02 15:30:16,SKU-00243,6,E-05-05-01,OP-101,PUT_AWAY,NORMAL
PA-006275,2026-09-02 15:30:16,SKU-00329,3,F-03-01-01,OP-103,PUT_AWAY,NORMAL
PA-000615,2026-09-02 15:30:48,SKU-00989,10,C-04-01-02,OP-108,PUT_AWAY,NORMAL
PA-007781,2026-09-02 15:30:56,SKU-00566,10,C-10-03-01,OP-101,PUT_AWAY,NORMAL
PA-004393,2026-09-02 15:30:58,SKU-00316,6,A-07-03-02,OP-106,PUT_AWAY,NORMAL
PA-005347,2026-09-02 15:31:59,SKU-01458,7,B-10-03-01,OP-108,PUT_AWAY,NORMAL
PA-000157,2026-09-02 15:32:20,SKU-00010,1,F-03-03-02,OP-103,PUT_AWAY,NORMAL
PA-008279,2026-09-02 15:32:26,SKU-00662,1,E-02-05-02,OP-106,PUT_AWAY,NORMAL
PA-001864,2026-09-02 15:32:46,SKU-00030,10,F-09-03-02,OP-107,PUT_AWAY,NORMAL
PA-005246,2026-09-02 15:32:55,SKU-00427,8,F-03-05-01,OP-106,PUT_AWAY,NORMAL
PA-001536,2026-09-02 15:33:30,SKU-01388,1,A-07-05-02,OP-108,PUT_AWAY,NORMAL
PA-008991,2026-09-02 15:33:33,SKU-01449,7,D-05-01-02,OP-106,PUT_AWAY,NORMAL
PA-005646,2026-09-02 15:34:04,SKU-01093,8,C-08-04-01,OP-107,PUT_AWAY,NORMAL
PA-006881,2026-09-02 15:34:16,SKU-01995,4,C-10-05-01,OP-108,PUT_AWAY,NORMAL
PA-003261,2026-09-02 15:34:18,SKU-01437,4,B-04-04-01,OP-107,PUT_AWAY,NORMAL
PA-006248,2026-09-02 15:34:31,SKU-00033,8,A-02-01-01,OP-103,PUT_AWAY,NORMAL
PA-007906,2026-09-02 15:34:52,SKU-01419,6,C-02-04-01,OP-107,PUT_AWAY,NORMAL
PA-007204,2026-09-02 15:35:04,SKU-00868,1,B-01-03-01,OP-101,PUT_AWAY,NORMAL
PA-000025,2026-09-02 15:35:45,SKU-00362,8,C-09-03-01,OP-102,PUT_AWAY,NORMAL
PA-003844,2026-09-02 15:35:54,SKU-00844,8,E-03-03-02,OP-101,PUT_AWAY,NORMAL
PA-007378,2026-09-02 15:36:05,SKU-00330,5,D-07-05-02,OP-101,PUT_AWAY,NORMAL
PA-004977,2026-09-02 15:36:11,SKU-00480,9,B-04-04-02,OP-101,PUT_AWAY,NORMAL
PA-002866,2026-09-02 15:36:11,SKU-00307,6,B-07-03-01,OP-107,PUT_AWAY,NORMAL
PA-006460,2026-09-02 15:36:16,SKU-00988,4,C-01-04-02,OP-108,PUT_AWAY,NORMAL
PA-000861,2026-09-02 15:36:56,SKU-00695,6,C-07-02-01,OP-107,PUT_AWAY,NORMAL
PA-001654,2026-09-02 15:37:15,SKU-01462,9,B-01-03-01,OP-107,PUT_AWAY,NORMAL
PA-007879,2026-09-02 15:37:17,SKU-00873,5,A-07-04-02,OP-106,PUT_AWAY,NORMAL
PA-007786,2026-09-02 15:37:35,SKU-00492,4,F-01-05-01,OP-107,PUT_AWAY,NORMAL
PA-003329,2026-09-02 15:37:44,SKU-00424,3,C-01-04-01,OP-101,PUT_AWAY,NORMAL
PA-007971,2026-09-02 15:37:49,SKU-00086,5,D-10-03-02,OP-102,PUT_AWAY,NORMAL
PA-004670,2026-09-02 15:38:05,SKU-00344,2,A-03-05-02,OP-101,PUT_AWAY,NORMAL
PA-008923,2026-09-02 15:38:19,SKU-00790,2,A-08-03-01,OP-105,PUT_AWAY,NORMAL
PA-003716,2026-09-02 15:38:35,SKU-00383,3,B-03-03-01,OP-108,PUT_AWAY,NORMAL
PA-006781,2026-09-02 15:38:46,SKU-01632,10,A-03-05-02,OP-107,PUT_AWAY,NORMAL
PA-008167,2026-09-02 15:40:21,SKU-01485,1,F-07-05-01,OP-105,PUT_AWAY,NORMAL
PA-001209,2026-09-02 15:40:51,SKU-00770,9,F-10-02-02,OP-106,PUT_AWAY,NORMAL
PA-008607,2026-09-02 15:41:17,SKU-01229,10,F-03-05-02,OP-104,PUT_AWAY,NORMAL
PA-000900,2026-09-02 15:41:31,SKU-00477,10,B-03-02-02,OP-105,PUT_AWAY,NORMAL
PA-002478,2026-09-02 15:41:33,SKU-01616,9,C-03-04-02,OP-107,PUT_AWAY,NORMAL
PA-002695,2026-09-02 15:42:00,SKU-00158,8,D-01-03-02,OP-103,PUT_AWAY,NORMAL
PA-001799,2026-09-02 15:43:46,SKU-00021,8,D-08-04-02,OP-103,PUT_AWAY,NORMAL
PA-007134,2026-09-02 15:43:52,SKU-00492,4,F-01-05-01,OP-101,PUT_AWAY,NORMAL
PA-008534,2026-09-02 15:43:56,SKU-00839,1,B-03-05-01,OP-105,PUT_AWAY,NORMAL
PA-002990,2026-09-02 15:44:04,SKU-00221,3,F-09-04-02,OP-107,PUT_AWAY,NORMAL
PA-001242,2026-09-02 15:44:11,SKU-00172,3,A-04-03-01,OP-107,PUT_AWAY,NORMAL
PA-008349,2026-09-02 15:44:24,SKU-01296,3,D-08-01-01,OP-102,PUT_AWAY,NORMAL
PA-002165,2026-09-02 15:44:26,SKU-00700,7,D-05-05-01,OP-108,PUT_AWAY,NORMAL
PA-002557,2026-09-02 15:44:28,SKU-00019,1,D-05-04-02,OP-103,PUT_AWAY,NORMAL
PA-000761,2026-09-02 15:44:31,SKU-01540,9,C-08-01-01,OP-107,PUT_AWAY,NORMAL
PA-002088,2026-09-02 15:44:52,SKU-01450,2,E-07-02-01,OP-104,PUT_AWAY,NORMAL
PA-000166,2026-09-02 15:44:59,SKU-01845,4,A-08-02-01,OP-102,PUT_AWAY,NORMAL
PA-001339,2026-09-02 15:45:04,SKU-00599,7,D-02-01-02,OP-106,PUT_AWAY,NORMAL
PA-007415,2026-09-02 15:45:21,SKU-01381,10,A-07-03-01,OP-103,PUT_AWAY,NORMAL
PA-008536,2026-09-02 15:45:24,SKU-00718,4,B-10-03-02,OP-103,PUT_AWAY,NORMAL
PA-001476,2026-09-02 15:45:25,SKU-00759,3,F-08-03-01,OP-101,PUT_AWAY,NORMAL
PA-000862,2026-09-02 15:45:36,SKU-00239,8,D-06-05-01,OP-108,PUT_AWAY,NORMAL
PA-003840,2026-09-02 15:45:51,SKU-01451,2,B-02-03-02,OP-102,PUT_AWAY,NORMAL
PA-002497,2026-09-02 15:45:55,SKU-00566,10,C-10-03-01,OP-101,PUT_AWAY,NORMAL
PA-005186,2026-09-02 15:46:22,SKU-01612,5,A-10-02-02,OP-104,PUT_AWAY,NORMAL
PA-002432,2026-09-02 15:46:28,SKU-00537,2,A-10-02-01,OP-102,PUT_AWAY,NORMAL
PA-006517,2026-09-02 15:46:43,SKU-01820,10,E-04-01-02,OP-105,PUT_AWAY,NORMAL
PA-000263,2026-09-02 15:46:52,SKU-01390,5,C-06-04-02,OP-108,PUT_AWAY,NORMAL
PA-003863,2026-09-02 15:46:54,SKU-00608,8,B-06-04-01,OP-107,PUT_AWAY,NORMAL
PA-004733,2026-09-02 15:46:56,SKU-01494,1,B-07-03-01,OP-103,PUT_AWAY,NORMAL
PA-000266,2026-09-02 15:47:20,SKU-00793,3,B-06-05-02,OP-102,PUT_AWAY,NORMAL
PA-008542,2026-09-02 15:47:24,SKU-00821,8,E-09-05-02,OP-103,PUT_AWAY,NORMAL
PA-001780,2026-09-02 15:48:21,SKU-01781,1,C-01-01-01,OP-104,PUT_AWAY,NORMAL
PA-008473,2026-09-02 15:48:21,SKU-00877,3,B-10-03-01,OP-102,PUT_AWAY,NORMAL
PA-000339,2026-09-02 15:48:25,SKU-00279,2,A-03-05-02,OP-101,PUT_AWAY,NORMAL
PA-001116,2026-09-02 15:49:27,SKU-01457,6,C-03-04-02,OP-105,PUT_AWAY,NORMAL
PA-003248,2026-09-02 15:50:12,SKU-01878,1,A-02-05-02,OP-106,PUT_AWAY,NORMAL
PA-003683,2026-09-02 15:50:41,SKU-01040,6,F-09-02-02,OP-108,PUT_AWAY,NORMAL
PA-005190,2026-09-02 15:50:58,SKU-01854,3,D-06-01-02,OP-107,PUT_AWAY,NORMAL
PA-000185,2026-09-02 15:51:16,SKU-01552,2,C-01-01-01,OP-106,PUT_AWAY,NORMAL
PA-008207,2026-09-02 15:51:21,SKU-01117,8,E-04-04-02,OP-108,PUT_AWAY,NORMAL
PA-007382,2026-09-02 15:51:32,SKU-00677,7,A-02-03-02,OP-108,PUT_AWAY,NORMAL
PA-005960,2026-09-02 15:51:40,SKU-01534,2,E-07-01-01,OP-105,PUT_AWAY,NORMAL
PA-006042,2026-09-02 15:51:45,SKU-01290,7,A-02-01-02,OP-103,PUT_AWAY,NORMAL
PA-001246,2026-09-02 15:52:00,SKU-00652,7,A-01-04-01,OP-107,PUT_AWAY,NORMAL
PA-007302,2026-09-02 15:52:09,SKU-00802,9,E-06-04-01,OP-102,PUT_AWAY,NORMAL
PA-001241,2026-09-02 15:52:30,SKU-00120,6,D-05-04-02,OP-104,PUT_AWAY,NORMAL
PA-000614,2026-09-02 15:52:52,SKU-00833,5,E-03-05-02,OP-101,PUT_AWAY,NORMAL
PA-007393,2026-09-02 15:53:09,SKU-00718,3,B-10-03-02,OP-104,PUT_AWAY,NORMAL
PA-003585,2026-09-02 15:53:53,SKU-00808,9,F-10-04-02,OP-101,PUT_AWAY,NORMAL
PA-001636,2026-09-02 15:54:35,SKU-00845,10,B-10-02-01,OP-101,PUT_AWAY,NORMAL
PA-006790,2026-09-02 15:54:38,SKU-00386,7,E-06-04-02,OP-102,PUT_AWAY,NORMAL
PA-007532,2026-09-02 15:54:39,SKU-01199,2,F-07-01-02,OP-102,PUT_AWAY,NORMAL
PA-000418,2026-09-02 15:54:44,SKU-00574,8,D-02-01-02,OP-103,PUT_AWAY,NORMAL
PA-002892,2026-09-02 15:55:10,SKU-01678,5,F-08-01-01,OP-104,PUT_AWAY,NORMAL
PA-005385,2026-09-02 15:55:21,SKU-01989,9,F-09-04-01,OP-105,PUT_AWAY,NORMAL
PA-004424,2026-09-02 15:56:03,SKU-00770,8,F-10-02-02,OP-106,PUT_AWAY,NORMAL
PA-000076,2026-09-02 15:56:18,SKU-01681,6,E-02-03-01,OP-107,PUT_AWAY,NORMAL
PA-003791,2026-09-02 15:56:35,SKU-00384,10,F-02-05-02,OP-103,PUT_AWAY,NORMAL
PA-008532,2026-09-02 15:56:51,SKU-00587,1,A-04-04-01,OP-104,PUT_AWAY,NORMAL
PA-007801,2026-09-02 15:58:21,SKU-01744,8,A-04-05-01,OP-104,PUT_AWAY,NORMAL
PA-006757,2026-09-02 15:58:21,SKU-00369,2,A-01-03-01,OP-106,PUT_AWAY,NORMAL
PA-005934,2026-09-02 15:58:41,SKU-01635,2,A-10-01-02,OP-101,PUT_AWAY,NORMAL
PA-000142,2026-09-02 15:59:39,SKU-01590,9,F-10-02-02,OP-103,PUT_AWAY,NORMAL
PA-004274,2026-09-02 15:59:45,SKU-01562,4,F-03-05-01,OP-104,PUT_AWAY,NORMAL
PA-003068,2026-09-02 16:00:44,SKU-00065,10,E-06-05-01,OP-108,PUT_AWAY,NORMAL
PA-001779,2026-09-02 16:01:11,SKU-00670,9,A-08-04-01,OP-102,PUT_AWAY,NORMAL
PA-005662,2026-09-02 16:01:25,SKU-00185,6,B-06-01-02,OP-102,PUT_AWAY,NORMAL
PA-006054,2026-09-02 16:01:31,SKU-01126,5,F-08-04-01,OP-102,PUT_AWAY,NORMAL
PA-006520,2026-09-02 16:01:39,SKU-01427,1,E-01-04-02,OP-104,PUT_AWAY,NORMAL
PA-001589,2026-09-02 16:01:43,SKU-01671,1,A-06-05-01,OP-101,PUT_AWAY,NORMAL
PA-006914,2026-09-02 16:01:50,SKU-01842,2,F-08-03-01,OP-101,PUT_AWAY,NORMAL
PA-002115,2026-09-02 16:01:55,SKU-01438,2,B-09-01-01,OP-105,PUT_AWAY,NORMAL
PA-005261,2026-09-02 16:02:16,SKU-01690,8,F-10-03-02,OP-104,PUT_AWAY,NORMAL
PA-003470,2026-09-02 16:02:50,SKU-01350,4,F-05-01-01,OP-106,PUT_AWAY,NORMAL
PA-005337,2026-09-02 16:03:24,SKU-01843,10,D-09-04-01,OP-103,PUT_AWAY,NORMAL
PA-006741,2026-09-02 16:03:34,SKU-01874,7,B-04-05-01,OP-103,PUT_AWAY,NORMAL
PA-000524,2026-09-02 16:04:44,SKU-00992,6,B-03-01-02,OP-103,PUT_AWAY,NORMAL
PA-007215,2026-09-02 16:05:14,SKU-00990,6,C-01-01-01,OP-101,PUT_AWAY,NORMAL
PA-005055,2026-09-02 16:05:16,SKU-00769,8,A-02-04-01,OP-106,PUT_AWAY,NORMAL
PA-002454,2026-09-02 16:05:54,SKU-00854,5,F-09-04-01,OP-104,PUT_AWAY,NORMAL
PA-001275,2026-09-02 16:06:03,SKU-00571,3,F-03-01-02,OP-108,PUT_AWAY,NORMAL
PA-000403,2026-09-02 16:06:08,SKU-00462,4,B-02-01-02,OP-108,PUT_AWAY,NORMAL
PA-006640,2026-09-02 16:06:30,SKU-01467,4,A-07-01-01,OP-108,PUT_AWAY,NORMAL
PA-002908,2026-09-02 16:06:40,SKU-00637,8,E-01-02-02,OP-102,PUT_AWAY,NORMAL
PA-000774,2026-09-02 16:07:15,SKU-01231,4,B-04-03-01,OP-103,PUT_AWAY,NORMAL
PA-004411,2026-09-02 16:07:57,SKU-01249,9,C-01-04-02,OP-103,PUT_AWAY,NORMAL
PA-007334,2026-09-02 16:08:01,SKU-00693,9,C-05-03-02,OP-102,PUT_AWAY,NORMAL
PA-004564,2026-09-02 16:08:18,SKU-00295,4,D-09-02-02,OP-104,PUT_AWAY,NORMAL
PA-001278,2026-09-02 16:08:46,SKU-01764,5,C-04-05-01,OP-106,PUT_AWAY,NORMAL
PA-000714,2026-09-02 16:08:54,SKU-00112,8,D-03-05-01,OP-102,PUT_AWAY,NORMAL
PA-008192,2026-09-02 16:08:58,SKU-01821,9,F-07-04-02,OP-106,PUT_AWAY,NORMAL
PA-007474,2026-09-02 16:09:13,SKU-01791,9,C-08-04-01,OP-106,PUT_AWAY,NORMAL
PA-002933,2026-09-02 16:09:47,SKU-00501,3,E-02-02-02,OP-106,PUT_AWAY,NORMAL
PA-001439,2026-09-02 16:10:04,SKU-00593,6,A-02-01-02,OP-107,PUT_AWAY,NORMAL
PA-006883,2026-09-02 16:10:17,SKU-01350,8,F-05-01-01,OP-105,PUT_AWAY,NORMAL
PA-008401,2026-09-02 16:10:19,SKU-01043,1,E-05-05-02,OP-108,PUT_AWAY,NORMAL
PA-001120,2026-09-02 16:10:31,SKU-01395,6,F-06-02-02,OP-102,PUT_AWAY,NORMAL
PA-004814,2026-09-02 16:11:24,SKU-01590,9,F-10-02-02,OP-107,PUT_AWAY,NORMAL
PA-002728,2026-09-02 16:11:27,SKU-01686,7,B-10-01-02,OP-102,PUT_AWAY,NORMAL
PA-008745,2026-09-02 16:11:48,SKU-00187,4,F-07-02-02,OP-106,PUT_AWAY,NORMAL
PA-005086,2026-09-02 16:11:56,SKU-01014,2,A-04-03-01,OP-107,PUT_AWAY,NORMAL
PA-007444,2026-09-02 16:12:09,SKU-01492,7,B-06-02-01,OP-103,PUT_AWAY,NORMAL
PA-006403,2026-09-02 16:12:15,SKU-01123,8,E-07-02-01,OP-108,PUT_AWAY,NORMAL
PA-008373,2026-09-02 16:12:26,SKU-00222,5,E-08-05-02,OP-101,PUT_AWAY,NORMAL
PA-001630,2026-09-02 16:12:43,SKU-01896,7,E-03-01-02,OP-105,PUT_AWAY,NORMAL
PA-004359,2026-09-02 16:13:15,SKU-00410,1,F-05-02-01,OP-102,PUT_AWAY,NORMAL
PA-002420,2026-09-02 16:13:28,SKU-01955,3,F-04-02-01,OP-103,PUT_AWAY,NORMAL
PA-008530,2026-09-02 16:13:32,SKU-01686,2,B-10-01-02,OP-102,PUT_AWAY,NORMAL
PA-002016,2026-09-02 16:13:53,SKU-01832,2,F-10-04-02,OP-104,PUT_AWAY,NORMAL
PA-006819,2026-09-02 16:13:55,SKU-01145,7,E-09-04-02,OP-102,PUT_AWAY,NORMAL
PA-006767,2026-09-02 16:14:36,SKU-01992,4,A-04-04-02,OP-108,PUT_AWAY,NORMAL
PA-005581,2026-09-02 16:14:52,SKU-01596,7,E-07-04-01,OP-106,PUT_AWAY,NORMAL
PA-003391,2026-09-02 16:14:52,SKU-01676,7,D-05-04-02,OP-102,PUT_AWAY,NORMAL
PA-005688,2026-09-02 16:15:08,SKU-00975,8,A-02-05-01,OP-107,PUT_AWAY,NORMAL
PA-002571,2026-09-02 16:15:24,SKU-01876,3,F-03-02-02,OP-102,PUT_AWAY,NORMAL
PA-000470,2026-09-02 16:15:39,SKU-00313,1,E-09-05-01,OP-103,PUT_AWAY,NORMAL
PA-006993,2026-09-02 16:16:14,SKU-00547,6,D-05-04-01,OP-105,PUT_AWAY,NORMAL
PA-003930,2026-09-02 16:16:38,SKU-01195,4,C-04-01-02,OP-107,PUT_AWAY,NORMAL
PA-000088,2026-09-02 16:16:59,SKU-00990,10,C-01-01-01,OP-108,PUT_AWAY,NORMAL
PA-004505,2026-09-02 16:17:34,SKU-00902,5,C-08-01-01,OP-107,PUT_AWAY,NORMAL
PA-006193,2026-09-02 16:17:51,SKU-01919,1,C-06-03-02,OP-101,PUT_AWAY,NORMAL
PA-007438,2026-09-02 16:17:58,SKU-00365,2,E-06-02-01,OP-105,PUT_AWAY,NORMAL
PA-004792,2026-09-02 16:18:00,SKU-00486,6,F-01-03-02,OP-103,PUT_AWAY,NORMAL
PA-004392,2026-09-02 16:18:33,SKU-00076,5,E-06-03-02,OP-107,PUT_AWAY,NORMAL
PA-005666,2026-09-02 16:18:38,SKU-00649,4,F-10-04-01,OP-104,PUT_AWAY,NORMAL
PA-006915,2026-09-02 16:19:07,SKU-01884,5,A-07-01-02,OP-101,PUT_AWAY,NORMAL
PA-003967,2026-09-02 16:19:54,SKU-00654,9,B-01-01-02,OP-101,PUT_AWAY,NORMAL
PA-004420,2026-09-02 16:20:07,SKU-01621,10,B-10-04-02,OP-101,PUT_AWAY,NORMAL
PA-003278,2026-09-02 16:20:10,SKU-00027,8,B-05-04-01,OP-103,PUT_AWAY,NORMAL
PA-001954,2026-09-02 16:20:43,SKU-00930,7,B-05-01-02,OP-102,PUT_AWAY,NORMAL
PA-006660,2026-09-02 16:20:54,SKU-01416,9,D-02-03-02,OP-104,PUT_AWAY,NORMAL
PA-006665,2026-09-02 16:21:55,SKU-01975,3,E-04-01-01,OP-101,PUT_AWAY,NORMAL
PA-000372,2026-09-02 16:22:07,SKU-01498,5,B-06-04-01,OP-106,PUT_AWAY,NORMAL
PA-005119,2026-09-02 16:22:10,SKU-01363,10,D-04-04-02,OP-102,PUT_AWAY,NORMAL
PA-008683,2026-09-02 16:22:30,SKU-01143,3,F-09-05-02,OP-103,PUT_AWAY,NORMAL
PA-000039,2026-09-02 16:22:40,SKU-01472,8,E-02-05-02,OP-104,PUT_AWAY,NORMAL
PA-003593,2026-09-02 16:22:53,SKU-01681,1,E-02-03-01,OP-107,PUT_AWAY,NORMAL
PA-002446,2026-09-02 16:23:08,SKU-00257,2,D-06-05-01,OP-107,PUT_AWAY,NORMAL
PA-001661,2026-09-02 16:23:23,SKU-01444,8,C-05-03-01,OP-105,PUT_AWAY,NORMAL
PA-000870,2026-09-02 16:23:27,SKU-00850,3,E-03-04-02,OP-105,PUT_AWAY,NORMAL
PA-002383,2026-09-02 16:24:17,SKU-00842,9,D-01-02-02,OP-108,PUT_AWAY,NORMAL
PA-005564,2026-09-02 16:24:59,SKU-00676,6,A-06-05-01,OP-102,PUT_AWAY,NORMAL
PA-004646,2026-09-02 16:25:23,SKU-00966,6,E-06-05-01,OP-104,PUT_AWAY,NORMAL
PA-004114,2026-09-02 16:25:40,SKU-00616,1,C-04-04-01,OP-101,PUT_AWAY,NORMAL
PA-000791,2026-09-02 16:25:45,SKU-01008,7,A-03-05-01,OP-108,PUT_AWAY,NORMAL
PA-007154,2026-09-02 16:26:31,SKU-00683,2,F-01-05-02,OP-104,PUT_AWAY,NORMAL
PA-004286,2026-09-02 16:27:37,SKU-00058,6,E-02-05-02,OP-103,PUT_AWAY,NORMAL
PA-003515,2026-09-02 16:27:54,SKU-00670,8,A-08-04-01,OP-102,PUT_AWAY,NORMAL
PA-003869,2026-09-02 16:28:14,SKU-01447,6,B-03-01-01,OP-106,PUT_AWAY,NORMAL
PA-004251,2026-09-02 16:28:18,SKU-00237,4,C-05-02-02,OP-103,PUT_AWAY,NORMAL
PA-003774,2026-09-02 16:28:32,SKU-00474,6,D-04-03-01,OP-103,PUT_AWAY,NORMAL
PA-007133,2026-09-02 16:29:07,SKU-00136,7,D-01-04-02,OP-105,PUT_AWAY,NORMAL
PA-002724,2026-09-02 16:29:32,SKU-01037,4,E-05-01-01,OP-106,PUT_AWAY,NORMAL
PA-003672,2026-09-02 16:29:34,SKU-01701,9,D-05-05-01,OP-108,PUT_AWAY,NORMAL
PA-001541,2026-09-02 16:29:45,SKU-00935,7,E-09-02-02,OP-101,PUT_AWAY,NORMAL
PA-008805,2026-09-02 16:30:12,SKU-00180,7,A-07-02-02,OP-107,PUT_AWAY,NORMAL
PA-007747,2026-09-02 16:30:14,SKU-01798,1,C-09-05-02,OP-105,PUT_AWAY,NORMAL
PA-006189,2026-09-02 16:30:27,SKU-01984,10,F-04-01-02,OP-107,PUT_AWAY,NORMAL
PA-004237,2026-09-02 16:31:08,SKU-00050,2,B-08-04-01,OP-105,PUT_AWAY,NORMAL
PA-008369,2026-09-02 16:31:19,SKU-00183,7,B-04-03-02,OP-101,PUT_AWAY,NORMAL
PA-002448,2026-09-02 16:31:31,SKU-01170,4,B-04-01-02,OP-105,PUT_AWAY,NORMAL
PA-003667,2026-09-02 16:32:05,SKU-00771,4,D-02-01-01,OP-107,PUT_AWAY,NORMAL
PA-002157,2026-09-02 16:32:16,SKU-01972,6,A-05-01-01,OP-108,PUT_AWAY,NORMAL
PA-004539,2026-09-02 16:32:28,SKU-01488,8,C-01-02-02,OP-102,PUT_AWAY,NORMAL
PA-006985,2026-09-02 16:32:51,SKU-01578,3,C-09-01-01,OP-102,PUT_AWAY,NORMAL
PA-001359,2026-09-02 16:33:11,SKU-00730,7,F-10-05-01,OP-108,PUT_AWAY,NORMAL
PA-003943,2026-09-02 16:33:24,SKU-00345,4,C-05-03-02,OP-103,PUT_AWAY,NORMAL
PA-004880,2026-09-02 16:34:36,SKU-01578,1,C-09-01-01,OP-107,PUT_AWAY,NORMAL
PA-005632,2026-09-02 16:34:38,SKU-00994,1,A-05-02-01,OP-104,PUT_AWAY,NORMAL
PA-001050,2026-09-02 16:34:44,SKU-01432,5,C-01-02-02,OP-102,PUT_AWAY,NORMAL
PA-002319,2026-09-02 16:35:47,SKU-01905,10,E-02-05-01,OP-104,PUT_AWAY,NORMAL
PA-005014,2026-09-02 16:36:09,SKU-00570,6,B-01-04-01,OP-101,PUT_AWAY,NORMAL
PA-000308,2026-09-02 16:36:33,SKU-01635,8,A-10-01-02,OP-105,PUT_AWAY,NORMAL
PA-003911,2026-09-02 16:36:57,SKU-00391,3,B-02-05-02,OP-102,PUT_AWAY,NORMAL
PA-000139,2026-09-02 16:37:28,SKU-00130,6,B-05-03-01,OP-106,PUT_AWAY,NORMAL
PA-000476,2026-09-02 16:38:19,SKU-01072,8,B-05-03-02,OP-107,PUT_AWAY,NORMAL
PA-003360,2026-09-02 16:38:47,SKU-01211,10,E-03-03-01,OP-106,PUT_AWAY,NORMAL
PA-003657,2026-09-02 16:39:11,SKU-00270,7,A-10-02-02,OP-103,PUT_AWAY,NORMAL
PA-003975,2026-09-02 16:39:28,SKU-01644,1,B-05-01-01,OP-103,PUT_AWAY,NORMAL
PA-007288,2026-09-02 16:39:35,SKU-00481,6,A-08-03-01,OP-107,PUT_AWAY,NORMAL
PA-000836,2026-09-02 16:39:52,SKU-00798,4,D-10-03-01,OP-108,PUT_AWAY,NORMAL
PA-002766,2026-09-02 16:40:18,SKU-01370,1,B-03-05-02,OP-106,PUT_AWAY,NORMAL
PA-007705,2026-09-02 16:40:23,SKU-01884,9,A-07-01-02,OP-107,PUT_AWAY,NORMAL
PA-004703,2026-09-02 16:40:42,SKU-01420,7,E-05-04-02,OP-108,PUT_AWAY,NORMAL
PA-007760,2026-09-02 16:40:43,SKU-00133,8,D-06-01-02,OP-106,PUT_AWAY,NORMAL
PA-000479,2026-09-02 16:40:44,SKU-00316,8,A-07-03-02,OP-105,PUT_AWAY,NORMAL
PA-002927,2026-09-02 16:40:55,SKU-01680,8,C-04-04-01,OP-106,PUT_AWAY,NORMAL
PA-001147,2026-09-02 16:41:17,SKU-00765,7,F-02-02-01,OP-107,PUT_AWAY,NORMAL
PA-008668,2026-09-02 16:41:26,SKU-01148,4,F-05-02-01,OP-102,PUT_AWAY,NORMAL
PA-004740,2026-09-02 16:41:35,SKU-00385,9,E-06-05-02,OP-106,PUT_AWAY,NORMAL
PA-000988,2026-09-02 16:41:52,SKU-01769,3,F-03-01-02,OP-101,PUT_AWAY,NORMAL
PA-008364,2026-09-02 16:42:21,SKU-01869,2,C-09-04-02,OP-104,PUT_AWAY,NORMAL
PA-006232,2026-09-02 16:42:22,SKU-01181,10,E-09-05-01,OP-106,PUT_AWAY,NORMAL
PA-007368,2026-09-02 16:42:25,SKU-01709,10,A-06-03-02,OP-106,PUT_AWAY,NORMAL
PA-005289,2026-09-02 16:42:27,SKU-00995,5,D-02-01-01,OP-106,PUT_AWAY,NORMAL
PA-007077,2026-09-02 16:42:37,SKU-00525,9,E-04-03-02,OP-102,PUT_AWAY,NORMAL
PA-005643,2026-09-02 16:43:04,SKU-00477,1,B-03-02-02,OP-108,PUT_AWAY,NORMAL
PA-001701,2026-09-02 16:43:33,SKU-00411,9,C-07-02-01,OP-103,PUT_AWAY,NORMAL
PA-006786,2026-09-02 16:43:49,SKU-01620,9,C-07-04-02,OP-105,PUT_AWAY,NORMAL
PA-003896,2026-09-02 16:43:51,SKU-00352,9,D-01-02-02,OP-102,PUT_AWAY,NORMAL
PA-000315,2026-09-02 16:43:55,SKU-00522,10,F-07-05-02,OP-103,PUT_AWAY,NORMAL
PA-000163,2026-09-02 16:45:32,SKU-01513,3,F-05-03-02,OP-106,PUT_AWAY,NORMAL
PA-006822,2026-09-02 16:46:42,SKU-00320,1,C-01-05-01,OP-107,PUT_AWAY,NORMAL
PA-003141,2026-09-02 16:47:02,SKU-00635,3,A-04-02-02,OP-106,PUT_AWAY,NORMAL
PA-002229,2026-09-02 16:47:21,SKU-00447,6,E-07-04-02,OP-104,PUT_AWAY,NORMAL
PA-006265,2026-09-02 16:47:53,SKU-01216,7,A-03-01-01,OP-103,PUT_AWAY,NORMAL
PA-002013,2026-09-02 16:48:16,SKU-01963,5,B-03-03-02,OP-104,PUT_AWAY,NORMAL
PA-000448,2026-09-02 16:48:19,SKU-01177,5,D-08-01-01,OP-102,PUT_AWAY,NORMAL
PA-008778,2026-09-02 16:48:27,SKU-01836,8,E-01-03-01,OP-105,PUT_AWAY,NORMAL
PA-001908,2026-09-02 16:48:28,SKU-00584,1,B-02-01-02,OP-105,PUT_AWAY,NORMAL
PA-004277,2026-09-02 16:49:02,SKU-01928,1,C-05-03-01,OP-108,PUT_AWAY,NORMAL
PA-007145,2026-09-02 16:49:16,SKU-00821,10,E-09-05-02,OP-106,PUT_AWAY,NORMAL
PA-005517,2026-09-02 16:49:22,SKU-00044,3,D-04-04-01,OP-102,PUT_AWAY,NORMAL
PA-000341,2026-09-02 16:49:43,SKU-01093,2,C-08-04-01,OP-108,PUT_AWAY,NORMAL
PA-001814,2026-09-02 16:49:49,SKU-00494,1,E-09-05-01,OP-107,PUT_AWAY,NORMAL
PA-004922,2026-09-02 16:50:25,SKU-01464,9,F-03-05-01,OP-108,PUT_AWAY,NORMAL
PA-007006,2026-09-02 16:50:40,SKU-00557,10,C-05-01-02,OP-104,PUT_AWAY,NORMAL
PA-001192,2026-09-02 16:50:43,SKU-00472,3,B-06-02-02,OP-103,PUT_AWAY,NORMAL
PA-001397,2026-09-02 16:51:25,SKU-01710,6,B-02-01-01,OP-101,PUT_AWAY,NORMAL
PA-002281,2026-09-02 16:51:34,SKU-01739,6,E-08-03-02,OP-104,PUT_AWAY,NORMAL
PA-001097,2026-09-02 16:51:37,SKU-01606,4,B-03-01-02,OP-102,PUT_AWAY,NORMAL
PA-002574,2026-09-02 16:51:41,SKU-00366,9,C-02-04-01,OP-104,PUT_AWAY,NORMAL
PA-005518,2026-09-02 16:52:00,SKU-00089,4,A-02-04-02,OP-105,PUT_AWAY,NORMAL
PA-007809,2026-09-02 16:52:07,SKU-00809,10,E-01-03-02,OP-105,PUT_AWAY,NORMAL
PA-006625,2026-09-02 16:52:21,SKU-00976,2,E-09-03-01,OP-106,PUT_AWAY,NORMAL
PA-002854,2026-09-02 16:52:28,SKU-00243,6,E-05-05-01,OP-105,PUT_AWAY,NORMAL
PA-005063,2026-09-02 16:52:44,SKU-01494,7,B-07-03-01,OP-107,PUT_AWAY,NORMAL
PA-005720,2026-09-02 16:53:04,SKU-00989,5,C-04-01-02,OP-102,PUT_AWAY,NORMAL
PA-006553,2026-09-02 16:53:29,SKU-01112,7,B-07-03-01,OP-108,PUT_AWAY,NORMAL
PA-006375,2026-09-02 16:53:30,SKU-01997,3,A-09-02-01,OP-108,PUT_AWAY,NORMAL
PA-003203,2026-09-02 16:53:36,SKU-00328,8,E-04-03-01,OP-107,PUT_AWAY,NORMAL
PA-005427,2026-09-02 16:53:38,SKU-01693,1,F-01-05-01,OP-105,PUT_AWAY,NORMAL
PA-007896,2026-09-02 16:53:41,SKU-00249,3,E-04-02-01,OP-101,PUT_AWAY,NORMAL
PA-002056,2026-09-02 16:54:08,SKU-00563,4,E-01-02-01,OP-108,PUT_AWAY,NORMAL
PA-002329,2026-09-02 16:54:16,SKU-01099,2,C-09-04-02,OP-105,PUT_AWAY,NORMAL
PA-006646,2026-09-02 16:54:53,SKU-00404,4,B-04-05-02,OP-107,PUT_AWAY,NORMAL
PA-008402,2026-09-02 16:54:54,SKU-00108,6,C-06-01-01,OP-101,PUT_AWAY,NORMAL
PA-004517,2026-09-02 16:55:01,SKU-00302,7,F-10-05-01,OP-101,PUT_AWAY,NORMAL
PA-002193,2026-09-02 16:55:04,SKU-01014,3,A-04-03-01,OP-108,PUT_AWAY,NORMAL
PA-002074,2026-09-02 16:55:16,SKU-00728,2,F-05-01-01,OP-103,PUT_AWAY,NORMAL
PA-005847,2026-09-02 16:55:32,SKU-00613,5,E-03-04-01,OP-105,PUT_AWAY,NORMAL
PA-000387,2026-09-02 16:55:45,SKU-01288,10,F-02-01-02,OP-108,PUT_AWAY,NORMAL
PA-003212,2026-09-02 16:55:48,SKU-00666,4,B-06-05-01,OP-101,PUT_AWAY,NORMAL
PA-006081,2026-09-02 16:57:13,SKU-00557,5,C-05-01-02,OP-106,PUT_AWAY,NORMAL
PA-005549,2026-09-02 16:58:23,SKU-00795,7,D-04-02-02,OP-107,PUT_AWAY,NORMAL
PA-007060,2026-09-02 16:58:37,SKU-00878,4,F-03-01-02,OP-106,PUT_AWAY,NORMAL
PA-001486,2026-09-02 16:58:40,SKU-01807,4,A-10-02-01,OP-108,PUT_AWAY,NORMAL
PA-000856,2026-09-02 16:59:06,SKU-01621,6,B-10-04-02,OP-108,PUT_AWAY,NORMAL
PA-005909,2026-09-02 16:59:19,SKU-01149,6,F-04-02-02,OP-102,PUT_AWAY,NORMAL
PA-007049,2026-09-02 16:59:28,SKU-00563,9,E-01-02-01,OP-107,PUT_AWAY,NORMAL
PA-006181,2026-09-02 16:59:29,SKU-01883,1,F-09-04-02,OP-102,PUT_AWAY,NORMAL
PA-004729,2026-09-02 16:59:33,SKU-00433,2,B-05-01-02,OP-102,PUT_AWAY,NORMAL
PA-004405,2026-09-02 16:59:37,SKU-00173,5,F-01-01-01,OP-104,PUT_AWAY,NORMAL
PA-008029,2026-09-02 17:00:21,SKU-01954,5,D-09-01-01,OP-103,PUT_AWAY,NORMAL
PA-007730,2026-09-02 17:00:28,SKU-00395,9,D-02-04-02,OP-105,PUT_AWAY,NORMAL
PA-007685,2026-09-02 17:00:29,SKU-01134,5,A-09-05-02,OP-102,PUT_AWAY,NORMAL
PA-004451,2026-09-02 17:01:43,SKU-01375,3,C-08-03-01,OP-103,PUT_AWAY,NORMAL
PA-003641,2026-09-02 17:02:11,SKU-00942,1,B-05-05-01,OP-104,PUT_AWAY,NORMAL
PA-002272,2026-09-02 17:02:23,SKU-01762,8,D-08-02-01,OP-103,PUT_AWAY,NORMAL
PA-006210,2026-09-02 17:02:45,SKU-00173,9,F-01-01-01,OP-106,PUT_AWAY,NORMAL
PA-004585,2026-09-02 17:03:11,SKU-01980,9,E-06-01-01,OP-107,PUT_AWAY,NORMAL
PA-002428,2026-09-02 17:03:34,SKU-01911,2,F-02-01-02,OP-101,PUT_AWAY,NORMAL
PA-006628,2026-09-02 17:03:37,SKU-01073,9,A-09-05-01,OP-108,PUT_AWAY,NORMAL
PA-008654,2026-09-02 17:03:47,SKU-00491,5,B-06-05-02,OP-103,PUT_AWAY,NORMAL
PA-002054,2026-09-02 17:05:14,SKU-00075,1,B-06-02-02,OP-107,PUT_AWAY,NORMAL
PA-007529,2026-09-02 17:05:32,SKU-00615,4,F-03-04-01,OP-101,PUT_AWAY,NORMAL
PA-004676,2026-09-02 17:05:46,SKU-00441,9,F-06-05-02,OP-101,PUT_AWAY,NORMAL
PA-005387,2026-09-02 17:06:30,SKU-00216,3,A-02-05-01,OP-101,PUT_AWAY,NORMAL
PA-007385,2026-09-02 17:06:42,SKU-01791,10,C-08-04-01,OP-101,PUT_AWAY,NORMAL
PA-003811,2026-09-02 17:07:00,SKU-01798,3,C-09-05-02,OP-103,PUT_AWAY,NORMAL
PA-003062,2026-09-02 17:07:06,SKU-00195,8,A-01-01-01,OP-107,PUT_AWAY,NORMAL
PA-007966,2026-09-02 17:08:11,SKU-00579,10,E-04-02-02,OP-108,PUT_AWAY,NORMAL
PA-005439,2026-09-02 17:08:18,SKU-00636,1,F-08-03-02,OP-107,PUT_AWAY,NORMAL
PA-000147,2026-09-02 17:08:19,SKU-00555,7,F-04-05-02,OP-105,PUT_AWAY,NORMAL
PA-002357,2026-09-02 17:08:27,SKU-01202,5,F-08-02-01,OP-107,PUT_AWAY,NORMAL
PA-003198,2026-09-02 17:08:38,SKU-01668,9,C-10-03-01,OP-101,PUT_AWAY,NORMAL
PA-001274,2026-09-02 17:08:47,SKU-00153,2,D-08-03-02,OP-104,PUT_AWAY,NORMAL
PA-007982,2026-09-02 17:08:50,SKU-00382,7,A-06-02-01,OP-106,PUT_AWAY,NORMAL
PA-007332,2026-09-02 17:09:36,SKU-01186,5,D-04-02-02,OP-108,PUT_AWAY,NORMAL
PA-008796,2026-09-02 17:10:09,SKU-01875,2,F-05-02-02,OP-106,PUT_AWAY,NORMAL
PA-003921,2026-09-02 17:10:27,SKU-01827,8,D-05-01-02,OP-104,PUT_AWAY,NORMAL
PA-007618,2026-09-02 17:10:46,SKU-00286,1,E-04-03-01,OP-102,PUT_AWAY,NORMAL
PA-006044,2026-09-02 17:11:03,SKU-00065,7,E-06-05-01,OP-108,PUT_AWAY,NORMAL
PA-001874,2026-09-02 17:11:34,SKU-00789,3,B-01-03-01,OP-106,PUT_AWAY,NORMAL
PA-007311,2026-09-02 17:11:58,SKU-00081,3,C-03-03-02,OP-108,PUT_AWAY,NORMAL
PA-005334,2026-09-02 17:13:04,SKU-01695,2,C-09-05-01,OP-102,PUT_AWAY,NORMAL
PA-005035,2026-09-02 17:13:27,SKU-01962,2,E-08-02-01,OP-107,PUT_AWAY,NORMAL
PA-005074,2026-09-02 17:13:40,SKU-00901,8,F-01-03-02,OP-108,PUT_AWAY,NORMAL
PA-002705,2026-09-02 17:13:57,SKU-00190,3,E-07-05-02,OP-103,PUT_AWAY,NORMAL
PA-000497,2026-09-02 17:13:57,SKU-01750,6,B-02-02-01,OP-104,PUT_AWAY,NORMAL
PA-008894,2026-09-02 17:15:34,SKU-00040,2,B-05-05-02,OP-103,PUT_AWAY,NORMAL
PA-002212,2026-09-02 17:15:40,SKU-00516,2,B-01-01-01,OP-103,PUT_AWAY,NORMAL
PA-003088,2026-09-02 17:16:30,SKU-01071,1,A-03-05-02,OP-101,PUT_AWAY,NORMAL
PA-008494,2026-09-02 17:16:38,SKU-01992,6,A-04-04-02,OP-106,PUT_AWAY,NORMAL
PA-005609,2026-09-02 17:16:41,SKU-00434,6,B-03-03-01,OP-105,PUT_AWAY,NORMAL
PA-005890,2026-09-02 17:17:03,SKU-01523,5,D-03-04-02,OP-107,PUT_AWAY,NORMAL
PA-002130,2026-09-02 17:18:48,SKU-00664,5,A-06-03-01,OP-101,PUT_AWAY,NORMAL
PA-002131,2026-09-02 17:19:05,SKU-00744,8,A-01-01-02,OP-105,PUT_AWAY,NORMAL
PA-003789,2026-09-02 17:19:29,SKU-00055,10,A-05-05-01,OP-108,PUT_AWAY,NORMAL
PA-003580,2026-09-02 17:19:43,SKU-00768,6,B-03-04-01,OP-104,PUT_AWAY,NORMAL
PA-000318,2026-09-02 17:20:04,SKU-00198,3,E-04-03-01,OP-108,PUT_AWAY,NORMAL
PA-004873,2026-09-02 17:20:37,SKU-01122,5,F-04-04-01,OP-103,PUT_AWAY,NORMAL
PA-001694,2026-09-02 17:20:41,SKU-00706,8,B-05-04-01,OP-107,PUT_AWAY,NORMAL
PA-000583,2026-09-02 17:20:55,SKU-01989,6,F-09-04-01,OP-106,PUT_AWAY,NORMAL
PA-007764,2026-09-02 17:21:17,SKU-00954,5,E-02-02-01,OP-102,PUT_AWAY,NORMAL
PA-000555,2026-09-02 17:21:23,SKU-00727,4,C-08-04-01,OP-108,PUT_AWAY,NORMAL
PA-002757,2026-09-02 17:21:28,SKU-01662,6,C-02-03-02,OP-104,PUT_AWAY,NORMAL
PA-006362,2026-09-02 17:21:35,SKU-01801,9,B-02-05-01,OP-102,PUT_AWAY,NORMAL
PA-004726,2026-09-02 17:21:53,SKU-01030,10,D-03-05-01,OP-102,PUT_AWAY,NORMAL
PA-007852,2026-09-02 17:22:01,SKU-00720,4,C-02-04-02,OP-108,PUT_AWAY,NORMAL
PA-004587,2026-09-02 17:22:51,SKU-00447,9,E-07-04-02,OP-102,PUT_AWAY,NORMAL
PA-006912,2026-09-02 17:22:55,SKU-00308,2,D-03-02-01,OP-106,PUT_AWAY,NORMAL
PA-005885,2026-09-02 17:23:14,SKU-01881,2,C-01-05-02,OP-106,PUT_AWAY,NORMAL
PA-006570,2026-09-02 17:23:21,SKU-00178,1,B-03-04-01,OP-104,PUT_AWAY,NORMAL
PA-007937,2026-09-02 17:23:27,SKU-01891,3,D-08-05-01,OP-104,PUT_AWAY,NORMAL
PA-001163,2026-09-02 17:24:29,SKU-01256,2,C-01-04-02,OP-102,PUT_AWAY,NORMAL
PA-006524,2026-09-02 17:24:37,SKU-01755,4,B-03-05-01,OP-108,PUT_AWAY,NORMAL
PA-002804,2026-09-02 17:24:37,SKU-01688,7,B-01-04-01,OP-105,PUT_AWAY,NORMAL
PA-004759,2026-09-02 17:25:48,SKU-01878,2,A-02-05-02,OP-108,PUT_AWAY,NORMAL
PA-003294,2026-09-02 17:26:00,SKU-01528,7,E-07-04-02,OP-104,PUT_AWAY,NORMAL
PA-000775,2026-09-02 17:26:21,SKU-00668,6,B-04-05-02,OP-101,PUT_AWAY,NORMAL
PA-001240,2026-09-02 17:26:45,SKU-01489,7,C-04-03-01,OP-108,PUT_AWAY,NORMAL
PA-008285,2026-09-02 17:26:47,SKU-01736,10,F-01-05-02,OP-108,PUT_AWAY,NORMAL
PA-005984,2026-09-02 17:26:53,SKU-01330,4,B-07-03-01,OP-106,PUT_AWAY,NORMAL
PA-004519,2026-09-02 17:27:05,SKU-00704,8,A-09-03-02,OP-105,PUT_AWAY,NORMAL
PA-008428,2026-09-02 17:27:08,SKU-01714,9,F-04-02-01,OP-108,PUT_AWAY,NORMAL
PA-008716,2026-09-02 17:27:42,SKU-01911,7,F-02-01-02,OP-105,PUT_AWAY,NORMAL
PA-001234,2026-09-02 17:28:42,SKU-00711,4,E-04-02-01,OP-101,PUT_AWAY,NORMAL
PA-006835,2026-09-02 17:28:59,SKU-00606,9,E-06-05-02,OP-105,PUT_AWAY,NORMAL
PA-006809,2026-09-02 17:29:02,SKU-01479,2,F-07-05-01,OP-105,PUT_AWAY,NORMAL
PA-000546,2026-09-02 17:29:03,SKU-00880,5,B-10-03-02,OP-104,PUT_AWAY,NORMAL
PA-005350,2026-09-02 17:29:09,SKU-01601,1,B-10-04-01,OP-108,PUT_AWAY,NORMAL
PA-006326,2026-09-02 17:29:48,SKU-01710,2,B-02-01-01,OP-106,PUT_AWAY,NORMAL
PA-002917,2026-09-02 17:30:30,SKU-01864,3,B-03-04-01,OP-104,PUT_AWAY,NORMAL
PA-006448,2026-09-02 17:31:12,SKU-01554,9,D-07-02-02,OP-105,PUT_AWAY,NORMAL
PA-004952,2026-09-02 17:31:27,SKU-01929,3,F-08-04-02,OP-105,PUT_AWAY,NORMAL
PA-005469,2026-09-02 17:32:07,SKU-00991,9,D-09-05-02,OP-102,PUT_AWAY,NORMAL
PA-006837,2026-09-02 17:32:47,SKU-01442,7,C-09-01-01,OP-104,PUT_AWAY,NORMAL
PA-000702,2026-09-02 17:33:03,SKU-00201,5,A-01-05-01,OP-101,PUT_AWAY,NORMAL
PA-004989,2026-09-02 17:33:08,SKU-01783,7,C-01-02-01,OP-108,PUT_AWAY,NORMAL
PA-000171,2026-09-02 17:33:27,SKU-01379,10,A-03-02-01,OP-101,PUT_AWAY,NORMAL
PA-003183,2026-09-02 17:33:32,SKU-00338,9,C-02-04-01,OP-101,PUT_AWAY,NORMAL
PA-008566,2026-09-02 17:35:36,SKU-01242,2,B-05-02-01,OP-104,PUT_AWAY,NORMAL
PA-006788,2026-09-02 17:35:37,SKU-00043,4,D-10-03-02,OP-101,PUT_AWAY,NORMAL
PA-000819,2026-09-02 17:35:43,SKU-01393,5,C-10-05-01,OP-105,PUT_AWAY,NORMAL
PA-005084,2026-09-02 17:35:51,SKU-01660,4,F-02-01-02,OP-101,PUT_AWAY,NORMAL
PA-006642,2026-09-02 17:35:52,SKU-01495,10,A-03-04-02,OP-106,PUT_AWAY,NORMAL
PA-007758,2026-09-02 17:35:52,SKU-00473,7,B-06-01-01,OP-108,PUT_AWAY,NORMAL
PA-005729,2026-09-02 17:36:17,SKU-01158,9,B-09-03-02,OP-106,PUT_AWAY,NORMAL
PA-007177,2026-09-02 17:36:43,SKU-00561,1,D-06-04-01,OP-105,PUT_AWAY,NORMAL
PA-006199,2026-09-02 17:36:54,SKU-00662,6,E-02-05-02,OP-105,PUT_AWAY,NORMAL
PA-001981,2026-09-02 17:36:55,SKU-01955,8,F-04-02-01,OP-108,PUT_AWAY,NORMAL
PA-000445,2026-09-02 17:36:56,SKU-01234,10,A-05-03-01,OP-106,PUT_AWAY,NORMAL
PA-008474,2026-09-02 17:37:00,SKU-01092,7,C-06-03-02,OP-102,PUT_AWAY,NORMAL
PA-003169,2026-09-02 17:37:34,SKU-01424,6,C-10-01-01,OP-102,PUT_AWAY,NORMAL
PA-007884,2026-09-02 17:37:41,SKU-01274,10,D-08-01-02,OP-102,PUT_AWAY,NORMAL
PA-002299,2026-09-02 17:37:43,SKU-01433,3,D-10-03-02,OP-101,PUT_AWAY,NORMAL
PA-004891,2026-09-02 17:38:15,SKU-00055,10,A-05-05-01,OP-108,PUT_AWAY,NORMAL
PA-001525,2026-09-02 17:38:52,SKU-00763,4,C-03-02-01,OP-107,PUT_AWAY,NORMAL
PA-000202,2026-09-02 17:39:11,SKU-00702,8,C-01-02-02,OP-106,PUT_AWAY,NORMAL
PA-001121,2026-09-02 17:39:25,SKU-01177,6,D-08-01-01,OP-102,PUT_AWAY,NORMAL
PA-006701,2026-09-02 17:39:58,SKU-01886,7,B-04-05-01,OP-105,PUT_AWAY,NORMAL
PA-000015,2026-09-02 17:40:01,SKU-00455,10,B-03-02-02,OP-104,PUT_AWAY,NORMAL
PA-007770,2026-09-02 17:40:52,SKU-00990,7,C-01-01-01,OP-102,PUT_AWAY,NORMAL
PA-005262,2026-09-02 17:40:56,SKU-00305,3,E-05-05-01,OP-106,PUT_AWAY,NORMAL
PA-008228,2026-09-02 17:41:07,SKU-00551,8,C-02-03-02,OP-105,PUT_AWAY,NORMAL
PA-000073,2026-09-02 17:41:15,SKU-00884,5,A-06-04-02,OP-102,PUT_AWAY,NORMAL
PA-003222,2026-09-02 17:42:03,SKU-01967,6,A-04-04-02,OP-106,PUT_AWAY,NORMAL
PA-000089,2026-09-02 17:42:09,SKU-00782,3,D-09-01-02,OP-108,PUT_AWAY,NORMAL
PA-001048,2026-09-02 17:42:11,SKU-00815,1,D-09-04-02,OP-107,PUT_AWAY,NORMAL
PA-001314,2026-09-02 17:42:24,SKU-01147,2,D-07-03-02,OP-105,PUT_AWAY,NORMAL
PA-007563,2026-09-02 17:42:31,SKU-01087,2,D-02-04-02,OP-103,PUT_AWAY,NORMAL
PA-003946,2026-09-02 17:43:11,SKU-00012,2,A-03-01-01,OP-103,PUT_AWAY,NORMAL
PA-003410,2026-09-02 17:43:52,SKU-01575,5,E-05-04-02,OP-103,PUT_AWAY,NORMAL
PA-004079,2026-09-02 17:44:07,SKU-00095,5,A-08-05-02,OP-102,PUT_AWAY,NORMAL
PA-007482,2026-09-02 17:44:31,SKU-00018,4,D-03-04-01,OP-105,PUT_AWAY,NORMAL
PA-004741,2026-09-02 17:44:35,SKU-01218,7,A-05-05-01,OP-105,PUT_AWAY,NORMAL
PA-008214,2026-09-02 17:44:35,SKU-01513,8,F-05-03-02,OP-104,PUT_AWAY,NORMAL
PA-001188,2026-09-02 17:45:01,SKU-00789,7,B-01-03-01,OP-108,PUT_AWAY,NORMAL
PA-003308,2026-09-02 17:45:02,SKU-00082,2,C-03-05-01,OP-108,PUT_AWAY,NORMAL
PA-006868,2026-09-02 17:45:11,SKU-01034,9,C-10-05-02,OP-108,PUT_AWAY,NORMAL
PA-007711,2026-09-02 17:45:24,SKU-00458,5,F-07-03-02,OP-101,PUT_AWAY,NORMAL
PA-008096,2026-09-02 17:45:29,SKU-00783,1,B-02-03-02,OP-101,PUT_AWAY,NORMAL
PA-003505,2026-09-02 17:45:57,SKU-01257,7,A-01-02-01,OP-103,PUT_AWAY,NORMAL
PA-008425,2026-09-02 17:46:14,SKU-00186,4,E-10-03-01,OP-108,PUT_AWAY,NORMAL
PA-000675,2026-09-02 17:46:15,SKU-01825,2,F-07-03-01,OP-106,PUT_AWAY,NORMAL
PA-001806,2026-09-02 17:46:32,SKU-00020,10,B-04-01-01,OP-108,PUT_AWAY,NORMAL
PA-001043,2026-09-02 17:46:40,SKU-00058,1,E-02-05-02,OP-108,PUT_AWAY,NORMAL
PA-005602,2026-09-02 17:46:56,SKU-01326,5,B-05-05-01,OP-105,PUT_AWAY,NORMAL
PA-007130,2026-09-02 17:47:04,SKU-00279,5,A-03-05-02,OP-105,PUT_AWAY,NORMAL
PA-000300,2026-09-02 17:47:43,SKU-00952,4,B-05-05-01,OP-105,PUT_AWAY,NORMAL
PA-000975,2026-09-02 17:48:11,SKU-01705,8,F-10-03-01,OP-105,PUT_AWAY,NORMAL
PA-007358,2026-09-02 17:48:18,SKU-00425,5,B-04-02-01,OP-108,PUT_AWAY,NORMAL
PA-008521,2026-09-02 17:48:37,SKU-00290,9,B-10-01-02,OP-101,PUT_AWAY,NORMAL
PA-003685,2026-09-02 17:48:47,SKU-00176,2,C-08-01-01,OP-107,PUT_AWAY,NORMAL
PA-001298,2026-09-02 17:48:58,SKU-00174,7,B-03-02-01,OP-104,PUT_AWAY,NORMAL
PA-006793,2026-09-02 17:49:16,SKU-01293,9,C-09-04-01,OP-104,PUT_AWAY,NORMAL
PA-008059,2026-09-02 17:49:19,SKU-01203,5,D-04-02-01,OP-106,PUT_AWAY,NORMAL
PA-002094,2026-09-02 17:49:43,SKU-01549,5,D-09-03-02,OP-104,PUT_AWAY,NORMAL
PA-001770,2026-09-02 17:49:59,SKU-01943,8,D-09-05-01,OP-107,PUT_AWAY,NORMAL
PA-004378,2026-09-02 17:50:12,SKU-01398,5,E-02-04-02,OP-101,PUT_AWAY,NORMAL
PA-002954,2026-09-02 17:50:35,SKU-01627,7,B-04-03-01,OP-105,PUT_AWAY,NORMAL
PA-008597,2026-09-02 17:51:04,SKU-01325,8,E-06-04-01,OP-108,PUT_AWAY,NORMAL
PA-005461,2026-09-02 17:51:50,SKU-00443,4,A-02-03-01,OP-106,PUT_AWAY,NORMAL
PA-003797,2026-09-02 17:52:22,SKU-01880,1,E-09-01-01,OP-107,PUT_AWAY,NORMAL
PA-001305,2026-09-02 17:52:24,SKU-00667,2,F-10-05-02,OP-103,PUT_AWAY,NORMAL
PA-003625,2026-09-02 17:52:32,SKU-01360,6,A-09-02-02,OP-102,PUT_AWAY,NORMAL
PA-005963,2026-09-02 17:52:38,SKU-01588,10,A-05-04-01,OP-108,PUT_AWAY,NORMAL
PA-003798,2026-09-02 17:52:40,SKU-01316,7,C-05-05-01,OP-104,PUT_AWAY,NORMAL
PA-004273,2026-09-02 17:52:54,SKU-00257,8,D-06-05-01,OP-108,PUT_AWAY,NORMAL
PA-000482,2026-09-02 17:53:05,SKU-01395,10,F-06-02-02,OP-104,PUT_AWAY,NORMAL
PA-008635,2026-09-02 17:54:00,SKU-01109,5,A-09-02-01,OP-103,PUT_AWAY,NORMAL
PA-007205,2026-09-02 17:54:36,SKU-00510,2,D-02-01-01,OP-106,PUT_AWAY,NORMAL
PA-002475,2026-09-02 17:55:37,SKU-00551,5,C-02-03-02,OP-101,PUT_AWAY,NORMAL
PA-005831,2026-09-02 17:55:48,SKU-00734,1,D-02-01-02,OP-105,PUT_AWAY,NORMAL
PA-007968,2026-09-02 17:55:57,SKU-01418,1,F-06-01-01,OP-105,PUT_AWAY,NORMAL
PA-008701,2026-09-02 17:56:40,SKU-01752,6,A-06-04-01,OP-108,PUT_AWAY,NORMAL
PA-006592,2026-09-02 17:57:24,SKU-01568,8,A-02-01-01,OP-104,PUT_AWAY,NORMAL
PA-001853,2026-09-02 17:57:54,SKU-00171,1,B-08-05-02,OP-106,PUT_AWAY,NORMAL
PA-004432,2026-09-02 17:58:48,SKU-00743,10,B-10-03-02,OP-101,PUT_AWAY,NORMAL
PA-001412,2026-09-02 17:59:49,SKU-00244,9,D-07-04-02,OP-106,PUT_AWAY,NORMAL
PA-002712,2026-09-02 17:59:57,SKU-01560,3,E-06-04-02,OP-101,PUT_AWAY,NORMAL
PA-005412,2026-09-02 18:00:08,SKU-01462,4,B-01-03-01,OP-108,PUT_AWAY,NORMAL
PA-008518,2026-09-02 18:00:27,SKU-00635,2,A-04-02-02,OP-102,PUT_AWAY,NORMAL
PA-005243,2026-09-02 18:00:36,SKU-01627,4,B-04-03-01,OP-107,PUT_AWAY,NORMAL
PA-007115,2026-09-02 18:01:06,SKU-01152,6,F-05-01-02,OP-106,PUT_AWAY,NORMAL
PA-003161,2026-09-02 18:01:10,SKU-00998,3,B-10-03-01,OP-107,PUT_AWAY,NORMAL
PA-005124,2026-09-02 18:02:03,SKU-00030,3,F-09-03-02,OP-107,PUT_AWAY,NORMAL
PA-003362,2026-09-02 18:02:23,SKU-01819,4,F-07-01-01,OP-103,PUT_AWAY,NORMAL
PA-008264,2026-09-02 18:02:27,SKU-00027,8,B-05-04-01,OP-102,PUT_AWAY,NORMAL
PA-001143,2026-09-02 18:02:55,SKU-00101,8,B-02-03-02,OP-105,PUT_AWAY,NORMAL
PA-008960,2026-09-02 18:03:02,SKU-01263,4,C-02-02-01,OP-106,PUT_AWAY,NORMAL
PA-003731,2026-09-02 18:03:23,SKU-00813,6,A-06-04-02,OP-107,PUT_AWAY,NORMAL
PA-000031,2026-09-02 18:03:29,SKU-01202,3,F-08-02-01,OP-108,PUT_AWAY,NORMAL
PA-001030,2026-09-02 18:03:34,SKU-00958,3,C-05-03-01,OP-102,PUT_AWAY,NORMAL
PA-003301,2026-09-02 18:03:59,SKU-00674,7,E-09-02-02,OP-105,PUT_AWAY,NORMAL
PA-004041,2026-09-02 18:04:34,SKU-00683,8,F-01-05-02,OP-103,PUT_AWAY,NORMAL
PA-005137,2026-09-02 18:04:54,SKU-01019,2,A-07-03-02,OP-107,PUT_AWAY,NORMAL
PA-004730,2026-09-02 18:04:55,SKU-01487,2,B-01-04-01,OP-104,PUT_AWAY,NORMAL
PA-004576,2026-09-02 18:05:04,SKU-00019,7,D-05-04-02,OP-107,PUT_AWAY,NORMAL
PA-008060,2026-09-02 18:06:03,SKU-01341,9,F-06-01-01,OP-104,PUT_AWAY,NORMAL
PA-000358,2026-09-02 18:06:07,SKU-01860,3,C-01-01-01,OP-103,PUT_AWAY,NORMAL
PA-005651,2026-09-02 18:06:36,SKU-00682,5,C-02-04-01,OP-108,PUT_AWAY,NORMAL
PA-005283,2026-09-02 18:06:39,SKU-00097,4,A-02-01-01,OP-104,PUT_AWAY,NORMAL
PA-006737,2026-09-02 18:06:43,SKU-01790,10,F-04-04-02,OP-102,PUT_AWAY,NORMAL
PA-007189,2026-09-02 18:06:45,SKU-00868,8,B-01-03-01,OP-106,PUT_AWAY,NORMAL
PA-003374,2026-09-02 18:06:57,SKU-00165,2,E-06-04-02,OP-103,PUT_AWAY,NORMAL
PA-008223,2026-09-02 18:07:00,SKU-00545,6,F-01-01-02,OP-102,PUT_AWAY,NORMAL
PA-004084,2026-09-02 18:07:56,SKU-01019,8,A-07-03-02,OP-108,PUT_AWAY,NORMAL
PA-008746,2026-09-02 18:08:26,SKU-00284,2,A-03-02-02,OP-103,PUT_AWAY,NORMAL
PA-004086,2026-09-02 18:08:29,SKU-01112,6,B-07-03-01,OP-101,PUT_AWAY,NORMAL
PA-003233,2026-09-02 18:08:32,SKU-01244,3,F-09-05-02,OP-107,PUT_AWAY,NORMAL
PA-006224,2026-09-02 18:08:35,SKU-00124,10,E-03-02-01,OP-108,PUT_AWAY,NORMAL
PA-007721,2026-09-02 18:08:40,SKU-01722,5,D-01-01-01,OP-101,PUT_AWAY,NORMAL
PA-002068,2026-09-02 18:08:44,SKU-00617,10,A-02-04-01,OP-108,PUT_AWAY,NORMAL
PA-001319,2026-09-02 18:08:52,SKU-00342,10,F-02-05-02,OP-104,PUT_AWAY,NORMAL
PA-001815,2026-09-02 18:09:05,SKU-00616,4,C-04-04-01,OP-107,PUT_AWAY,NORMAL
PA-007266,2026-09-02 18:09:25,SKU-00279,3,A-03-05-02,OP-104,PUT_AWAY,NORMAL
PA-006028,2026-09-02 18:09:55,SKU-01843,2,D-09-04-01,OP-105,PUT_AWAY,NORMAL
PA-000932,2026-09-02 18:10:00,SKU-00102,2,C-01-04-02,OP-102,PUT_AWAY,NORMAL
PA-006784,2026-09-02 18:10:53,SKU-00889,6,C-06-03-02,OP-107,PUT_AWAY,NORMAL
PA-004943,2026-09-02 18:11:07,SKU-01077,7,E-02-03-01,OP-106,PUT_AWAY,NORMAL
PA-006144,2026-09-02 18:11:26,SKU-01392,8,C-08-01-02,OP-103,PUT_AWAY,NORMAL
PA-005901,2026-09-02 18:11:58,SKU-00755,8,E-02-02-01,OP-106,PUT_AWAY,NORMAL
PA-001111,2026-09-02 18:12:00,SKU-00655,2,C-09-05-02,OP-107,PUT_AWAY,NORMAL
PA-000616,2026-09-02 18:12:00,SKU-01985,10,E-10-01-01,OP-107,PUT_AWAY,NORMAL
PA-005165,2026-09-02 18:12:16,SKU-01785,4,A-09-02-01,OP-108,PUT_AWAY,NORMAL
PA-007394,2026-09-02 18:12:42,SKU-00624,3,C-08-02-02,OP-103,PUT_AWAY,NORMAL
PA-000872,2026-09-02 18:12:50,SKU-00958,7,C-05-03-01,OP-103,PUT_AWAY,NORMAL
PA-008189,2026-09-02 18:13:26,SKU-00704,7,A-09-03-02,OP-106,PUT_AWAY,NORMAL
PA-007194,2026-09-02 18:13:26,SKU-00397,9,B-05-04-02,OP-102,PUT_AWAY,NORMAL
PA-003073,2026-09-02 18:13:31,SKU-00215,3,E-01-02-01,OP-101,PUT_AWAY,NORMAL
PA-008528,2026-09-02 18:13:53,SKU-00259,1,B-09-04-01,OP-105,PUT_AWAY,NORMAL
PA-004316,2026-09-02 18:14:31,SKU-00578,5,D-08-03-02,OP-103,PUT_AWAY,NORMAL
PA-003493,2026-09-02 18:14:44,SKU-01695,7,C-09-05-01,OP-107,PUT_AWAY,NORMAL
PA-008420,2026-09-02 18:15:17,SKU-00344,5,A-03-05-02,OP-106,PUT_AWAY,NORMAL
PA-005129,2026-09-02 18:16:03,SKU-01934,3,A-09-03-02,OP-105,PUT_AWAY,NORMAL
PA-007882,2026-09-02 18:16:47,SKU-00438,7,C-08-02-02,OP-108,PUT_AWAY,NORMAL
PA-004020,2026-09-02 18:17:35,SKU-01675,4,C-02-03-01,OP-106,PUT_AWAY,NORMAL
PA-008491,2026-09-02 18:18:33,SKU-00626,10,D-06-03-01,OP-107,PUT_AWAY,NORMAL
PA-003619,2026-09-02 18:18:43,SKU-01348,7,A-05-04-01,OP-105,PUT_AWAY,NORMAL
PA-005002,2026-09-02 18:19:08,SKU-01571,2,A-05-01-02,OP-104,PUT_AWAY,NORMAL
PA-001284,2026-09-02 18:19:36,SKU-00896,7,D-07-04-02,OP-101,PUT_AWAY,NORMAL
PA-000242,2026-09-02 18:20:03,SKU-01655,4,A-09-05-02,OP-103,PUT_AWAY,NORMAL
PA-008230,2026-09-02 18:20:42,SKU-00460,8,F-07-02-01,OP-104,PUT_AWAY,NORMAL
PA-007708,2026-09-02 18:20:46,SKU-00089,10,A-02-04-02,OP-105,PUT_AWAY,NORMAL
PA-007777,2026-09-02 18:21:52,SKU-00780,10,E-10-04-01,OP-103,PUT_AWAY,NORMAL
PA-000973,2026-09-02 18:22:45,SKU-01466,7,B-06-05-01,OP-106,PUT_AWAY,NORMAL
PA-007754,2026-09-02 18:22:57,SKU-00009,10,C-09-05-02,OP-104,PUT_AWAY,NORMAL
PA-000640,2026-09-02 18:23:08,SKU-00768,2,B-03-04-01,OP-103,PUT_AWAY,NORMAL
PA-007063,2026-09-02 18:23:14,SKU-00873,1,A-07-04-02,OP-101,PUT_AWAY,NORMAL
PA-003673,2026-09-02 18:23:42,SKU-01359,6,D-03-02-01,OP-106,PUT_AWAY,NORMAL
PA-000577,2026-09-02 18:23:49,SKU-01939,2,C-02-02-02,OP-106,PUT_AWAY,NORMAL
PA-000177,2026-09-02 18:24:18,SKU-01054,4,F-05-02-02,OP-101,PUT_AWAY,NORMAL
PA-006969,2026-09-02 18:24:52,SKU-01898,4,E-02-05-02,OP-101,PUT_AWAY,NORMAL
PA-008479,2026-09-02 18:24:58,SKU-01492,8,B-06-02-01,OP-108,PUT_AWAY,NORMAL
PA-004884,2026-09-02 18:25:01,SKU-01174,1,C-05-05-01,OP-105,PUT_AWAY,NORMAL
PA-006221,2026-09-02 18:25:15,SKU-00745,2,E-06-02-02,OP-108,PUT_AWAY,NORMAL
PA-004662,2026-09-02 18:25:27,SKU-01777,7,C-07-01-01,OP-104,PUT_AWAY,NORMAL
PA-000283,2026-09-02 18:25:28,SKU-00315,2,B-01-03-01,OP-106,PUT_AWAY,NORMAL
PA-003538,2026-09-02 18:26:28,SKU-01696,9,A-01-03-01,OP-103,PUT_AWAY,NORMAL
PA-001388,2026-09-02 18:26:33,SKU-01406,9,C-07-05-02,OP-108,PUT_AWAY,NORMAL
PA-000947,2026-09-02 18:27:05,SKU-01157,6,D-01-05-02,OP-106,PUT_AWAY,NORMAL
PA-003520,2026-09-02 18:27:08,SKU-00644,10,D-10-02-02,OP-108,PUT_AWAY,NORMAL
PA-003468,2026-09-02 18:28:00,SKU-01174,2,C-05-05-01,OP-108,PUT_AWAY,NORMAL
PA-001213,2026-09-02 18:28:31,SKU-01790,9,F-04-04-02,OP-101,PUT_AWAY,NORMAL
PA-002521,2026-09-02 18:28:42,SKU-01437,5,B-04-04-01,OP-103,PUT_AWAY,NORMAL
PA-006354,2026-09-02 18:28:47,SKU-00670,6,A-08-04-01,OP-107,PUT_AWAY,NORMAL
PA-003880,2026-09-02 18:28:49,SKU-00094,7,F-10-04-02,OP-105,PUT_AWAY,NORMAL
PA-006796,2026-09-02 18:29:07,SKU-00473,6,B-06-01-01,OP-105,PUT_AWAY,NORMAL
PA-001351,2026-09-02 18:29:14,SKU-00815,4,D-09-04-02,OP-104,PUT_AWAY,NORMAL
PA-005076,2026-09-02 18:30:03,SKU-00332,5,B-05-02-02,OP-103,PUT_AWAY,NORMAL
PA-006470,2026-09-02 18:30:28,SKU-00944,10,A-10-05-02,OP-102,PUT_AWAY,NORMAL
PA-001586,2026-09-02 18:30:43,SKU-01728,10,C-10-05-01,OP-101,PUT_AWAY,NORMAL
PA-003048,2026-09-02 18:31:31,SKU-01310,10,D-03-02-02,OP-107,PUT_AWAY,NORMAL
PA-007541,2026-09-02 18:31:48,SKU-00976,7,E-09-03-01,OP-108,PUT_AWAY,NORMAL
PA-008710,2026-09-02 18:31:58,SKU-00932,7,B-06-05-01,OP-106,PUT_AWAY,NORMAL
PA-004721,2026-09-02 18:33:01,SKU-00148,6,A-03-04-01,OP-105,PUT_AWAY,NORMAL
PA-004579,2026-09-02 18:33:28,SKU-00732,1,B-06-03-01,OP-101,PUT_AWAY,NORMAL
PA-000193,2026-09-02 18:33:32,SKU-01548,6,A-06-03-02,OP-108,PUT_AWAY,NORMAL
PA-001059,2026-09-02 18:33:35,SKU-00924,3,F-05-02-02,OP-108,PUT_AWAY,NORMAL
PA-007366,2026-09-02 18:33:54,SKU-00827,2,F-01-05-01,OP-108,PUT_AWAY,NORMAL
PA-002965,2026-09-02 18:34:09,SKU-00045,9,D-03-02-02,OP-108,PUT_AWAY,NORMAL
PA-007653,2026-09-02 18:34:21,SKU-00794,2,C-02-01-02,OP-101,PUT_AWAY,NORMAL
PA-007662,2026-09-02 18:34:26,SKU-01320,9,D-03-05-01,OP-103,PUT_AWAY,NORMAL
PA-003258,2026-09-02 18:34:31,SKU-00064,2,C-01-03-01,OP-101,PUT_AWAY,NORMAL
PA-006485,2026-09-02 18:34:42,SKU-01370,6,B-03-05-02,OP-107,PUT_AWAY,NORMAL
PA-002324,2026-09-02 18:34:45,SKU-01503,9,B-10-04-01,OP-105,PUT_AWAY,NORMAL
PA-005685,2026-09-02 18:34:56,SKU-00224,4,A-06-05-02,OP-108,PUT_AWAY,NORMAL
PA-008065,2026-09-02 18:35:05,SKU-00868,7,B-01-03-01,OP-101,PUT_AWAY,NORMAL
PA-005654,2026-09-02 18:35:10,SKU-01608,6,D-09-04-02,OP-103,PUT_AWAY,NORMAL
PA-003127,2026-09-02 18:36:07,SKU-00733,8,A-10-02-02,OP-101,PUT_AWAY,NORMAL
PA-007520,2026-09-02 18:36:22,SKU-00231,2,E-01-03-01,OP-101,PUT_AWAY,NORMAL
PA-008294,2026-09-02 18:36:45,SKU-00795,2,D-04-02-02,OP-102,PUT_AWAY,NORMAL
PA-008269,2026-09-02 18:37:13,SKU-00764,2,A-01-03-01,OP-102,PUT_AWAY,NORMAL
PA-005853,2026-09-02 18:37:24,SKU-01338,10,F-09-04-02,OP-108,PUT_AWAY,NORMAL
PA-005361,2026-09-02 18:37:38,SKU-00810,7,F-08-04-01,OP-108,PUT_AWAY,NORMAL
PA-002567,2026-09-02 18:38:13,SKU-01012,7,E-08-01-01,OP-104,PUT_AWAY,NORMAL
PA-004134,2026-09-02 18:38:14,SKU-00864,9,B-03-04-02,OP-101,PUT_AWAY,NORMAL
PA-003070,2026-09-02 18:38:22,SKU-00361,2,D-04-04-01,OP-106,PUT_AWAY,NORMAL
PA-006297,2026-09-02 18:38:40,SKU-00605,8,A-10-04-02,OP-104,PUT_AWAY,NORMAL
PA-002269,2026-09-02 18:39:12,SKU-01186,5,D-04-02-02,OP-107,PUT_AWAY,NORMAL
PA-004996,2026-09-02 18:39:17,SKU-01285,5,D-07-04-02,OP-103,PUT_AWAY,NORMAL
PA-007729,2026-09-02 18:39:35,SKU-00082,7,C-03-05-01,OP-103,PUT_AWAY,NORMAL
PA-006077,2026-09-02 18:39:45,SKU-01395,5,F-06-02-02,OP-104,PUT_AWAY,NORMAL
PA-005486,2026-09-02 18:39:55,SKU-01023,4,D-05-02-01,OP-106,PUT_AWAY,NORMAL
PA-000720,2026-09-02 18:40:20,SKU-00413,4,E-09-04-01,OP-104,PUT_AWAY,NORMAL
PA-001527,2026-09-02 18:40:42,SKU-01879,10,B-04-03-01,OP-104,PUT_AWAY,NORMAL
PA-008776,2026-09-02 18:40:50,SKU-01181,8,E-09-05-01,OP-107,PUT_AWAY,NORMAL
PA-008336,2026-09-02 18:41:02,SKU-01571,2,A-05-01-02,OP-105,PUT_AWAY,NORMAL
PA-007659,2026-09-02 18:41:43,SKU-00580,8,E-06-02-01,OP-108,PUT_AWAY,NORMAL
PA-003660,2026-09-02 18:41:47,SKU-01678,8,F-08-01-01,OP-101,PUT_AWAY,NORMAL
PA-000411,2026-09-02 18:42:56,SKU-01775,6,F-07-05-01,OP-108,PUT_AWAY,NORMAL
PA-008915,2026-09-02 18:43:05,SKU-00103,3,E-04-03-02,OP-105,PUT_AWAY,NORMAL
PA-005868,2026-09-02 18:43:23,SKU-01457,3,C-03-04-02,OP-101,PUT_AWAY,NORMAL
PA-000511,2026-09-02 18:45:10,SKU-01611,3,E-03-01-02,OP-107,PUT_AWAY,NORMAL
PA-006358,2026-09-02 18:47:11,SKU-01766,1,D-04-04-01,OP-101,PUT_AWAY,NORMAL
PA-005121,2026-09-02 18:47:56,SKU-01458,7,B-10-03-01,OP-107,PUT_AWAY,NORMAL
PA-008095,2026-09-02 18:48:09,SKU-01929,10,F-08-04-02,OP-102,PUT_AWAY,NORMAL
PA-006233,2026-09-02 18:48:39,SKU-01573,3,F-09-03-02,OP-102,PUT_AWAY,NORMAL
PA-004436,2026-09-02 18:48:41,SKU-00870,5,C-02-05-01,OP-108,PUT_AWAY,NORMAL
PA-004136,2026-09-02 18:48:57,SKU-01945,10,A-05-05-01,OP-108,PUT_AWAY,NORMAL
PA-000726,2026-09-02 18:48:58,SKU-01604,2,B-06-05-02,OP-104,PUT_AWAY,NORMAL
PA-003729,2026-09-02 18:49:17,SKU-01358,9,B-09-02-01,OP-107,PUT_AWAY,NORMAL
PA-002934,2026-09-02 18:49:49,SKU-01488,2,C-01-02-02,OP-103,PUT_AWAY,NORMAL
PA-002412,2026-09-02 18:49:51,SKU-01991,3,E-06-02-01,OP-101,PUT_AWAY,NORMAL
PA-001851,2026-09-02 18:49:53,SKU-00269,8,F-05-04-01,OP-103,PUT_AWAY,NORMAL
PA-008751,2026-09-02 18:50:31,SKU-00525,10,E-04-03-02,OP-106,PUT_AWAY,NORMAL
PA-003189,2026-09-02 18:50:52,SKU-01661,9,A-10-01-02,OP-103,PUT_AWAY,NORMAL
PA-000587,2026-09-02 18:51:16,SKU-01242,9,B-05-02-01,OP-105,PUT_AWAY,NORMAL
PA-001058,2026-09-02 18:52:02,SKU-01952,8,A-05-03-01,OP-102,PUT_AWAY,NORMAL
PA-002252,2026-09-02 18:52:35,SKU-01237,10,F-06-05-01,OP-101,PUT_AWAY,NORMAL
PA-006549,2026-09-02 18:53:13,SKU-00641,8,D-04-02-02,OP-103,PUT_AWAY,NORMAL
PA-004763,2026-09-02 18:53:44,SKU-00634,10,A-04-02-02,OP-104,PUT_AWAY,NORMAL
PA-006444,2026-09-02 18:54:25,SKU-00001,1,B-04-04-02,OP-106,PUT_AWAY,NORMAL
PA-006130,2026-09-02 18:54:43,SKU-01029,6,F-06-01-01,OP-105,PUT_AWAY,NORMAL
PA-008633,2026-09-02 18:55:26,SKU-01334,2,F-04-03-02,OP-103,PUT_AWAY,NORMAL
PA-003314,2026-09-02 18:56:14,SKU-01111,8,E-02-01-01,OP-104,PUT_AWAY,NORMAL
PA-002727,2026-09-02 18:56:19,SKU-01356,6,F-01-05-01,OP-101,PUT_AWAY,NORMAL
PA-006415,2026-09-02 18:56:20,SKU-00222,1,E-08-05-02,OP-104,PUT_AWAY,NORMAL
PA-000351,2026-09-02 18:56:23,SKU-00380,8,A-03-02-02,OP-105,PUT_AWAY,NORMAL
PA-006620,2026-09-02 18:56:24,SKU-00783,2,B-02-03-02,OP-102,PUT_AWAY,NORMAL
PA-003563,2026-09-02 18:56:32,SKU-00947,5,D-10-04-01,OP-102,PUT_AWAY,NORMAL
PA-001835,2026-09-02 18:56:41,SKU-00180,5,A-07-02-02,OP-103,PUT_AWAY,NORMAL
PA-001706,2026-09-02 18:56:51,SKU-00721,6,B-08-03-02,OP-102,PUT_AWAY,NORMAL
PA-000328,2026-09-02 18:56:56,SKU-01694,2,E-02-01-02,OP-105,PUT_AWAY,NORMAL
PA-002970,2026-09-02 18:57:14,SKU-01181,6,E-09-05-01,OP-102,PUT_AWAY,NORMAL
PA-005115,2026-09-02 18:57:44,SKU-00566,9,C-10-03-01,OP-104,PUT_AWAY,NORMAL
PA-006213,2026-09-02 18:58:07,SKU-00372,8,E-03-01-01,OP-103,PUT_AWAY,NORMAL
PA-005567,2026-09-02 18:58:18,SKU-01600,7,A-05-04-01,OP-106,PUT_AWAY,NORMAL
PA-005248,2026-09-02 18:59:00,SKU-01121,10,D-10-03-01,OP-105,PUT_AWAY,NORMAL
PA-003810,2026-09-02 18:59:06,SKU-01007,5,A-04-01-02,OP-107,PUT_AWAY,NORMAL
PA-007804,2026-09-02 18:59:22,SKU-01535,6,E-04-05-01,OP-107,PUT_AWAY,NORMAL
PA-008590,2026-09-02 18:59:24,SKU-00458,9,F-07-03-02,OP-101,PUT_AWAY,NORMAL
PA-002665,2026-09-02 18:59:41,SKU-00953,2,C-03-03-01,OP-106,PUT_AWAY,NORMAL
PA-006037,2026-09-02 19:00:10,SKU-01271,8,A-07-01-01,OP-107,PUT_AWAY,NORMAL
PA-002148,2026-09-02 19:00:26,SKU-01765,1,E-04-05-01,OP-102,PUT_AWAY,NORMAL
PA-002089,2026-09-02 19:01:04,SKU-01528,1,E-07-04-02,OP-107,PUT_AWAY,NORMAL
PA-007805,2026-09-02 19:01:10,SKU-01554,9,D-07-02-02,OP-107,PUT_AWAY,NORMAL
PA-008593,2026-09-02 19:01:35,SKU-00435,2,F-09-03-01,OP-108,PUT_AWAY,NORMAL
PA-005543,2026-09-02 19:01:58,SKU-01856,3,C-05-03-02,OP-107,PUT_AWAY,NORMAL
PA-002966,2026-09-02 19:01:59,SKU-00142,10,F-09-03-02,OP-106,PUT_AWAY,NORMAL
PA-008939,2026-09-02 19:02:09,SKU-01294,1,C-02-01-02,OP-108,PUT_AWAY,NORMAL
PA-003775,2026-09-02 19:02:31,SKU-00788,7,F-04-02-01,OP-105,PUT_AWAY,NORMAL
PA-000686,2026-09-02 19:02:44,SKU-01768,6,A-02-04-02,OP-101,PUT_AWAY,NORMAL
PA-006519,2026-09-02 19:02:49,SKU-01777,5,C-07-01-01,OP-102,PUT_AWAY,NORMAL
PA-008741,2026-09-02 19:03:41,SKU-00336,8,A-08-01-01,OP-106,PUT_AWAY,NORMAL
PA-005021,2026-09-02 19:03:43,SKU-01853,6,E-09-03-01,OP-102,PUT_AWAY,NORMAL
PA-003944,2026-09-02 19:03:43,SKU-01748,10,E-10-04-02,OP-102,PUT_AWAY,NORMAL
PA-001748,2026-09-02 19:03:59,SKU-00372,5,E-03-01-01,OP-101,PUT_AWAY,NORMAL
PA-003093,2026-09-02 19:04:06,SKU-01608,4,D-09-04-02,OP-105,PUT_AWAY,NORMAL
PA-005173,2026-09-02 19:04:14,SKU-00314,8,C-05-04-01,OP-108,PUT_AWAY,NORMAL
PA-005340,2026-09-02 19:04:52,SKU-01457,2,C-03-04-02,OP-107,PUT_AWAY,NORMAL
PA-004778,2026-09-02 19:04:55,SKU-01814,7,E-02-02-01,OP-103,PUT_AWAY,NORMAL
PA-003509,2026-09-02 19:05:32,SKU-01556,7,B-02-03-01,OP-107,PUT_AWAY,NORMAL
PA-008229,2026-09-02 19:06:26,SKU-00169,8,B-05-03-02,OP-105,PUT_AWAY,NORMAL
PA-001446,2026-09-02 19:06:50,SKU-01046,4,A-03-05-02,OP-107,PUT_AWAY,NORMAL
PA-008488,2026-09-02 19:07:22,SKU-01598,2,B-09-01-02,OP-108,PUT_AWAY,NORMAL
PA-003417,2026-09-02 19:07:37,SKU-00708,7,C-02-05-01,OP-105,PUT_AWAY,NORMAL
PA-005841,2026-09-02 19:08:01,SKU-00641,9,D-04-02-02,OP-106,PUT_AWAY,NORMAL
PA-008077,2026-09-02 19:08:40,SKU-01650,7,A-08-03-02,OP-108,PUT_AWAY,NORMAL
PA-001092,2026-09-02 19:09:04,SKU-00132,1,E-08-01-01,OP-102,PUT_AWAY,NORMAL
PA-001918,2026-09-02 19:09:08,SKU-00466,6,E-05-02-02,OP-105,PUT_AWAY,NORMAL
PA-000949,2026-09-02 19:09:18,SKU-00760,5,C-02-04-02,OP-108,PUT_AWAY,NORMAL
PA-002542,2026-09-02 19:10:07,SKU-01424,5,C-10-01-01,OP-104,PUT_AWAY,NORMAL
PA-005832,2026-09-02 19:10:33,SKU-01993,9,F-04-01-01,OP-107,PUT_AWAY,NORMAL
PA-003514,2026-09-02 19:11:00,SKU-00358,5,F-06-03-02,OP-105,PUT_AWAY,NORMAL
PA-008260,2026-09-02 19:11:12,SKU-01710,7,B-02-01-01,OP-106,PUT_AWAY,NORMAL
PA-006335,2026-09-02 19:11:14,SKU-00221,1,F-09-04-02,OP-108,PUT_AWAY,NORMAL
PA-001389,2026-09-02 19:11:37,SKU-00269,2,F-05-04-01,OP-108,PUT_AWAY,NORMAL
PA-007672,2026-09-02 19:11:39,SKU-01364,8,E-02-03-01,OP-103,PUT_AWAY,NORMAL
PA-000958,2026-09-02 19:12:04,SKU-00379,7,E-05-02-01,OP-103,PUT_AWAY,NORMAL
PA-002162,2026-09-02 19:12:08,SKU-00459,8,A-05-04-01,OP-105,PUT_AWAY,NORMAL
PA-000512,2026-09-02 19:12:10,SKU-00723,4,E-02-03-02,OP-103,PUT_AWAY,NORMAL
PA-006864,2026-09-02 19:12:11,SKU-01760,4,A-08-05-02,OP-108,PUT_AWAY,NORMAL
PA-001962,2026-09-02 19:12:16,SKU-00386,8,E-06-04-02,OP-107,PUT_AWAY,NORMAL
PA-006312,2026-09-02 19:12:20,SKU-01688,2,B-01-04-01,OP-104,PUT_AWAY,NORMAL
PA-003025,2026-09-02 19:12:56,SKU-00858,10,C-01-04-01,OP-102,PUT_AWAY,NORMAL
PA-001144,2026-09-02 19:13:06,SKU-00773,10,F-02-04-01,OP-107,PUT_AWAY,NORMAL
PA-005690,2026-09-02 19:13:07,SKU-01039,8,C-04-01-01,OP-101,PUT_AWAY,NORMAL
PA-006658,2026-09-02 19:13:48,SKU-00973,8,C-04-04-01,OP-104,PUT_AWAY,NORMAL
PA-004958,2026-09-02 19:13:56,SKU-01842,5,F-08-03-01,OP-107,PUT_AWAY,NORMAL
PA-005424,2026-09-02 19:14:09,SKU-01326,4,B-05-05-01,OP-102,PUT_AWAY,NORMAL
PA-000931,2026-09-02 19:15:41,SKU-01294,1,C-02-01-02,OP-103,PUT_AWAY,NORMAL
PA-005792,2026-09-02 19:15:44,SKU-01330,1,B-07-03-01,OP-103,PUT_AWAY,NORMAL
PA-006127,2026-09-02 19:15:48,SKU-00542,10,F-06-03-01,OP-108,PUT_AWAY,NORMAL
PA-003927,2026-09-02 19:16:31,SKU-00772,8,D-08-01-01,OP-107,PUT_AWAY,NORMAL
PA-007645,2026-09-02 19:16:56,SKU-00373,4,A-02-03-02,OP-105,PUT_AWAY,NORMAL
PA-005623,2026-09-02 19:17:36,SKU-01737,6,E-03-02-01,OP-104,PUT_AWAY,NORMAL
PA-002406,2026-09-02 19:17:57,SKU-01082,10,F-08-03-02,OP-102,PUT_AWAY,NORMAL
PA-000409,2026-09-02 19:18:06,SKU-01993,6,F-04-01-01,OP-101,PUT_AWAY,NORMAL
PA-004354,2026-09-02 19:18:14,SKU-00987,10,B-01-04-01,OP-108,PUT_AWAY,NORMAL
PA-001887,2026-09-02 19:18:19,SKU-01139,10,F-04-02-01,OP-102,PUT_AWAY,NORMAL
PA-002799,2026-09-02 19:19:07,SKU-00062,10,F-01-04-01,OP-106,PUT_AWAY,NORMAL
PA-006763,2026-09-02 19:19:16,SKU-00424,2,C-01-04-01,OP-105,PUT_AWAY,NORMAL
PA-008198,2026-09-02 19:19:17,SKU-00981,1,A-05-03-02,OP-102,PUT_AWAY,NORMAL
PA-004358,2026-09-02 19:19:24,SKU-01436,4,E-03-02-01,OP-106,PUT_AWAY,NORMAL
PA-000219,2026-09-02 19:19:43,SKU-00301,2,D-08-03-01,OP-106,PUT_AWAY,NORMAL
PA-007135,2026-09-02 19:20:51,SKU-00871,9,B-03-05-02,OP-103,PUT_AWAY,NORMAL
PA-001632,2026-09-02 19:21:14,SKU-01451,10,B-02-03-02,OP-101,PUT_AWAY,NORMAL
PA-007172,2026-09-02 19:21:55,SKU-00535,3,F-07-04-02,OP-102,PUT_AWAY,NORMAL
PA-004395,2026-09-02 19:23:27,SKU-01109,7,A-09-02-01,OP-105,PUT_AWAY,NORMAL
PA-007030,2026-09-02 19:23:57,SKU-01647,7,F-10-05-01,OP-107,PUT_AWAY,NORMAL
PA-003403,2026-09-02 19:24:22,SKU-00733,7,A-10-02-02,OP-103,PUT_AWAY,NORMAL
PA-004194,2026-09-02 19:24:48,SKU-00873,2,A-07-04-02,OP-102,PUT_AWAY,NORMAL
PA-001751,2026-09-02 19:25:15,SKU-00453,7,D-09-02-01,OP-107,PUT_AWAY,NORMAL
PA-007121,2026-09-02 19:25:27,SKU-00400,6,C-10-05-01,OP-105,PUT_AWAY,NORMAL
PA-001262,2026-09-02 19:25:34,SKU-01945,1,A-05-05-01,OP-102,PUT_AWAY,NORMAL
PA-005724,2026-09-02 19:26:12,SKU-00369,6,A-01-03-01,OP-104,PUT_AWAY,NORMAL
PA-002078,2026-09-02 19:26:29,SKU-01507,2,B-10-05-01,OP-101,PUT_AWAY,NORMAL
PA-002313,2026-09-02 19:26:31,SKU-00943,2,E-05-01-01,OP-107,PUT_AWAY,NORMAL
PA-004430,2026-09-02 19:26:31,SKU-00514,2,A-02-04-02,OP-106,PUT_AWAY,NORMAL
PA-001910,2026-09-02 19:26:49,SKU-00903,9,A-01-03-02,OP-106,PUT_AWAY,NORMAL
PA-004399,2026-09-02 19:27:01,SKU-00047,5,F-02-04-01,OP-102,PUT_AWAY,NORMAL
PA-002001,2026-09-02 19:27:09,SKU-01224,6,B-01-04-01,OP-103,PUT_AWAY,NORMAL
PA-007299,2026-09-02 19:27:23,SKU-00526,10,E-01-04-02,OP-108,PUT_AWAY,NORMAL
PA-008947,2026-09-02 19:27:47,SKU-01140,7,D-04-01-02,OP-108,PUT_AWAY,NORMAL
PA-002637,2026-09-02 19:28:42,SKU-01440,9,B-02-03-01,OP-101,PUT_AWAY,NORMAL
PA-002311,2026-09-02 19:28:46,SKU-00336,2,A-08-01-01,OP-107,PUT_AWAY,NORMAL
PA-005806,2026-09-02 19:29:17,SKU-00546,9,B-03-03-02,OP-108,PUT_AWAY,NORMAL
PA-000199,2026-09-02 19:29:36,SKU-00510,10,D-02-01-01,OP-108,PUT_AWAY,NORMAL
PA-003932,2026-09-02 19:30:13,SKU-00922,10,F-01-01-01,OP-108,PUT_AWAY,NORMAL
PA-007635,2026-09-02 19:30:13,SKU-00995,5,D-02-01-01,OP-106,PUT_AWAY,NORMAL
PA-005024,2026-09-02 19:30:17,SKU-01490,4,A-08-05-02,OP-108,PUT_AWAY,NORMAL
PA-007938,2026-09-02 19:31:01,SKU-01145,3,E-09-04-02,OP-107,PUT_AWAY,NORMAL
PA-001809,2026-09-02 19:31:22,SKU-00299,3,E-10-03-01,OP-106,PUT_AWAY,NORMAL
PA-004329,2026-09-02 19:31:26,SKU-00106,7,A-02-01-01,OP-108,PUT_AWAY,NORMAL
PA-001941,2026-09-02 19:31:26,SKU-00027,3,B-05-04-01,OP-106,PUT_AWAY,NORMAL
PA-005061,2026-09-02 19:31:59,SKU-01766,6,D-04-04-01,OP-104,PUT_AWAY,NORMAL
PA-006953,2026-09-02 19:32:17,SKU-01956,1,C-09-02-02,OP-104,PUT_AWAY,NORMAL
PA-002140,2026-09-02 19:32:33,SKU-01184,8,C-04-01-01,OP-103,PUT_AWAY,NORMAL
PA-008248,2026-09-02 19:32:41,SKU-00872,8,C-04-01-01,OP-106,PUT_AWAY,NORMAL
PA-006381,2026-09-02 19:33:24,SKU-00517,4,F-08-01-02,OP-101,PUT_AWAY,NORMAL
PA-007003,2026-09-02 19:34:08,SKU-00398,10,E-09-01-01,OP-101,PUT_AWAY,NORMAL
PA-005037,2026-09-02 19:34:15,SKU-00663,7,F-10-01-01,OP-107,PUT_AWAY,NORMAL
PA-008391,2026-09-02 19:34:19,SKU-01809,1,C-08-01-02,OP-108,PUT_AWAY,NORMAL
PA-008512,2026-09-02 19:35:05,SKU-00543,10,B-03-03-02,OP-107,PUT_AWAY,NORMAL
PA-003431,2026-09-02 19:35:07,SKU-00169,9,B-05-03-02,OP-102,PUT_AWAY,NORMAL
PA-007330,2026-09-02 19:35:13,SKU-00802,9,E-06-04-01,OP-106,PUT_AWAY,NORMAL
PA-005588,2026-09-02 19:35:56,SKU-01963,7,B-03-03-02,OP-107,PUT_AWAY,NORMAL
PA-004468,2026-09-02 19:36:57,SKU-00492,5,F-01-05-01,OP-105,PUT_AWAY,NORMAL
PA-005459,2026-09-02 19:37:51,SKU-00292,2,F-05-02-02,OP-102,PUT_AWAY,NORMAL
PA-006336,2026-09-02 19:38:15,SKU-01433,2,D-10-03-02,OP-102,PUT_AWAY,NORMAL
PA-002218,2026-09-02 19:38:41,SKU-01321,2,A-02-02-02,OP-104,PUT_AWAY,NORMAL
PA-001260,2026-09-02 19:38:47,SKU-01529,10,E-09-01-02,OP-102,PUT_AWAY,NORMAL
PA-003662,2026-09-02 19:38:51,SKU-01714,9,F-04-02-01,OP-107,PUT_AWAY,NORMAL
PA-000133,2026-09-02 19:38:56,SKU-00624,3,C-08-02-02,OP-108,PUT_AWAY,NORMAL
PA-002341,2026-09-02 19:39:09,SKU-00761,9,F-05-05-01,OP-101,PUT_AWAY,NORMAL
PA-008678,2026-09-02 19:39:39,SKU-00129,6,F-05-02-01,OP-101,PUT_AWAY,NORMAL
PA-007233,2026-09-02 19:39:56,SKU-00690,7,E-04-01-02,OP-108,PUT_AWAY,NORMAL
PA-005620,2026-09-02 19:40:07,SKU-00402,5,B-02-01-02,OP-104,PUT_AWAY,NORMAL
PA-005038,2026-09-02 19:40:22,SKU-00892,7,C-02-03-02,OP-102,PUT_AWAY,NORMAL
PA-007892,2026-09-02 19:41:11,SKU-01898,6,E-02-05-02,OP-108,PUT_AWAY,NORMAL
PA-003979,2026-09-02 19:41:20,SKU-01207,2,F-03-04-01,OP-108,PUT_AWAY,NORMAL
PA-007318,2026-09-02 19:41:39,SKU-01688,9,B-01-04-01,OP-103,PUT_AWAY,NORMAL
PA-001127,2026-09-02 19:41:44,SKU-00408,7,C-08-01-02,OP-105,PUT_AWAY,NORMAL
PA-008452,2026-09-02 19:42:17,SKU-01860,5,C-01-01-01,OP-107,PUT_AWAY,NORMAL
PA-005068,2026-09-02 19:42:33,SKU-00308,6,D-03-02-01,OP-105,PUT_AWAY,NORMAL
PA-007426,2026-09-02 19:42:39,SKU-00368,4,D-07-03-01,OP-104,PUT_AWAY,NORMAL
PA-000734,2026-09-02 19:43:22,SKU-01031,9,A-09-01-01,OP-101,PUT_AWAY,NORMAL
PA-005967,2026-09-02 19:44:03,SKU-01782,4,C-07-01-01,OP-108,PUT_AWAY,NORMAL
PA-001816,2026-09-02 19:44:23,SKU-00961,3,B-03-05-01,OP-101,PUT_AWAY,NORMAL
PA-007863,2026-09-02 19:44:47,SKU-00548,4,C-08-01-02,OP-104,PUT_AWAY,NORMAL
PA-005126,2026-09-02 19:45:07,SKU-00460,3,F-07-02-01,OP-105,PUT_AWAY,NORMAL
PA-004458,2026-09-02 19:45:38,SKU-01482,4,C-03-02-02,OP-104,PUT_AWAY,NORMAL
PA-002855,2026-09-02 19:45:40,SKU-01401,6,F-04-05-01,OP-104,PUT_AWAY,NORMAL
PA-004064,2026-09-02 19:45:45,SKU-01621,3,B-10-04-02,OP-104,PUT_AWAY,NORMAL
PA-005447,2026-09-02 19:45:46,SKU-01099,4,C-09-04-02,OP-101,PUT_AWAY,NORMAL
PA-006442,2026-09-02 19:46:02,SKU-00929,10,F-08-05-02,OP-101,PUT_AWAY,NORMAL
PA-008019,2026-09-02 19:46:29,SKU-01882,3,C-06-02-01,OP-102,PUT_AWAY,NORMAL
PA-001470,2026-09-02 19:46:57,SKU-00056,5,A-08-02-02,OP-108,PUT_AWAY,NORMAL
PA-001881,2026-09-02 19:47:15,SKU-00679,5,C-03-01-01,OP-107,PUT_AWAY,NORMAL
PA-003096,2026-09-02 19:47:29,SKU-00122,6,A-10-02-02,OP-104,PUT_AWAY,NORMAL
PA-008184,2026-09-02 19:48:07,SKU-01029,10,F-06-01-01,OP-105,PUT_AWAY,NORMAL
PA-007901,2026-09-02 19:48:40,SKU-01930,6,D-05-04-02,OP-105,PUT_AWAY,NORMAL
PA-004610,2026-09-02 19:48:53,SKU-00088,3,D-05-02-02,OP-103,PUT_AWAY,NORMAL
PA-007657,2026-09-02 19:48:56,SKU-00534,10,B-09-05-01,OP-107,PUT_AWAY,NORMAL
PA-001804,2026-09-02 19:49:24,SKU-00169,7,B-05-03-02,OP-103,PUT_AWAY,NORMAL
PA-003909,2026-09-02 19:49:35,SKU-01681,6,E-02-03-01,OP-101,PUT_AWAY,NORMAL
PA-001021,2026-09-02 19:50:01,SKU-00333,2,C-10-02-02,OP-101,PUT_AWAY,NORMAL
PA-001950,2026-09-02 19:50:07,SKU-01150,4,A-07-03-02,OP-107,PUT_AWAY,NORMAL
PA-003805,2026-09-02 19:50:53,SKU-01405,6,E-01-03-02,OP-106,PUT_AWAY,NORMAL
PA-001935,2026-09-02 19:51:04,SKU-01625,9,C-09-01-02,OP-107,PUT_AWAY,NORMAL
PA-003223,2026-09-02 19:51:28,SKU-00601,3,B-02-05-02,OP-102,PUT_AWAY,NORMAL
PA-005158,2026-09-02 19:51:32,SKU-00094,2,F-10-04-02,OP-106,PUT_AWAY,NORMAL
PA-005918,2026-09-02 19:51:58,SKU-00662,4,E-02-05-02,OP-106,PUT_AWAY,NORMAL
PA-005999,2026-09-02 19:52:36,SKU-01904,1,F-09-03-02,OP-104,PUT_AWAY,NORMAL
PA-007352,2026-09-02 19:52:43,SKU-00969,1,D-05-04-01,OP-107,PUT_AWAY,NORMAL
PA-004992,2026-09-02 19:52:52,SKU-00313,7,E-09-05-01,OP-104,PUT_AWAY,NORMAL
PA-006618,2026-09-02 19:52:56,SKU-00981,5,A-05-03-02,OP-104,PUT_AWAY,NORMAL
PA-001548,2026-09-02 19:53:03,SKU-01557,9,C-01-04-01,OP-106,PUT_AWAY,NORMAL
PA-006418,2026-09-02 19:53:47,SKU-01899,9,E-02-04-01,OP-108,PUT_AWAY,NORMAL
PA-006384,2026-09-02 19:53:47,SKU-00172,10,A-04-03-01,OP-106,PUT_AWAY,NORMAL
PA-000804,2026-09-02 19:53:48,SKU-00196,1,B-07-05-02,OP-108,PUT_AWAY,NORMAL
PA-004761,2026-09-02 19:54:31,SKU-00619,9,E-01-05-01,OP-106,PUT_AWAY,NORMAL
PA-005357,2026-09-02 19:55:09,SKU-00395,4,D-02-04-02,OP-108,PUT_AWAY,NORMAL
PA-004734,2026-09-02 19:55:12,SKU-01705,9,F-10-03-01,OP-102,PUT_AWAY,NORMAL
PA-006020,2026-09-02 19:55:17,SKU-01536,2,B-02-05-01,OP-106,PUT_AWAY,NORMAL
PA-002034,2026-09-02 19:56:15,SKU-00184,2,D-06-02-01,OP-103,PUT_AWAY,NORMAL
PA-007628,2026-09-02 19:56:16,SKU-00623,6,C-01-05-01,OP-105,PUT_AWAY,NORMAL
PA-005146,2026-09-02 19:56:27,SKU-00247,2,B-01-01-01,OP-101,PUT_AWAY,NORMAL
PA-008395,2026-09-02 19:56:33,SKU-00989,10,C-04-01-02,OP-106,PUT_AWAY,NORMAL
PA-005505,2026-09-02 19:57:39,SKU-00918,6,D-09-04-02,OP-101,PUT_AWAY,NORMAL
PA-002336,2026-09-02 19:58:18,SKU-00695,4,C-07-02-01,OP-104,PUT_AWAY,NORMAL
PA-001890,2026-09-02 19:58:39,SKU-01065,6,A-10-04-02,OP-104,PUT_AWAY,NORMAL
PA-006749,2026-09-02 19:59:17,SKU-01764,10,C-04-05-01,OP-107,PUT_AWAY,NORMAL
PA-000523,2026-09-02 19:59:33,SKU-01070,7,D-09-04-01,OP-108,PUT_AWAY,NORMAL
PA-001932,2026-09-02 19:59:43,SKU-00584,4,B-02-01-02,OP-107,PUT_AWAY,NORMAL
PA-008525,2026-09-02 19:59:51,SKU-01723,7,D-03-02-01,OP-105,PUT_AWAY,NORMAL
PA-006432,2026-09-02 20:00:04,SKU-01518,10,E-07-01-02,OP-107,PUT_AWAY,NORMAL
PA-008665,2026-09-02 20:00:19,SKU-01367,7,B-01-02-02,OP-107,PUT_AWAY,NORMAL
PA-002347,2026-09-02 20:00:44,SKU-00241,7,F-01-05-01,OP-108,PUT_AWAY,NORMAL
PA-001491,2026-09-02 20:00:46,SKU-00902,5,C-08-01-01,OP-102,PUT_AWAY,NORMAL
PA-003216,2026-09-02 20:00:56,SKU-00830,5,E-10-01-02,OP-105,PUT_AWAY,NORMAL
PA-006031,2026-09-02 20:01:38,SKU-01382,4,B-07-02-01,OP-104,PUT_AWAY,NORMAL
PA-002564,2026-09-02 20:01:45,SKU-00827,10,F-01-05-01,OP-108,PUT_AWAY,NORMAL
PA-007420,2026-09-02 20:02:22,SKU-01867,9,A-08-05-02,OP-106,PUT_AWAY,NORMAL
PA-005023,2026-09-02 20:02:34,SKU-00692,2,C-09-01-01,OP-105,PUT_AWAY,NORMAL
PA-008686,2026-09-02 20:02:36,SKU-01000,10,B-06-02-01,OP-105,PUT_AWAY,NORMAL
PA-008138,2026-09-02 20:03:03,SKU-01406,2,C-07-05-02,OP-107,PUT_AWAY,NORMAL
PA-003571,2026-09-02 20:03:12,SKU-00523,1,E-05-04-02,OP-108,PUT_AWAY,NORMAL
PA-007267,2026-09-02 20:03:32,SKU-01425,7,C-03-05-01,OP-108,PUT_AWAY,NORMAL
PA-004396,2026-09-02 20:03:37,SKU-01918,3,C-09-01-01,OP-104,PUT_AWAY,NORMAL
PA-008475,2026-09-02 20:03:51,SKU-01636,10,A-06-02-01,OP-108,PUT_AWAY,NORMAL
PA-004341,2026-09-02 20:03:52,SKU-01408,7,C-08-01-01,OP-106,PUT_AWAY,NORMAL
PA-000934,2026-09-02 20:04:03,SKU-01256,3,C-01-04-02,OP-104,PUT_AWAY,NORMAL
PA-002375,2026-09-02 20:04:06,SKU-01907,10,C-08-02-01,OP-101,PUT_AWAY,NORMAL
PA-000547,2026-09-02 20:04:19,SKU-01835,2,F-03-03-02,OP-102,PUT_AWAY,NORMAL
PA-005207,2026-09-02 20:04:22,SKU-01454,8,D-06-01-01,OP-108,PUT_AWAY,NORMAL
PA-007033,2026-09-02 20:04:31,SKU-01998,1,A-02-04-01,OP-103,PUT_AWAY,NORMAL
PA-007206,2026-09-02 20:04:39,SKU-00131,1,E-02-04-02,OP-101,PUT_AWAY,NORMAL
PA-008841,2026-09-02 20:06:15,SKU-00662,4,E-02-05-02,OP-106,PUT_AWAY,NORMAL
PA-000317,2026-09-02 20:06:29,SKU-01549,6,D-09-03-02,OP-107,PUT_AWAY,NORMAL
PA-003864,2026-09-02 20:06:35,SKU-00610,6,A-02-02-02,OP-108,PUT_AWAY,NORMAL
PA-003234,2026-09-02 20:06:38,SKU-01069,2,B-01-04-02,OP-102,PUT_AWAY,NORMAL
PA-003448,2026-09-02 20:06:43,SKU-01524,2,E-05-01-01,OP-106,PUT_AWAY,NORMAL
PA-000911,2026-09-02 20:07:12,SKU-00917,9,C-03-04-01,OP-105,PUT_AWAY,NORMAL
PA-008007,2026-09-02 20:07:15,SKU-00089,10,A-02-04-02,OP-106,PUT_AWAY,NORMAL
PA-000644,2026-09-02 20:08:48,SKU-01360,5,A-09-02-02,OP-101,PUT_AWAY,NORMAL
PA-003565,2026-09-02 20:08:52,SKU-00591,6,F-03-04-02,OP-106,PUT_AWAY,NORMAL
PA-005016,2026-09-02 20:09:03,SKU-00288,9,D-05-04-02,OP-101,PUT_AWAY,NORMAL
PA-001175,2026-09-02 20:09:06,SKU-00060,6,B-03-04-02,OP-106,PUT_AWAY,NORMAL
PA-001773,2026-09-02 20:09:18,SKU-01044,9,E-06-01-02,OP-105,PUT_AWAY,NORMAL
PA-006374,2026-09-02 20:09:24,SKU-00039,1,F-07-02-02,OP-101,PUT_AWAY,NORMAL
PA-005093,2026-09-02 20:09:27,SKU-00652,4,A-01-04-01,OP-104,PUT_AWAY,NORMAL
PA-002456,2026-09-02 20:09:28,SKU-00893,4,F-04-01-01,OP-106,PUT_AWAY,NORMAL
PA-004806,2026-09-02 20:10:13,SKU-00710,4,E-07-04-01,OP-101,PUT_AWAY,NORMAL
PA-000539,2026-09-02 20:10:26,SKU-01840,2,D-09-05-02,OP-108,PUT_AWAY,NORMAL
PA-000041,2026-09-02 20:11:02,SKU-01473,8,A-02-02-01,OP-101,PUT_AWAY,NORMAL
PA-001854,2026-09-02 20:11:04,SKU-00972,1,E-06-01-01,OP-107,PUT_AWAY,NORMAL
PA-001696,2026-09-02 20:11:32,SKU-01382,5,B-07-02-01,OP-105,PUT_AWAY,NORMAL
PA-002833,2026-09-02 20:11:39,SKU-01575,10,E-05-04-02,OP-106,PUT_AWAY,NORMAL
PA-005247,2026-09-02 20:11:41,SKU-00742,8,F-05-02-02,OP-101,PUT_AWAY,NORMAL
PA-001093,2026-09-02 20:11:51,SKU-00476,5,B-10-05-02,OP-101,PUT_AWAY,NORMAL
PA-008289,2026-09-02 20:11:53,SKU-00761,2,F-05-05-01,OP-107,PUT_AWAY,NORMAL
PA-000939,2026-09-02 20:12:21,SKU-00965,7,B-05-03-01,OP-107,PUT_AWAY,NORMAL
PA-002588,2026-09-02 20:13:19,SKU-00005,2,D-05-05-02,OP-102,PUT_AWAY,NORMAL
PA-008225,2026-09-02 20:13:30,SKU-01663,7,F-04-01-02,OP-108,PUT_AWAY,NORMAL
PA-001425,2026-09-02 20:13:33,SKU-01199,10,F-07-01-02,OP-102,PUT_AWAY,NORMAL
PA-007831,2026-09-02 20:13:39,SKU-01535,1,E-04-05-01,OP-106,PUT_AWAY,NORMAL
PA-001225,2026-09-02 20:13:58,SKU-00906,8,E-05-03-02,OP-106,PUT_AWAY,NORMAL
PA-004868,2026-09-02 20:15:20,SKU-01269,7,A-07-05-02,OP-104,PUT_AWAY,NORMAL
PA-005837,2026-09-02 20:16:06,SKU-01552,3,C-01-01-01,OP-101,PUT_AWAY,NORMAL
PA-005471,2026-09-02 20:16:11,SKU-00259,10,B-09-04-01,OP-101,PUT_AWAY,NORMAL
PA-005203,2026-09-02 20:16:18,SKU-01435,7,E-07-04-02,OP-101,PUT_AWAY,NORMAL
PA-005301,2026-09-02 20:16:54,SKU-00851,2,A-01-02-02,OP-108,PUT_AWAY,NORMAL
PA-002845,2026-09-02 20:17:21,SKU-00065,9,E-06-05-01,OP-103,PUT_AWAY,NORMAL
PA-001943,2026-09-02 20:17:22,SKU-00116,4,F-04-04-02,OP-103,PUT_AWAY,NORMAL
PA-004321,2026-09-02 20:17:30,SKU-01070,9,D-09-04-01,OP-108,PUT_AWAY,NORMAL
PA-004571,2026-09-02 20:18:03,SKU-01883,9,F-09-04-02,OP-108,PUT_AWAY,NORMAL
PA-004793,2026-09-02 20:18:10,SKU-00993,4,B-02-05-01,OP-106,PUT_AWAY,NORMAL
PA-006551,2026-09-02 20:18:21,SKU-01785,7,A-09-02-01,OP-106,PUT_AWAY,NORMAL
PA-001645,2026-09-02 20:19:03,SKU-01760,8,A-08-05-02,OP-102,PUT_AWAY,NORMAL
PA-001641,2026-09-02 20:19:03,SKU-01604,5,B-06-05-02,OP-106,PUT_AWAY,NORMAL
PA-005144,2026-09-02 20:19:32,SKU-00056,10,A-08-02-02,OP-104,PUT_AWAY,NORMAL
PA-006489,2026-09-02 20:20:36,SKU-00945,4,D-01-03-01,OP-102,PUT_AWAY,NORMAL
PA-004375,2026-09-02 20:20:52,SKU-00430,1,E-04-04-01,OP-105,PUT_AWAY,NORMAL
PA-005565,2026-09-02 20:21:40,SKU-01707,7,C-07-01-02,OP-107,PUT_AWAY,NORMAL
PA-005884,2026-09-02 20:22:25,SKU-01101,7,E-09-02-01,OP-107,PUT_AWAY,NORMAL
PA-003806,2026-09-02 20:23:46,SKU-00093,9,B-09-01-01,OP-104,PUT_AWAY,NORMAL
PA-006369,2026-09-02 20:24:25,SKU-00790,6,A-08-03-01,OP-107,PUT_AWAY,NORMAL
PA-007081,2026-09-02 20:25:18,SKU-01270,7,D-04-01-01,OP-106,PUT_AWAY,NORMAL
PA-007279,2026-09-02 20:25:30,SKU-01780,5,D-02-03-01,OP-105,PUT_AWAY,NORMAL
PA-006648,2026-09-02 20:25:34,SKU-01848,7,A-08-02-01,OP-103,PUT_AWAY,NORMAL
PA-001699,2026-09-02 20:26:02,SKU-01508,8,D-01-02-01,OP-104,PUT_AWAY,NORMAL
PA-001757,2026-09-02 20:26:02,SKU-00509,1,B-08-05-01,OP-105,PUT_AWAY,NORMAL
PA-007943,2026-09-02 20:26:17,SKU-01262,9,C-05-04-01,OP-102,PUT_AWAY,NORMAL
PA-007005,2026-09-02 20:26:48,SKU-00623,5,C-01-05-01,OP-105,PUT_AWAY,NORMAL
PA-008148,2026-09-02 20:26:55,SKU-01136,4,C-01-02-01,OP-101,PUT_AWAY,NORMAL
PA-003649,2026-09-02 20:27:12,SKU-00706,7,B-05-04-01,OP-103,PUT_AWAY,NORMAL
PA-008021,2026-09-02 20:27:47,SKU-00877,5,B-10-03-01,OP-105,PUT_AWAY,NORMAL
PA-008151,2026-09-02 20:28:16,SKU-01013,6,D-05-03-02,OP-106,PUT_AWAY,NORMAL
PA-007503,2026-09-02 20:28:34,SKU-00922,7,F-01-01-01,OP-106,PUT_AWAY,NORMAL
PA-003981,2026-09-02 20:29:53,SKU-01988,3,A-07-04-02,OP-107,PUT_AWAY,NORMAL
PA-002280,2026-09-02 20:30:11,SKU-01987,5,A-03-02-01,OP-104,PUT_AWAY,NORMAL
PA-001223,2026-09-02 20:30:46,SKU-00509,8,B-08-05-01,OP-107,PUT_AWAY,NORMAL
PA-005978,2026-09-02 20:31:14,SKU-01648,6,B-01-01-02,OP-106,PUT_AWAY,NORMAL
PA-002650,2026-09-02 20:31:14,SKU-00706,8,B-05-04-01,OP-107,PUT_AWAY,NORMAL
PA-002829,2026-09-02 20:31:18,SKU-00095,3,A-08-05-02,OP-108,PUT_AWAY,NORMAL
PA-002693,2026-09-02 20:31:23,SKU-00311,7,F-04-03-02,OP-106,PUT_AWAY,NORMAL
PA-007052,2026-09-02 20:32:02,SKU-01413,8,D-08-04-01,OP-107,PUT_AWAY,NORMAL
PA-008884,2026-09-02 20:32:11,SKU-01012,5,E-08-01-01,OP-104,PUT_AWAY,NORMAL
PA-008814,2026-09-02 20:32:11,SKU-00587,3,A-04-04-01,OP-108,PUT_AWAY,NORMAL
PA-006401,2026-09-02 20:32:21,SKU-01080,6,E-04-05-02,OP-107,PUT_AWAY,NORMAL
PA-006172,2026-09-02 20:33:00,SKU-00952,1,B-05-05-01,OP-106,PUT_AWAY,NORMAL
PA-003040,2026-09-02 20:33:14,SKU-00219,4,F-09-04-02,OP-101,PUT_AWAY,NORMAL
PA-007126,2026-09-02 20:33:49,SKU-00805,9,E-07-03-01,OP-103,PUT_AWAY,NORMAL
PA-000885,2026-09-02 20:34:01,SKU-01077,5,E-02-03-01,OP-106,PUT_AWAY,NORMAL
PA-000631,2026-09-02 20:34:36,SKU-00052,7,A-06-05-02,OP-103,PUT_AWAY,NORMAL
PA-003185,2026-09-02 20:34:57,SKU-00918,4,D-09-04-02,OP-107,PUT_AWAY,NORMAL
PA-001670,2026-09-02 20:35:07,SKU-00271,8,F-08-03-02,OP-106,PUT_AWAY,NORMAL
PA-001594,2026-09-02 20:35:45,SKU-01844,3,B-05-05-02,OP-107,PUT_AWAY,NORMAL
PA-008538,2026-09-02 20:36:05,SKU-01649,10,A-08-02-01,OP-108,PUT_AWAY,NORMAL
PA-007784,2026-09-02 20:36:59,SKU-01737,1,E-03-02-01,OP-107,PUT_AWAY,NORMAL
PA-004386,2026-09-02 20:37:33,SKU-00988,10,C-01-04-02,OP-103,PUT_AWAY,NORMAL
PA-006745,2026-09-02 20:38:15,SKU-01799,10,E-06-04-01,OP-108,PUT_AWAY,NORMAL
PA-007704,2026-09-02 20:38:35,SKU-00501,9,E-02-02-02,OP-102,PUT_AWAY,NORMAL
PA-000070,2026-09-02 20:38:36,SKU-01835,2,F-03-03-02,OP-104,PUT_AWAY,NORMAL
PA-007930,2026-09-02 20:38:36,SKU-01215,5,F-03-01-02,OP-108,PUT_AWAY,NORMAL
PA-005896,2026-09-02 20:38:43,SKU-00471,6,F-09-03-01,OP-107,PUT_AWAY,NORMAL
PA-002683,2026-09-02 20:39:13,SKU-01506,6,E-01-04-02,OP-103,PUT_AWAY,NORMAL
PA-005807,2026-09-02 20:39:17,SKU-00354,9,E-05-02-01,OP-108,PUT_AWAY,NORMAL
PA-000517,2026-09-02 20:39:24,SKU-01108,3,A-01-03-01,OP-106,PUT_AWAY,NORMAL
PA-001353,2026-09-02 20:39:24,SKU-00966,7,E-06-05-01,OP-104,PUT_AWAY,NORMAL
PA-007650,2026-09-02 20:39:33,SKU-01431,3,E-01-03-02,OP-104,PUT_AWAY,NORMAL
PA-007890,2026-09-02 20:39:34,SKU-01245,5,E-09-04-02,OP-104,PUT_AWAY,NORMAL
PA-002944,2026-09-02 20:39:36,SKU-01469,8,B-06-05-02,OP-101,PUT_AWAY,NORMAL
PA-004348,2026-09-02 20:39:46,SKU-00040,3,B-05-05-02,OP-105,PUT_AWAY,NORMAL
PA-005314,2026-09-02 20:40:02,SKU-00588,9,F-02-02-01,OP-101,PUT_AWAY,NORMAL
PA-003257,2026-09-02 20:40:29,SKU-01132,6,C-08-04-02,OP-102,PUT_AWAY,NORMAL
PA-003534,2026-09-02 20:40:49,SKU-01862,3,B-05-04-02,OP-108,PUT_AWAY,NORMAL
PA-003213,2026-09-02 20:41:14,SKU-01899,4,E-02-04-01,OP-106,PUT_AWAY,NORMAL
PA-006726,2026-09-02 20:42:15,SKU-01336,10,A-07-01-02,OP-101,PUT_AWAY,NORMAL
PA-002754,2026-09-02 20:42:28,SKU-01629,1,F-03-02-01,OP-105,PUT_AWAY,NORMAL
PA-004885,2026-09-02 20:42:45,SKU-00841,6,D-03-02-01,OP-101,PUT_AWAY,NORMAL
PA-007925,2026-09-02 20:43:01,SKU-00936,3,D-05-04-02,OP-101,PUT_AWAY,NORMAL
PA-000196,2026-09-02 20:43:05,SKU-01651,7,F-02-05-01,OP-102,PUT_AWAY,NORMAL
PA-000415,2026-09-02 20:43:18,SKU-00016,3,F-09-02-02,OP-102,PUT_AWAY,NORMAL
PA-004154,2026-09-02 20:43:34,SKU-00808,3,F-10-04-02,OP-104,PUT_AWAY,NORMAL
PA-008649,2026-09-02 20:43:53,SKU-00379,10,E-05-02-01,OP-103,PUT_AWAY,NORMAL
PA-005706,2026-09-02 20:44:03,SKU-01935,7,F-03-05-02,OP-107,PUT_AWAY,NORMAL
PA-002785,2026-09-02 20:44:15,SKU-01538,10,D-08-03-01,OP-108,PUT_AWAY,NORMAL
PA-000353,2026-09-02 20:45:10,SKU-01917,4,A-05-03-01,OP-106,PUT_AWAY,NORMAL
PA-005194,2026-09-02 20:45:13,SKU-00628,1,E-10-04-01,OP-106,PUT_AWAY,NORMAL
PA-007540,2026-09-02 20:45:27,SKU-00861,8,E-03-04-01,OP-102,PUT_AWAY,NORMAL
PA-003211,2026-09-02 20:45:30,SKU-00926,10,D-09-01-01,OP-106,PUT_AWAY,NORMAL
PA-007676,2026-09-02 20:45:33,SKU-00899,3,B-09-02-01,OP-108,PUT_AWAY,NORMAL
PA-002283,2026-09-02 20:45:36,SKU-00582,1,B-08-05-01,OP-108,PUT_AWAY,NORMAL
PA-003492,2026-09-02 20:45:52,SKU-01819,6,F-07-01-01,OP-101,PUT_AWAY,NORMAL
PA-000427,2026-09-02 20:45:56,SKU-00196,8,B-07-05-02,OP-104,PUT_AWAY,NORMAL
PA-001509,2026-09-02 20:46:28,SKU-01586,6,E-05-01-02,OP-108,PUT_AWAY,NORMAL
PA-005738,2026-09-02 20:46:29,SKU-00801,10,F-03-01-01,OP-102,PUT_AWAY,NORMAL
PA-008444,2026-09-02 20:46:44,SKU-00766,2,D-05-02-01,OP-101,PUT_AWAY,NORMAL
PA-007041,2026-09-02 20:47:01,SKU-01380,5,C-06-05-01,OP-108,PUT_AWAY,NORMAL
PA-001868,2026-09-02 20:47:24,SKU-00965,10,B-05-03-01,OP-105,PUT_AWAY,NORMAL
PA-002190,2026-09-02 20:47:25,SKU-01803,9,F-04-02-01,OP-104,PUT_AWAY,NORMAL
PA-004016,2026-09-02 20:47:47,SKU-01560,8,E-06-04-02,OP-106,PUT_AWAY,NORMAL
PA-007391,2026-09-02 20:47:47,SKU-00966,6,E-06-05-01,OP-107,PUT_AWAY,NORMAL
PA-008723,2026-09-02 20:48:16,SKU-01889,6,D-04-01-02,OP-108,PUT_AWAY,NORMAL
PA-008454,2026-09-02 20:48:31,SKU-01936,8,B-04-03-01,OP-104,PUT_AWAY,NORMAL
PA-007846,2026-09-02 20:48:33,SKU-00167,8,F-04-04-01,OP-107,PUT_AWAY,NORMAL
PA-001543,2026-09-02 20:48:50,SKU-01157,3,D-01-05-02,OP-107,PUT_AWAY,NORMAL
PA-008482,2026-09-02 20:48:50,SKU-00732,10,B-06-03-01,OP-104,PUT_AWAY,NORMAL
PA-003780,2026-09-02 20:48:54,SKU-00204,5,E-02-05-02,OP-106,PUT_AWAY,NORMAL
PA-000516,2026-09-02 20:49:23,SKU-01488,6,C-01-02-02,OP-104,PUT_AWAY,NORMAL
PA-006114,2026-09-02 20:50:09,SKU-01500,1,B-02-02-01,OP-105,PUT_AWAY,NORMAL
PA-007404,2026-09-02 20:50:21,SKU-01503,5,B-10-04-01,OP-106,PUT_AWAY,NORMAL
PA-006382,2026-09-02 20:50:45,SKU-00432,4,C-04-03-02,OP-101,PUT_AWAY,NORMAL
PA-004705,2026-09-02 20:50:48,SKU-01460,2,F-02-05-01,OP-105,PUT_AWAY,NORMAL
PA-001557,2026-09-02 20:51:05,SKU-02000,2,E-07-03-01,OP-108,PUT_AWAY,NORMAL
PA-005156,2026-09-02 20:52:09,SKU-00551,1,C-02-03-02,OP-102,PUT_AWAY,NORMAL
PA-002638,2026-09-02 20:52:12,SKU-00595,8,D-03-05-01,OP-102,PUT_AWAY,NORMAL
PA-004477,2026-09-02 20:52:16,SKU-01278,10,C-01-01-02,OP-102,PUT_AWAY,NORMAL
PA-004071,2026-09-02 20:52:51,SKU-00123,3,A-03-04-02,OP-101,PUT_AWAY,NORMAL
PA-005988,2026-09-02 20:52:59,SKU-01581,9,B-06-05-01,OP-104,PUT_AWAY,NORMAL
PA-003045,2026-09-02 20:53:00,SKU-00670,7,A-08-04-01,OP-103,PUT_AWAY,NORMAL
PA-000170,2026-09-02 20:53:35,SKU-01896,2,E-03-01-02,OP-106,PUT_AWAY,NORMAL
PA-002682,2026-09-02 20:53:46,SKU-01214,2,A-10-01-02,OP-108,PUT_AWAY,NORMAL
PA-004125,2026-09-02 20:53:51,SKU-00262,9,C-02-02-02,OP-101,PUT_AWAY,NORMAL
PA-001798,2026-09-02 20:53:52,SKU-01300,2,E-07-05-02,OP-103,PUT_AWAY,NORMAL
PA-004619,2026-09-02 20:53:53,SKU-00947,5,D-10-04-01,OP-104,PUT_AWAY,NORMAL
PA-000682,2026-09-02 20:54:21,SKU-00377,1,F-07-05-02,OP-101,PUT_AWAY,NORMAL
PA-003152,2026-09-02 20:54:43,SKU-01326,4,B-05-05-01,OP-106,PUT_AWAY,NORMAL
PA-004357,2026-09-02 20:54:52,SKU-01464,7,F-03-05-01,OP-101,PUT_AWAY,NORMAL
PA-004905,2026-09-02 20:55:09,SKU-01322,2,C-05-05-01,OP-105,PUT_AWAY,NORMAL
PA-005726,2026-09-02 20:55:19,SKU-01776,2,B-02-05-02,OP-106,PUT_AWAY,NORMAL
PA-007212,2026-09-02 20:55:20,SKU-01816,8,F-02-02-02,OP-105,PUT_AWAY,NORMAL
PA-004165,2026-09-02 20:55:47,SKU-01105,5,F-04-05-02,OP-101,PUT_AWAY,NORMAL
PA-005836,2026-09-02 20:56:33,SKU-01717,3,D-08-03-02,OP-103,PUT_AWAY,NORMAL
PA-001514,2026-09-02 20:57:21,SKU-00305,2,E-05-05-01,OP-102,PUT_AWAY,NORMAL
PA-000212,2026-09-02 20:57:23,SKU-00683,2,F-01-05-02,OP-103,PUT_AWAY,NORMAL
PA-007271,2026-09-02 20:57:47,SKU-01099,6,C-09-04-02,OP-101,PUT_AWAY,NORMAL
PA-002318,2026-09-02 20:57:48,SKU-00010,6,F-03-03-02,OP-102,PUT_AWAY,NORMAL
PA-001117,2026-09-02 20:58:43,SKU-00473,10,B-06-01-01,OP-106,PUT_AWAY,NORMAL
PA-000611,2026-09-02 20:59:01,SKU-01494,6,B-07-03-01,OP-102,PUT_AWAY,NORMAL
PA-003288,2026-09-02 20:59:15,SKU-00023,5,F-03-03-01,OP-107,PUT_AWAY,NORMAL
PA-002568,2026-09-02 20:59:46,SKU-01541,6,D-01-04-02,OP-106,PUT_AWAY,NORMAL
PA-005253,2026-09-02 20:59:56,SKU-01511,1,A-07-01-02,OP-106,PUT_AWAY,NORMAL
PA-006368,2026-09-02 21:00:19,SKU-01125,6,F-01-04-01,OP-102,PUT_AWAY,NORMAL
PA-001061,2026-09-02 21:00:20,SKU-01042,1,B-07-01-02,OP-105,PUT_AWAY,NORMAL
PA-003005,2026-09-02 21:00:52,SKU-01451,8,B-02-03-02,OP-107,PUT_AWAY,NORMAL
PA-004521,2026-09-02 21:01:52,SKU-01180,7,D-08-04-01,OP-105,PUT_AWAY,NORMAL
PA-003883,2026-09-02 21:02:06,SKU-01826,6,C-05-02-02,OP-104,PUT_AWAY,NORMAL
PA-000956,2026-09-02 21:02:49,SKU-01773,1,E-02-05-02,OP-105,PUT_AWAY,NORMAL
PA-007543,2026-09-02 21:02:59,SKU-00321,1,C-02-04-02,OP-105,PUT_AWAY,NORMAL
PA-005045,2026-09-02 21:03:10,SKU-00996,4,C-05-04-01,OP-106,PUT_AWAY,NORMAL
PA-005949,2026-09-02 21:03:35,SKU-00764,6,A-01-03-01,OP-106,PUT_AWAY,NORMAL
PA-006348,2026-09-02 21:03:46,SKU-01707,6,C-07-01-02,OP-107,PUT_AWAY,NORMAL
PA-005367,2026-09-02 21:03:52,SKU-00463,3,B-07-03-01,OP-104,PUT_AWAY,NORMAL
PA-002583,2026-09-02 21:04:40,SKU-00413,3,E-09-04-01,OP-104,PUT_AWAY,NORMAL
PA-006458,2026-09-02 21:04:50,SKU-01297,9,E-01-04-01,OP-107,PUT_AWAY,NORMAL
PA-000477,2026-09-02 21:04:59,SKU-00132,8,E-08-01-01,OP-103,PUT_AWAY,NORMAL
PA-002932,2026-09-02 21:05:24,SKU-00342,8,F-02-05-02,OP-103,PUT_AWAY,NORMAL
PA-007020,2026-09-02 21:05:43,SKU-00370,7,F-04-04-01,OP-103,PUT_AWAY,NORMAL
PA-007058,2026-09-02 21:05:56,SKU-01926,4,C-04-02-01,OP-104,PUT_AWAY,NORMAL
PA-003399,2026-09-02 21:06:17,SKU-01545,10,B-06-04-01,OP-102,PUT_AWAY,NORMAL
PA-004143,2026-09-02 21:06:41,SKU-00727,5,C-08-04-01,OP-106,PUT_AWAY,NORMAL
PA-008848,2026-09-02 21:07:03,SKU-01657,7,A-01-05-01,OP-105,PUT_AWAY,NORMAL
PA-005640,2026-09-02 21:07:08,SKU-00135,2,F-04-04-02,OP-103,PUT_AWAY,NORMAL
PA-002533,2026-09-02 21:07:13,SKU-01156,5,D-10-03-02,OP-103,PUT_AWAY,NORMAL
PA-002295,2026-09-02 21:07:21,SKU-01303,10,C-03-04-01,OP-108,PUT_AWAY,NORMAL
PA-001138,2026-09-02 21:07:58,SKU-01352,6,E-10-02-02,OP-103,PUT_AWAY,NORMAL
PA-005382,2026-09-02 21:08:14,SKU-01163,10,C-05-03-01,OP-102,PUT_AWAY,NORMAL
PA-000657,2026-09-02 21:08:45,SKU-01774,2,C-01-03-01,OP-105,PUT_AWAY,NORMAL
PA-003307,2026-09-02 21:08:58,SKU-00186,8,E-10-03-01,OP-103,PUT_AWAY,NORMAL
PA-006161,2026-09-02 21:09:11,SKU-00735,7,D-10-03-02,OP-106,PUT_AWAY,NORMAL
PA-004480,2026-09-02 21:09:21,SKU-01903,1,A-07-01-02,OP-103,PUT_AWAY,NORMAL
PA-007889,2026-09-02 21:09:52,SKU-00388,5,C-09-04-02,OP-108,PUT_AWAY,NORMAL
PA-000392,2026-09-02 21:10:06,SKU-01451,6,B-02-03-02,OP-108,PUT_AWAY,NORMAL
PA-006363,2026-09-02 21:10:19,SKU-01236,10,C-08-02-02,OP-104,PUT_AWAY,NORMAL
PA-000127,2026-09-02 21:10:20,SKU-01254,10,A-07-05-02,OP-104,PUT_AWAY,NORMAL
PA-008730,2026-09-02 21:10:26,SKU-01225,10,E-02-02-01,OP-106,PUT_AWAY,NORMAL
PA-005736,2026-09-02 21:10:43,SKU-01330,4,B-07-03-01,OP-102,PUT_AWAY,NORMAL
PA-000625,2026-09-02 21:12:17,SKU-01690,5,F-10-03-02,OP-106,PUT_AWAY,NORMAL
PA-002449,2026-09-02 21:12:23,SKU-01231,2,B-04-03-01,OP-104,PUT_AWAY,NORMAL
PA-008490,2026-09-02 21:12:57,SKU-00224,9,A-06-05-02,OP-101,PUT_AWAY,NORMAL
PA-005429,2026-09-02 21:13:23,SKU-01268,10,A-10-01-02,OP-107,PUT_AWAY,NORMAL
PA-003838,2026-09-02 21:13:48,SKU-01786,10,F-02-05-02,OP-103,PUT_AWAY,NORMAL
PA-003966,2026-09-02 21:13:57,SKU-01695,2,C-09-05-01,OP-107,PUT_AWAY,NORMAL
PA-001356,2026-09-02 21:14:01,SKU-01941,8,B-04-03-02,OP-101,PUT_AWAY,NORMAL
PA-002325,2026-09-02 21:14:20,SKU-00806,7,E-03-01-02,OP-107,PUT_AWAY,NORMAL
PA-005616,2026-09-02 21:14:33,SKU-00853,6,A-01-02-02,OP-108,PUT_AWAY,NORMAL
PA-007248,2026-09-02 21:14:59,SKU-01510,7,A-09-03-02,OP-102,PUT_AWAY,NORMAL
PA-001046,2026-09-02 21:15:00,SKU-00674,2,E-09-02-02,OP-107,PUT_AWAY,NORMAL
PA-001560,2026-09-02 21:15:02,SKU-00005,4,D-05-05-02,OP-103,PUT_AWAY,NORMAL
PA-003463,2026-09-02 21:15:15,SKU-00117,2,C-01-01-02,OP-103,PUT_AWAY,NORMAL
PA-001823,2026-09-02 21:15:15,SKU-00607,8,F-01-04-01,OP-102,PUT_AWAY,NORMAL
PA-008374,2026-09-02 21:15:16,SKU-01259,8,F-07-04-02,OP-108,PUT_AWAY,NORMAL
PA-001015,2026-09-02 21:15:51,SKU-00859,3,F-04-02-01,OP-101,PUT_AWAY,NORMAL
PA-001844,2026-09-02 21:16:06,SKU-01974,3,C-06-02-01,OP-101,PUT_AWAY,NORMAL
PA-008496,2026-09-02 21:16:22,SKU-00958,6,C-05-03-01,OP-104,PUT_AWAY,NORMAL
PA-001808,2026-09-02 21:16:29,SKU-00044,4,D-04-04-01,OP-102,PUT_AWAY,NORMAL
PA-002962,2026-09-02 21:17:27,SKU-00097,4,A-02-01-01,OP-104,PUT_AWAY,NORMAL
PA-007027,2026-09-02 21:17:29,SKU-01984,1,F-04-01-02,OP-107,PUT_AWAY,NORMAL
PA-002050,2026-09-02 21:17:43,SKU-01156,6,D-10-03-02,OP-107,PUT_AWAY,NORMAL
PA-003710,2026-09-02 21:18:59,SKU-01270,4,D-04-01-01,OP-101,PUT_AWAY,NORMAL
PA-002382,2026-09-02 21:19:00,SKU-01798,7,C-09-05-02,OP-102,PUT_AWAY,NORMAL
PA-006184,2026-09-02 21:19:03,SKU-01006,8,B-04-01-02,OP-108,PUT_AWAY,NORMAL
PA-008865,2026-09-02 21:19:24,SKU-01096,8,B-05-01-02,OP-103,PUT_AWAY,NORMAL
PA-002156,2026-09-02 21:19:42,SKU-00694,1,A-10-02-02,OP-107,PUT_AWAY,NORMAL
PA-007614,2026-09-02 21:19:55,SKU-00497,7,F-07-04-02,OP-107,PUT_AWAY,NORMAL
PA-002920,2026-09-02 21:20:05,SKU-00372,5,E-03-01-01,OP-108,PUT_AWAY,NORMAL
PA-005001,2026-09-02 21:20:25,SKU-01870,10,C-09-03-02,OP-107,PUT_AWAY,NORMAL
PA-002886,2026-09-02 21:20:29,SKU-00959,1,D-03-05-02,OP-101,PUT_AWAY,NORMAL
PA-003215,2026-09-02 21:20:37,SKU-01804,10,E-10-04-01,OP-107,PUT_AWAY,NORMAL
PA-001818,2026-09-02 21:22:00,SKU-01603,3,C-09-05-02,OP-102,PUT_AWAY,NORMAL
PA-004139,2026-09-02 21:23:00,SKU-01326,5,B-05-05-01,OP-104,PUT_AWAY,NORMAL
PA-006099,2026-09-02 21:23:05,SKU-00938,4,F-05-04-02,OP-106,PUT_AWAY,NORMAL
PA-005015,2026-09-02 21:23:11,SKU-01901,1,C-09-04-01,OP-104,PUT_AWAY,NORMAL
PA-006760,2026-09-02 21:23:40,SKU-01363,9,D-04-04-02,OP-106,PUT_AWAY,NORMAL
PA-006573,2026-09-02 21:23:41,SKU-00944,7,A-10-05-02,OP-107,PUT_AWAY,NORMAL
PA-003072,2026-09-02 21:23:44,SKU-01084,5,D-02-03-01,OP-106,PUT_AWAY,NORMAL
PA-001524,2026-09-02 21:23:59,SKU-01976,3,B-01-02-02,OP-101,PUT_AWAY,NORMAL
PA-007584,2026-09-02 21:24:10,SKU-01866,2,D-10-02-02,OP-108,PUT_AWAY,NORMAL
PA-007343,2026-09-02 21:24:17,SKU-00823,7,A-10-01-01,OP-106,PUT_AWAY,NORMAL
PA-005434,2026-09-02 21:24:54,SKU-01548,4,A-06-03-02,OP-108,PUT_AWAY,NORMAL
PA-001919,2026-09-02 21:25:11,SKU-00343,6,C-09-01-02,OP-107,PUT_AWAY,NORMAL
PA-003125,2026-09-02 21:25:14,SKU-00315,5,B-01-03-01,OP-107,PUT_AWAY,NORMAL
PA-006116,2026-09-02 21:25:25,SKU-00327,2,B-09-03-01,OP-106,PUT_AWAY,NORMAL
PA-005874,2026-09-02 21:25:37,SKU-01558,4,F-10-04-02,OP-105,PUT_AWAY,NORMAL
PA-000238,2026-09-02 21:25:39,SKU-00740,7,D-02-03-01,OP-108,PUT_AWAY,NORMAL
PA-003807,2026-09-02 21:25:47,SKU-00241,3,F-01-05-01,OP-106,PUT_AWAY,NORMAL
PA-004782,2026-09-02 21:25:49,SKU-00816,10,D-04-02-02,OP-101,PUT_AWAY,NORMAL
PA-006035,2026-09-02 21:26:44,SKU-01730,4,E-10-02-01,OP-107,PUT_AWAY,NORMAL
PA-007218,2026-09-02 21:26:53,SKU-01189,3,D-03-04-02,OP-106,PUT_AWAY,NORMAL
PA-007310,2026-09-02 21:27:15,SKU-01551,4,D-02-02-01,OP-104,PUT_AWAY,NORMAL
PA-003606,2026-09-02 21:27:17,SKU-01310,5,D-03-02-02,OP-102,PUT_AWAY,NORMAL
PA-001440,2026-09-02 21:27:52,SKU-01101,2,E-09-02-01,OP-105,PUT_AWAY,NORMAL
PA-002427,2026-09-02 21:29:06,SKU-01507,6,B-10-05-01,OP-101,PUT_AWAY,NORMAL
PA-001011,2026-09-02 21:29:12,SKU-01587,7,B-01-04-02,OP-106,PUT_AWAY,NORMAL
PA-001834,2026-09-02 21:29:16,SKU-01901,7,C-09-04-01,OP-105,PUT_AWAY,NORMAL
PA-007491,2026-09-02 21:29:26,SKU-00331,5,F-04-05-01,OP-108,PUT_AWAY,NORMAL
PA-002187,2026-09-02 21:30:44,SKU-01060,9,B-06-03-01,OP-103,PUT_AWAY,NORMAL
PA-007225,2026-09-02 21:30:55,SKU-01566,9,E-09-01-01,OP-104,PUT_AWAY,NORMAL
PA-001131,2026-09-02 21:31:25,SKU-01436,9,E-03-02-01,OP-106,PUT_AWAY,NORMAL
PA-005600,2026-09-02 21:31:36,SKU-00546,9,B-03-03-02,OP-107,PUT_AWAY,NORMAL
PA-005977,2026-09-02 21:32:23,SKU-00762,7,D-06-05-01,OP-103,PUT_AWAY,NORMAL
PA-006086,2026-09-02 21:32:45,SKU-01977,4,E-09-05-02,OP-104,PUT_AWAY,NORMAL
PA-008361,2026-09-02 21:33:02,SKU-01234,5,A-05-03-01,OP-101,PUT_AWAY,NORMAL
PA-006723,2026-09-02 21:33:42,SKU-01978,9,B-09-05-02,OP-103,PUT_AWAY,NORMAL
PA-008018,2026-09-02 21:33:54,SKU-01006,9,B-04-01-02,OP-108,PUT_AWAY,NORMAL
PA-001944,2026-09-02 21:33:59,SKU-00467,2,F-09-03-02,OP-103,PUT_AWAY,NORMAL
PA-008087,2026-09-02 21:34:15,SKU-01808,2,A-09-04-01,OP-105,PUT_AWAY,NORMAL
PA-001628,2026-09-02 21:34:27,SKU-01219,3,E-08-05-02,OP-105,PUT_AWAY,NORMAL
PA-006730,2026-09-02 21:34:53,SKU-01840,7,D-09-05-02,OP-102,PUT_AWAY,NORMAL
PA-007276,2026-09-02 21:35:00,SKU-00699,2,A-08-02-01,OP-102,PUT_AWAY,NORMAL
PA-007025,2026-09-02 21:35:03,SKU-00192,1,D-08-03-02,OP-108,PUT_AWAY,NORMAL
PA-008348,2026-09-02 21:35:43,SKU-01297,2,E-01-04-01,OP-103,PUT_AWAY,NORMAL
PA-005293,2026-09-02 21:35:58,SKU-00975,2,A-02-05-01,OP-107,PUT_AWAY,NORMAL
PA-001842,2026-09-02 21:36:38,SKU-00674,7,E-09-02-02,OP-108,PUT_AWAY,NORMAL
PA-004123,2026-09-02 21:36:43,SKU-00345,9,C-05-03-02,OP-107,PUT_AWAY,NORMAL
PA-004717,2026-09-02 21:38:02,SKU-01630,1,B-08-04-01,OP-102,PUT_AWAY,NORMAL
PA-007101,2026-09-02 21:38:05,SKU-00521,4,C-01-03-01,OP-104,PUT_AWAY,NORMAL
PA-006177,2026-09-02 21:38:19,SKU-00092,7,F-04-03-02,OP-101,PUT_AWAY,NORMAL
PA-002084,2026-09-02 21:38:24,SKU-00692,1,C-09-01-01,OP-102,PUT_AWAY,NORMAL
PA-001646,2026-09-02 21:38:25,SKU-00817,1,F-02-05-01,OP-104,PUT_AWAY,NORMAL
PA-004710,2026-09-02 21:38:32,SKU-00418,2,D-07-02-02,OP-102,PUT_AWAY,NORMAL
PA-001737,2026-09-02 21:38:57,SKU-00055,3,A-05-05-01,OP-107,PUT_AWAY,NORMAL
PA-007026,2026-09-02 21:39:05,SKU-01132,3,C-08-04-02,OP-108,PUT_AWAY,NORMAL
PA-004428,2026-09-02 21:39:35,SKU-00648,9,E-06-01-02,OP-101,PUT_AWAY,NORMAL
PA-003280,2026-09-02 21:39:50,SKU-01010,10,F-02-01-02,OP-107,PUT_AWAY,NORMAL
PA-005176,2026-09-02 21:40:02,SKU-00662,9,E-02-05-02,OP-106,PUT_AWAY,NORMAL
PA-002810,2026-09-02 21:40:04,SKU-00884,7,A-06-04-02,OP-108,PUT_AWAY,NORMAL
PA-004508,2026-09-02 21:40:08,SKU-00183,5,B-04-03-02,OP-102,PUT_AWAY,NORMAL
PA-001375,2026-09-02 21:41:25,SKU-00422,4,E-05-05-01,OP-101,PUT_AWAY,NORMAL
PA-001789,2026-09-02 21:41:57,SKU-00518,5,C-05-05-02,OP-105,PUT_AWAY,NORMAL
PA-001393,2026-09-02 21:42:28,SKU-00115,5,E-04-03-02,OP-101,PUT_AWAY,NORMAL
PA-008940,2026-09-02 21:42:44,SKU-01481,6,E-09-05-02,OP-108,PUT_AWAY,NORMAL
PA-005050,2026-09-02 21:43:01,SKU-00050,6,B-08-04-01,OP-104,PUT_AWAY,NORMAL
PA-002510,2026-09-02 21:43:04,SKU-00683,6,F-01-05-02,OP-106,PUT_AWAY,NORMAL
PA-003733,2026-09-02 21:43:56,SKU-01337,1,E-05-05-02,OP-102,PUT_AWAY,NORMAL
PA-002144,2026-09-02 21:44:24,SKU-01313,2,C-10-05-02,OP-104,PUT_AWAY,NORMAL
PA-008993,2026-09-02 21:44:30,SKU-00276,8,B-01-04-02,OP-104,PUT_AWAY,NORMAL
PA-002221,2026-09-02 21:45:08,SKU-01240,7,C-09-03-02,OP-104,PUT_AWAY,NORMAL
PA-000858,2026-09-02 21:45:08,SKU-01230,4,C-10-02-02,OP-104,PUT_AWAY,NORMAL
PA-003624,2026-09-02 21:45:32,SKU-00061,2,C-05-02-02,OP-108,PUT_AWAY,NORMAL
PA-005132,2026-09-02 21:45:57,SKU-01833,7,E-08-02-01,OP-101,PUT_AWAY,NORMAL
PA-001786,2026-09-02 21:46:00,SKU-01355,10,A-04-05-02,OP-106,PUT_AWAY,NORMAL
PA-001870,2026-09-02 21:46:18,SKU-01717,10,D-08-03-02,OP-102,PUT_AWAY,NORMAL
PA-003698,2026-09-02 21:47:06,SKU-00893,1,F-04-01-01,OP-102,PUT_AWAY,NORMAL
PA-000670,2026-09-02 21:47:10,SKU-00172,4,A-04-03-01,OP-105,PUT_AWAY,NORMAL
PA-002926,2026-09-02 21:47:32,SKU-00885,8,F-05-03-02,OP-102,PUT_AWAY,NORMAL
PA-008737,2026-09-02 21:48:03,SKU-01020,1,D-09-02-01,OP-105,PUT_AWAY,NORMAL
PA-002149,2026-09-02 21:48:12,SKU-01048,7,C-02-04-02,OP-105,PUT_AWAY,NORMAL
PA-002214,2026-09-02 21:48:35,SKU-01856,9,C-05-03-02,OP-101,PUT_AWAY,NORMAL
PA-001831,2026-09-02 21:48:40,SKU-00228,1,A-04-01-02,OP-103,PUT_AWAY,NORMAL
PA-002179,2026-09-02 21:48:59,SKU-01630,4,B-08-04-01,OP-105,PUT_AWAY,NORMAL
PA-007157,2026-09-02 21:49:17,SKU-01442,7,C-09-01-01,OP-102,PUT_AWAY,NORMAL
PA-002775,2026-09-02 21:50:24,SKU-00842,8,D-01-02-02,OP-106,PUT_AWAY,NORMAL
PA-000732,2026-09-02 21:50:25,SKU-00480,6,B-04-04-02,OP-101,PUT_AWAY,NORMAL
PA-008446,2026-09-02 21:50:29,SKU-00277,6,C-04-05-01,OP-102,PUT_AWAY,NORMAL
PA-003375,2026-09-02 21:50:34,SKU-00324,2,B-03-01-02,OP-108,PUT_AWAY,NORMAL
PA-002462,2026-09-02 21:50:35,SKU-01379,5,A-03-02-01,OP-103,PUT_AWAY,NORMAL
PA-004444,2026-09-02 21:50:40,SKU-01742,9,E-03-01-01,OP-102,PUT_AWAY,NORMAL
PA-008086,2026-09-02 21:51:19,SKU-00469,6,D-04-01-01,OP-101,PUT_AWAY,NORMAL
PA-007970,2026-09-02 21:51:42,SKU-00093,5,B-09-01-01,OP-107,PUT_AWAY,NORMAL
PA-004918,2026-09-02 21:51:48,SKU-00014,1,B-05-04-02,OP-107,PUT_AWAY,NORMAL
PA-001611,2026-09-02 21:51:57,SKU-01129,8,F-08-02-01,OP-108,PUT_AWAY,NORMAL
PA-006409,2026-09-02 21:52:05,SKU-01496,8,F-09-02-01,OP-103,PUT_AWAY,NORMAL
PA-001449,2026-09-02 21:52:20,SKU-01114,4,E-10-03-02,OP-101,PUT_AWAY,NORMAL
PA-007576,2026-09-02 21:52:22,SKU-00209,1,D-05-03-02,OP-105,PUT_AWAY,NORMAL
PA-003441,2026-09-02 21:52:33,SKU-00455,7,B-03-02-02,OP-108,PUT_AWAY,NORMAL
PA-005684,2026-09-02 21:52:34,SKU-01909,2,A-02-02-02,OP-106,PUT_AWAY,NORMAL
PA-003525,2026-09-02 21:52:52,SKU-01596,3,E-07-04-01,OP-102,PUT_AWAY,NORMAL
PA-005739,2026-09-02 21:53:04,SKU-01776,1,B-02-05-02,OP-101,PUT_AWAY,NORMAL
PA-002351,2026-09-02 21:53:07,SKU-00716,2,F-01-03-01,OP-105,PUT_AWAY,NORMAL
PA-007226,2026-09-02 21:53:23,SKU-01031,8,A-09-01-01,OP-104,PUT_AWAY,NORMAL
PA-004754,2026-09-02 21:53:40,SKU-00792,5,B-05-05-01,OP-106,PUT_AWAY,NORMAL
PA-001204,2026-09-02 21:53:58,SKU-01684,8,E-06-02-01,OP-107,PUT_AWAY,NORMAL
PA-004196,2026-09-02 21:54:21,SKU-01014,10,A-04-03-01,OP-107,PUT_AWAY,NORMAL
PA-006978,2026-09-02 21:54:30,SKU-00301,2,D-08-03-01,OP-103,PUT_AWAY,NORMAL
PA-003315,2026-09-02 21:55:53,SKU-00580,8,E-06-02-01,OP-108,PUT_AWAY,NORMAL
PA-001025,2026-09-02 21:56:13,SKU-00345,7,C-05-03-02,OP-107,PUT_AWAY,NORMAL
PA-005163,2026-09-02 21:56:20,SKU-00171,4,B-08-05-02,OP-104,PUT_AWAY,NORMAL
PA-001515,2026-09-02 21:56:43,SKU-00612,8,F-01-02-02,OP-103,PUT_AWAY,NORMAL
PA-004403,2026-09-02 21:57:01,SKU-01833,7,E-08-02-01,OP-105,PUT_AWAY,NORMAL
PA-007469,2026-09-02 21:57:22,SKU-00260,9,B-01-01-02,OP-107,PUT_AWAY,NORMAL
PA-004588,2026-09-02 21:57:42,SKU-01029,8,F-06-01-01,OP-102,PUT_AWAY,NORMAL
PA-001565,2026-09-02 21:58:12,SKU-00458,3,F-07-03-02,OP-103,PUT_AWAY,NORMAL
PA-005031,2026-09-02 21:58:14,SKU-00099,5,A-02-02-02,OP-101,PUT_AWAY,NORMAL
PA-001432,2026-09-02 21:58:20,SKU-01790,10,F-04-04-02,OP-105,PUT_AWAY,NORMAL
PA-005237,2026-09-02 21:58:29,SKU-01286,9,B-02-02-01,OP-107,PUT_AWAY,NORMAL
PA-003584,2026-09-02 21:58:47,SKU-00516,6,B-01-01-01,OP-106,PUT_AWAY,NORMAL
PA-005193,2026-09-02 21:58:48,SKU-00210,4,C-08-01-02,OP-106,PUT_AWAY,NORMAL
PA-007486,2026-09-02 21:59:03,SKU-00766,1,D-05-02-01,OP-106,PUT_AWAY,NORMAL
PA-005626,2026-09-02 21:59:48,SKU-00266,10,F-05-02-02,OP-107,PUT_AWAY,NORMAL
PA-004561,2026-09-02 22:00:02,SKU-01053,7,B-03-01-01,OP-108,PUT_AWAY,NORMAL
PA-001965,2026-09-02 22:00:15,SKU-00926,3,D-09-01-01,OP-108,PUT_AWAY,NORMAL
PA-005370,2026-09-02 22:00:37,SKU-00621,3,D-10-01-01,OP-108,PUT_AWAY,NORMAL
PA-008036,2026-09-02 22:01:31,SKU-01925,8,A-03-04-02,OP-108,PUT_AWAY,NORMAL
PA-005981,2026-09-02 22:01:34,SKU-00326,10,C-09-05-01,OP-107,PUT_AWAY,NORMAL
PA-006228,2026-09-02 22:01:42,SKU-01642,6,B-01-01-01,OP-103,PUT_AWAY,NORMAL
PA-001659,2026-09-02 22:01:51,SKU-01723,3,D-03-02-01,OP-101,PUT_AWAY,NORMAL
PA-008113,2026-09-02 22:01:56,SKU-01485,10,F-07-05-01,OP-108,PUT_AWAY,NORMAL
PA-008134,2026-09-02 22:02:22,SKU-01823,8,B-01-03-01,OP-101,PUT_AWAY,NORMAL
PA-004095,2026-09-02 22:02:46,SKU-00716,10,F-01-03-01,OP-101,PUT_AWAY,NORMAL
PA-000258,2026-09-02 22:03:17,SKU-00722,7,E-10-02-01,OP-106,PUT_AWAY,NORMAL
PA-006882,2026-09-02 22:03:28,SKU-00854,8,F-09-04-01,OP-105,PUT_AWAY,NORMAL
PA-001431,2026-09-02 22:03:53,SKU-00481,9,A-08-03-01,OP-102,PUT_AWAY,NORMAL
PA-002569,2026-09-02 22:04:01,SKU-00340,9,E-01-03-02,OP-102,PUT_AWAY,NORMAL
PA-003982,2026-09-02 22:04:09,SKU-00334,3,E-09-03-01,OP-105,PUT_AWAY,NORMAL
PA-001224,2026-09-02 22:04:21,SKU-01551,9,D-02-02-01,OP-107,PUT_AWAY,NORMAL
PA-002358,2026-09-02 22:04:26,SKU-00900,3,E-06-01-01,OP-104,PUT_AWAY,NORMAL
PA-006073,2026-09-02 22:04:44,SKU-01300,9,E-07-05-02,OP-108,PUT_AWAY,NORMAL
PA-007219,2026-09-02 22:04:46,SKU-01218,6,A-05-05-01,OP-105,PUT_AWAY,NORMAL
PA-007339,2026-09-02 22:05:36,SKU-00074,3,F-09-05-01,OP-103,PUT_AWAY,NORMAL
PA-004816,2026-09-02 22:05:37,SKU-01879,1,B-04-03-01,OP-103,PUT_AWAY,NORMAL
PA-001141,2026-09-02 22:05:58,SKU-01792,7,D-07-03-02,OP-101,PUT_AWAY,NORMAL
PA-004694,2026-09-02 22:06:03,SKU-01298,4,A-07-05-02,OP-104,PUT_AWAY,NORMAL
PA-007069,2026-09-02 22:06:16,SKU-01972,6,A-05-01-01,OP-108,PUT_AWAY,NORMAL
PA-003554,2026-09-02 22:06:18,SKU-01522,10,F-04-02-02,OP-101,PUT_AWAY,NORMAL
PA-007903,2026-09-02 22:06:35,SKU-01081,9,A-10-04-01,OP-106,PUT_AWAY,NORMAL
PA-003335,2026-09-02 22:06:38,SKU-00477,2,B-03-02-02,OP-101,PUT_AWAY,NORMAL
PA-008227,2026-09-02 22:07:20,SKU-01948,3,B-07-02-01,OP-102,PUT_AWAY,NORMAL
PA-002582,2026-09-02 22:08:13,SKU-00547,4,D-05-04-01,OP-105,PUT_AWAY,NORMAL
PA-005432,2026-09-02 22:08:15,SKU-00936,9,D-05-04-02,OP-104,PUT_AWAY,NORMAL
PA-004008,2026-09-02 22:08:45,SKU-00744,5,A-01-01-02,OP-108,PUT_AWAY,NORMAL
PA-008388,2026-09-02 22:08:48,SKU-01852,3,A-07-04-01,OP-104,PUT_AWAY,NORMAL
PA-005198,2026-09-02 22:09:15,SKU-00530,10,B-08-01-02,OP-104,PUT_AWAY,NORMAL
PA-007703,2026-09-02 22:09:45,SKU-00255,7,D-04-04-02,OP-102,PUT_AWAY,NORMAL
PA-006454,2026-09-02 22:10:13,SKU-01451,5,B-02-03-02,OP-105,PUT_AWAY,NORMAL
PA-008170,2026-09-02 22:10:50,SKU-00724,4,B-07-01-01,OP-104,PUT_AWAY,NORMAL
PA-007586,2026-09-02 22:10:53,SKU-01107,4,B-09-01-01,OP-105,PUT_AWAY,NORMAL
PA-008010,2026-09-02 22:11:08,SKU-01774,4,C-01-03-01,OP-102,PUT_AWAY,NORMAL
PA-003054,2026-09-02 22:12:22,SKU-00831,5,F-09-02-01,OP-102,PUT_AWAY,NORMAL
PA-006785,2026-09-02 22:12:26,SKU-00816,2,D-04-02-02,OP-107,PUT_AWAY,NORMAL
PA-002887,2026-09-02 22:12:27,SKU-01488,6,C-01-02-02,OP-103,PUT_AWAY,NORMAL
PA-004789,2026-09-02 22:12:39,SKU-01954,3,D-09-01-01,OP-103,PUT_AWAY,NORMAL
PA-001433,2026-09-02 22:13:19,SKU-00661,5,E-06-03-02,OP-102,PUT_AWAY,NORMAL
PA-008411,2026-09-02 22:13:40,SKU-01693,5,F-01-05-01,OP-106,PUT_AWAY,NORMAL
PA-003820,2026-09-02 22:13:46,SKU-00436,7,F-08-02-01,OP-104,PUT_AWAY,NORMAL
PA-007752,2026-09-02 22:13:50,SKU-00321,6,C-02-04-02,OP-105,PUT_AWAY,NORMAL
PA-003689,2026-09-02 22:13:51,SKU-01132,7,C-08-04-02,OP-104,PUT_AWAY,NORMAL
PA-001601,2026-09-02 22:14:05,SKU-01629,1,F-03-02-01,OP-108,PUT_AWAY,NORMAL
PA-001655,2026-09-02 22:14:07,SKU-01400,9,B-07-03-02,OP-101,PUT_AWAY,NORMAL
PA-002873,2026-09-02 22:14:07,SKU-00305,5,E-05-05-01,OP-104,PUT_AWAY,NORMAL
PA-008750,2026-09-02 22:14:12,SKU-00830,6,E-10-01-02,OP-108,PUT_AWAY,NORMAL
PA-001158,2026-09-02 22:14:24,SKU-00303,6,A-04-02-01,OP-104,PUT_AWAY,NORMAL
PA-001055,2026-09-02 22:14:27,SKU-00201,8,A-01-05-01,OP-104,PUT_AWAY,NORMAL
PA-008951,2026-09-02 22:14:57,SKU-00197,5,D-10-04-01,OP-108,PUT_AWAY,NORMAL
PA-005528,2026-09-02 22:14:59,SKU-00801,5,F-03-01-01,OP-103,PUT_AWAY,NORMAL
PA-003725,2026-09-02 22:15:56,SKU-00067,5,A-06-02-01,OP-106,PUT_AWAY,NORMAL
PA-007490,2026-09-02 22:16:38,SKU-01526,4,B-04-02-01,OP-108,PUT_AWAY,NORMAL
PA-001975,2026-09-02 22:16:41,SKU-00971,9,A-02-03-01,OP-103,PUT_AWAY,NORMAL
PA-002173,2026-09-02 22:17:01,SKU-00543,9,B-03-03-02,OP-104,PUT_AWAY,NORMAL
PA-003089,2026-09-02 22:17:10,SKU-01679,10,E-10-02-01,OP-108,PUT_AWAY,NORMAL
PA-000329,2026-09-02 22:17:20,SKU-01081,9,A-10-04-01,OP-102,PUT_AWAY,NORMAL
PA-004722,2026-09-02 22:18:21,SKU-01445,5,E-02-03-01,OP-103,PUT_AWAY,NORMAL
PA-007668,2026-09-02 22:18:26,SKU-00410,1,F-05-02-01,OP-106,PUT_AWAY,NORMAL
PA-008476,2026-09-02 22:19:15,SKU-01255,8,C-09-02-02,OP-108,PUT_AWAY,NORMAL
PA-004231,2026-09-02 22:19:16,SKU-00130,4,B-05-03-01,OP-104,PUT_AWAY,NORMAL
PA-002080,2026-09-02 22:19:46,SKU-01466,4,B-06-05-01,OP-102,PUT_AWAY,NORMAL
PA-001499,2026-09-02 22:19:54,SKU-00617,7,A-02-04-01,OP-106,PUT_AWAY,NORMAL
PA-006148,2026-09-02 22:20:01,SKU-01683,10,F-06-01-01,OP-107,PUT_AWAY,NORMAL
PA-007830,2026-09-02 22:20:18,SKU-01433,1,D-10-03-02,OP-108,PUT_AWAY,NORMAL
PA-005284,2026-09-02 22:20:29,SKU-01735,6,D-05-05-02,OP-106,PUT_AWAY,NORMAL
PA-007671,2026-09-02 22:20:32,SKU-01871,9,C-03-01-02,OP-103,PUT_AWAY,NORMAL
PA-002284,2026-09-02 22:20:55,SKU-01304,6,B-08-05-02,OP-103,PUT_AWAY,NORMAL
PA-005571,2026-09-02 22:22:34,SKU-00823,6,A-10-01-01,OP-106,PUT_AWAY,NORMAL
PA-003193,2026-09-02 22:24:11,SKU-00375,7,D-05-02-01,OP-103,PUT_AWAY,NORMAL
PA-002077,2026-09-02 22:24:34,SKU-01621,1,B-10-04-02,OP-102,PUT_AWAY,NORMAL
PA-005358,2026-09-02 22:24:37,SKU-00465,10,C-05-05-01,OP-101,PUT_AWAY,NORMAL
PA-000892,2026-09-02 22:24:48,SKU-00780,6,E-10-04-01,OP-106,PUT_AWAY,NORMAL
PA-008587,2026-09-02 22:25:31,SKU-00914,6,B-02-05-02,OP-104,PUT_AWAY,NORMAL
PA-000918,2026-09-02 22:25:59,SKU-01329,3,D-06-04-01,OP-108,PUT_AWAY,NORMAL
PA-006457,2026-09-02 22:26:14,SKU-01307,3,C-03-03-01,OP-105,PUT_AWAY,NORMAL
PA-000162,2026-09-02 22:26:21,SKU-01609,6,D-07-03-02,OP-101,PUT_AWAY,NORMAL
PA-002870,2026-09-02 22:26:28,SKU-00255,7,D-04-04-02,OP-102,PUT_AWAY,NORMAL
PA-007766,2026-09-02 22:26:34,SKU-00778,1,C-06-02-01,OP-105,PUT_AWAY,NORMAL
PA-004985,2026-09-02 22:27:01,SKU-01469,3,B-06-05-02,OP-104,PUT_AWAY,NORMAL
PA-008047,2026-09-02 22:27:06,SKU-01608,10,D-09-04-02,OP-107,PUT_AWAY,NORMAL
PA-004167,2026-09-02 22:27:07,SKU-00142,8,F-09-03-02,OP-101,PUT_AWAY,NORMAL
PA-001933,2026-09-02 22:27:13,SKU-00698,3,B-06-03-01,OP-102,PUT_AWAY,NORMAL
PA-008202,2026-09-02 22:28:05,SKU-00406,2,F-08-03-01,OP-108,PUT_AWAY,NORMAL
PA-001609,2026-09-02 22:28:17,SKU-00369,9,A-01-03-01,OP-101,PUT_AWAY,NORMAL
PA-008721,2026-09-02 22:28:49,SKU-01581,9,B-06-05-01,OP-107,PUT_AWAY,NORMAL
PA-004677,2026-09-02 22:28:54,SKU-00006,3,F-06-03-02,OP-107,PUT_AWAY,NORMAL
PA-001496,2026-09-02 22:29:01,SKU-01995,10,C-10-05-01,OP-103,PUT_AWAY,NORMAL
PA-005965,2026-09-02 22:29:04,SKU-00337,6,F-08-02-02,OP-106,PUT_AWAY,NORMAL
PA-007167,2026-09-02 22:29:27,SKU-00074,9,F-09-05-01,OP-102,PUT_AWAY,NORMAL
PA-006909,2026-09-02 22:29:55,SKU-00010,1,F-03-03-02,OP-108,PUT_AWAY,NORMAL
PA-000252,2026-09-02 22:31:07,SKU-00002,8,B-06-02-02,OP-104,PUT_AWAY,NORMAL
PA-005788,2026-09-02 22:31:23,SKU-01903,8,A-07-01-02,OP-102,PUT_AWAY,NORMAL
PA-004805,2026-09-02 22:31:29,SKU-01322,1,C-05-05-01,OP-108,PUT_AWAY,NORMAL
PA-000399,2026-09-02 22:32:08,SKU-00008,9,E-06-03-02,OP-105,PUT_AWAY,NORMAL
PA-002243,2026-09-02 22:32:29,SKU-01180,10,D-08-04-01,OP-107,PUT_AWAY,NORMAL
PA-007582,2026-09-02 22:32:41,SKU-01117,1,E-04-04-02,OP-105,PUT_AWAY,NORMAL
PA-008246,2026-09-02 22:32:44,SKU-00004,4,F-07-05-01,OP-101,PUT_AWAY,NORMAL
PA-008627,2026-09-02 22:32:44,SKU-00948,10,E-03-02-02,OP-106,PUT_AWAY,NORMAL
PA-003190,2026-09-02 22:32:46,SKU-00501,2,E-02-02-02,OP-106,PUT_AWAY,NORMAL
PA-004192,2026-09-02 22:32:51,SKU-00374,10,A-01-03-01,OP-105,PUT_AWAY,NORMAL
PA-000731,2026-09-02 22:32:55,SKU-00856,3,F-09-03-02,OP-103,PUT_AWAY,NORMAL
PA-008990,2026-09-02 22:33:32,SKU-00587,5,A-04-04-01,OP-101,PUT_AWAY,NORMAL
PA-005900,2026-09-02 22:33:55,SKU-01457,4,C-03-04-02,OP-101,PUT_AWAY,NORMAL
PA-006176,2026-09-02 22:34:08,SKU-01857,7,A-10-02-01,OP-108,PUT_AWAY,NORMAL
PA-003393,2026-09-02 22:34:24,SKU-00985,1,B-06-04-01,OP-103,PUT_AWAY,NORMAL
PA-006406,2026-09-02 22:34:29,SKU-01719,8,A-04-01-02,OP-102,PUT_AWAY,NORMAL
PA-001086,2026-09-02 22:35:10,SKU-00354,5,E-05-02-01,OP-108,PUT_AWAY,NORMAL
PA-004195,2026-09-02 22:35:29,SKU-01774,1,C-01-03-01,OP-102,PUT_AWAY,NORMAL
PA-003993,2026-09-02 22:35:37,SKU-00811,1,F-07-03-02,OP-103,PUT_AWAY,NORMAL
PA-002287,2026-09-02 22:35:43,SKU-01850,4,C-06-02-01,OP-106,PUT_AWAY,NORMAL
PA-001829,2026-09-02 22:35:52,SKU-01277,10,F-06-04-02,OP-105,PUT_AWAY,NORMAL
PA-005659,2026-09-02 22:36:04,SKU-01852,8,A-07-04-01,OP-105,PUT_AWAY,NORMAL
PA-007473,2026-09-02 22:36:16,SKU-01120,10,D-03-04-02,OP-104,PUT_AWAY,NORMAL
PA-000239,2026-09-02 22:36:26,SKU-01838,1,D-02-01-01,OP-106,PUT_AWAY,NORMAL
PA-004433,2026-09-02 22:37:10,SKU-00181,10,D-06-03-01,OP-105,PUT_AWAY,NORMAL
PA-000074,2026-09-02 22:37:31,SKU-00394,7,F-01-05-01,OP-106,PUT_AWAY,NORMAL
PA-001724,2026-09-02 22:37:32,SKU-00563,8,E-01-02-01,OP-103,PUT_AWAY,NORMAL
PA-006310,2026-09-02 22:37:39,SKU-00225,4,A-02-02-02,OP-106,PUT_AWAY,NORMAL
PA-000383,2026-09-02 22:38:14,SKU-01302,9,A-06-04-02,OP-104,PUT_AWAY,NORMAL
PA-006691,2026-09-02 22:38:36,SKU-00016,8,F-09-02-02,OP-105,PUT_AWAY,NORMAL
PA-002737,2026-09-02 22:39:08,SKU-00652,9,A-01-04-01,OP-103,PUT_AWAY,NORMAL
PA-003504,2026-09-02 22:39:23,SKU-00812,7,F-02-04-02,OP-102,PUT_AWAY,NORMAL
PA-004108,2026-09-02 22:39:26,SKU-00453,6,D-09-02-01,OP-101,PUT_AWAY,NORMAL
PA-002037,2026-09-02 22:39:37,SKU-01831,7,B-04-01-01,OP-103,PUT_AWAY,NORMAL
PA-008403,2026-09-02 22:40:30,SKU-01845,9,A-08-02-01,OP-105,PUT_AWAY,NORMAL
PA-001882,2026-09-02 22:40:55,SKU-00960,6,D-02-03-01,OP-101,PUT_AWAY,NORMAL
PA-005786,2026-09-02 22:41:40,SKU-00408,6,C-08-01-02,OP-108,PUT_AWAY,NORMAL
PA-002758,2026-09-02 22:41:49,SKU-01059,5,F-10-04-01,OP-102,PUT_AWAY,NORMAL
PA-001002,2026-09-02 22:42:03,SKU-01506,8,E-01-04-02,OP-104,PUT_AWAY,NORMAL
PA-007762,2026-09-02 22:42:18,SKU-01409,7,B-03-03-02,OP-102,PUT_AWAY,NORMAL
PA-002897,2026-09-02 22:42:40,SKU-01670,10,E-06-05-01,OP-105,PUT_AWAY,NORMAL
PA-007748,2026-09-02 22:42:47,SKU-01364,4,E-02-03-01,OP-107,PUT_AWAY,NORMAL
PA-003091,2026-09-02 22:42:57,SKU-00001,6,B-04-04-02,OP-105,PUT_AWAY,NORMAL
PA-008001,2026-09-02 22:42:59,SKU-00258,6,E-04-03-01,OP-103,PUT_AWAY,NORMAL
PA-007826,2026-09-02 22:42:59,SKU-01544,5,B-03-05-02,OP-107,PUT_AWAY,NORMAL
PA-006559,2026-09-02 22:43:14,SKU-01803,2,F-04-02-01,OP-108,PUT_AWAY,NORMAL
PA-006863,2026-09-02 22:43:17,SKU-00279,3,A-03-05-02,OP-103,PUT_AWAY,NORMAL
PA-003885,2026-09-02 22:44:06,SKU-00138,10,F-01-03-01,OP-101,PUT_AWAY,NORMAL
PA-007307,2026-09-02 22:44:13,SKU-00635,5,A-04-02-02,OP-102,PUT_AWAY,NORMAL
PA-005575,2026-09-02 22:44:14,SKU-01843,9,D-09-04-01,OP-106,PUT_AWAY,NORMAL
PA-005056,2026-09-02 22:44:44,SKU-00427,1,F-03-05-01,OP-102,PUT_AWAY,NORMAL
PA-004494,2026-09-02 22:44:45,SKU-00387,4,B-03-02-01,OP-101,PUT_AWAY,NORMAL
PA-008020,2026-09-02 22:44:55,SKU-01527,9,C-05-04-01,OP-104,PUT_AWAY,NORMAL
PA-003582,2026-09-02 22:45:11,SKU-00218,2,F-05-05-02,OP-101,PUT_AWAY,NORMAL
PA-002164,2026-09-02 22:45:19,SKU-00835,9,F-10-05-01,OP-103,PUT_AWAY,NORMAL
PA-002643,2026-09-02 22:45:23,SKU-01579,6,C-04-05-02,OP-104,PUT_AWAY,NORMAL
PA-000588,2026-09-02 22:46:19,SKU-01689,9,A-02-04-02,OP-103,PUT_AWAY,NORMAL
PA-001879,2026-09-02 22:46:23,SKU-01276,7,A-02-02-02,OP-106,PUT_AWAY,NORMAL
PA-000618,2026-09-02 22:46:29,SKU-01641,8,D-02-04-02,OP-101,PUT_AWAY,NORMAL
PA-002421,2026-09-02 22:46:38,SKU-00823,10,A-10-01-01,OP-106,PUT_AWAY,NORMAL
PA-003476,2026-09-02 22:46:44,SKU-01236,3,C-08-02-02,OP-106,PUT_AWAY,NORMAL
PA-004840,2026-09-02 22:47:17,SKU-01836,2,E-01-03-01,OP-105,PUT_AWAY,NORMAL
PA-006474,2026-09-02 22:47:32,SKU-01112,9,B-07-03-01,OP-104,PUT_AWAY,NORMAL
PA-002747,2026-09-02 22:47:36,SKU-01244,10,F-09-05-02,OP-103,PUT_AWAY,NORMAL
PA-003291,2026-09-02 22:47:37,SKU-01365,9,C-07-01-01,OP-101,PUT_AWAY,NORMAL
PA-003875,2026-09-02 22:48:15,SKU-01820,4,E-04-01-02,OP-108,PUT_AWAY,NORMAL
PA-007165,2026-09-02 22:48:47,SKU-01621,1,B-10-04-02,OP-103,PUT_AWAY,NORMAL
PA-007995,2026-09-02 22:48:49,SKU-00720,10,C-02-04-02,OP-106,PUT_AWAY,NORMAL
PA-005111,2026-09-02 22:48:58,SKU-00200,10,A-09-02-02,OP-104,PUT_AWAY,NORMAL
PA-005393,2026-09-02 22:49:25,SKU-01814,6,E-02-02-01,OP-101,PUT_AWAY,NORMAL
PA-000558,2026-09-02 22:49:36,SKU-01919,10,C-06-03-02,OP-107,PUT_AWAY,NORMAL
PA-006588,2026-09-02 22:49:39,SKU-00605,7,A-10-04-02,OP-108,PUT_AWAY,NORMAL
PA-001374,2026-09-02 22:49:58,SKU-01852,6,A-07-04-01,OP-103,PUT_AWAY,NORMAL
PA-004144,2026-09-02 22:50:30,SKU-01827,1,D-05-01-02,OP-106,PUT_AWAY,NORMAL
PA-000014,2026-09-02 22:50:32,SKU-01658,3,B-07-05-02,OP-104,PUT_AWAY,NORMAL
PA-006048,2026-09-02 22:50:40,SKU-00514,1,A-02-04-02,OP-105,PUT_AWAY,NORMAL
PA-000005,2026-09-02 22:51:01,SKU-01476,5,E-08-03-01,OP-108,PUT_AWAY,NORMAL
PA-000053,2026-09-02 22:51:32,SKU-01291,9,D-02-04-02,OP-104,PUT_AWAY,NORMAL
PA-006392,2026-09-02 22:51:51,SKU-01396,6,A-03-01-02,OP-108,PUT_AWAY,NORMAL
PA-000676,2026-09-02 22:52:09,SKU-01629,8,F-03-02-01,OP-107,PUT_AWAY,NORMAL
PA-002102,2026-09-02 22:52:10,SKU-00614,1,A-05-03-02,OP-106,PUT_AWAY,NORMAL
PA-006241,2026-09-02 22:52:18,SKU-00015,8,F-08-03-02,OP-104,PUT_AWAY,NORMAL
PA-001695,2026-09-02 22:52:40,SKU-01687,3,D-02-01-02,OP-104,PUT_AWAY,NORMAL
PA-006518,2026-09-02 22:52:55,SKU-01083,7,B-03-04-02,OP-105,PUT_AWAY,NORMAL
PA-001907,2026-09-02 22:53:10,SKU-01802,1,B-07-01-01,OP-103,PUT_AWAY,NORMAL
PA-003486,2026-09-02 22:53:28,SKU-00348,4,E-07-02-01,OP-103,PUT_AWAY,NORMAL
PA-001253,2026-09-02 22:53:37,SKU-00912,5,E-07-03-02,OP-101,PUT_AWAY,NORMAL
PA-001728,2026-09-02 22:53:55,SKU-01372,4,E-03-04-01,OP-104,PUT_AWAY,NORMAL
PA-002441,2026-09-02 22:54:25,SKU-00827,6,F-01-05-01,OP-105,PUT_AWAY,NORMAL
PA-000397,2026-09-02 22:54:42,SKU-01811,2,D-05-01-02,OP-108,PUT_AWAY,NORMAL
PA-000906,2026-09-02 22:54:52,SKU-01242,3,B-05-02-01,OP-105,PUT_AWAY,NORMAL
PA-001958,2026-09-02 22:55:35,SKU-01246,5,E-03-03-01,OP-108,PUT_AWAY,NORMAL
PA-005270,2026-09-02 22:56:50,SKU-01053,2,B-03-01-01,OP-105,PUT_AWAY,NORMAL
PA-004311,2026-09-02 22:57:05,SKU-00590,6,F-08-02-02,OP-104,PUT_AWAY,NORMAL
PA-005509,2026-09-02 22:57:10,SKU-00622,10,F-04-02-02,OP-103,PUT_AWAY,NORMAL
PA-000023,2026-09-02 22:57:12,SKU-00602,8,F-04-05-01,OP-108,PUT_AWAY,NORMAL
PA-008608,2026-09-02 22:57:28,SKU-01439,6,F-10-01-02,OP-105,PUT_AWAY,NORMAL
PA-007552,2026-09-02 22:57:45,SKU-00658,5,F-04-02-02,OP-101,PUT_AWAY,NORMAL
PA-002548,2026-09-02 22:57:55,SKU-01539,9,F-03-03-02,OP-108,PUT_AWAY,NORMAL
PA-005910,2026-09-02 22:57:56,SKU-01641,10,D-02-04-02,OP-102,PUT_AWAY,NORMAL
PA-008089,2026-09-02 22:58:16,SKU-00517,9,F-08-01-02,OP-108,PUT_AWAY,NORMAL
PA-003627,2026-09-02 22:58:51,SKU-01779,8,F-05-02-01,OP-102,PUT_AWAY,NORMAL
PA-000515,2026-09-02 22:59:16,SKU-01083,9,B-03-04-02,OP-101,PUT_AWAY,NORMAL
PA-002118,2026-09-02 22:59:26,SKU-01575,5,E-05-04-02,OP-101,PUT_AWAY,NORMAL
PA-008529,2026-09-02 22:59:34,SKU-00394,9,F-01-05-01,OP-107,PUT_AWAY,NORMAL
PA-005603,2026-09-02 22:59:40,SKU-01201,3,E-05-04-02,OP-104,PUT_AWAY,NORMAL
PA-003708,2026-09-02 23:00:39,SKU-01974,5,C-06-02-01,OP-108,PUT_AWAY,NORMAL
PA-003721,2026-09-02 23:00:42,SKU-00594,7,D-02-02-02,OP-101,PUT_AWAY,NORMAL
PA-004391,2026-09-02 23:02:03,SKU-00444,8,E-01-03-01,OP-108,PUT_AWAY,NORMAL
PA-000306,2026-09-02 23:02:08,SKU-00101,6,B-02-03-02,OP-105,PUT_AWAY,NORMAL
PA-008722,2026-09-02 23:02:34,SKU-01365,9,C-07-01-01,OP-106,PUT_AWAY,NORMAL
PA-004239,2026-09-02 23:02:40,SKU-01624,3,F-06-01-02,OP-103,PUT_AWAY,NORMAL
PA-004032,2026-09-02 23:02:44,SKU-01154,10,D-08-04-01,OP-103,PUT_AWAY,NORMAL
PA-002653,2026-09-02 23:02:54,SKU-00184,5,D-06-02-01,OP-108,PUT_AWAY,NORMAL
PA-001722,2026-09-02 23:03:46,SKU-00306,9,D-03-04-01,OP-101,PUT_AWAY,NORMAL
PA-003480,2026-09-02 23:06:10,SKU-01357,1,E-09-01-01,OP-105,PUT_AWAY,NORMAL
PA-001969,2026-09-02 23:06:16,SKU-00427,10,F-03-05-01,OP-103,PUT_AWAY,NORMAL
PA-003409,2026-09-02 23:06:34,SKU-01924,2,A-04-02-01,OP-101,PUT_AWAY,NORMAL
PA-003043,2026-09-02 23:06:34,SKU-00769,10,A-02-04-01,OP-101,PUT_AWAY,NORMAL
PA-006059,2026-09-02 23:06:35,SKU-01473,8,A-02-02-01,OP-101,PUT_AWAY,NORMAL
PA-002472,2026-09-02 23:06:38,SKU-01569,3,D-04-02-01,OP-101,PUT_AWAY,NORMAL
PA-008860,2026-09-02 23:06:43,SKU-01123,10,E-07-02-01,OP-101,PUT_AWAY,NORMAL
PA-006537,2026-09-02 23:06:58,SKU-01570,7,B-09-02-02,OP-106,PUT_AWAY,NORMAL
PA-006958,2026-09-02 23:08:14,SKU-01434,10,C-06-03-01,OP-107,PUT_AWAY,NORMAL
PA-003986,2026-09-02 23:08:17,SKU-01951,3,D-02-02-01,OP-108,PUT_AWAY,NORMAL
PA-003333,2026-09-02 23:08:38,SKU-01253,4,F-05-05-01,OP-103,PUT_AWAY,NORMAL
PA-003734,2026-09-02 23:08:43,SKU-00342,3,F-02-05-02,OP-101,PUT_AWAY,NORMAL
PA-006230,2026-09-02 23:08:58,SKU-00942,8,B-05-05-01,OP-101,PUT_AWAY,NORMAL
PA-002097,2026-09-02 23:09:05,SKU-00433,7,B-05-01-02,OP-103,PUT_AWAY,NORMAL
PA-000414,2026-09-02 23:09:51,SKU-00741,2,F-08-03-02,OP-102,PUT_AWAY,NORMAL
PA-000021,2026-09-02 23:09:53,SKU-00123,10,A-03-04-02,OP-107,PUT_AWAY,NORMAL
PA-000887,2026-09-02 23:09:57,SKU-01181,8,E-09-05-01,OP-102,PUT_AWAY,NORMAL
PA-003124,2026-09-02 23:09:58,SKU-00169,4,B-05-03-02,OP-108,PUT_AWAY,NORMAL
PA-008599,2026-09-02 23:10:40,SKU-01963,7,B-03-03-02,OP-105,PUT_AWAY,NORMAL
PA-003957,2026-09-02 23:11:03,SKU-01730,10,E-10-02-01,OP-107,PUT_AWAY,NORMAL
PA-000410,2026-09-02 23:11:38,SKU-00702,7,C-01-02-02,OP-101,PUT_AWAY,NORMAL
PA-005867,2026-09-02 23:11:41,SKU-01470,4,B-03-04-02,OP-106,PUT_AWAY,NORMAL
PA-007862,2026-09-02 23:11:56,SKU-01701,8,D-05-05-01,OP-104,PUT_AWAY,NORMAL
PA-008331,2026-09-02 23:12:06,SKU-00249,1,E-04-02-01,OP-106,PUT_AWAY,NORMAL
PA-001125,2026-09-02 23:12:57,SKU-01730,4,E-10-02-01,OP-106,PUT_AWAY,NORMAL
PA-001101,2026-09-02 23:13:34,SKU-00700,3,D-05-05-01,OP-104,PUT_AWAY,NORMAL
PA-006089,2026-09-02 23:14:02,SKU-01767,10,F-01-03-01,OP-101,PUT_AWAY,NORMAL
PA-001734,2026-09-02 23:14:03,SKU-01983,10,E-09-03-01,OP-107,PUT_AWAY,NORMAL
PA-008964,2026-09-02 23:14:17,SKU-00463,6,B-07-03-01,OP-107,PUT_AWAY,NORMAL
PA-008404,2026-09-02 23:14:23,SKU-01639,5,B-01-03-01,OP-107,PUT_AWAY,NORMAL
PA-003767,2026-09-02 23:14:27,SKU-01264,4,A-03-05-02,OP-108,PUT_AWAY,NORMAL
PA-003369,2026-09-02 23:14:30,SKU-00411,1,C-07-02-01,OP-108,PUT_AWAY,NORMAL
PA-004830,2026-09-02 23:14:48,SKU-00360,1,D-07-04-02,OP-105,PUT_AWAY,NORMAL
PA-002863,2026-09-02 23:15:23,SKU-01583,1,F-04-04-02,OP-101,PUT_AWAY,NORMAL
PA-001290,2026-09-02 23:15:23,SKU-00390,6,F-03-04-01,OP-105,PUT_AWAY,NORMAL
PA-002340,2026-09-02 23:15:25,SKU-01241,4,D-06-02-01,OP-103,PUT_AWAY,NORMAL
PA-003945,2026-09-02 23:15:43,SKU-00326,9,C-09-05-01,OP-103,PUT_AWAY,NORMAL
PA-008829,2026-09-02 23:15:49,SKU-01878,4,A-02-05-02,OP-104,PUT_AWAY,NORMAL
PA-000795,2026-09-02 23:16:18,SKU-01762,6,D-08-02-01,OP-106,PUT_AWAY,NORMAL
PA-004028,2026-09-02 23:17:01,SKU-00174,8,B-03-02-01,OP-103,PUT_AWAY,NORMAL
PA-001494,2026-09-02 23:17:56,SKU-00221,2,F-09-04-02,OP-104,PUT_AWAY,NORMAL
PA-002224,2026-09-02 23:18:13,SKU-00065,5,E-06-05-01,OP-102,PUT_AWAY,NORMAL
PA-004979,2026-09-02 23:18:17,SKU-01575,8,E-05-04-02,OP-103,PUT_AWAY,NORMAL
PA-008922,2026-09-02 23:18:49,SKU-01701,6,D-05-05-01,OP-106,PUT_AWAY,NORMAL
PA-004964,2026-09-02 23:19:22,SKU-01194,7,A-09-04-02,OP-106,PUT_AWAY,NORMAL
PA-002614,2026-09-02 23:19:23,SKU-01040,2,F-09-02-02,OP-104,PUT_AWAY,NORMAL
PA-006539,2026-09-02 23:19:39,SKU-00389,2,E-05-05-01,OP-108,PUT_AWAY,NORMAL
PA-004551,2026-09-02 23:19:55,SKU-01587,10,B-01-04-02,OP-106,PUT_AWAY,NORMAL
PA-007793,2026-09-02 23:19:56,SKU-00643,10,B-10-03-01,OP-108,PUT_AWAY,NORMAL
PA-006262,2026-09-02 23:19:59,SKU-00063,5,C-06-01-01,OP-101,PUT_AWAY,NORMAL
PA-003435,2026-09-02 23:20:23,SKU-00855,3,E-04-05-02,OP-104,PUT_AWAY,NORMAL
PA-005877,2026-09-02 23:20:25,SKU-00895,9,C-01-05-02,OP-105,PUT_AWAY,NORMAL
PA-008989,2026-09-02 23:20:36,SKU-00154,7,F-07-03-01,OP-103,PUT_AWAY,NORMAL
PA-008456,2026-09-02 23:21:04,SKU-00284,10,A-03-02-02,OP-108,PUT_AWAY,NORMAL
PA-007761,2026-09-02 23:21:26,SKU-00958,4,C-05-03-01,OP-106,PUT_AWAY,NORMAL
PA-000153,2026-09-02 23:21:34,SKU-01093,3,C-08-04-01,OP-103,PUT_AWAY,NORMAL
PA-002337,2026-09-02 23:21:41,SKU-01873,2,A-08-03-02,OP-103,PUT_AWAY,NORMAL
PA-006416,2026-09-02 23:21:45,SKU-01762,8,D-08-02-01,OP-107,PUT_AWAY,NORMAL
PA-000980,2026-09-02 23:22:06,SKU-01392,3,C-08-01-02,OP-102,PUT_AWAY,NORMAL
PA-000108,2026-09-02 23:22:23,SKU-01748,2,E-10-04-02,OP-108,PUT_AWAY,NORMAL
PA-000303,2026-09-02 23:22:38,SKU-01751,5,B-09-02-01,OP-101,PUT_AWAY,NORMAL
PA-007439,2026-09-02 23:22:41,SKU-00328,10,E-04-03-01,OP-107,PUT_AWAY,NORMAL
PA-003266,2026-09-02 23:23:09,SKU-00752,4,E-06-02-01,OP-104,PUT_AWAY,NORMAL
PA-000760,2026-09-02 23:23:19,SKU-01419,4,C-02-04-01,OP-106,PUT_AWAY,NORMAL
PA-004267,2026-09-02 23:23:21,SKU-00972,10,E-06-01-01,OP-102,PUT_AWAY,NORMAL
PA-006766,2026-09-02 23:23:41,SKU-00258,1,E-04-03-01,OP-101,PUT_AWAY,NORMAL
PA-008242,2026-09-02 23:24:14,SKU-00891,7,B-02-05-01,OP-104,PUT_AWAY,NORMAL
PA-002044,2026-09-02 23:25:25,SKU-00572,10,C-09-03-01,OP-106,PUT_AWAY,NORMAL
PA-008963,2026-09-02 23:25:28,SKU-00621,7,D-10-01-01,OP-106,PUT_AWAY,NORMAL
PA-008041,2026-09-02 23:26:09,SKU-00098,10,F-03-05-01,OP-106,PUT_AWAY,NORMAL
PA-002888,2026-09-02 23:26:21,SKU-00540,5,D-01-02-02,OP-107,PUT_AWAY,NORMAL
PA-004035,2026-09-02 23:26:51,SKU-00251,10,D-06-04-02,OP-107,PUT_AWAY,NORMAL
PA-001270,2026-09-02 23:27:17,SKU-00793,4,B-06-05-02,OP-107,PUT_AWAY,NORMAL
PA-005578,2026-09-02 23:27:23,SKU-01072,7,B-05-03-02,OP-107,PUT_AWAY,NORMAL
PA-000345,2026-09-02 23:27:26,SKU-01718,1,F-08-01-02,OP-107,PUT_AWAY,NORMAL
PA-002515,2026-09-02 23:27:43,SKU-00274,10,D-05-05-02,OP-101,PUT_AWAY,NORMAL
PA-008913,2026-09-02 23:27:43,SKU-00691,1,D-09-05-02,OP-107,PUT_AWAY,NORMAL
PA-000325,2026-09-02 23:27:46,SKU-00777,1,E-10-05-01,OP-104,PUT_AWAY,NORMAL
PA-001718,2026-09-02 23:28:06,SKU-01778,10,E-05-02-02,OP-104,PUT_AWAY,NORMAL
PA-002436,2026-09-02 23:28:14,SKU-00444,3,E-01-03-01,OP-104,PUT_AWAY,NORMAL
PA-008837,2026-09-02 23:28:14,SKU-01269,7,A-07-05-02,OP-102,PUT_AWAY,NORMAL
PA-005822,2026-09-02 23:28:20,SKU-00045,5,D-03-02-02,OP-105,PUT_AWAY,NORMAL
PA-003825,2026-09-02 23:29:11,SKU-00995,10,D-02-01-01,OP-103,PUT_AWAY,NORMAL
PA-005552,2026-09-02 23:29:42,SKU-01939,6,C-02-02-02,OP-104,PUT_AWAY,NORMAL
PA-005182,2026-09-02 23:29:49,SKU-00598,4,C-04-05-02,OP-108,PUT_AWAY,NORMAL
PA-008630,2026-09-02 23:29:58,SKU-00779,7,E-04-01-01,OP-105,PUT_AWAY,NORMAL
PA-007735,2026-09-02 23:30:01,SKU-00235,3,C-05-03-01,OP-101,PUT_AWAY,NORMAL
PA-004944,2026-09-02 23:30:54,SKU-00867,2,B-04-05-02,OP-106,PUT_AWAY,NORMAL
PA-004066,2026-09-02 23:31:21,SKU-01651,8,F-02-05-01,OP-107,PUT_AWAY,NORMAL
PA-002621,2026-09-02 23:31:48,SKU-00124,9,E-03-02-01,OP-107,PUT_AWAY,NORMAL
PA-005919,2026-09-02 23:31:57,SKU-00647,8,D-05-03-02,OP-105,PUT_AWAY,NORMAL
PA-002009,2026-09-02 23:32:37,SKU-00872,2,C-04-01-01,OP-101,PUT_AWAY,NORMAL
PA-000698,2026-09-02 23:32:43,SKU-01215,5,F-03-01-02,OP-104,PUT_AWAY,NORMAL
PA-004400,2026-09-02 23:32:46,SKU-00811,7,F-07-03-02,OP-103,PUT_AWAY,NORMAL
PA-001406,2026-09-02 23:34:28,SKU-00003,6,A-05-05-01,OP-101,PUT_AWAY,NORMAL
PA-000366,2026-09-02 23:34:46,SKU-01770,3,B-03-04-02,OP-106,PUT_AWAY,NORMAL
PA-001984,2026-09-02 23:34:55,SKU-01970,6,D-01-05-02,OP-105,PUT_AWAY,NORMAL
PA-003180,2026-09-02 23:35:04,SKU-01892,8,A-09-03-01,OP-104,PUT_AWAY,NORMAL
PA-002153,2026-09-02 23:35:07,SKU-01187,8,E-01-05-02,OP-106,PUT_AWAY,NORMAL
PA-007345,2026-09-02 23:35:08,SKU-01640,6,A-03-03-02,OP-108,PUT_AWAY,NORMAL
PA-006207,2026-09-02 23:35:24,SKU-00632,8,D-06-02-02,OP-105,PUT_AWAY,NORMAL
PA-002517,2026-09-02 23:35:34,SKU-01216,7,A-03-01-01,OP-101,PUT_AWAY,NORMAL
PA-002250,2026-09-02 23:35:39,SKU-01574,8,D-06-03-02,OP-105,PUT_AWAY,NORMAL
PA-004698,2026-09-02 23:35:41,SKU-00004,1,F-07-05-01,OP-102,PUT_AWAY,NORMAL
PA-001960,2026-09-02 23:35:41,SKU-00792,1,B-05-05-01,OP-106,PUT_AWAY,NORMAL
PA-006641,2026-09-02 23:35:49,SKU-00939,4,B-07-04-01,OP-106,PUT_AWAY,NORMAL
PA-003413,2026-09-02 23:35:57,SKU-00476,9,B-10-05-02,OP-104,PUT_AWAY,NORMAL
PA-007410,2026-09-02 23:36:20,SKU-00303,7,A-04-02-01,OP-101,PUT_AWAY,NORMAL
PA-007595,2026-09-02 23:36:54,SKU-01071,1,A-03-05-02,OP-108,PUT_AWAY,NORMAL
PA-001744,2026-09-02 23:36:57,SKU-01121,6,D-10-03-01,OP-102,PUT_AWAY,NORMAL
PA-006609,2026-09-02 23:37:12,SKU-00029,4,D-02-02-01,OP-103,PUT_AWAY,NORMAL
PA-002783,2026-09-02 23:37:14,SKU-01028,4,B-01-04-02,OP-107,PUT_AWAY,NORMAL
PA-002394,2026-09-02 23:37:31,SKU-01902,6,D-08-02-02,OP-103,PUT_AWAY,NORMAL
PA-008082,2026-09-02 23:37:34,SKU-00912,9,E-07-03-02,OP-106,PUT_AWAY,NORMAL
PA-005199,2026-09-02 23:37:36,SKU-01837,2,F-01-05-01,OP-103,PUT_AWAY,NORMAL
PA-004076,2026-09-02 23:38:32,SKU-00123,6,A-03-04-02,OP-108,PUT_AWAY,NORMAL
PA-005966,2026-09-02 23:38:41,SKU-01375,6,C-08-03-01,OP-101,PUT_AWAY,NORMAL
PA-000825,2026-09-02 23:38:42,SKU-00591,4,F-03-04-02,OP-102,PUT_AWAY,NORMAL
PA-001309,2026-09-02 23:39:05,SKU-00170,2,F-04-05-01,OP-101,PUT_AWAY,NORMAL
PA-005159,2026-09-02 23:39:26,SKU-00854,5,F-09-04-01,OP-108,PUT_AWAY,NORMAL
PA-004218,2026-09-02 23:39:27,SKU-01382,1,B-07-02-01,OP-106,PUT_AWAY,NORMAL
PA-001805,2026-09-02 23:41:22,SKU-00230,9,E-10-05-01,OP-106,PUT_AWAY,NORMAL
PA-005914,2026-09-02 23:41:40,SKU-01214,5,A-10-01-02,OP-105,PUT_AWAY,NORMAL
PA-001203,2026-09-02 23:41:46,SKU-01561,3,E-10-01-02,OP-105,PUT_AWAY,NORMAL
PA-008281,2026-09-02 23:41:51,SKU-01952,5,A-05-03-01,OP-104,PUT_AWAY,NORMAL
PA-004689,2026-09-02 23:41:58,SKU-01493,5,E-01-05-02,OP-102,PUT_AWAY,NORMAL
PA-002006,2026-09-02 23:42:00,SKU-00410,10,F-05-02-01,OP-106,PUT_AWAY,NORMAL
PA-004563,2026-09-02 23:42:00,SKU-00375,1,D-05-02-01,OP-105,PUT_AWAY,NORMAL
PA-004227,2026-09-02 23:42:01,SKU-01818,2,A-10-03-02,OP-107,PUT_AWAY,NORMAL
PA-002535,2026-09-02 23:42:05,SKU-00371,3,E-08-03-01,OP-104,PUT_AWAY,NORMAL
PA-002664,2026-09-02 23:42:06,SKU-01763,6,E-10-04-01,OP-105,PUT_AWAY,NORMAL
PA-001739,2026-09-02 23:43:05,SKU-01217,7,A-10-01-01,OP-106,PUT_AWAY,NORMAL
PA-005779,2026-09-02 23:43:11,SKU-01082,2,F-08-03-02,OP-101,PUT_AWAY,NORMAL
PA-004379,2026-09-02 23:43:38,SKU-01232,6,F-05-05-01,OP-108,PUT_AWAY,NORMAL
PA-006687,2026-09-02 23:44:01,SKU-00378,3,D-08-03-01,OP-101,PUT_AWAY,NORMAL
PA-008813,2026-09-02 23:44:27,SKU-00478,10,A-08-04-02,OP-108,PUT_AWAY,NORMAL
PA-007197,2026-09-02 23:44:55,SKU-01191,10,D-03-05-01,OP-107,PUT_AWAY,NORMAL
PA-003451,2026-09-02 23:44:55,SKU-00999,5,E-04-03-01,OP-103,PUT_AWAY,NORMAL
PA-000566,2026-09-02 23:44:58,SKU-01781,9,C-01-01-01,OP-101,PUT_AWAY,NORMAL
PA-002941,2026-09-02 23:45:14,SKU-00543,2,B-03-03-02,OP-103,PUT_AWAY,NORMAL
PA-006945,2026-09-02 23:45:20,SKU-00080,10,C-01-02-02,OP-108,PUT_AWAY,NORMAL
PA-003253,2026-09-02 23:45:40,SKU-00181,8,D-06-03-01,OP-105,PUT_AWAY,NORMAL
PA-000812,2026-09-02 23:46:19,SKU-00946,1,F-07-01-01,OP-105,PUT_AWAY,NORMAL
PA-002871,2026-09-02 23:46:22,SKU-00495,10,D-10-03-01,OP-104,PUT_AWAY,NORMAL
PA-002710,2026-09-02 23:46:22,SKU-01218,2,A-05-05-01,OP-104,PUT_AWAY,NORMAL
PA-004294,2026-09-02 23:46:25,SKU-01642,8,B-01-01-01,OP-105,PUT_AWAY,NORMAL
PA-001018,2026-09-02 23:46:30,SKU-00998,3,B-10-03-01,OP-104,PUT_AWAY,NORMAL
PA-006467,2026-09-02 23:46:45,SKU-01642,7,B-01-01-01,OP-101,PUT_AWAY,NORMAL
PA-007313,2026-09-02 23:46:52,SKU-00729,9,E-05-05-01,OP-102,PUT_AWAY,NORMAL
PA-001217,2026-09-02 23:47:15,SKU-00422,5,E-05-05-01,OP-108,PUT_AWAY,NORMAL
PA-000416,2026-09-02 23:47:31,SKU-00386,8,E-06-04-02,OP-104,PUT_AWAY,NORMAL
PA-004335,2026-09-02 23:47:32,SKU-01069,3,B-01-04-02,OP-107,PUT_AWAY,NORMAL
PA-008718,2026-09-02 23:47:49,SKU-01332,5,F-03-01-01,OP-102,PUT_AWAY,NORMAL
PA-005699,2026-09-02 23:48:56,SKU-01660,3,F-02-01-02,OP-108,PUT_AWAY,NORMAL
PA-006050,2026-09-02 23:49:10,SKU-00972,4,E-06-01-01,OP-101,PUT_AWAY,NORMAL
PA-006686,2026-09-02 23:49:13,SKU-01506,2,E-01-04-02,OP-107,PUT_AWAY,NORMAL
PA-004299,2026-09-02 23:49:13,SKU-01085,9,C-03-02-02,OP-105,PUT_AWAY,NORMAL
PA-003341,2026-09-02 23:49:18,SKU-01144,7,F-02-05-02,OP-104,PUT_AWAY,NORMAL
PA-000428,2026-09-02 23:49:45,SKU-00155,6,F-01-03-02,OP-103,PUT_AWAY,NORMAL
PA-006977,2026-09-02 23:49:47,SKU-00062,9,F-01-04-01,OP-108,PUT_AWAY,NORMAL
PA-004484,2026-09-02 23:50:03,SKU-01046,5,A-03-05-02,OP-101,PUT_AWAY,NORMAL
PA-002415,2026-09-02 23:50:07,SKU-01989,1,F-09-04-01,OP-101,PUT_AWAY,NORMAL
PA-005848,2026-09-02 23:50:10,SKU-00589,6,B-05-03-01,OP-108,PUT_AWAY,NORMAL
PA-001464,2026-09-02 23:50:21,SKU-01616,1,C-03-04-02,OP-104,PUT_AWAY,NORMAL
PA-005976,2026-09-02 23:50:34,SKU-00960,1,D-02-03-01,OP-108,PUT_AWAY,NORMAL
PA-006293,2026-09-02 23:50:40,SKU-01738,1,D-01-03-01,OP-101,PUT_AWAY,NORMAL
PA-000188,2026-09-02 23:50:49,SKU-01575,9,E-05-04-02,OP-107,PUT_AWAY,NORMAL
PA-003077,2026-09-02 23:51:06,SKU-01273,2,E-10-04-01,OP-103,PUT_AWAY,NORMAL
PA-004327,2026-09-02 23:52:00,SKU-01376,10,D-07-03-01,OP-105,PUT_AWAY,NORMAL
PA-003398,2026-09-02 23:52:05,SKU-01217,2,A-10-01-01,OP-106,PUT_AWAY,NORMAL
PA-008704,2026-09-02 23:52:23,SKU-00807,2,F-05-04-01,OP-105,PUT_AWAY,NORMAL
PA-007239,2026-09-02 23:52:35,SKU-00186,8,E-10-03-01,OP-108,PUT_AWAY,NORMAL
PA-003300,2026-09-02 23:52:47,SKU-01487,1,B-01-04-01,OP-107,PUT_AWAY,NORMAL
PA-004525,2026-09-02 23:52:48,SKU-01825,10,F-07-03-01,OP-107,PUT_AWAY,NORMAL
PA-007946,2026-09-02 23:53:01,SKU-01410,7,A-09-04-01,OP-106,PUT_AWAY,NORMAL
PA-003028,2026-09-02 23:53:49,SKU-00089,9,A-02-04-02,OP-102,PUT_AWAY,NORMAL
PA-004916,2026-09-02 23:54:23,SKU-00738,3,D-07-01-01,OP-102,PUT_AWAY,NORMAL
PA-007855,2026-09-02 23:54:41,SKU-00724,5,B-07-01-01,OP-102,PUT_AWAY,NORMAL
PA-004088,2026-09-02 23:54:49,SKU-00612,3,F-01-02-02,OP-101,PUT_AWAY,NORMAL
PA-005871,2026-09-02 23:54:51,SKU-00603,8,F-09-03-02,OP-103,PUT_AWAY,NORMAL
PA-002717,2026-09-02 23:54:53,SKU-00001,8,B-04-04-02,OP-104,PUT_AWAY,NORMAL
PA-003251,2026-09-02 23:55:09,SKU-01869,4,C-09-04-02,OP-102,PUT_AWAY,NORMAL
PA-001528,2026-09-02 23:55:09,SKU-01229,5,F-03-05-02,OP-101,PUT_AWAY,NORMAL
PA-007171,2026-09-02 23:55:20,SKU-00907,10,A-10-04-02,OP-101,PUT_AWAY,NORMAL
PA-007142,2026-09-02 23:56:02,SKU-01710,5,B-02-01-01,OP-102,PUT_AWAY,NORMAL
PA-007222,2026-09-02 23:57:03,SKU-00147,7,E-02-01-02,OP-101,PUT_AWAY,NORMAL
PA-006123,2026-09-02 23:57:09,SKU-00734,8,D-02-01-02,OP-107,PUT_AWAY,NORMAL
PA-007757,2026-09-02 23:57:27,SKU-01127,8,F-02-02-02,OP-103,PUT_AWAY,NORMAL
PA-004162,2026-09-02 23:57:32,SKU-00792,7,B-05-05-01,OP-101,PUT_AWAY,NORMAL
PA-002773,2026-09-02 23:57:35,SKU-00040,7,B-05-05-02,OP-104,PUT_AWAY,NORMAL
PA-007283,2026-09-02 23:58:20,SKU-00145,6,E-04-05-01,OP-102,PUT_AWAY,NORMAL
PA-005452,2026-09-02 23:58:59,SKU-00556,8,B-10-05-01,OP-105,PUT_AWAY,NORMAL
PA-006838,2026-09-02 23:59:01,SKU-01067,10,E-05-03-02,OP-101,PUT_AWAY,NORMAL
PA-006129,2026-09-02 23:59:16,SKU-01409,4,B-03-03-02,OP-105,PUT_AWAY,NORMAL
PA-005437,2026-09-02 23:59:26,SKU-00921,3,E-10-03-01,OP-103,PUT_AWAY,NORMAL
PA-001448,2026-09-02 23:59:36,SKU-01318,4,D-04-01-02,OP-108,PUT_AWAY,NORMAL
PA-008801,2026-09-02 23:59:46,SKU-00035,2,F-06-02-01,OP-102,PUT_AWAY,NORMAL
PA-002792,2026-09-02 23:59:58,SKU-01470,9,B-03-04-02,OP-108,PUT_AWAY,NORMAL
PA-001600,2026-09-03 00:00:11,SKU-01945,7,A-05-05-01,OP-101,PUT_AWAY,NORMAL
PA-007322,2026-09-03 00:00:19,SKU-00928,2,E-06-01-01,OP-102,PUT_AWAY,NORMAL
PA-006968,2026-09-03 00:00:24,SKU-00636,7,F-08-03-02,OP-102,PUT_AWAY,NORMAL
PA-006873,2026-09-03 00:00:36,SKU-01711,9,B-06-01-02,OP-101,PUT_AWAY,NORMAL
PA-003243,2026-09-03 00:01:21,SKU-01385,1,D-02-03-02,OP-106,PUT_AWAY,NORMAL
PA-008908,2026-09-03 00:01:23,SKU-01207,3,F-03-04-01,OP-105,PUT_AWAY,NORMAL
PA-006901,2026-09-03 00:01:56,SKU-00443,6,A-02-03-01,OP-102,PUT_AWAY,NORMAL
PA-002696,2026-09-03 00:02:16,SKU-01895,7,A-03-02-01,OP-107,PUT_AWAY,NORMAL
PA-006756,2026-09-03 00:02:19,SKU-01492,10,B-06-02-01,OP-103,PUT_AWAY,NORMAL
PA-005731,2026-09-03 00:02:25,SKU-01060,9,B-06-03-01,OP-105,PUT_AWAY,NORMAL
PA-000150,2026-09-03 00:03:05,SKU-00403,7,B-10-04-01,OP-101,PUT_AWAY,NORMAL
PA-001978,2026-09-03 00:03:35,SKU-00047,9,F-02-04-01,OP-104,PUT_AWAY,NORMAL
PA-005574,2026-09-03 00:03:39,SKU-00651,6,D-02-01-02,OP-103,PUT_AWAY,NORMAL
PA-004663,2026-09-03 00:04:13,SKU-00153,1,D-08-03-02,OP-107,PUT_AWAY,NORMAL
PA-004960,2026-09-03 00:04:15,SKU-00624,5,C-08-02-02,OP-106,PUT_AWAY,NORMAL
PA-007216,2026-09-03 00:04:18,SKU-00829,8,B-06-03-01,OP-103,PUT_AWAY,NORMAL
PA-002274,2026-09-03 00:04:37,SKU-01260,10,A-06-01-02,OP-106,PUT_AWAY,NORMAL
PA-003605,2026-09-03 00:04:49,SKU-00406,3,F-08-03-01,OP-105,PUT_AWAY,NORMAL
PA-002413,2026-09-03 00:05:13,SKU-00422,3,E-05-05-01,OP-103,PUT_AWAY,NORMAL
PA-006656,2026-09-03 00:05:28,SKU-01603,3,C-09-05-02,OP-105,PUT_AWAY,NORMAL
PA-002342,2026-09-03 00:05:38,SKU-01092,9,C-06-03-02,OP-104,PUT_AWAY,NORMAL
PA-004684,2026-09-03 00:05:59,SKU-00963,3,B-03-05-01,OP-107,PUT_AWAY,NORMAL
PA-007741,2026-09-03 00:06:32,SKU-01360,9,A-09-02-02,OP-102,PUT_AWAY,NORMAL
PA-004712,2026-09-03 00:06:48,SKU-01002,10,E-05-02-01,OP-102,PUT_AWAY,NORMAL
PA-004368,2026-09-03 00:07:00,SKU-00072,1,F-05-02-01,OP-107,PUT_AWAY,NORMAL
PA-007168,2026-09-03 00:07:02,SKU-01538,7,D-08-03-01,OP-107,PUT_AWAY,NORMAL
PA-005052,2026-09-03 00:07:30,SKU-01064,10,A-01-05-01,OP-103,PUT_AWAY,NORMAL
PA-008396,2026-09-03 00:08:52,SKU-00142,4,F-09-03-02,OP-102,PUT_AWAY,NORMAL
PA-007074,2026-09-03 00:09:01,SKU-01565,8,F-05-01-02,OP-108,PUT_AWAY,NORMAL
PA-002503,2026-09-03 00:09:35,SKU-01441,2,D-06-04-02,OP-101,PUT_AWAY,NORMAL
PA-005041,2026-09-03 00:10:18,SKU-00844,9,E-03-03-02,OP-104,PUT_AWAY,NORMAL
PA-008282,2026-09-03 00:10:36,SKU-00729,5,E-05-05-01,OP-105,PUT_AWAY,NORMAL
PA-001331,2026-09-03 00:10:52,SKU-01728,4,C-10-05-01,OP-108,PUT_AWAY,NORMAL
PA-001715,2026-09-03 00:10:54,SKU-01026,7,A-03-01-02,OP-104,PUT_AWAY,NORMAL
PA-007751,2026-09-03 00:11:22,SKU-01303,6,C-03-04-01,OP-106,PUT_AWAY,NORMAL
PA-002885,2026-09-03 00:11:38,SKU-01243,7,A-02-01-01,OP-107,PUT_AWAY,NORMAL
PA-005100,2026-09-03 00:11:40,SKU-00697,2,B-05-04-02,OP-105,PUT_AWAY,NORMAL
PA-001364,2026-09-03 00:12:09,SKU-01158,5,B-09-03-02,OP-107,PUT_AWAY,NORMAL
PA-006065,2026-09-03 00:12:12,SKU-00859,7,F-04-02-01,OP-108,PUT_AWAY,NORMAL
PA-003434,2026-09-03 00:12:30,SKU-00411,2,C-07-02-01,OP-107,PUT_AWAY,NORMAL
PA-006120,2026-09-03 00:12:50,SKU-01306,5,F-05-01-02,OP-108,PUT_AWAY,NORMAL
PA-003757,2026-09-03 00:13:07,SKU-00638,1,C-03-03-02,OP-108,PUT_AWAY,NORMAL
PA-007294,2026-09-03 00:13:52,SKU-01429,5,D-07-02-01,OP-106,PUT_AWAY,NORMAL
PA-007207,2026-09-03 00:14:02,SKU-00577,8,E-05-02-02,OP-102,PUT_AWAY,NORMAL
PA-000563,2026-09-03 00:14:35,SKU-01509,10,A-10-02-02,OP-107,PUT_AWAY,NORMAL
PA-001372,2026-09-03 00:14:49,SKU-01732,4,A-04-01-02,OP-105,PUT_AWAY,NORMAL
PA-004568,2026-09-03 00:15:11,SKU-00791,4,F-05-01-02,OP-103,PUT_AWAY,NORMAL
PA-007467,2026-09-03 00:15:11,SKU-01926,2,C-04-02-01,OP-101,PUT_AWAY,NORMAL
PA-006424,2026-09-03 00:15:12,SKU-00162,2,D-09-04-01,OP-105,PUT_AWAY,NORMAL
PA-006697,2026-09-03 00:15:18,SKU-00108,8,C-06-01-01,OP-101,PUT_AWAY,NORMAL
PA-008756,2026-09-03 00:15:31,SKU-00590,9,F-08-02-02,OP-101,PUT_AWAY,NORMAL
PA-008100,2026-09-03 00:15:42,SKU-00875,7,B-05-02-01,OP-106,PUT_AWAY,NORMAL
PA-008340,2026-09-03 00:16:11,SKU-00763,2,C-03-02-01,OP-105,PUT_AWAY,NORMAL
PA-004229,2026-09-03 00:17:16,SKU-00436,4,F-08-02-01,OP-107,PUT_AWAY,NORMAL
PA-007570,2026-09-03 00:17:35,SKU-00271,3,F-08-03-02,OP-101,PUT_AWAY,NORMAL
PA-003972,2026-09-03 00:18:04,SKU-01880,3,E-09-01-01,OP-102,PUT_AWAY,NORMAL
PA-007272,2026-09-03 00:18:07,SKU-01505,6,B-06-02-01,OP-108,PUT_AWAY,NORMAL
PA-006998,2026-09-03 00:19:29,SKU-00358,4,F-06-03-02,OP-107,PUT_AWAY,NORMAL
PA-007114,2026-09-03 00:20:01,SKU-01499,5,B-01-03-02,OP-106,PUT_AWAY,NORMAL
PA-000954,2026-09-03 00:20:58,SKU-01506,6,E-01-04-02,OP-103,PUT_AWAY,NORMAL
PA-005453,2026-09-03 00:21:12,SKU-01081,10,A-10-04-01,OP-108,PUT_AWAY,NORMAL
PA-007430,2026-09-03 00:21:17,SKU-00429,7,E-06-04-02,OP-106,PUT_AWAY,NORMAL
PA-002222,2026-09-03 00:21:47,SKU-01602,7,D-09-01-02,OP-108,PUT_AWAY,NORMAL
PA-003564,2026-09-03 00:22:04,SKU-00823,5,A-10-01-01,OP-108,PUT_AWAY,NORMAL
PA-003787,2026-09-03 00:22:18,SKU-01931,2,D-06-05-02,OP-105,PUT_AWAY,NORMAL
PA-005951,2026-09-03 00:23:06,SKU-00882,6,B-03-04-01,OP-108,PUT_AWAY,NORMAL
PA-002534,2026-09-03 00:23:17,SKU-00374,1,A-01-03-01,OP-103,PUT_AWAY,NORMAL
PA-001429,2026-09-03 00:23:47,SKU-00766,2,D-05-02-01,OP-104,PUT_AWAY,NORMAL
PA-005922,2026-09-03 00:24:19,SKU-01305,1,F-07-05-01,OP-108,PUT_AWAY,NORMAL
PA-007610,2026-09-03 00:24:45,SKU-00918,1,D-09-04-02,OP-103,PUT_AWAY,NORMAL
PA-001761,2026-09-03 00:24:49,SKU-00094,8,F-10-04-02,OP-107,PUT_AWAY,NORMAL
PA-002889,2026-09-03 00:25:16,SKU-00932,1,B-06-05-01,OP-103,PUT_AWAY,NORMAL
PA-007092,2026-09-03 00:25:47,SKU-01674,10,D-09-05-02,OP-105,PUT_AWAY,NORMAL
PA-007140,2026-09-03 00:26:04,SKU-01147,4,D-07-03-02,OP-107,PUT_AWAY,NORMAL
PA-008144,2026-09-03 00:26:07,SKU-00392,6,A-10-04-02,OP-102,PUT_AWAY,NORMAL
PA-008610,2026-09-03 00:26:20,SKU-00573,2,A-03-01-02,OP-103,PUT_AWAY,NORMAL
PA-006242,2026-09-03 00:26:23,SKU-00937,7,F-09-03-01,OP-103,PUT_AWAY,NORMAL
PA-003220,2026-09-03 00:26:27,SKU-00057,6,B-10-03-02,OP-108,PUT_AWAY,NORMAL
PA-003007,2026-09-03 00:26:30,SKU-00870,2,C-02-05-01,OP-106,PUT_AWAY,NORMAL
PA-002135,2026-09-03 00:26:34,SKU-01618,10,A-06-05-01,OP-102,PUT_AWAY,NORMAL
PA-001709,2026-09-03 00:26:43,SKU-01684,3,E-06-02-01,OP-107,PUT_AWAY,NORMAL
PA-007146,2026-09-03 00:27:08,SKU-00569,10,F-04-02-01,OP-101,PUT_AWAY,NORMAL
PA-008003,2026-09-03 00:27:28,SKU-01072,4,B-05-03-02,OP-104,PUT_AWAY,NORMAL
PA-004502,2026-09-03 00:27:30,SKU-01580,7,E-09-05-01,OP-107,PUT_AWAY,NORMAL
PA-006614,2026-09-03 00:27:55,SKU-00373,5,A-02-03-02,OP-106,PUT_AWAY,NORMAL
PA-004431,2026-09-03 00:27:58,SKU-00619,2,E-01-05-01,OP-106,PUT_AWAY,NORMAL
PA-006574,2026-09-03 00:28:00,SKU-01570,3,B-09-02-02,OP-106,PUT_AWAY,NORMAL
PA-003385,2026-09-03 00:28:39,SKU-01387,5,E-02-05-01,OP-105,PUT_AWAY,NORMAL
PA-000782,2026-09-03 00:29:07,SKU-01537,8,D-08-04-01,OP-108,PUT_AWAY,NORMAL
PA-008500,2026-09-03 00:29:28,SKU-00211,3,D-04-01-01,OP-108,PUT_AWAY,NORMAL
PA-001914,2026-09-03 00:29:38,SKU-00848,9,B-02-01-01,OP-107,PUT_AWAY,NORMAL
PA-006450,2026-09-03 00:30:14,SKU-00326,9,C-09-05-01,OP-107,PUT_AWAY,NORMAL
PA-004760,2026-09-03 00:30:26,SKU-00493,9,F-06-01-01,OP-105,PUT_AWAY,NORMAL
PA-003226,2026-09-03 00:30:41,SKU-01177,8,D-08-01-01,OP-102,PUT_AWAY,NORMAL
PA-006983,2026-09-03 00:30:59,SKU-00328,4,E-04-03-01,OP-108,PUT_AWAY,NORMAL
PA-007066,2026-09-03 00:31:35,SKU-00225,8,A-02-02-02,OP-104,PUT_AWAY,NORMAL
PA-007788,2026-09-03 00:31:40,SKU-00646,7,B-07-05-01,OP-102,PUT_AWAY,NORMAL
PA-008889,2026-09-03 00:32:39,SKU-01263,10,C-02-02-01,OP-108,PUT_AWAY,NORMAL
PA-004971,2026-09-03 00:32:52,SKU-01902,4,D-08-02-02,OP-105,PUT_AWAY,NORMAL
PA-003395,2026-09-03 00:33:02,SKU-01817,9,F-01-03-01,OP-106,PUT_AWAY,NORMAL
PA-000051,2026-09-03 00:33:34,SKU-01876,5,F-03-02-02,OP-106,PUT_AWAY,NORMAL
PA-008624,2026-09-03 00:33:40,SKU-01586,5,E-05-01-02,OP-104,PUT_AWAY,NORMAL
PA-005408,2026-09-03 00:34:23,SKU-01824,6,A-07-03-02,OP-107,PUT_AWAY,NORMAL
PA-003739,2026-09-03 00:34:56,SKU-00917,4,C-03-04-01,OP-103,PUT_AWAY,NORMAL
PA-003273,2026-09-03 00:34:57,SKU-00722,8,E-10-02-01,OP-103,PUT_AWAY,NORMAL
PA-007765,2026-09-03 00:35:08,SKU-00819,6,D-01-03-01,OP-104,PUT_AWAY,NORMAL
PA-002936,2026-09-03 00:35:36,SKU-01215,6,F-03-01-02,OP-107,PUT_AWAY,NORMAL
PA-004859,2026-09-03 00:35:43,SKU-00227,1,E-01-05-01,OP-107,PUT_AWAY,NORMAL
PA-007295,2026-09-03 00:36:14,SKU-01366,3,A-02-03-02,OP-104,PUT_AWAY,NORMAL
PA-003590,2026-09-03 00:36:15,SKU-00506,1,F-03-03-01,OP-107,PUT_AWAY,NORMAL
PA-004700,2026-09-03 00:36:20,SKU-01638,1,D-05-03-02,OP-102,PUT_AWAY,NORMAL
PA-002107,2026-09-03 00:36:32,SKU-00058,2,E-02-05-02,OP-104,PUT_AWAY,NORMAL
PA-007950,2026-09-03 00:36:47,SKU-00593,2,A-02-01-02,OP-106,PUT_AWAY,NORMAL
PA-000126,2026-09-03 00:36:52,SKU-01559,7,F-09-03-01,OP-103,PUT_AWAY,NORMAL
PA-004005,2026-09-03 00:38:22,SKU-00448,2,C-08-05-01,OP-103,PUT_AWAY,NORMAL
PA-002117,2026-09-03 00:38:22,SKU-01694,4,E-02-01-02,OP-102,PUT_AWAY,NORMAL
PA-001062,2026-09-03 00:38:47,SKU-01572,2,C-10-03-01,OP-108,PUT_AWAY,NORMAL
PA-004928,2026-09-03 00:39:17,SKU-00968,3,B-10-05-01,OP-102,PUT_AWAY,NORMAL
PA-003769,2026-09-03 00:40:05,SKU-00485,3,D-10-03-02,OP-103,PUT_AWAY,NORMAL
PA-007367,2026-09-03 00:40:10,SKU-00096,5,B-05-04-01,OP-108,PUT_AWAY,NORMAL
PA-007976,2026-09-03 00:40:48,SKU-00797,4,D-03-02-01,OP-106,PUT_AWAY,NORMAL
PA-004450,2026-09-03 00:40:52,SKU-00104,3,C-07-04-01,OP-104,PUT_AWAY,NORMAL
PA-001503,2026-09-03 00:41:06,SKU-00609,4,F-10-03-01,OP-107,PUT_AWAY,NORMAL
PA-002326,2026-09-03 00:41:41,SKU-01524,9,E-05-01-01,OP-103,PUT_AWAY,NORMAL
PA-001927,2026-09-03 00:41:43,SKU-01321,4,A-02-02-02,OP-102,PUT_AWAY,NORMAL
PA-006704,2026-09-03 00:41:47,SKU-00623,3,C-01-05-01,OP-105,PUT_AWAY,NORMAL
PA-001482,2026-09-03 00:42:23,SKU-01759,8,C-07-03-02,OP-106,PUT_AWAY,NORMAL
PA-003540,2026-09-03 00:43:16,SKU-01379,7,A-03-02-01,OP-101,PUT_AWAY,NORMAL
PA-002655,2026-09-03 00:43:53,SKU-00318,5,F-06-01-01,OP-106,PUT_AWAY,NORMAL
PA-000099,2026-09-03 00:43:58,SKU-00950,6,E-09-04-01,OP-101,PUT_AWAY,NORMAL
PA-002011,2026-09-03 00:44:06,SKU-00694,6,A-10-02-02,OP-101,PUT_AWAY,NORMAL
PA-008752,2026-09-03 00:44:32,SKU-01622,2,E-06-01-01,OP-106,PUT_AWAY,NORMAL
PA-004298,2026-09-03 00:44:58,SKU-01357,10,E-09-01-01,OP-108,PUT_AWAY,NORMAL
PA-001047,2026-09-03 00:45:11,SKU-00647,10,D-05-03-02,OP-106,PUT_AWAY,NORMAL
PA-000859,2026-09-03 00:45:38,SKU-01836,3,E-01-03-01,OP-101,PUT_AWAY,NORMAL
PA-006483,2026-09-03 00:45:43,SKU-01506,1,E-01-04-02,OP-105,PUT_AWAY,NORMAL
PA-008600,2026-09-03 00:45:57,SKU-00098,4,F-03-05-01,OP-101,PUT_AWAY,NORMAL
PA-006768,2026-09-03 00:46:19,SKU-01810,5,E-04-04-02,OP-105,PUT_AWAY,NORMAL
PA-005655,2026-09-03 00:46:32,SKU-00112,6,D-03-05-01,OP-104,PUT_AWAY,NORMAL
PA-006564,2026-09-03 00:46:35,SKU-00394,9,F-01-05-01,OP-104,PUT_AWAY,NORMAL
PA-000680,2026-09-03 00:46:41,SKU-00085,10,F-02-01-02,OP-103,PUT_AWAY,NORMAL
PA-006307,2026-09-03 00:46:44,SKU-00273,1,F-06-01-01,OP-105,PUT_AWAY,NORMAL
PA-005737,2026-09-03 00:47:14,SKU-00654,4,B-01-01-02,OP-105,PUT_AWAY,NORMAL
PA-007904,2026-09-03 00:47:22,SKU-01530,4,D-09-05-01,OP-101,PUT_AWAY,NORMAL
PA-004841,2026-09-03 00:47:54,SKU-00148,9,A-03-04-01,OP-101,PUT_AWAY,NORMAL
PA-004038,2026-09-03 00:48:57,SKU-01866,10,D-10-02-02,OP-104,PUT_AWAY,NORMAL
PA-005048,2026-09-03 00:49:17,SKU-01749,6,B-02-01-01,OP-107,PUT_AWAY,NORMAL
PA-008933,2026-09-03 00:50:03,SKU-01183,2,A-04-05-01,OP-105,PUT_AWAY,NORMAL
PA-008763,2026-09-03 00:50:21,SKU-01484,9,E-07-02-01,OP-106,PUT_AWAY,NORMAL
PA-002672,2026-09-03 00:51:12,SKU-01218,2,A-05-05-01,OP-105,PUT_AWAY,NORMAL
PA-005827,2026-09-03 00:51:18,SKU-01243,6,A-02-01-01,OP-102,PUT_AWAY,NORMAL
PA-002570,2026-09-03 00:51:22,SKU-01847,6,D-06-03-01,OP-108,PUT_AWAY,NORMAL
PA-006399,2026-09-03 00:51:30,SKU-01251,3,F-04-05-02,OP-101,PUT_AWAY,NORMAL
PA-008209,2026-09-03 00:51:56,SKU-00761,8,F-05-05-01,OP-103,PUT_AWAY,NORMAL
PA-002360,2026-09-03 00:52:04,SKU-01096,6,B-05-01-02,OP-102,PUT_AWAY,NORMAL
PA-006055,2026-09-03 00:52:36,SKU-01059,10,F-10-04-01,OP-102,PUT_AWAY,NORMAL
PA-004607,2026-09-03 00:52:36,SKU-00119,10,C-10-02-01,OP-103,PUT_AWAY,NORMAL
PA-003205,2026-09-03 00:52:43,SKU-00525,2,E-04-03-02,OP-105,PUT_AWAY,NORMAL
PA-008182,2026-09-03 00:52:45,SKU-01766,4,D-04-04-01,OP-107,PUT_AWAY,NORMAL
PA-003800,2026-09-03 00:52:59,SKU-00765,10,F-02-02-01,OP-107,PUT_AWAY,NORMAL
PA-000347,2026-09-03 00:53:06,SKU-01620,10,C-07-04-02,OP-108,PUT_AWAY,NORMAL
PA-003821,2026-09-03 00:53:18,SKU-01713,5,B-01-05-01,OP-103,PUT_AWAY,NORMAL
PA-001802,2026-09-03 00:53:21,SKU-01527,9,C-05-04-01,OP-103,PUT_AWAY,NORMAL
PA-005816,2026-09-03 00:53:54,SKU-00736,5,E-01-03-02,OP-108,PUT_AWAY,NORMAL
PA-005303,2026-09-03 00:54:03,SKU-00915,10,E-01-02-02,OP-101,PUT_AWAY,NORMAL
PA-005135,2026-09-03 00:54:22,SKU-01707,1,C-07-01-02,OP-106,PUT_AWAY,NORMAL
PA-008201,2026-09-03 00:55:51,SKU-00104,5,C-07-04-01,OP-101,PUT_AWAY,NORMAL
PA-002356,2026-09-03 00:56:08,SKU-01481,9,E-09-05-02,OP-101,PUT_AWAY,NORMAL
PA-004572,2026-09-03 00:56:12,SKU-01336,6,A-07-01-02,OP-104,PUT_AWAY,NORMAL
PA-002122,2026-09-03 00:56:12,SKU-01004,5,D-10-01-01,OP-108,PUT_AWAY,NORMAL
PA-006992,2026-09-03 00:56:21,SKU-01988,9,A-07-04-02,OP-108,PUT_AWAY,NORMAL
PA-001280,2026-09-03 00:56:47,SKU-00615,9,F-03-04-01,OP-105,PUT_AWAY,NORMAL
PA-000396,2026-09-03 00:56:54,SKU-01394,5,E-04-04-01,OP-104,PUT_AWAY,NORMAL
PA-006179,2026-09-03 00:58:09,SKU-01880,3,E-09-01-01,OP-103,PUT_AWAY,NORMAL
PA-000198,2026-09-03 00:58:25,SKU-00130,5,B-05-03-01,OP-104,PUT_AWAY,NORMAL
PA-005200,2026-09-03 00:58:45,SKU-01909,6,A-02-02-02,OP-107,PUT_AWAY,NORMAL
PA-004666,2026-09-03 00:58:47,SKU-01269,4,A-07-05-02,OP-102,PUT_AWAY,NORMAL
PA-004878,2026-09-03 00:59:14,SKU-00520,3,A-09-05-02,OP-107,PUT_AWAY,NORMAL
PA-000561,2026-09-03 00:59:14,SKU-01526,2,B-04-02-01,OP-102,PUT_AWAY,NORMAL
PA-005327,2026-09-03 00:59:48,SKU-00716,1,F-01-03-01,OP-105,PUT_AWAY,NORMAL
PA-007590,2026-09-03 01:00:28,SKU-00079,6,C-10-02-01,OP-101,PUT_AWAY,NORMAL
PA-003795,2026-09-03 01:00:48,SKU-01332,3,F-03-01-01,OP-101,PUT_AWAY,NORMAL
PA-001457,2026-09-03 01:00:58,SKU-00942,4,B-05-05-01,OP-105,PUT_AWAY,NORMAL
PA-001453,2026-09-03 01:01:06,SKU-01890,7,F-08-04-01,OP-105,PUT_AWAY,NORMAL
PA-000489,2026-09-03 01:01:10,SKU-01610,9,E-06-04-02,OP-105,PUT_AWAY,NORMAL
PA-004090,2026-09-03 01:01:11,SKU-01060,4,B-06-03-01,OP-108,PUT_AWAY,NORMAL
PA-004518,2026-09-03 01:01:14,SKU-00070,5,C-06-05-01,OP-104,PUT_AWAY,NORMAL
PA-007690,2026-09-03 01:01:35,SKU-01273,10,E-10-04-01,OP-107,PUT_AWAY,NORMAL
PA-002774,2026-09-03 01:01:49,SKU-01700,6,B-04-04-02,OP-108,PUT_AWAY,NORMAL
PA-001355,2026-09-03 01:02:00,SKU-00683,9,F-01-05-02,OP-105,PUT_AWAY,NORMAL
PA-000668,2026-09-03 01:02:42,SKU-00218,2,F-05-05-02,OP-102,PUT_AWAY,NORMAL
PA-008772,2026-09-03 01:03:13,SKU-01463,2,F-01-01-01,OP-108,PUT_AWAY,NORMAL
PA-003663,2026-09-03 01:03:31,SKU-01064,4,A-01-05-01,OP-103,PUT_AWAY,NORMAL
PA-003953,2026-09-03 01:03:41,SKU-00453,9,D-09-02-01,OP-104,PUT_AWAY,NORMAL
PA-002041,2026-09-03 01:03:52,SKU-01128,4,B-06-05-02,OP-106,PUT_AWAY,NORMAL
PA-000532,2026-09-03 01:03:56,SKU-00304,4,B-07-04-02,OP-104,PUT_AWAY,NORMAL
PA-003332,2026-09-03 01:04:35,SKU-01927,5,E-02-05-01,OP-102,PUT_AWAY,NORMAL
PA-005813,2026-09-03 01:04:38,SKU-00346,1,A-02-01-01,OP-102,PUT_AWAY,NORMAL
PA-001285,2026-09-03 01:05:08,SKU-00589,5,B-05-03-01,OP-105,PUT_AWAY,NORMAL
PA-001906,2026-09-03 01:05:19,SKU-00781,9,D-09-03-02,OP-108,PUT_AWAY,NORMAL
PA-007647,2026-09-03 01:05:21,SKU-00032,9,F-05-02-01,OP-103,PUT_AWAY,NORMAL
PA-008564,2026-09-03 01:05:55,SKU-01596,1,E-07-04-01,OP-103,PUT_AWAY,NORMAL
PA-003841,2026-09-03 01:05:59,SKU-00763,4,C-03-02-01,OP-107,PUT_AWAY,NORMAL
PA-007861,2026-09-03 01:06:02,SKU-01566,8,E-09-01-01,OP-108,PUT_AWAY,NORMAL
PA-006407,2026-09-03 01:06:03,SKU-01247,3,F-01-03-02,OP-107,PUT_AWAY,NORMAL
PA-003298,2026-09-03 01:06:23,SKU-00282,6,F-08-04-01,OP-104,PUT_AWAY,NORMAL
PA-004681,2026-09-03 01:07:09,SKU-01200,5,F-02-05-01,OP-108,PUT_AWAY,NORMAL
PA-003120,2026-09-03 01:07:14,SKU-00488,10,B-05-05-02,OP-106,PUT_AWAY,NORMAL
PA-003224,2026-09-03 01:07:57,SKU-00839,1,B-03-05-01,OP-103,PUT_AWAY,NORMAL
PA-004826,2026-09-03 01:08:02,SKU-01091,10,A-08-04-02,OP-105,PUT_AWAY,NORMAL
PA-004177,2026-09-03 01:08:04,SKU-00402,2,B-02-01-02,OP-103,PUT_AWAY,NORMAL
PA-004655,2026-09-03 01:08:11,SKU-01624,3,F-06-01-02,OP-105,PUT_AWAY,NORMAL
PA-002335,2026-09-03 01:08:12,SKU-01522,8,F-04-02-02,OP-103,PUT_AWAY,NORMAL
PA-006739,2026-09-03 01:08:17,SKU-00247,9,B-01-01-01,OP-104,PUT_AWAY,NORMAL
PA-007185,2026-09-03 01:08:22,SKU-01272,6,B-01-02-02,OP-107,PUT_AWAY,NORMAL
PA-005064,2026-09-03 01:08:47,SKU-01337,9,E-05-05-02,OP-104,PUT_AWAY,NORMAL
PA-006567,2026-09-03 01:08:48,SKU-00702,9,C-01-02-02,OP-108,PUT_AWAY,NORMAL
PA-000895,2026-09-03 01:10:08,SKU-00851,10,A-01-02-02,OP-104,PUT_AWAY,NORMAL
PA-008217,2026-09-03 01:10:10,SKU-00695,3,C-07-02-01,OP-103,PUT_AWAY,NORMAL
PA-001411,2026-09-03 01:10:21,SKU-00367,3,D-05-04-01,OP-108,PUT_AWAY,NORMAL
PA-000868,2026-09-03 01:10:34,SKU-00371,3,E-08-03-01,OP-104,PUT_AWAY,NORMAL
PA-005835,2026-09-03 01:10:51,SKU-01012,3,E-08-01-01,OP-106,PUT_AWAY,NORMAL
PA-006729,2026-09-03 01:10:53,SKU-00415,8,B-02-01-01,OP-102,PUT_AWAY,NORMAL
PA-002812,2026-09-03 01:11:13,SKU-01314,8,C-09-05-02,OP-105,PUT_AWAY,NORMAL
PA-006025,2026-09-03 01:11:20,SKU-01352,4,E-10-02-02,OP-108,PUT_AWAY,NORMAL
PA-007539,2026-09-03 01:11:21,SKU-01384,4,D-05-05-01,OP-107,PUT_AWAY,NORMAL
PA-005430,2026-09-03 01:11:32,SKU-00018,9,D-03-04-01,OP-108,PUT_AWAY,NORMAL
PA-002847,2026-09-03 01:12:15,SKU-00839,6,B-03-05-01,OP-107,PUT_AWAY,NORMAL
PA-001315,2026-09-03 01:12:28,SKU-00082,5,C-03-05-01,OP-102,PUT_AWAY,NORMAL
PA-003071,2026-09-03 01:12:41,SKU-00625,7,F-10-02-02,OP-104,PUT_AWAY,NORMAL
PA-001302,2026-09-03 01:12:48,SKU-00302,7,F-10-05-01,OP-102,PUT_AWAY,NORMAL
PA-002017,2026-09-03 01:12:58,SKU-00888,8,B-07-05-01,OP-102,PUT_AWAY,NORMAL
PA-008385,2026-09-03 01:13:09,SKU-00955,3,B-09-05-01,OP-108,PUT_AWAY,NORMAL
PA-000144,2026-09-03 01:13:22,SKU-01667,10,C-04-01-01,OP-107,PUT_AWAY,NORMAL
PA-007350,2026-09-03 01:14:02,SKU-00039,1,F-07-02-02,OP-108,PUT_AWAY,NORMAL
PA-001281,2026-09-03 01:14:34,SKU-00657,4,A-09-02-02,OP-104,PUT_AWAY,NORMAL
PA-005438,2026-09-03 01:14:36,SKU-01915,2,B-06-04-02,OP-103,PUT_AWAY,NORMAL
PA-007429,2026-09-03 01:14:37,SKU-00709,9,F-04-04-01,OP-106,PUT_AWAY,NORMAL
PA-007357,2026-09-03 01:14:38,SKU-01238,3,A-10-04-01,OP-107,PUT_AWAY,NORMAL
PA-008035,2026-09-03 01:14:42,SKU-00876,6,A-02-04-02,OP-102,PUT_AWAY,NORMAL
PA-004147,2026-09-03 01:15:13,SKU-01116,7,A-08-03-02,OP-101,PUT_AWAY,NORMAL
PA-003826,2026-09-03 01:15:19,SKU-00752,1,E-06-02-01,OP-101,PUT_AWAY,NORMAL
PA-002473,2026-09-03 01:15:31,SKU-00041,1,C-09-03-02,OP-106,PUT_AWAY,NORMAL
PA-006218,2026-09-03 01:17:03,SKU-00865,3,C-06-02-02,OP-104,PUT_AWAY,NORMAL
PA-003355,2026-09-03 01:17:39,SKU-01088,6,E-01-04-01,OP-104,PUT_AWAY,NORMAL
PA-007854,2026-09-03 01:18:00,SKU-00514,3,A-02-04-02,OP-101,PUT_AWAY,NORMAL
PA-002659,2026-09-03 01:18:03,SKU-01696,9,A-01-03-01,OP-107,PUT_AWAY,NORMAL
PA-001410,2026-09-03 01:18:03,SKU-01875,9,F-05-02-02,OP-102,PUT_AWAY,NORMAL
PA-008553,2026-09-03 01:18:11,SKU-01995,2,C-10-05-01,OP-108,PUT_AWAY,NORMAL
PA-005352,2026-09-03 01:18:58,SKU-01640,10,A-03-03-02,OP-102,PUT_AWAY,NORMAL
PA-008820,2026-09-03 01:19:12,SKU-01946,9,E-05-04-02,OP-108,PUT_AWAY,NORMAL
PA-006287,2026-09-03 01:20:09,SKU-00605,1,A-10-04-02,OP-103,PUT_AWAY,NORMAL
PA-002445,2026-09-03 01:20:22,SKU-00308,5,D-03-02-01,OP-105,PUT_AWAY,NORMAL
PA-003766,2026-09-03 01:20:53,SKU-00291,5,B-10-04-02,OP-102,PUT_AWAY,NORMAL
PA-006271,2026-09-03 01:21:29,SKU-00783,2,B-02-03-02,OP-105,PUT_AWAY,NORMAL
PA-006526,2026-09-03 01:21:51,SKU-00195,4,A-01-01-01,OP-104,PUT_AWAY,NORMAL
PA-006355,2026-09-03 01:22:25,SKU-01300,8,E-07-05-02,OP-108,PUT_AWAY,NORMAL
PA-000209,2026-09-03 01:22:59,SKU-00573,2,A-03-01-02,OP-106,PUT_AWAY,NORMAL
PA-003016,2026-09-03 01:23:03,SKU-00088,7,D-05-02-02,OP-103,PUT_AWAY,NORMAL
PA-005256,2026-09-03 01:23:26,SKU-00138,3,F-01-03-01,OP-105,PUT_AWAY,NORMAL
PA-006370,2026-09-03 01:23:27,SKU-00818,1,A-03-05-01,OP-106,PUT_AWAY,NORMAL
PA-001991,2026-09-03 01:23:30,SKU-00832,8,D-07-04-02,OP-108,PUT_AWAY,NORMAL
PA-006141,2026-09-03 01:24:35,SKU-00701,6,E-06-02-01,OP-108,PUT_AWAY,NORMAL
PA-002100,2026-09-03 01:24:39,SKU-01366,5,A-02-03-02,OP-108,PUT_AWAY,NORMAL
PA-008688,2026-09-03 01:24:52,SKU-01496,6,F-09-02-01,OP-107,PUT_AWAY,NORMAL
PA-006734,2026-09-03 01:25:05,SKU-01411,3,E-07-04-01,OP-101,PUT_AWAY,NORMAL
PA-006857,2026-09-03 01:25:08,SKU-01598,3,B-09-01-02,OP-107,PUT_AWAY,NORMAL
PA-007859,2026-09-03 01:25:22,SKU-01509,6,A-10-02-02,OP-102,PUT_AWAY,NORMAL
PA-004370,2026-09-03 01:25:36,SKU-01285,8,D-07-04-02,OP-108,PUT_AWAY,NORMAL
PA-006966,2026-09-03 01:25:56,SKU-00458,4,F-07-03-02,OP-103,PUT_AWAY,NORMAL
PA-003465,2026-09-03 01:25:59,SKU-00332,5,B-05-02-02,OP-101,PUT_AWAY,NORMAL
PA-005273,2026-09-03 01:26:41,SKU-00834,5,F-07-05-02,OP-104,PUT_AWAY,NORMAL
PA-003444,2026-09-03 01:27:07,SKU-01907,10,C-08-02-01,OP-105,PUT_AWAY,NORMAL
PA-007616,2026-09-03 01:27:18,SKU-00202,9,B-05-01-02,OP-103,PUT_AWAY,NORMAL
PA-008472,2026-09-03 01:27:26,SKU-01989,6,F-09-04-01,OP-107,PUT_AWAY,NORMAL
PA-004752,2026-09-03 01:27:30,SKU-01367,7,B-01-02-02,OP-103,PUT_AWAY,NORMAL
PA-006821,2026-09-03 01:28:37,SKU-00647,2,D-05-03-02,OP-103,PUT_AWAY,NORMAL
PA-004304,2026-09-03 01:29:16,SKU-01444,4,C-05-03-01,OP-103,PUT_AWAY,NORMAL
PA-007917,2026-09-03 01:29:23,SKU-00213,10,E-03-02-02,OP-102,PUT_AWAY,NORMAL
PA-004969,2026-09-03 01:29:32,SKU-00748,4,B-03-02-01,OP-106,PUT_AWAY,NORMAL
PA-008327,2026-09-03 01:29:33,SKU-00956,2,C-01-01-02,OP-106,PUT_AWAY,NORMAL
PA-004183,2026-09-03 01:30:19,SKU-00248,6,F-01-01-02,OP-104,PUT_AWAY,NORMAL
PA-005763,2026-09-03 01:31:06,SKU-01281,10,D-08-03-02,OP-102,PUT_AWAY,NORMAL
PA-002975,2026-09-03 01:31:32,SKU-01886,6,B-04-05-01,OP-107,PUT_AWAY,NORMAL
PA-003929,2026-09-03 01:31:48,SKU-01173,1,D-10-04-01,OP-107,PUT_AWAY,NORMAL
PA-005952,2026-09-03 01:31:50,SKU-00396,5,B-03-03-01,OP-108,PUT_AWAY,NORMAL
PA-001710,2026-09-03 01:32:02,SKU-00243,10,E-05-05-01,OP-107,PUT_AWAY,NORMAL
PA-005113,2026-09-03 01:32:08,SKU-01460,8,F-02-05-01,OP-104,PUT_AWAY,NORMAL
PA-000591,2026-09-03 01:32:34,SKU-00733,7,A-10-02-02,OP-105,PUT_AWAY,NORMAL
PA-008927,2026-09-03 01:32:52,SKU-01231,2,B-04-03-01,OP-101,PUT_AWAY,NORMAL
PA-004300,2026-09-03 01:33:23,SKU-01786,2,F-02-05-02,OP-105,PUT_AWAY,NORMAL
PA-008252,2026-09-03 01:33:40,SKU-00983,5,A-02-01-02,OP-108,PUT_AWAY,NORMAL
PA-007880,2026-09-03 01:33:40,SKU-00120,10,D-05-04-02,OP-105,PUT_AWAY,NORMAL
PA-002949,2026-09-03 01:33:51,SKU-00907,3,A-10-04-02,OP-106,PUT_AWAY,NORMAL
PA-000344,2026-09-03 01:33:59,SKU-01938,8,A-09-04-02,OP-105,PUT_AWAY,NORMAL
PA-008380,2026-09-03 01:34:12,SKU-01041,8,F-08-01-02,OP-103,PUT_AWAY,NORMAL
PA-007465,2026-09-03 01:34:24,SKU-00956,2,C-01-01-02,OP-107,PUT_AWAY,NORMAL
PA-000472,2026-09-03 01:34:55,SKU-01603,9,C-09-05-02,OP-103,PUT_AWAY,NORMAL
PA-003630,2026-09-03 01:35:08,SKU-00783,8,B-02-03-02,OP-103,PUT_AWAY,NORMAL
PA-006302,2026-09-03 01:35:43,SKU-00802,3,E-06-04-01,OP-101,PUT_AWAY,NORMAL
PA-006891,2026-09-03 01:35:55,SKU-01902,3,D-08-02-02,OP-103,PUT_AWAY,NORMAL
PA-004301,2026-09-03 01:35:56,SKU-01372,9,E-03-04-01,OP-107,PUT_AWAY,NORMAL
PA-001017,2026-09-03 01:36:09,SKU-00373,6,A-02-03-02,OP-103,PUT_AWAY,NORMAL
PA-003959,2026-09-03 01:36:15,SKU-01303,3,C-03-04-01,OP-102,PUT_AWAY,NORMAL
PA-002327,2026-09-03 01:36:25,SKU-00952,1,B-05-05-01,OP-105,PUT_AWAY,NORMAL
PA-001110,2026-09-03 01:36:58,SKU-00942,9,B-05-05-01,OP-105,PUT_AWAY,NORMAL
PA-002058,2026-09-03 01:37:21,SKU-00901,10,F-01-03-02,OP-101,PUT_AWAY,NORMAL
PA-002228,2026-09-03 01:37:32,SKU-00109,3,A-06-01-01,OP-101,PUT_AWAY,NORMAL
PA-001590,2026-09-03 01:37:59,SKU-01857,1,A-10-02-01,OP-101,PUT_AWAY,NORMAL
PA-006571,2026-09-03 01:38:22,SKU-01399,4,F-03-04-01,OP-105,PUT_AWAY,NORMAL
PA-007478,2026-09-03 01:39:07,SKU-01275,4,F-07-03-02,OP-108,PUT_AWAY,NORMAL
PA-004048,2026-09-03 01:39:12,SKU-01082,2,F-08-03-02,OP-103,PUT_AWAY,NORMAL
PA-000271,2026-09-03 01:39:33,SKU-01513,10,F-05-03-02,OP-107,PUT_AWAY,NORMAL
PA-006270,2026-09-03 01:39:40,SKU-00481,4,A-08-03-01,OP-101,PUT_AWAY,NORMAL
PA-008639,2026-09-03 01:40:08,SKU-01849,4,B-01-02-02,OP-107,PUT_AWAY,NORMAL
PA-000654,2026-09-03 01:40:12,SKU-01924,6,A-04-02-01,OP-103,PUT_AWAY,NORMAL
PA-004865,2026-09-03 01:40:29,SKU-01846,5,F-02-04-02,OP-106,PUT_AWAY,NORMAL
PA-001112,2026-09-03 01:40:39,SKU-01563,1,D-01-01-01,OP-107,PUT_AWAY,NORMAL
PA-003990,2026-09-03 01:40:44,SKU-01446,7,C-06-02-02,OP-102,PUT_AWAY,NORMAL
PA-005551,2026-09-03 01:41:12,SKU-00677,3,A-02-03-02,OP-103,PUT_AWAY,NORMAL
PA-005682,2026-09-03 01:41:28,SKU-00399,10,D-08-03-01,OP-107,PUT_AWAY,NORMAL
PA-007573,2026-09-03 01:41:35,SKU-01609,7,D-07-03-02,OP-102,PUT_AWAY,NORMAL
PA-003060,2026-09-03 01:41:49,SKU-00730,2,F-10-05-01,OP-108,PUT_AWAY,NORMAL
PA-002476,2026-09-03 01:41:49,SKU-01990,2,D-02-04-02,OP-104,PUT_AWAY,NORMAL
PA-005117,2026-09-03 01:41:58,SKU-01152,3,F-05-01-02,OP-102,PUT_AWAY,NORMAL
PA-007547,2026-09-03 01:42:09,SKU-01640,7,A-03-03-02,OP-102,PUT_AWAY,NORMAL
PA-007629,2026-09-03 01:42:19,SKU-01191,7,D-03-05-01,OP-102,PUT_AWAY,NORMAL
PA-005875,2026-09-03 01:42:19,SKU-01860,3,C-01-01-01,OP-108,PUT_AWAY,NORMAL
PA-004874,2026-09-03 01:42:28,SKU-00684,3,C-10-04-02,OP-103,PUT_AWAY,NORMAL
PA-001371,2026-09-03 01:42:30,SKU-00136,1,D-01-04-02,OP-108,PUT_AWAY,NORMAL
PA-008887,2026-09-03 01:42:31,SKU-00049,4,B-03-01-01,OP-104,PUT_AWAY,NORMAL
PA-001583,2026-09-03 01:42:57,SKU-01181,10,E-09-05-01,OP-108,PUT_AWAY,NORMAL
PA-008920,2026-09-03 01:43:41,SKU-01516,2,B-09-01-01,OP-103,PUT_AWAY,NORMAL
PA-003609,2026-09-03 01:44:26,SKU-01311,2,F-01-05-02,OP-101,PUT_AWAY,NORMAL
PA-003150,2026-09-03 01:44:51,SKU-00860,7,B-05-05-02,OP-106,PUT_AWAY,NORMAL
PA-005531,2026-09-03 01:45:28,SKU-00532,5,A-07-05-01,OP-108,PUT_AWAY,NORMAL
PA-008499,2026-09-03 01:45:35,SKU-01102,4,B-10-05-01,OP-104,PUT_AWAY,NORMAL
PA-001179,2026-09-03 01:45:36,SKU-00599,7,D-02-01-02,OP-103,PUT_AWAY,NORMAL
PA-005425,2026-09-03 01:45:39,SKU-01923,7,E-05-04-01,OP-107,PUT_AWAY,NORMAL
PA-005627,2026-09-03 01:46:10,SKU-00348,6,E-07-02-01,OP-102,PUT_AWAY,NORMAL
PA-001065,2026-09-03 01:46:20,SKU-01379,6,A-03-02-01,OP-107,PUT_AWAY,NORMAL
PA-006244,2026-09-03 01:47:04,SKU-01116,2,A-08-03-02,OP-104,PUT_AWAY,NORMAL
PA-000275,2026-09-03 01:47:18,SKU-00915,7,E-01-02-02,OP-104,PUT_AWAY,NORMAL
PA-000349,2026-09-03 01:47:21,SKU-00809,5,E-01-03-02,OP-108,PUT_AWAY,NORMAL
PA-005484,2026-09-03 01:47:27,SKU-00858,6,C-01-04-01,OP-105,PUT_AWAY,NORMAL
PA-006263,2026-09-03 01:47:35,SKU-00450,2,F-04-04-02,OP-107,PUT_AWAY,NORMAL
PA-004492,2026-09-03 01:47:38,SKU-01454,3,D-06-01-01,OP-108,PUT_AWAY,NORMAL
PA-000845,2026-09-03 01:48:13,SKU-01352,7,E-10-02-02,OP-105,PUT_AWAY,NORMAL
PA-001504,2026-09-03 01:48:18,SKU-00773,10,F-02-04-01,OP-106,PUT_AWAY,NORMAL
PA-008874,2026-09-03 01:48:32,SKU-01236,4,C-08-02-02,OP-106,PUT_AWAY,NORMAL
PA-000730,2026-09-03 01:48:41,SKU-01718,9,F-08-01-02,OP-105,PUT_AWAY,NORMAL
PA-002194,2026-09-03 01:49:55,SKU-01823,10,B-01-03-01,OP-102,PUT_AWAY,NORMAL
PA-003081,2026-09-03 01:51:40,SKU-00296,5,E-03-02-02,OP-107,PUT_AWAY,NORMAL
PA-003591,2026-09-03 01:52:12,SKU-01839,7,D-04-02-01,OP-106,PUT_AWAY,NORMAL
PA-006613,2026-09-03 01:52:22,SKU-00276,4,B-01-04-02,OP-108,PUT_AWAY,NORMAL
PA-001782,2026-09-03 01:54:13,SKU-00213,3,E-03-02-02,OP-101,PUT_AWAY,NORMAL
PA-002127,2026-09-03 01:54:29,SKU-00528,9,C-06-01-01,OP-105,PUT_AWAY,NORMAL
PA-008098,2026-09-03 01:55:09,SKU-00448,2,C-08-05-01,OP-105,PUT_AWAY,NORMAL
PA-002405,2026-09-03 01:55:14,SKU-01832,8,F-10-04-02,OP-106,PUT_AWAY,NORMAL
PA-007468,2026-09-03 01:55:27,SKU-01546,1,A-06-03-02,OP-105,PUT_AWAY,NORMAL
PA-000478,2026-09-03 01:55:43,SKU-01547,1,C-05-01-02,OP-105,PUT_AWAY,NORMAL
PA-000548,2026-09-03 01:55:55,SKU-01328,10,C-05-03-02,OP-106,PUT_AWAY,NORMAL
PA-005435,2026-09-03 01:56:04,SKU-01880,4,E-09-01-01,OP-107,PUT_AWAY,NORMAL
PA-000661,2026-09-03 01:56:44,SKU-01732,3,A-04-01-02,OP-106,PUT_AWAY,NORMAL
PA-005260,2026-09-03 01:56:46,SKU-00456,4,A-05-01-02,OP-101,PUT_AWAY,NORMAL
PA-005287,2026-09-03 01:57:17,SKU-00716,2,F-01-03-01,OP-104,PUT_AWAY,NORMAL
PA-006043,2026-09-03 01:57:36,SKU-00470,6,E-04-02-02,OP-101,PUT_AWAY,NORMAL
PA-004243,2026-09-03 01:57:37,SKU-01278,8,C-01-01-02,OP-104,PUT_AWAY,NORMAL
PA-000612,2026-09-03 01:59:18,SKU-01562,4,F-03-05-01,OP-106,PUT_AWAY,NORMAL
PA-007682,2026-09-03 01:59:41,SKU-00489,4,A-09-01-01,OP-102,PUT_AWAY,NORMAL
PA-002709,2026-09-03 01:59:51,SKU-01125,5,F-01-04-01,OP-104,PUT_AWAY,NORMAL
PA-008176,2026-09-03 02:00:15,SKU-00300,2,A-03-01-02,OP-108,PUT_AWAY,NORMAL
PA-004025,2026-09-03 02:00:18,SKU-01417,10,C-01-01-02,OP-107,PUT_AWAY,NORMAL
PA-003528,2026-09-03 02:01:32,SKU-00496,6,A-07-04-02,OP-103,PUT_AWAY,NORMAL
PA-000228,2026-09-03 02:01:38,SKU-01668,7,C-10-03-01,OP-103,PUT_AWAY,NORMAL
PA-004261,2026-09-03 02:01:45,SKU-01999,10,E-03-05-02,OP-103,PUT_AWAY,NORMAL
PA-003715,2026-09-03 02:02:01,SKU-01937,4,C-09-03-01,OP-103,PUT_AWAY,NORMAL
PA-005219,2026-09-03 02:02:05,SKU-01156,4,D-10-03-02,OP-102,PUT_AWAY,NORMAL
PA-002177,2026-09-03 02:02:10,SKU-00792,7,B-05-05-01,OP-105,PUT_AWAY,NORMAL
PA-005059,2026-09-03 02:02:12,SKU-01138,4,A-02-03-01,OP-101,PUT_AWAY,NORMAL
PA-000908,2026-09-03 02:02:17,SKU-00083,9,C-07-03-02,OP-104,PUT_AWAY,NORMAL
PA-007604,2026-09-03 02:02:29,SKU-01299,2,C-01-04-02,OP-106,PUT_AWAY,NORMAL
PA-007807,2026-09-03 02:03:04,SKU-01934,8,A-09-03-02,OP-104,PUT_AWAY,NORMAL
PA-006292,2026-09-03 02:03:46,SKU-01857,10,A-10-02-01,OP-101,PUT_AWAY,NORMAL
PA-008423,2026-09-03 02:05:03,SKU-00858,1,C-01-04-01,OP-106,PUT_AWAY,NORMAL
PA-000837,2026-09-03 02:05:17,SKU-01962,3,E-08-02-01,OP-108,PUT_AWAY,NORMAL
PA-003827,2026-09-03 02:05:24,SKU-01234,7,A-05-03-01,OP-107,PUT_AWAY,NORMAL
PA-006847,2026-09-03 02:05:26,SKU-00538,1,E-05-03-01,OP-107,PUT_AWAY,NORMAL
PA-000854,2026-09-03 02:05:29,SKU-01684,2,E-06-02-01,OP-105,PUT_AWAY,NORMAL
PA-001226,2026-09-03 02:05:32,SKU-00271,10,F-08-03-02,OP-107,PUT_AWAY,NORMAL
PA-005714,2026-09-03 02:06:22,SKU-01211,5,E-03-03-01,OP-105,PUT_AWAY,NORMAL
PA-006595,2026-09-03 02:07:15,SKU-00258,3,E-04-03-01,OP-103,PUT_AWAY,NORMAL
PA-006885,2026-09-03 02:07:38,SKU-00282,5,F-08-04-01,OP-107,PUT_AWAY,NORMAL
PA-004794,2026-09-03 02:07:38,SKU-01347,10,E-03-01-02,OP-105,PUT_AWAY,NORMAL
PA-006688,2026-09-03 02:08:17,SKU-01137,2,E-08-03-01,OP-107,PUT_AWAY,NORMAL
PA-000645,2026-09-03 02:08:21,SKU-00021,1,D-08-04-02,OP-101,PUT_AWAY,NORMAL
PA-007495,2026-09-03 02:08:39,SKU-00676,7,A-06-05-01,OP-106,PUT_AWAY,NORMAL
PA-008439,2026-09-03 02:09:04,SKU-01983,4,E-09-03-01,OP-104,PUT_AWAY,NORMAL
PA-004398,2026-09-03 02:09:17,SKU-01744,6,A-04-05-01,OP-107,PUT_AWAY,NORMAL
PA-005325,2026-09-03 02:09:18,SKU-01154,10,D-08-04-01,OP-102,PUT_AWAY,NORMAL
PA-005169,2026-09-03 02:09:25,SKU-00465,4,C-05-05-01,OP-108,PUT_AWAY,NORMAL
PA-008680,2026-09-03 02:10:00,SKU-01429,1,D-07-02-01,OP-103,PUT_AWAY,NORMAL
PA-000921,2026-09-03 02:10:01,SKU-01124,8,E-08-03-01,OP-105,PUT_AWAY,NORMAL
PA-001999,2026-09-03 02:10:11,SKU-00673,8,B-09-01-02,OP-108,PUT_AWAY,NORMAL
PA-000559,2026-09-03 02:10:23,SKU-01104,9,E-09-03-01,OP-107,PUT_AWAY,NORMAL
PA-008863,2026-09-03 02:10:47,SKU-00404,1,B-04-05-02,OP-106,PUT_AWAY,NORMAL
PA-000084,2026-09-03 02:11:02,SKU-01498,5,B-06-04-01,OP-101,PUT_AWAY,NORMAL
PA-008157,2026-09-03 02:11:06,SKU-01446,4,C-06-02-02,OP-104,PUT_AWAY,NORMAL
PA-003302,2026-09-03 02:11:12,SKU-01160,1,A-02-05-02,OP-103,PUT_AWAY,NORMAL
PA-000875,2026-09-03 02:11:15,SKU-01560,8,E-06-04-02,OP-107,PUT_AWAY,NORMAL
PA-000289,2026-09-03 02:11:55,SKU-00599,9,D-02-01-02,OP-101,PUT_AWAY,NORMAL
PA-007911,2026-09-03 02:12:14,SKU-00156,10,E-08-02-01,OP-107,PUT_AWAY,NORMAL
PA-005911,2026-09-03 02:12:40,SKU-01990,9,D-02-04-02,OP-102,PUT_AWAY,NORMAL
PA-005092,2026-09-03 02:13:08,SKU-01717,10,D-08-03-02,OP-107,PUT_AWAY,NORMAL
PA-008321,2026-09-03 02:13:39,SKU-00757,6,A-04-02-02,OP-107,PUT_AWAY,NORMAL
PA-001687,2026-09-03 02:13:53,SKU-01224,2,B-01-04-01,OP-101,PUT_AWAY,NORMAL
PA-000310,2026-09-03 02:13:59,SKU-01048,5,C-02-04-02,OP-107,PUT_AWAY,NORMAL
PA-002841,2026-09-03 02:14:02,SKU-00830,4,E-10-01-02,OP-105,PUT_AWAY,NORMAL
PA-006561,2026-09-03 02:14:19,SKU-01538,3,D-08-03-01,OP-102,PUT_AWAY,NORMAL
PA-008999,2026-09-03 02:14:29,SKU-00870,5,C-02-05-01,OP-104,PUT_AWAY,NORMAL
PA-004739,2026-09-03 02:14:31,SKU-00118,4,D-03-02-02,OP-107,PUT_AWAY,NORMAL
PA-007535,2026-09-03 02:14:34,SKU-00746,10,A-02-02-01,OP-102,PUT_AWAY,NORMAL
PA-007148,2026-09-03 02:15:26,SKU-00649,5,F-10-04-01,OP-102,PUT_AWAY,NORMAL
PA-007769,2026-09-03 02:15:32,SKU-01064,10,A-01-05-01,OP-101,PUT_AWAY,NORMAL
PA-005318,2026-09-03 02:15:32,SKU-00967,4,D-02-04-01,OP-107,PUT_AWAY,NORMAL
PA-000879,2026-09-03 02:15:35,SKU-01565,5,F-05-01-02,OP-103,PUT_AWAY,NORMAL
PA-008659,2026-09-03 02:16:00,SKU-01246,7,E-03-03-01,OP-103,PUT_AWAY,NORMAL
PA-004046,2026-09-03 02:16:25,SKU-01688,4,B-01-04-01,OP-102,PUT_AWAY,NORMAL
PA-004262,2026-09-03 02:16:51,SKU-00247,1,B-01-01-01,OP-108,PUT_AWAY,NORMAL
PA-005744,2026-09-03 02:17:33,SKU-00104,6,C-07-04-01,OP-108,PUT_AWAY,NORMAL
PA-004101,2026-09-03 02:17:42,SKU-00897,2,B-05-03-02,OP-108,PUT_AWAY,NORMAL
PA-000104,2026-09-03 02:18:42,SKU-01899,4,E-02-04-01,OP-107,PUT_AWAY,NORMAL
PA-000323,2026-09-03 02:19:11,SKU-01124,2,E-08-03-01,OP-104,PUT_AWAY,NORMAL
PA-002576,2026-09-03 02:19:15,SKU-01972,3,A-05-01-01,OP-108,PUT_AWAY,NORMAL
PA-002018,2026-09-03 02:19:26,SKU-00605,2,A-10-04-02,OP-103,PUT_AWAY,NORMAL
PA-001360,2026-09-03 02:19:42,SKU-01750,10,B-02-02-01,OP-104,PUT_AWAY,NORMAL
PA-005576,2026-09-03 02:19:47,SKU-00144,5,C-08-01-02,OP-108,PUT_AWAY,NORMAL
PA-005468,2026-09-03 02:19:53,SKU-01023,7,D-05-02-01,OP-104,PUT_AWAY,NORMAL
PA-005556,2026-09-03 02:20:01,SKU-01530,1,D-09-05-01,OP-104,PUT_AWAY,NORMAL
PA-006132,2026-09-03 02:20:07,SKU-00865,9,C-06-02-02,OP-105,PUT_AWAY,NORMAL
PA-000334,2026-09-03 02:21:21,SKU-00921,5,E-10-03-01,OP-105,PUT_AWAY,NORMAL
PA-006732,2026-09-03 02:21:25,SKU-01417,4,C-01-01-02,OP-106,PUT_AWAY,NORMAL
PA-000236,2026-09-03 02:22:08,SKU-01717,8,D-08-03-02,OP-107,PUT_AWAY,NORMAL
PA-000218,2026-09-03 02:22:18,SKU-01897,2,D-01-03-02,OP-107,PUT_AWAY,NORMAL
PA-002912,2026-09-03 02:23:41,SKU-01424,10,C-10-01-01,OP-106,PUT_AWAY,NORMAL
PA-001837,2026-09-03 02:23:57,SKU-01419,9,C-02-04-01,OP-102,PUT_AWAY,NORMAL
PA-006629,2026-09-03 02:24:02,SKU-00144,1,C-08-01-02,OP-103,PUT_AWAY,NORMAL
PA-003239,2026-09-03 02:24:03,SKU-00411,8,C-07-02-01,OP-102,PUT_AWAY,NORMAL
PA-004510,2026-09-03 02:24:04,SKU-00270,2,A-10-02-02,OP-107,PUT_AWAY,NORMAL
PA-002178,2026-09-03 02:24:21,SKU-01175,7,F-01-01-02,OP-107,PUT_AWAY,NORMAL
PA-001883,2026-09-03 02:24:37,SKU-01269,6,A-07-05-02,OP-108,PUT_AWAY,NORMAL
PA-005089,2026-09-03 02:24:45,SKU-01635,7,A-10-01-02,OP-106,PUT_AWAY,NORMAL
PA-004010,2026-09-03 02:25:19,SKU-01272,7,B-01-02-02,OP-108,PUT_AWAY,NORMAL
PA-005250,2026-09-03 02:25:29,SKU-01059,9,F-10-04-01,OP-104,PUT_AWAY,NORMAL
PA-007544,2026-09-03 02:26:31,SKU-00353,3,D-03-04-02,OP-104,PUT_AWAY,NORMAL
PA-005628,2026-09-03 02:26:50,SKU-01755,4,B-03-05-01,OP-101,PUT_AWAY,NORMAL
PA-001848,2026-09-03 02:27:01,SKU-01504,9,B-04-04-01,OP-108,PUT_AWAY,NORMAL
PA-005587,2026-09-03 02:27:24,SKU-00097,7,A-02-01-01,OP-107,PUT_AWAY,NORMAL
PA-004388,2026-09-03 02:27:25,SKU-00475,1,E-06-01-02,OP-108,PUT_AWAY,NORMAL
PA-002136,2026-09-03 02:27:31,SKU-01738,8,D-01-03-01,OP-101,PUT_AWAY,NORMAL
PA-000175,2026-09-03 02:27:36,SKU-01497,10,D-07-01-01,OP-107,PUT_AWAY,NORMAL
PA-005605,2026-09-03 02:28:10,SKU-01936,7,B-04-03-01,OP-106,PUT_AWAY,NORMAL
PA-005845,2026-09-03 02:28:40,SKU-01626,7,E-07-02-01,OP-105,PUT_AWAY,NORMAL
PA-001551,2026-09-03 02:29:16,SKU-00742,8,F-05-02-02,OP-105,PUT_AWAY,NORMAL
PA-002604,2026-09-03 02:29:57,SKU-01962,9,E-08-02-01,OP-104,PUT_AWAY,NORMAL
PA-001986,2026-09-03 02:30:25,SKU-00814,2,E-10-04-01,OP-103,PUT_AWAY,NORMAL
PA-006779,2026-09-03 02:30:28,SKU-01374,9,D-04-01-01,OP-106,PUT_AWAY,NORMAL
PA-006339,2026-09-03 02:30:32,SKU-00118,5,D-03-02-02,OP-102,PUT_AWAY,NORMAL
PA-008290,2026-09-03 02:30:47,SKU-01280,10,F-10-02-01,OP-102,PUT_AWAY,NORMAL
PA-001866,2026-09-03 02:31:11,SKU-01559,5,F-09-03-01,OP-103,PUT_AWAY,NORMAL
PA-007373,2026-09-03 02:31:29,SKU-00153,4,D-08-03-02,OP-101,PUT_AWAY,NORMAL
PA-007116,2026-09-03 02:32:08,SKU-01169,10,B-01-04-01,OP-106,PUT_AWAY,NORMAL
PA-000884,2026-09-03 02:32:14,SKU-00698,2,B-06-03-01,OP-103,PUT_AWAY,NORMAL
PA-008237,2026-09-03 02:32:16,SKU-00085,4,F-02-01-02,OP-101,PUT_AWAY,NORMAL
PA-002834,2026-09-03 02:32:39,SKU-00359,7,B-01-03-01,OP-106,PUT_AWAY,NORMAL
PA-003023,2026-09-03 02:32:42,SKU-00217,5,A-05-01-02,OP-104,PUT_AWAY,NORMAL
PA-002180,2026-09-03 02:33:00,SKU-00877,7,B-10-03-01,OP-101,PUT_AWAY,NORMAL
PA-001755,2026-09-03 02:33:23,SKU-00242,6,F-10-04-02,OP-101,PUT_AWAY,NORMAL
PA-006159,2026-09-03 02:33:44,SKU-01517,6,A-08-05-02,OP-103,PUT_AWAY,NORMAL
PA-002971,2026-09-03 02:34:12,SKU-01910,6,B-10-03-01,OP-104,PUT_AWAY,NORMAL
PA-003430,2026-09-03 02:34:41,SKU-01987,1,A-03-02-01,OP-101,PUT_AWAY,NORMAL
PA-005566,2026-09-03 02:35:09,SKU-00829,5,B-06-03-01,OP-101,PUT_AWAY,NORMAL
PA-008676,2026-09-03 02:35:10,SKU-01424,8,C-10-01-01,OP-104,PUT_AWAY,NORMAL
PA-008416,2026-09-03 02:35:19,SKU-01775,2,F-07-05-01,OP-106,PUT_AWAY,NORMAL
PA-005930,2026-09-03 02:36:00,SKU-00726,1,B-10-04-01,OP-108,PUT_AWAY,NORMAL
PA-000830,2026-09-03 02:36:20,SKU-01754,2,C-10-03-01,OP-101,PUT_AWAY,NORMAL
PA-000744,2026-09-03 02:36:31,SKU-01346,5,B-09-05-01,OP-106,PUT_AWAY,NORMAL
PA-007637,2026-09-03 02:36:34,SKU-01937,10,C-09-03-01,OP-104,PUT_AWAY,NORMAL
PA-005536,2026-09-03 02:36:52,SKU-00116,10,F-04-04-02,OP-105,PUT_AWAY,NORMAL
PA-001316,2026-09-03 02:37:05,SKU-01972,5,A-05-01-01,OP-103,PUT_AWAY,NORMAL
PA-000092,2026-09-03 02:37:53,SKU-00958,3,C-05-03-01,OP-103,PUT_AWAY,NORMAL
PA-000929,2026-09-03 02:38:35,SKU-00953,1,C-03-03-01,OP-105,PUT_AWAY,NORMAL
PA-004488,2026-09-03 02:38:55,SKU-00299,6,E-10-03-01,OP-108,PUT_AWAY,NORMAL
PA-007013,2026-09-03 02:39:30,SKU-01730,5,E-10-02-01,OP-101,PUT_AWAY,NORMAL
PA-005809,2026-09-03 02:39:44,SKU-01385,10,D-02-03-02,OP-104,PUT_AWAY,NORMAL
PA-006545,2026-09-03 02:40:05,SKU-00751,8,B-07-04-01,OP-108,PUT_AWAY,NORMAL
PA-004956,2026-09-03 02:40:50,SKU-01005,8,F-06-05-02,OP-107,PUT_AWAY,NORMAL
PA-007425,2026-09-03 02:40:53,SKU-00655,10,C-09-05-02,OP-108,PUT_AWAY,NORMAL
PA-000481,2026-09-03 02:40:54,SKU-01343,2,F-08-03-02,OP-108,PUT_AWAY,NORMAL
PA-003304,2026-09-03 02:41:08,SKU-00524,9,C-09-03-02,OP-108,PUT_AWAY,NORMAL
PA-001056,2026-09-03 02:41:22,SKU-01977,7,E-09-05-02,OP-102,PUT_AWAY,NORMAL
PA-005480,2026-09-03 02:42:15,SKU-00699,9,A-08-02-01,OP-106,PUT_AWAY,NORMAL
PA-004617,2026-09-03 02:42:23,SKU-00427,1,F-03-05-01,OP-102,PUT_AWAY,NORMAL
PA-000038,2026-09-03 02:42:36,SKU-01709,6,A-06-03-02,OP-105,PUT_AWAY,NORMAL
PA-007475,2026-09-03 02:42:46,SKU-01402,6,E-03-01-02,OP-105,PUT_AWAY,NORMAL
PA-002191,2026-09-03 02:42:57,SKU-01199,1,F-07-01-02,OP-107,PUT_AWAY,NORMAL
PA-005693,2026-09-03 02:43:05,SKU-00709,1,F-04-04-01,OP-106,PUT_AWAY,NORMAL
PA-002946,2026-09-03 02:43:26,SKU-00848,1,B-02-01-01,OP-102,PUT_AWAY,NORMAL
PA-007897,2026-09-03 02:44:05,SKU-00487,1,B-02-04-02,OP-104,PUT_AWAY,NORMAL
PA-001390,2026-09-03 02:44:12,SKU-00553,5,B-02-03-02,OP-102,PUT_AWAY,NORMAL
PA-002384,2026-09-03 02:44:12,SKU-00913,2,D-07-04-02,OP-106,PUT_AWAY,NORMAL
PA-007341,2026-09-03 02:44:48,SKU-01567,7,C-10-05-01,OP-107,PUT_AWAY,NORMAL
PA-005938,2026-09-03 02:45:03,SKU-00914,5,B-02-05-02,OP-104,PUT_AWAY,NORMAL
PA-007567,2026-09-03 02:45:08,SKU-00010,10,F-03-03-02,OP-104,PUT_AWAY,NORMAL
PA-004745,2026-09-03 02:45:31,SKU-01319,2,B-05-04-02,OP-107,PUT_AWAY,NORMAL
PA-008483,2026-09-03 02:45:46,SKU-01487,8,B-01-04-01,OP-103,PUT_AWAY,NORMAL
PA-001349,2026-09-03 02:46:26,SKU-00422,6,E-05-05-01,OP-106,PUT_AWAY,NORMAL
PA-004909,2026-09-03 02:46:42,SKU-01627,5,B-04-03-01,OP-106,PUT_AWAY,NORMAL
PA-007091,2026-09-03 02:46:48,SKU-00737,5,A-07-05-02,OP-106,PUT_AWAY,NORMAL
PA-000486,2026-09-03 02:47:02,SKU-00916,2,B-05-04-02,OP-104,PUT_AWAY,NORMAL
PA-008045,2026-09-03 02:47:11,SKU-00619,5,E-01-05-01,OP-101,PUT_AWAY,NORMAL
PA-006426,2026-09-03 02:47:21,SKU-00950,5,E-09-04-01,OP-104,PUT_AWAY,NORMAL
PA-007450,2026-09-03 02:47:21,SKU-01849,6,B-01-02-02,OP-105,PUT_AWAY,NORMAL
PA-000036,2026-09-03 02:47:24,SKU-00194,6,B-04-02-02,OP-103,PUT_AWAY,NORMAL
PA-007698,2026-09-03 02:48:07,SKU-00606,8,E-06-05-02,OP-101,PUT_AWAY,NORMAL
PA-006708,2026-09-03 02:48:10,SKU-01573,10,F-09-03-02,OP-107,PUT_AWAY,NORMAL
PA-000718,2026-09-03 02:48:22,SKU-01964,6,D-06-04-02,OP-108,PUT_AWAY,NORMAL
PA-003365,2026-09-03 02:48:26,SKU-01320,8,D-03-05-01,OP-102,PUT_AWAY,NORMAL
PA-002719,2026-09-03 02:48:35,SKU-01727,6,C-03-02-01,OP-104,PUT_AWAY,NORMAL
PA-006951,2026-09-03 02:48:37,SKU-00117,7,C-01-01-02,OP-102,PUT_AWAY,NORMAL
PA-006937,2026-09-03 02:49:17,SKU-00518,5,C-05-05-02,OP-103,PUT_AWAY,NORMAL
PA-003576,2026-09-03 02:49:27,SKU-00719,8,E-06-02-01,OP-103,PUT_AWAY,NORMAL
PA-001845,2026-09-03 02:49:31,SKU-00749,8,B-09-05-01,OP-105,PUT_AWAY,NORMAL
PA-007441,2026-09-03 02:49:45,SKU-00240,2,C-02-04-01,OP-101,PUT_AWAY,NORMAL
PA-004074,2026-09-03 02:49:58,SKU-00904,7,F-06-02-01,OP-107,PUT_AWAY,NORMAL
PA-007967,2026-09-03 02:50:00,SKU-01062,1,C-07-01-02,OP-101,PUT_AWAY,NORMAL
PA-001905,2026-09-03 02:50:06,SKU-00699,9,A-08-02-01,OP-102,PUT_AWAY,NORMAL
PA-003713,2026-09-03 02:50:23,SKU-00263,10,A-08-05-02,OP-106,PUT_AWAY,NORMAL
PA-000059,2026-09-03 02:50:51,SKU-01078,8,A-03-03-01,OP-104,PUT_AWAY,NORMAL
PA-002722,2026-09-03 02:51:07,SKU-00618,4,C-07-03-02,OP-103,PUT_AWAY,NORMAL
PA-004845,2026-09-03 02:51:11,SKU-00688,10,C-02-03-01,OP-103,PUT_AWAY,NORMAL
PA-006531,2026-09-03 02:51:43,SKU-01242,1,B-05-02-01,OP-103,PUT_AWAY,NORMAL
PA-002067,2026-09-03 02:51:56,SKU-01822,6,C-10-03-01,OP-107,PUT_AWAY,NORMAL
PA-002546,2026-09-03 02:52:30,SKU-00809,1,E-01-03-02,OP-105,PUT_AWAY,NORMAL
PA-008104,2026-09-03 02:53:11,SKU-00289,10,B-09-05-01,OP-107,PUT_AWAY,NORMAL
PA-002821,2026-09-03 02:53:20,SKU-01731,3,D-03-01-01,OP-108,PUT_AWAY,NORMAL
PA-006340,2026-09-03 02:53:24,SKU-01498,8,B-06-04-01,OP-102,PUT_AWAY,NORMAL
PA-000017,2026-09-03 02:53:28,SKU-00207,8,E-09-03-02,OP-104,PUT_AWAY,NORMAL
PA-004202,2026-09-03 02:53:39,SKU-00765,8,F-02-02-01,OP-101,PUT_AWAY,NORMAL
PA-008765,2026-09-03 02:53:40,SKU-00963,10,B-03-05-01,OP-108,PUT_AWAY,NORMAL
PA-007421,2026-09-03 02:54:34,SKU-00397,4,B-05-04-02,OP-105,PUT_AWAY,NORMAL
PA-004543,2026-09-03 02:54:45,SKU-00349,3,C-08-03-02,OP-104,PUT_AWAY,NORMAL
PA-006154,2026-09-03 02:54:45,SKU-01901,10,C-09-04-01,OP-104,PUT_AWAY,NORMAL
PA-006908,2026-09-03 02:54:51,SKU-01916,9,B-03-02-02,OP-105,PUT_AWAY,NORMAL
PA-001266,2026-09-03 02:55:09,SKU-01004,7,D-10-01-01,OP-105,PUT_AWAY,NORMAL
PA-003960,2026-09-03 02:55:24,SKU-00224,6,A-06-05-02,OP-108,PUT_AWAY,NORMAL
PA-005859,2026-09-03 02:56:08,SKU-00189,10,D-10-02-02,OP-108,PUT_AWAY,NORMAL
PA-004538,2026-09-03 02:56:34,SKU-00015,1,F-08-03-02,OP-102,PUT_AWAY,NORMAL
PA-000215,2026-09-03 02:56:46,SKU-00871,4,B-03-05-02,OP-108,PUT_AWAY,NORMAL
PA-004249,2026-09-03 02:57:04,SKU-01989,10,F-09-04-01,OP-103,PUT_AWAY,NORMAL
PA-003163,2026-09-03 02:57:50,SKU-00921,6,E-10-03-01,OP-106,PUT_AWAY,NORMAL
PA-002027,2026-09-03 02:57:56,SKU-00450,1,F-04-04-02,OP-108,PUT_AWAY,NORMAL
PA-003802,2026-09-03 02:57:56,SKU-01782,1,C-07-01-01,OP-103,PUT_AWAY,NORMAL
PA-004157,2026-09-03 02:58:16,SKU-01790,10,F-04-04-02,OP-106,PUT_AWAY,NORMAL
PA-008846,2026-09-03 02:58:27,SKU-00087,7,F-02-03-01,OP-104,PUT_AWAY,NORMAL
PA-003438,2026-09-03 02:59:06,SKU-01449,1,D-05-01-02,OP-107,PUT_AWAY,NORMAL
PA-004467,2026-09-03 02:59:30,SKU-01720,10,E-01-01-02,OP-104,PUT_AWAY,NORMAL
PA-007166,2026-09-03 03:00:23,SKU-01850,9,C-06-02-01,OP-101,PUT_AWAY,NORMAL
PA-001604,2026-09-03 03:00:28,SKU-01122,6,F-04-04-01,OP-101,PUT_AWAY,NORMAL
PA-005767,2026-09-03 03:00:37,SKU-00137,2,C-02-03-02,OP-101,PUT_AWAY,NORMAL
PA-008101,2026-09-03 03:00:40,SKU-01849,10,B-01-02-02,OP-101,PUT_AWAY,NORMAL
PA-003746,2026-09-03 03:00:55,SKU-01101,4,E-09-02-01,OP-106,PUT_AWAY,NORMAL
PA-006498,2026-09-03 03:01:07,SKU-01376,10,D-07-03-01,OP-108,PUT_AWAY,NORMAL
PA-007594,2026-09-03 03:01:07,SKU-01426,9,F-04-01-02,OP-106,PUT_AWAY,NORMAL
PA-007180,2026-09-03 03:01:44,SKU-00419,2,E-10-03-02,OP-108,PUT_AWAY,NORMAL
PA-006676,2026-09-03 03:02:01,SKU-00248,5,F-01-01-02,OP-105,PUT_AWAY,NORMAL
PA-005307,2026-09-03 03:02:07,SKU-01201,10,E-05-04-02,OP-106,PUT_AWAY,NORMAL
PA-000735,2026-09-03 03:02:38,SKU-00604,3,C-10-02-02,OP-106,PUT_AWAY,NORMAL
PA-002374,2026-09-03 03:02:45,SKU-00065,8,E-06-05-01,OP-101,PUT_AWAY,NORMAL
PA-008706,2026-09-03 03:02:45,SKU-00830,8,E-10-01-02,OP-103,PUT_AWAY,NORMAL
PA-007598,2026-09-03 03:02:58,SKU-01627,1,B-04-03-01,OP-105,PUT_AWAY,NORMAL
PA-004082,2026-09-03 03:03:01,SKU-00995,6,D-02-01-01,OP-107,PUT_AWAY,NORMAL
PA-005166,2026-09-03 03:03:17,SKU-01090,9,C-03-05-02,OP-105,PUT_AWAY,NORMAL
PA-003113,2026-09-03 03:03:48,SKU-01330,10,B-07-03-01,OP-108,PUT_AWAY,NORMAL
PA-008273,2026-09-03 03:04:01,SKU-01327,5,F-05-04-02,OP-101,PUT_AWAY,NORMAL
PA-007496,2026-09-03 03:04:19,SKU-00616,4,C-04-04-01,OP-101,PUT_AWAY,NORMAL
PA-007818,2026-09-03 03:04:32,SKU-01608,5,D-09-04-02,OP-105,PUT_AWAY,NORMAL
PA-003219,2026-09-03 03:05:33,SKU-00154,10,F-07-03-01,OP-108,PUT_AWAY,NORMAL
PA-001041,2026-09-03 03:05:34,SKU-01037,10,E-05-01-01,OP-108,PUT_AWAY,NORMAL
PA-006202,2026-09-03 03:06:41,SKU-01181,3,E-09-05-01,OP-102,PUT_AWAY,NORMAL
PA-004644,2026-09-03 03:07:01,SKU-00671,7,B-03-01-02,OP-107,PUT_AWAY,NORMAL
PA-003737,2026-09-03 03:07:29,SKU-01186,1,D-04-02-02,OP-105,PUT_AWAY,NORMAL
PA-003872,2026-09-03 03:07:36,SKU-00429,10,E-06-04-02,OP-104,PUT_AWAY,NORMAL
PA-008893,2026-09-03 03:07:39,SKU-00194,1,B-04-02-02,OP-108,PUT_AWAY,NORMAL
PA-008495,2026-09-03 03:08:01,SKU-00478,4,A-08-04-02,OP-102,PUT_AWAY,NORMAL
PA-007599,2026-09-03 03:10:07,SKU-00265,6,A-05-03-02,OP-108,PUT_AWAY,NORMAL
PA-002784,2026-09-03 03:10:09,SKU-00760,7,C-02-04-02,OP-108,PUT_AWAY,NORMAL
PA-001394,2026-09-03 03:10:18,SKU-01084,2,D-02-03-01,OP-102,PUT_AWAY,NORMAL
PA-007795,2026-09-03 03:10:47,SKU-01375,8,C-08-03-01,OP-102,PUT_AWAY,NORMAL
PA-004822,2026-09-03 03:11:17,SKU-00213,8,E-03-02-02,OP-105,PUT_AWAY,NORMAL
PA-008691,2026-09-03 03:11:47,SKU-01719,10,A-04-01-02,OP-108,PUT_AWAY,NORMAL
PA-001901,2026-09-03 03:12:11,SKU-00958,5,C-05-03-01,OP-103,PUT_AWAY,NORMAL
PA-002296,2026-09-03 03:12:16,SKU-01054,2,F-05-02-02,OP-108,PUT_AWAY,NORMAL
PA-005735,2026-09-03 03:12:27,SKU-00318,3,F-06-01-01,OP-104,PUT_AWAY,NORMAL
PA-004718,2026-09-03 03:12:30,SKU-00488,10,B-05-05-02,OP-101,PUT_AWAY,NORMAL
PA-007113,2026-09-03 03:13:10,SKU-00590,6,F-08-02-02,OP-108,PUT_AWAY,NORMAL
PA-001401,2026-09-03 03:13:31,SKU-01075,8,B-09-03-02,OP-102,PUT_AWAY,NORMAL
PA-004063,2026-09-03 03:13:33,SKU-00904,3,F-06-02-01,OP-101,PUT_AWAY,NORMAL
PA-000500,2026-09-03 03:14:33,SKU-01249,5,C-01-04-02,OP-108,PUT_AWAY,NORMAL
PA-003336,2026-09-03 03:14:52,SKU-00341,8,A-04-02-01,OP-105,PUT_AWAY,NORMAL
PA-006182,2026-09-03 03:15:04,SKU-01248,6,C-05-01-01,OP-107,PUT_AWAY,NORMAL
PA-006990,2026-09-03 03:15:21,SKU-01445,3,E-02-03-01,OP-107,PUT_AWAY,NORMAL
PA-006078,2026-09-03 03:15:37,SKU-00075,2,B-06-02-02,OP-101,PUT_AWAY,NORMAL
PA-005515,2026-09-03 03:16:14,SKU-01594,8,A-05-04-02,OP-104,PUT_AWAY,NORMAL
PA-000697,2026-09-03 03:16:31,SKU-00365,5,E-06-02-01,OP-107,PUT_AWAY,NORMAL
PA-000581,2026-09-03 03:16:41,SKU-01429,8,D-07-02-01,OP-103,PUT_AWAY,NORMAL
PA-000468,2026-09-03 03:17:10,SKU-00263,6,A-08-05-02,OP-101,PUT_AWAY,NORMAL
PA-006305,2026-09-03 03:17:26,SKU-01647,4,F-10-05-01,OP-105,PUT_AWAY,NORMAL
PA-008708,2026-09-03 03:17:40,SKU-00189,5,D-10-02-02,OP-107,PUT_AWAY,NORMAL
PA-004362,2026-09-03 03:18:28,SKU-01267,5,E-09-01-02,OP-105,PUT_AWAY,NORMAL
PA-005398,2026-09-03 03:18:30,SKU-00256,5,B-07-05-01,OP-105,PUT_AWAY,NORMAL
PA-002929,2026-09-03 03:18:51,SKU-00175,10,E-09-02-02,OP-103,PUT_AWAY,NORMAL
PA-004068,2026-09-03 03:19:14,SKU-01725,5,C-02-02-02,OP-107,PUT_AWAY,NORMAL
PA-007990,2026-09-03 03:19:41,SKU-00959,6,D-03-05-02,OP-106,PUT_AWAY,NORMAL
PA-005189,2026-09-03 03:19:41,SKU-01041,8,F-08-01-02,OP-108,PUT_AWAY,NORMAL
PA-006252,2026-09-03 03:20:20,SKU-00060,8,B-03-04-02,OP-108,PUT_AWAY,NORMAL
PA-003321,2026-09-03 03:20:34,SKU-00910,2,E-01-04-02,OP-106,PUT_AWAY,NORMAL
PA-007652,2026-09-03 03:20:39,SKU-01035,10,C-03-04-01,OP-102,PUT_AWAY,NORMAL
PA-002780,2026-09-03 03:20:50,SKU-01736,8,F-01-05-02,OP-102,PUT_AWAY,NORMAL
PA-002639,2026-09-03 03:20:56,SKU-00142,7,F-09-03-02,OP-103,PUT_AWAY,NORMAL
PA-002070,2026-09-03 03:21:31,SKU-01776,2,B-02-05-02,OP-106,PUT_AWAY,NORMAL
PA-007214,2026-09-03 03:22:09,SKU-00402,3,B-02-01-02,OP-104,PUT_AWAY,NORMAL
PA-001292,2026-09-03 03:22:10,SKU-00491,8,B-06-05-02,OP-102,PUT_AWAY,NORMAL
PA-006805,2026-09-03 03:22:13,SKU-01441,8,D-06-04-02,OP-103,PUT_AWAY,NORMAL
PA-008632,2026-09-03 03:22:42,SKU-00793,6,B-06-05-02,OP-108,PUT_AWAY,NORMAL
PA-004186,2026-09-03 03:23:09,SKU-01970,9,D-01-05-02,OP-107,PUT_AWAY,NORMAL
PA-004330,2026-09-03 03:24:15,SKU-00624,5,C-08-02-02,OP-107,PUT_AWAY,NORMAL
PA-007086,2026-09-03 03:24:32,SKU-00015,2,F-08-03-02,OP-103,PUT_AWAY,NORMAL
PA-002902,2026-09-03 03:24:35,SKU-00265,4,A-05-03-02,OP-101,PUT_AWAY,NORMAL
PA-001850,2026-09-03 03:24:43,SKU-01532,10,E-07-01-01,OP-107,PUT_AWAY,NORMAL
PA-002973,2026-09-03 03:25:55,SKU-01962,3,E-08-02-01,OP-107,PUT_AWAY,NORMAL
PA-005894,2026-09-03 03:26:31,SKU-01419,10,C-02-04-01,OP-102,PUT_AWAY,NORMAL
PA-007979,2026-09-03 03:26:34,SKU-00907,1,A-10-04-02,OP-107,PUT_AWAY,NORMAL
PA-001948,2026-09-03 03:26:35,SKU-00246,2,F-04-05-01,OP-101,PUT_AWAY,NORMAL
PA-007123,2026-09-03 03:27:27,SKU-00441,6,F-06-05-02,OP-103,PUT_AWAY,NORMAL
PA-000250,2026-09-03 03:27:27,SKU-01084,6,D-02-03-01,OP-107,PUT_AWAY,NORMAL
PA-005454,2026-09-03 03:27:31,SKU-00968,10,B-10-05-01,OP-101,PUT_AWAY,NORMAL
PA-001155,2026-09-03 03:27:52,SKU-00957,5,D-04-01-02,OP-105,PUT_AWAY,NORMAL
PA-001605,2026-09-03 03:28:02,SKU-01305,9,F-07-05-01,OP-103,PUT_AWAY,NORMAL
PA-001711,2026-09-03 03:28:24,SKU-01346,10,B-09-05-01,OP-107,PUT_AWAY,NORMAL
PA-000052,2026-09-03 03:28:29,SKU-00656,7,C-08-05-02,OP-105,PUT_AWAY,NORMAL
PA-001506,2026-09-03 03:29:00,SKU-01042,4,B-07-01-02,OP-104,PUT_AWAY,NORMAL
PA-008729,2026-09-03 03:29:51,SKU-01366,4,A-02-03-02,OP-108,PUT_AWAY,NORMAL
PA-001569,2026-09-03 03:29:58,SKU-00563,8,E-01-02-01,OP-102,PUT_AWAY,NORMAL
PA-000047,2026-09-03 03:30:32,SKU-00810,8,F-08-04-01,OP-103,PUT_AWAY,NORMAL
PA-005151,2026-09-03 03:30:38,SKU-00477,1,B-03-02-02,OP-104,PUT_AWAY,NORMAL
PA-004659,2026-09-03 03:31:57,SKU-00869,9,B-03-02-01,OP-104,PUT_AWAY,NORMAL
PA-000467,2026-09-03 03:32:01,SKU-01325,6,E-06-04-01,OP-105,PUT_AWAY,NORMAL
PA-007802,2026-09-03 03:32:11,SKU-00796,3,A-10-04-01,OP-107,PUT_AWAY,NORMAL
PA-007024,2026-09-03 03:33:02,SKU-00819,2,D-01-03-01,OP-104,PUT_AWAY,NORMAL
PA-005214,2026-09-03 03:33:07,SKU-00701,1,E-06-02-01,OP-108,PUT_AWAY,NORMAL
PA-007679,2026-09-03 03:34:01,SKU-00423,8,B-03-05-02,OP-106,PUT_AWAY,NORMAL
PA-006398,2026-09-03 03:34:14,SKU-00069,8,F-06-01-02,OP-104,PUT_AWAY,NORMAL
PA-003891,2026-09-03 03:34:15,SKU-00368,6,D-07-03-01,OP-108,PUT_AWAY,NORMAL
PA-000355,2026-09-03 03:34:41,SKU-00965,8,B-05-03-01,OP-102,PUT_AWAY,NORMAL
PA-008493,2026-09-03 03:36:41,SKU-01704,2,E-08-05-02,OP-106,PUT_AWAY,NORMAL
PA-005209,2026-09-03 03:37:02,SKU-01555,4,C-06-05-02,OP-101,PUT_AWAY,NORMAL
PA-000703,2026-09-03 03:37:22,SKU-00838,7,A-03-03-02,OP-101,PUT_AWAY,NORMAL
PA-006780,2026-09-03 03:37:59,SKU-00648,10,E-06-01-02,OP-101,PUT_AWAY,NORMAL
PA-005833,2026-09-03 03:38:29,SKU-01900,9,A-04-02-02,OP-107,PUT_AWAY,NORMAL
PA-004501,2026-09-03 03:38:39,SKU-00850,5,E-03-04-02,OP-104,PUT_AWAY,NORMAL
PA-002112,2026-09-03 03:38:41,SKU-01391,10,B-08-04-01,OP-101,PUT_AWAY,NORMAL
PA-002508,2026-09-03 03:38:47,SKU-00842,10,D-01-02-02,OP-102,PUT_AWAY,NORMAL
PA-001102,2026-09-03 03:39:08,SKU-00114,7,A-06-04-02,OP-106,PUT_AWAY,NORMAL
PA-001762,2026-09-03 03:39:18,SKU-01990,3,D-02-04-02,OP-101,PUT_AWAY,NORMAL
PA-007602,2026-09-03 03:39:50,SKU-01659,9,E-03-03-02,OP-105,PUT_AWAY,NORMAL
PA-004509,2026-09-03 03:39:53,SKU-00915,8,E-01-02-02,OP-105,PUT_AWAY,NORMAL
PA-002940,2026-09-03 03:40:16,SKU-00705,4,E-02-01-01,OP-108,PUT_AWAY,NORMAL
PA-000604,2026-09-03 03:40:31,SKU-01445,10,E-02-03-01,OP-107,PUT_AWAY,NORMAL
PA-008108,2026-09-03 03:41:38,SKU-01240,8,C-09-03-02,OP-108,PUT_AWAY,NORMAL
PA-001497,2026-09-03 03:41:40,SKU-00505,8,E-06-02-02,OP-101,PUT_AWAY,NORMAL
PA-008171,2026-09-03 03:41:57,SKU-01775,10,F-07-05-01,OP-108,PUT_AWAY,NORMAL
PA-006371,2026-09-03 03:42:30,SKU-01110,1,A-03-04-02,OP-107,PUT_AWAY,NORMAL
PA-006603,2026-09-03 03:42:51,SKU-01495,7,A-03-04-02,OP-104,PUT_AWAY,NORMAL
PA-001847,2026-09-03 03:42:58,SKU-01253,8,F-05-05-01,OP-108,PUT_AWAY,NORMAL
PA-002869,2026-09-03 03:43:47,SKU-01298,8,A-07-05-02,OP-101,PUT_AWAY,NORMAL
PA-003247,2026-09-03 03:43:47,SKU-01590,6,F-10-02-02,OP-101,PUT_AWAY,NORMAL
PA-005956,2026-09-03 03:44:04,SKU-00360,2,D-07-04-02,OP-104,PUT_AWAY,NORMAL
PA-001886,2026-09-03 03:44:19,SKU-01795,10,F-05-03-02,OP-102,PUT_AWAY,NORMAL
PA-006593,2026-09-03 03:44:20,SKU-00472,7,B-06-02-02,OP-106,PUT_AWAY,NORMAL
PA-003082,2026-09-03 03:44:58,SKU-00597,1,E-04-02-02,OP-108,PUT_AWAY,NORMAL
PA-006569,2026-09-03 03:45:29,SKU-00868,6,B-01-03-01,OP-106,PUT_AWAY,NORMAL
PA-007034,2026-09-03 03:45:51,SKU-00011,9,C-07-03-02,OP-103,PUT_AWAY,NORMAL
PA-005328,2026-09-03 03:46:52,SKU-00211,5,D-04-01-01,OP-104,PUT_AWAY,NORMAL
PA-000498,2026-09-03 03:46:53,SKU-01157,10,D-01-05-02,OP-107,PUT_AWAY,NORMAL
PA-005637,2026-09-03 03:47:33,SKU-00819,10,D-01-03-01,OP-105,PUT_AWAY,NORMAL
PA-000927,2026-09-03 03:47:39,SKU-01975,7,E-04-01-01,OP-106,PUT_AWAY,NORMAL
PA-008466,2026-09-03 03:48:10,SKU-01323,5,C-06-03-01,OP-102,PUT_AWAY,NORMAL
PA-003064,2026-09-03 03:48:47,SKU-00938,6,F-05-04-02,OP-103,PUT_AWAY,NORMAL
PA-005619,2026-09-03 03:48:57,SKU-01627,7,B-04-03-01,OP-104,PUT_AWAY,NORMAL
PA-007418,2026-09-03 03:49:11,SKU-01850,8,C-06-02-01,OP-104,PUT_AWAY,NORMAL
PA-008936,2026-09-03 03:49:14,SKU-01069,3,B-01-04-02,OP-103,PUT_AWAY,NORMAL
PA-005494,2026-09-03 03:49:40,SKU-01428,5,D-10-04-01,OP-108,PUT_AWAY,NORMAL
PA-006272,2026-09-03 03:50:27,SKU-01696,1,A-01-03-01,OP-102,PUT_AWAY,NORMAL
PA-008897,2026-09-03 03:50:45,SKU-01992,4,A-04-04-02,OP-108,PUT_AWAY,NORMAL
PA-006251,2026-09-03 03:51:02,SKU-01116,6,A-08-03-02,OP-105,PUT_AWAY,NORMAL
PA-006619,2026-09-03 03:51:36,SKU-00786,7,A-08-01-01,OP-107,PUT_AWAY,NORMAL
PA-004102,2026-09-03 03:51:57,SKU-00754,1,A-08-01-01,OP-106,PUT_AWAY,NORMAL
PA-002797,2026-09-03 03:52:21,SKU-01224,7,B-01-04-01,OP-106,PUT_AWAY,NORMAL
PA-005242,2026-09-03 03:52:25,SKU-00085,3,F-02-01-02,OP-107,PUT_AWAY,NORMAL
PA-004190,2026-09-03 03:53:13,SKU-00132,10,E-08-01-01,OP-103,PUT_AWAY,NORMAL
PA-003999,2026-09-03 03:53:26,SKU-00044,3,D-04-04-01,OP-105,PUT_AWAY,NORMAL
PA-002186,2026-09-03 03:53:53,SKU-01373,7,E-01-03-02,OP-105,PUT_AWAY,NORMAL
PA-002464,2026-09-03 03:55:13,SKU-00482,5,D-06-05-02,OP-107,PUT_AWAY,NORMAL
PA-001255,2026-09-03 03:55:27,SKU-01047,9,F-04-01-02,OP-106,PUT_AWAY,NORMAL
PA-002143,2026-09-03 03:56:06,SKU-01448,5,E-01-03-01,OP-102,PUT_AWAY,NORMAL
PA-001444,2026-09-03 03:56:10,SKU-00662,1,E-02-05-02,OP-108,PUT_AWAY,NORMAL
PA-004590,2026-09-03 03:56:16,SKU-01874,9,B-04-05-01,OP-106,PUT_AWAY,NORMAL
PA-001648,2026-09-03 03:56:19,SKU-00102,4,C-01-04-02,OP-108,PUT_AWAY,NORMAL
PA-002795,2026-09-03 03:56:43,SKU-00532,10,A-07-05-01,OP-105,PUT_AWAY,NORMAL
PA-000829,2026-09-03 03:56:53,SKU-00732,6,B-06-03-01,OP-102,PUT_AWAY,NORMAL
PA-000125,2026-09-03 03:56:59,SKU-00053,3,A-07-02-01,OP-101,PUT_AWAY,NORMAL
PA-006417,2026-09-03 03:57:18,SKU-00948,8,E-03-02-02,OP-104,PUT_AWAY,NORMAL
PA-000350,2026-09-03 03:57:26,SKU-01855,3,C-02-03-02,OP-106,PUT_AWAY,NORMAL
PA-006465,2026-09-03 03:58:11,SKU-01424,10,C-10-01-01,OP-102,PUT_AWAY,NORMAL
PA-002748,2026-09-03 03:58:20,SKU-01034,3,C-10-05-02,OP-103,PUT_AWAY,NORMAL
PA-003987,2026-09-03 03:58:23,SKU-01641,5,D-02-04-02,OP-102,PUT_AWAY,NORMAL
PA-000245,2026-09-03 03:58:33,SKU-01795,8,F-05-03-02,OP-106,PUT_AWAY,NORMAL
PA-005778,2026-09-03 03:58:44,SKU-01172,5,F-06-02-02,OP-108,PUT_AWAY,NORMAL
PA-001279,2026-09-03 03:59:10,SKU-01692,6,B-03-02-02,OP-103,PUT_AWAY,NORMAL
PA-001348,2026-09-03 03:59:13,SKU-00308,6,D-03-02-01,OP-106,PUT_AWAY,NORMAL
PA-008935,2026-09-03 03:59:14,SKU-00213,1,E-03-02-02,OP-108,PUT_AWAY,NORMAL
PA-003479,2026-09-03 03:59:16,SKU-00358,6,F-06-03-02,OP-106,PUT_AWAY,NORMAL
PA-005577,2026-09-03 03:59:18,SKU-00812,1,F-02-04-02,OP-104,PUT_AWAY,NORMAL
PA-008081,2026-09-03 03:59:22,SKU-00564,10,E-01-05-02,OP-102,PUT_AWAY,NORMAL
PA-008196,2026-09-03 03:59:24,SKU-00833,7,E-03-05-02,OP-102,PUT_AWAY,NORMAL
PA-004442,2026-09-03 03:59:29,SKU-00982,10,B-03-04-02,OP-101,PUT_AWAY,NORMAL
PA-001624,2026-09-03 03:59:38,SKU-00684,7,C-10-04-02,OP-103,PUT_AWAY,NORMAL
PA-005793,2026-09-03 04:00:10,SKU-00264,9,B-04-04-02,OP-107,PUT_AWAY,NORMAL
PA-006435,2026-09-03 04:00:32,SKU-01796,7,C-03-02-02,OP-101,PUT_AWAY,NORMAL
PA-007260,2026-09-03 04:00:44,SKU-00125,6,C-07-03-02,OP-105,PUT_AWAY,NORMAL
PA-004737,2026-09-03 04:01:15,SKU-00666,5,B-06-05-01,OP-106,PUT_AWAY,NORMAL
PA-004443,2026-09-03 04:01:24,SKU-01573,6,F-09-03-02,OP-102,PUT_AWAY,NORMAL
PA-004464,2026-09-03 04:01:47,SKU-00974,1,E-06-04-01,OP-106,PUT_AWAY,NORMAL
PA-004507,2026-09-03 04:02:04,SKU-00197,10,D-10-04-01,OP-106,PUT_AWAY,NORMAL
PA-006378,2026-09-03 04:02:26,SKU-00718,4,B-10-03-02,OP-108,PUT_AWAY,NORMAL
PA-007335,2026-09-03 04:03:32,SKU-00079,3,C-10-02-01,OP-106,PUT_AWAY,NORMAL
PA-004924,2026-09-03 04:03:55,SKU-01880,7,E-09-01-01,OP-104,PUT_AWAY,NORMAL
PA-002258,2026-09-03 04:03:58,SKU-01988,6,A-07-04-02,OP-106,PUT_AWAY,NORMAL
PA-000894,2026-09-03 04:04:13,SKU-00521,10,C-01-03-01,OP-104,PUT_AWAY,NORMAL
PA-003270,2026-09-03 04:05:02,SKU-00566,5,C-10-03-01,OP-108,PUT_AWAY,NORMAL
PA-005891,2026-09-03 04:05:35,SKU-01554,3,D-07-02-02,OP-108,PUT_AWAY,NORMAL
PA-004758,2026-09-03 04:05:36,SKU-01216,6,A-03-01-01,OP-105,PUT_AWAY,NORMAL
PA-000261,2026-09-03 04:06:09,SKU-00502,6,D-08-04-02,OP-107,PUT_AWAY,NORMAL
PA-007575,2026-09-03 04:06:46,SKU-00829,2,B-06-03-01,OP-107,PUT_AWAY,NORMAL
PA-005153,2026-09-03 04:07:10,SKU-00363,8,A-06-04-02,OP-107,PUT_AWAY,NORMAL
PA-005542,2026-09-03 04:07:31,SKU-00984,10,C-02-03-02,OP-101,PUT_AWAY,NORMAL
PA-005962,2026-09-03 04:08:14,SKU-01398,2,E-02-04-02,OP-105,PUT_AWAY,NORMAL
PA-005879,2026-09-03 04:08:58,SKU-00545,9,F-01-01-02,OP-101,PUT_AWAY,NORMAL
PA-008854,2026-09-03 04:09:12,SKU-01692,8,B-03-02-02,OP-107,PUT_AWAY,NORMAL
PA-000891,2026-09-03 04:09:25,SKU-00109,8,A-06-01-01,OP-105,PUT_AWAY,NORMAL
PA-008868,2026-09-03 04:09:36,SKU-00018,5,D-03-04-01,OP-106,PUT_AWAY,NORMAL
PA-005220,2026-09-03 04:09:56,SKU-01667,9,C-04-01-01,OP-101,PUT_AWAY,NORMAL
PA-003498,2026-09-03 04:10:02,SKU-01796,5,C-03-02-02,OP-107,PUT_AWAY,NORMAL
PA-006329,2026-09-03 04:10:12,SKU-01661,1,A-10-01-02,OP-105,PUT_AWAY,NORMAL
PA-008946,2026-09-03 04:10:35,SKU-01004,3,D-10-01-01,OP-106,PUT_AWAY,NORMAL
PA-004292,2026-09-03 04:11:16,SKU-00465,7,C-05-05-01,OP-105,PUT_AWAY,NORMAL
PA-000413,2026-09-03 04:11:37,SKU-00344,2,A-03-05-02,OP-102,PUT_AWAY,NORMAL
PA-004524,2026-09-03 04:11:48,SKU-01276,6,A-02-02-02,OP-101,PUT_AWAY,NORMAL
PA-008625,2026-09-03 04:12:42,SKU-00135,10,F-04-04-02,OP-105,PUT_AWAY,NORMAL
PA-000494,2026-09-03 04:12:44,SKU-00885,1,F-05-03-02,OP-104,PUT_AWAY,NORMAL
PA-002745,2026-09-03 04:13:13,SKU-00487,2,B-02-04-02,OP-105,PUT_AWAY,NORMAL
PA-000237,2026-09-03 04:13:21,SKU-00716,10,F-01-03-01,OP-106,PUT_AWAY,NORMAL
PA-001077,2026-09-03 04:13:37,SKU-00809,9,E-01-03-02,OP-102,PUT_AWAY,NORMAL
PA-008506,2026-09-03 04:13:51,SKU-01882,2,C-06-02-01,OP-106,PUT_AWAY,NORMAL
PA-000519,2026-09-03 04:13:57,SKU-00527,10,D-08-04-01,OP-104,PUT_AWAY,NORMAL
PA-002823,2026-09-03 04:14:18,SKU-00802,10,E-06-04-01,OP-106,PUT_AWAY,NORMAL
PA-003051,2026-09-03 04:14:21,SKU-00220,2,D-04-05-02,OP-107,PUT_AWAY,NORMAL
PA-004843,2026-09-03 04:14:26,SKU-00753,1,F-09-04-01,OP-105,PUT_AWAY,NORMAL
PA-006107,2026-09-03 04:14:27,SKU-01015,4,F-04-05-01,OP-102,PUT_AWAY,NORMAL
PA-005227,2026-09-03 04:14:36,SKU-01496,5,F-09-02-01,OP-101,PUT_AWAY,NORMAL
PA-006611,2026-09-03 04:14:38,SKU-00112,7,D-03-05-01,OP-108,PUT_AWAY,NORMAL
PA-003145,2026-09-03 04:15:14,SKU-01054,5,F-05-02-02,OP-108,PUT_AWAY,NORMAL
PA-001042,2026-09-03 04:15:19,SKU-00797,10,D-03-02-01,OP-101,PUT_AWAY,NORMAL
PA-005995,2026-09-03 04:15:27,SKU-01460,5,F-02-05-01,OP-104,PUT_AWAY,NORMAL
PA-006250,2026-09-03 04:15:54,SKU-01773,5,E-02-05-02,OP-104,PUT_AWAY,NORMAL
PA-002166,2026-09-03 04:16:03,SKU-01637,1,D-10-01-02,OP-105,PUT_AWAY,NORMAL
PA-007423,2026-09-03 04:17:14,SKU-00191,10,D-02-01-01,OP-101,PUT_AWAY,NORMAL
PA-008215,2026-09-03 04:17:35,SKU-01699,6,C-01-05-01,OP-106,PUT_AWAY,NORMAL
PA-007109,2026-09-03 04:18:14,SKU-00901,8,F-01-03-02,OP-108,PUT_AWAY,NORMAL
PA-005511,2026-09-03 04:18:56,SKU-01228,4,A-07-03-02,OP-106,PUT_AWAY,NORMAL
PA-005856,2026-09-03 04:19:13,SKU-01666,5,A-07-04-01,OP-107,PUT_AWAY,NORMAL
PA-001568,2026-09-03 04:19:48,SKU-00544,2,E-09-03-02,OP-103,PUT_AWAY,NORMAL
PA-007304,2026-09-03 04:19:51,SKU-01747,6,D-05-02-02,OP-108,PUT_AWAY,NORMAL
PA-000269,2026-09-03 04:20:32,SKU-01837,1,F-01-05-01,OP-104,PUT_AWAY,NORMAL
PA-008651,2026-09-03 04:20:36,SKU-01798,6,C-09-05-02,OP-106,PUT_AWAY,NORMAL
PA-000651,2026-09-03 04:20:49,SKU-01089,10,A-02-01-02,OP-108,PUT_AWAY,NORMAL
PA-007874,2026-09-03 04:20:56,SKU-01146,9,C-02-04-02,OP-102,PUT_AWAY,NORMAL
PA-004634,2026-09-03 04:21:35,SKU-00004,8,F-07-05-01,OP-104,PUT_AWAY,NORMAL
PA-000745,2026-09-03 04:21:46,SKU-01054,8,F-05-02-02,OP-108,PUT_AWAY,NORMAL
PA-000220,2026-09-03 04:21:57,SKU-01327,5,F-05-04-02,OP-107,PUT_AWAY,NORMAL
PA-000538,2026-09-03 04:22:01,SKU-01364,2,E-02-03-01,OP-105,PUT_AWAY,NORMAL
PA-003935,2026-09-03 04:22:13,SKU-01720,5,E-01-01-02,OP-103,PUT_AWAY,NORMAL
PA-006791,2026-09-03 04:22:18,SKU-01084,4,D-02-03-01,OP-106,PUT_AWAY,NORMAL
PA-008761,2026-09-03 04:22:32,SKU-00075,7,B-06-02-02,OP-106,PUT_AWAY,NORMAL
PA-004522,2026-09-03 04:22:45,SKU-01032,4,C-09-05-02,OP-104,PUT_AWAY,NORMAL
PA-007986,2026-09-03 04:22:57,SKU-01290,1,A-02-01-02,OP-101,PUT_AWAY,NORMAL
PA-004317,2026-09-03 04:22:59,SKU-00249,3,E-04-02-01,OP-106,PUT_AWAY,NORMAL
PA-008563,2026-09-03 04:23:02,SKU-01129,2,F-08-02-01,OP-102,PUT_AWAY,NORMAL
PA-000748,2026-09-03 04:23:30,SKU-01656,3,A-05-03-02,OP-107,PUT_AWAY,NORMAL
PA-003471,2026-09-03 04:23:51,SKU-01938,4,A-09-04-02,OP-107,PUT_AWAY,NORMAL
PA-005380,2026-09-03 04:23:51,SKU-00925,7,E-06-03-02,OP-104,PUT_AWAY,NORMAL
PA-003527,2026-09-03 04:23:57,SKU-00820,7,C-09-01-01,OP-105,PUT_AWAY,NORMAL
PA-008068,2026-09-03 04:23:58,SKU-01347,8,E-03-01-02,OP-107,PUT_AWAY,NORMAL
PA-002541,2026-09-03 04:23:59,SKU-01380,9,C-06-05-01,OP-107,PUT_AWAY,NORMAL
PA-008970,2026-09-03 04:24:57,SKU-00848,3,B-02-01-01,OP-102,PUT_AWAY,NORMAL
PA-000095,2026-09-03 04:25:11,SKU-01444,1,C-05-03-01,OP-106,PUT_AWAY,NORMAL
PA-006657,2026-09-03 04:25:15,SKU-00921,9,E-10-03-01,OP-103,PUT_AWAY,NORMAL
PA-006069,2026-09-03 04:25:47,SKU-00060,7,B-03-04-02,OP-103,PUT_AWAY,NORMAL
PA-007079,2026-09-03 04:25:51,SKU-00607,5,F-01-04-01,OP-107,PUT_AWAY,NORMAL
PA-003813,2026-09-03 04:25:55,SKU-01995,6,C-10-05-01,OP-106,PUT_AWAY,NORMAL
PA-003934,2026-09-03 04:26:04,SKU-00480,6,B-04-04-02,OP-101,PUT_AWAY,NORMAL
PA-005728,2026-09-03 04:26:08,SKU-00537,3,A-10-02-01,OP-102,PUT_AWAY,NORMAL
PA-003790,2026-09-03 04:26:12,SKU-00759,3,F-08-03-01,OP-105,PUT_AWAY,NORMAL
PA-008954,2026-09-03 04:26:15,SKU-01304,4,B-08-05-02,OP-104,PUT_AWAY,NORMAL
PA-000361,2026-09-03 04:26:57,SKU-01825,9,F-07-03-01,OP-103,PUT_AWAY,NORMAL
PA-007435,2026-09-03 04:27:00,SKU-01773,1,E-02-05-02,OP-107,PUT_AWAY,NORMAL
PA-000113,2026-09-03 04:27:13,SKU-01256,6,C-01-04-02,OP-108,PUT_AWAY,NORMAL
PA-005066,2026-09-03 04:27:20,SKU-01242,6,B-05-02-01,OP-101,PUT_AWAY,NORMAL
PA-004369,2026-09-03 04:27:20,SKU-00059,2,A-09-04-01,OP-108,PUT_AWAY,NORMAL
PA-001414,2026-09-03 04:27:48,SKU-00673,6,B-09-01-02,OP-104,PUT_AWAY,NORMAL
PA-004770,2026-09-03 04:28:07,SKU-01904,2,F-09-03-02,OP-108,PUT_AWAY,NORMAL
PA-004781,2026-09-03 04:28:12,SKU-01816,7,F-02-02-02,OP-107,PUT_AWAY,NORMAL
PA-001867,2026-09-03 04:28:46,SKU-00538,4,E-05-03-01,OP-103,PUT_AWAY,NORMAL
PA-002124,2026-09-03 04:31:18,SKU-01031,4,A-09-01-01,OP-102,PUT_AWAY,NORMAL
PA-006108,2026-09-03 04:32:03,SKU-00771,8,D-02-01-01,OP-104,PUT_AWAY,NORMAL
PA-001638,2026-09-03 04:32:11,SKU-00483,1,D-05-04-01,OP-105,PUT_AWAY,NORMAL
PA-003517,2026-09-03 04:32:19,SKU-00564,4,E-01-05-02,OP-106,PUT_AWAY,NORMAL
PA-005844,2026-09-03 04:32:26,SKU-00240,8,C-02-04-01,OP-101,PUT_AWAY,NORMAL
PA-008353,2026-09-03 04:32:59,SKU-01308,10,E-04-03-01,OP-102,PUT_AWAY,NORMAL
PA-003228,2026-09-03 04:33:08,SKU-01464,10,F-03-05-01,OP-108,PUT_AWAY,NORMAL
PA-004554,2026-09-03 04:33:24,SKU-01145,3,E-09-04-02,OP-108,PUT_AWAY,NORMAL
PA-002640,2026-09-03 04:33:53,SKU-00509,4,B-08-05-01,OP-105,PUT_AWAY,NORMAL
PA-004643,2026-09-03 04:34:22,SKU-01312,9,F-02-02-01,OP-101,PUT_AWAY,NORMAL
PA-005829,2026-09-03 04:34:28,SKU-01857,1,A-10-02-01,OP-106,PUT_AWAY,NORMAL
PA-000391,2026-09-03 04:34:34,SKU-00934,6,B-08-02-01,OP-105,PUT_AWAY,NORMAL
PA-008372,2026-09-03 04:35:17,SKU-01196,7,C-09-05-01,OP-107,PUT_AWAY,NORMAL
PA-005178,2026-09-03 04:35:40,SKU-01559,3,F-09-03-01,OP-108,PUT_AWAY,NORMAL
PA-006933,2026-09-03 04:36:13,SKU-01184,4,C-04-01-01,OP-107,PUT_AWAY,NORMAL
PA-003101,2026-09-03 04:36:14,SKU-00796,9,A-10-04-01,OP-107,PUT_AWAY,NORMAL
PA-001244,2026-09-03 04:36:18,SKU-00692,2,C-09-01-01,OP-105,PUT_AWAY,NORMAL
PA-003160,2026-09-03 04:36:36,SKU-00967,3,D-02-04-01,OP-108,PUT_AWAY,NORMAL
PA-005004,2026-09-03 04:36:42,SKU-00181,5,D-06-03-01,OP-105,PUT_AWAY,NORMAL
PA-001220,2026-09-03 04:36:47,SKU-01694,10,E-02-01-02,OP-101,PUT_AWAY,NORMAL
PA-004846,2026-09-03 04:36:50,SKU-01506,10,E-01-04-02,OP-107,PUT_AWAY,NORMAL
PA-004380,2026-09-03 04:37:09,SKU-01421,4,A-09-03-02,OP-105,PUT_AWAY,NORMAL
PA-006774,2026-09-03 04:37:17,SKU-01664,6,D-01-03-02,OP-105,PUT_AWAY,NORMAL
PA-000552,2026-09-03 04:37:21,SKU-00404,9,B-04-05-02,OP-106,PUT_AWAY,NORMAL
PA-006627,2026-09-03 04:37:32,SKU-01656,7,A-05-03-02,OP-103,PUT_AWAY,NORMAL
PA-001974,2026-09-03 04:37:45,SKU-01979,5,E-04-04-01,OP-104,PUT_AWAY,NORMAL
PA-008239,2026-09-03 04:38:00,SKU-00466,10,E-05-02-02,OP-102,PUT_AWAY,NORMAL
PA-001028,2026-09-03 04:38:15,SKU-01356,8,F-01-05-01,OP-103,PUT_AWAY,NORMAL
PA-006259,2026-09-03 04:39:17,SKU-01686,5,B-10-01-02,OP-103,PUT_AWAY,NORMAL
PA-005769,2026-09-03 04:39:19,SKU-01544,7,B-03-05-02,OP-102,PUT_AWAY,NORMAL
PA-008809,2026-09-03 04:39:31,SKU-01163,3,C-05-03-01,OP-107,PUT_AWAY,NORMAL
PA-001459,2026-09-03 04:39:47,SKU-00415,10,B-02-01-01,OP-102,PUT_AWAY,NORMAL
PA-000681,2026-09-03 04:40:16,SKU-00667,6,F-10-05-02,OP-101,PUT_AWAY,NORMAL
PA-008727,2026-09-03 04:41:02,SKU-00711,3,E-04-02-01,OP-107,PUT_AWAY,NORMAL
PA-008582,2026-09-03 04:41:15,SKU-00446,10,B-09-03-02,OP-106,PUT_AWAY,NORMAL
PA-000772,2026-09-03 04:41:36,SKU-01560,7,E-06-04-02,OP-104,PUT_AWAY,NORMAL
PA-007869,2026-09-03 04:42:00,SKU-00094,3,F-10-04-02,OP-107,PUT_AWAY,NORMAL
PA-003389,2026-09-03 04:42:59,SKU-00531,6,B-06-03-01,OP-106,PUT_AWAY,NORMAL
PA-003310,2026-09-03 04:44:04,SKU-00039,7,F-07-02-02,OP-102,PUT_AWAY,NORMAL
PA-006013,2026-09-03 04:44:33,SKU-01898,9,E-02-05-02,OP-103,PUT_AWAY,NORMAL
PA-005229,2026-09-03 04:44:56,SKU-01583,5,F-04-04-02,OP-105,PUT_AWAY,NORMAL
PA-000299,2026-09-03 04:45:05,SKU-00467,2,F-09-03-02,OP-108,PUT_AWAY,NORMAL
PA-000506,2026-09-03 04:46:13,SKU-01949,1,E-02-04-01,OP-103,PUT_AWAY,NORMAL
PA-000115,2026-09-03 04:46:19,SKU-00799,4,E-08-02-01,OP-103,PUT_AWAY,NORMAL
PA-004683,2026-09-03 04:46:52,SKU-01650,5,A-08-03-02,OP-103,PUT_AWAY,NORMAL
PA-006770,2026-09-03 04:47:25,SKU-00759,5,F-08-03-01,OP-105,PUT_AWAY,NORMAL
PA-006762,2026-09-03 04:48:02,SKU-01484,9,E-07-02-01,OP-107,PUT_AWAY,NORMAL
PA-000012,2026-09-03 04:48:31,SKU-01213,5,A-03-04-01,OP-106,PUT_AWAY,NORMAL
PA-004552,2026-09-03 04:48:38,SKU-00378,7,D-08-03-01,OP-106,PUT_AWAY,NORMAL
PA-003857,2026-09-03 04:48:56,SKU-01063,10,B-04-01-01,OP-105,PUT_AWAY,NORMAL
PA-004889,2026-09-03 04:49:15,SKU-00283,4,D-08-02-01,OP-104,PUT_AWAY,NORMAL
PA-005474,2026-09-03 04:49:19,SKU-01503,1,B-10-04-01,OP-108,PUT_AWAY,NORMAL
PA-005545,2026-09-03 04:49:19,SKU-01620,4,C-07-04-02,OP-106,PUT_AWAY,NORMAL
PA-008334,2026-09-03 04:49:51,SKU-01363,2,D-04-04-02,OP-105,PUT_AWAY,NORMAL
PA-002539,2026-09-03 04:49:58,SKU-00154,7,F-07-03-01,OP-101,PUT_AWAY,NORMAL
PA-001902,2026-09-03 04:50:40,SKU-00973,2,C-04-04-01,OP-105,PUT_AWAY,NORMAL
PA-006848,2026-09-03 04:50:41,SKU-00377,8,F-07-05-02,OP-101,PUT_AWAY,NORMAL
PA-003681,2026-09-03 04:51:20,SKU-00596,3,A-01-04-02,OP-108,PUT_AWAY,NORMAL
PA-005351,2026-09-03 04:51:21,SKU-01625,5,C-09-01-02,OP-106,PUT_AWAY,NORMAL
PA-007265,2026-09-03 04:51:37,SKU-00039,3,F-07-02-02,OP-103,PUT_AWAY,NORMAL
PA-001855,2026-09-03 04:51:42,SKU-01412,3,E-06-01-01,OP-104,PUT_AWAY,NORMAL
PA-005183,2026-09-03 04:51:50,SKU-00144,7,C-08-01-02,OP-102,PUT_AWAY,NORMAL
PA-005047,2026-09-03 04:52:02,SKU-01521,9,E-04-02-01,OP-102,PUT_AWAY,NORMAL
PA-002322,2026-09-03 04:52:08,SKU-00365,10,E-06-02-01,OP-102,PUT_AWAY,NORMAL
PA-002499,2026-09-03 04:53:18,SKU-01747,1,D-05-02-02,OP-104,PUT_AWAY,NORMAL
PA-006511,2026-09-03 04:53:42,SKU-00879,6,F-08-02-01,OP-105,PUT_AWAY,NORMAL
PA-001650,2026-09-03 04:53:48,SKU-01837,6,F-01-05-01,OP-104,PUT_AWAY,NORMAL
PA-002516,2026-09-03 04:54:13,SKU-00498,1,E-10-04-02,OP-107,PUT_AWAY,NORMAL
PA-008459,2026-09-03 04:54:40,SKU-01580,5,E-09-05-01,OP-108,PUT_AWAY,NORMAL
PA-001333,2026-09-03 04:55:02,SKU-00992,9,B-03-01-02,OP-105,PUT_AWAY,NORMAL
PA-008514,2026-09-03 04:55:11,SKU-01202,3,F-08-02-01,OP-102,PUT_AWAY,NORMAL
PA-004060,2026-09-03 04:55:32,SKU-00010,6,F-03-03-02,OP-107,PUT_AWAY,NORMAL
PA-004658,2026-09-03 04:57:26,SKU-00923,7,A-09-02-01,OP-104,PUT_AWAY,NORMAL
PA-007080,2026-09-03 04:57:42,SKU-01085,8,C-03-02-02,OP-104,PUT_AWAY,NORMAL
PA-000613,2026-09-03 04:57:53,SKU-00830,9,E-10-01-02,OP-104,PUT_AWAY,NORMAL
PA-005139,2026-09-03 04:57:53,SKU-01147,4,D-07-03-02,OP-104,PUT_AWAY,NORMAL
PA-003121,2026-09-03 04:58:15,SKU-00936,4,D-05-04-02,OP-101,PUT_AWAY,NORMAL
PA-005717,2026-09-03 04:58:39,SKU-00455,4,B-03-02-02,OP-106,PUT_AWAY,NORMAL
PA-001947,2026-09-03 04:58:41,SKU-00730,1,F-10-05-01,OP-105,PUT_AWAY,NORMAL
PA-003970,2026-09-03 04:58:55,SKU-00143,9,D-10-03-02,OP-101,PUT_AWAY,NORMAL
PA-001488,2026-09-03 04:59:00,SKU-00532,8,A-07-05-01,OP-107,PUT_AWAY,NORMAL
PA-000352,2026-09-03 04:59:16,SKU-00912,5,E-07-03-02,OP-105,PUT_AWAY,NORMAL
PA-005785,2026-09-03 04:59:44,SKU-00678,8,E-10-02-01,OP-105,PUT_AWAY,NORMAL
PA-001014,2026-09-03 05:00:04,SKU-00443,8,A-02-03-01,OP-108,PUT_AWAY,NORMAL
PA-006896,2026-09-03 05:00:07,SKU-00251,9,D-06-04-02,OP-107,PUT_AWAY,NORMAL
PA-001185,2026-09-03 05:00:07,SKU-00737,2,A-07-05-02,OP-108,PUT_AWAY,NORMAL
PA-004515,2026-09-03 05:00:21,SKU-00137,5,C-02-03-02,OP-102,PUT_AWAY,NORMAL
PA-007796,2026-09-03 05:00:41,SKU-00401,6,B-08-05-01,OP-106,PUT_AWAY,NORMAL
PA-008726,2026-09-03 05:00:47,SKU-00280,7,F-04-05-02,OP-108,PUT_AWAY,NORMAL
PA-004296,2026-09-03 05:01:03,SKU-00276,10,B-01-04-02,OP-104,PUT_AWAY,NORMAL
PA-002700,2026-09-03 05:01:07,SKU-00776,1,F-01-05-02,OP-106,PUT_AWAY,NORMAL
PA-000982,2026-09-03 05:01:25,SKU-00297,4,F-04-05-02,OP-107,PUT_AWAY,NORMAL
PA-000378,2026-09-03 05:01:30,SKU-00839,3,B-03-05-01,OP-108,PUT_AWAY,NORMAL
PA-000909,2026-09-03 05:01:43,SKU-01647,4,F-10-05-01,OP-102,PUT_AWAY,NORMAL
PA-006507,2026-09-03 05:01:59,SKU-00834,9,F-07-05-02,OP-101,PUT_AWAY,NORMAL
PA-001109,2026-09-03 05:02:35,SKU-01137,3,E-08-03-01,OP-104,PUT_AWAY,NORMAL
PA-000531,2026-09-03 05:02:47,SKU-01896,7,E-03-01-02,OP-107,PUT_AWAY,NORMAL
PA-003822,2026-09-03 05:02:56,SKU-00896,1,D-07-04-02,OP-102,PUT_AWAY,NORMAL
PA-007436,2026-09-03 05:03:25,SKU-01864,8,B-03-04-01,OP-104,PUT_AWAY,NORMAL
PA-008008,2026-09-03 05:03:25,SKU-01807,1,A-10-02-01,OP-102,PUT_AWAY,NORMAL
PA-002995,2026-09-03 05:03:45,SKU-01962,9,E-08-02-01,OP-106,PUT_AWAY,NORMAL
PA-007942,2026-09-03 05:04:41,SKU-00430,8,E-04-04-01,OP-107,PUT_AWAY,NORMAL
PA-008571,2026-09-03 05:05:36,SKU-01435,7,E-07-04-02,OP-108,PUT_AWAY,NORMAL
PA-001377,2026-09-03 05:06:06,SKU-00130,4,B-05-03-01,OP-108,PUT_AWAY,NORMAL
PA-005330,2026-09-03 05:06:20,SKU-01567,5,C-10-05-01,OP-104,PUT_AWAY,NORMAL
PA-004174,2026-09-03 05:06:41,SKU-01672,7,D-03-04-01,OP-105,PUT_AWAY,NORMAL
PA-003834,2026-09-03 05:06:51,SKU-00465,1,C-05-05-01,OP-101,PUT_AWAY,NORMAL
PA-000565,2026-09-03 05:07:10,SKU-00563,8,E-01-02-01,OP-108,PUT_AWAY,NORMAL
PA-004930,2026-09-03 05:07:19,SKU-01636,9,A-06-02-01,OP-106,PUT_AWAY,NORMAL
PA-005812,2026-09-03 05:07:27,SKU-00871,3,B-03-05-02,OP-103,PUT_AWAY,NORMAL
PA-000085,2026-09-03 05:07:44,SKU-01132,5,C-08-04-02,OP-108,PUT_AWAY,NORMAL
PA-002629,2026-09-03 05:07:45,SKU-01731,10,D-03-01-01,OP-107,PUT_AWAY,NORMAL
PA-001838,2026-09-03 05:07:58,SKU-00636,2,F-08-03-02,OP-105,PUT_AWAY,NORMAL
PA-006284,2026-09-03 05:08:26,SKU-01589,6,B-06-02-01,OP-107,PUT_AWAY,NORMAL
PA-000090,2026-09-03 05:09:10,SKU-00965,9,B-05-03-01,OP-102,PUT_AWAY,NORMAL
PA-007419,2026-09-03 05:09:48,SKU-01104,10,E-09-03-01,OP-107,PUT_AWAY,NORMAL
PA-007849,2026-09-03 05:09:55,SKU-01563,7,D-01-01-01,OP-105,PUT_AWAY,NORMAL
PA-007822,2026-09-03 05:10:10,SKU-00383,1,B-03-03-01,OP-103,PUT_AWAY,NORMAL
PA-000969,2026-09-03 05:10:24,SKU-00742,4,F-05-02-02,OP-105,PUT_AWAY,NORMAL
PA-000140,2026-09-03 05:10:38,SKU-01497,2,D-07-01-01,OP-103,PUT_AWAY,NORMAL
PA-001468,2026-09-03 05:10:59,SKU-01822,2,C-10-03-01,OP-106,PUT_AWAY,NORMAL
PA-004917,2026-09-03 05:11:10,SKU-01462,6,B-01-03-01,OP-108,PUT_AWAY,NORMAL
PA-005386,2026-09-03 05:11:13,SKU-00455,8,B-03-02-02,OP-107,PUT_AWAY,NORMAL
PA-005944,2026-09-03 05:11:50,SKU-01073,8,A-09-05-01,OP-105,PUT_AWAY,NORMAL
PA-008032,2026-09-03 05:12:13,SKU-00899,9,B-09-02-01,OP-104,PUT_AWAY,NORMAL
PA-005383,2026-09-03 05:13:23,SKU-01609,8,D-07-03-02,OP-104,PUT_AWAY,NORMAL
PA-005363,2026-09-03 05:13:39,SKU-01042,1,B-07-01-02,OP-105,PUT_AWAY,NORMAL
PA-005925,2026-09-03 05:13:57,SKU-00883,4,F-01-05-01,OP-105,PUT_AWAY,NORMAL
PA-005946,2026-09-03 05:14:13,SKU-01833,6,E-08-02-01,OP-108,PUT_AWAY,NORMAL
PA-002793,2026-09-03 05:14:25,SKU-00078,9,E-01-04-02,OP-107,PUT_AWAY,NORMAL
PA-006858,2026-09-03 05:14:38,SKU-01640,10,A-03-03-02,OP-103,PUT_AWAY,NORMAL
PA-005526,2026-09-03 05:14:42,SKU-00297,5,F-04-05-02,OP-105,PUT_AWAY,NORMAL
PA-004070,2026-09-03 05:15:40,SKU-01192,6,F-07-05-02,OP-107,PUT_AWAY,NORMAL
PA-001237,2026-09-03 05:15:50,SKU-01050,5,A-03-01-02,OP-107,PUT_AWAY,NORMAL
PA-002703,2026-09-03 05:15:51,SKU-00127,9,A-07-04-02,OP-101,PUT_AWAY,NORMAL
PA-007075,2026-09-03 05:16:34,SKU-00428,1,B-04-04-02,OP-105,PUT_AWAY,NORMAL
PA-007434,2026-09-03 05:17:03,SKU-00527,9,D-08-04-01,OP-107,PUT_AWAY,NORMAL
PA-000806,2026-09-03 05:17:17,SKU-01695,4,C-09-05-01,OP-105,PUT_AWAY,NORMAL
PA-004983,2026-09-03 05:18:42,SKU-01614,10,A-07-03-01,OP-103,PUT_AWAY,NORMAL
PA-007338,2026-09-03 05:19:01,SKU-01754,9,C-10-03-01,OP-101,PUT_AWAY,NORMAL
PA-003914,2026-09-03 05:19:04,SKU-01356,9,F-01-05-01,OP-107,PUT_AWAY,NORMAL
PA-008798,2026-09-03 05:19:28,SKU-01395,7,F-06-02-02,OP-107,PUT_AWAY,NORMAL
PA-006136,2026-09-03 05:19:41,SKU-00048,7,A-09-04-02,OP-102,PUT_AWAY,NORMAL
PA-003281,2026-09-03 05:20:34,SKU-00699,7,A-08-02-01,OP-107,PUT_AWAY,NORMAL
PA-008843,2026-09-03 05:20:37,SKU-01852,9,A-07-04-01,OP-108,PUT_AWAY,NORMAL
PA-001730,2026-09-03 05:20:43,SKU-01193,4,D-10-04-01,OP-103,PUT_AWAY,NORMAL
PA-007062,2026-09-03 05:21:31,SKU-00409,3,A-06-05-01,OP-108,PUT_AWAY,NORMAL
PA-005776,2026-09-03 05:21:34,SKU-01673,7,F-03-01-01,OP-107,PUT_AWAY,NORMAL
PA-000419,2026-09-03 05:21:49,SKU-01980,6,E-06-01-01,OP-102,PUT_AWAY,NORMAL
PA-000962,2026-09-03 05:21:54,SKU-01811,5,D-05-01-02,OP-108,PUT_AWAY,NORMAL
PA-007600,2026-09-03 05:22:15,SKU-00426,8,F-05-04-01,OP-107,PUT_AWAY,NORMAL
PA-007019,2026-09-03 05:22:22,SKU-01318,8,D-04-01-02,OP-102,PUT_AWAY,NORMAL
PA-005506,2026-09-03 05:22:34,SKU-00252,10,C-02-05-01,OP-107,PUT_AWAY,NORMAL
PA-002675,2026-09-03 05:22:47,SKU-01368,9,A-05-04-02,OP-104,PUT_AWAY,NORMAL
PA-008393,2026-09-03 05:23:00,SKU-01340,4,F-03-01-01,OP-106,PUT_AWAY,NORMAL
PA-000332,2026-09-03 05:23:25,SKU-01322,4,C-05-05-01,OP-104,PUT_AWAY,NORMAL
PA-006971,2026-09-03 05:23:32,SKU-00525,5,E-04-03-02,OP-101,PUT_AWAY,NORMAL
PA-005512,2026-09-03 05:23:36,SKU-01938,2,A-09-04-02,OP-107,PUT_AWAY,NORMAL
PA-004904,2026-09-03 05:23:46,SKU-01445,8,E-02-03-01,OP-108,PUT_AWAY,NORMAL
PA-003392,2026-09-03 05:26:38,SKU-00068,8,C-06-03-01,OP-105,PUT_AWAY,NORMAL
PA-007269,2026-09-03 05:27:01,SKU-00260,8,B-01-01-02,OP-104,PUT_AWAY,NORMAL
PA-003029,2026-09-03 05:27:16,SKU-00224,3,A-06-05-02,OP-104,PUT_AWAY,NORMAL
PA-005138,2026-09-03 05:27:19,SKU-01254,4,A-07-05-02,OP-101,PUT_AWAY,NORMAL
PA-004253,2026-09-03 05:27:20,SKU-00244,3,D-07-04-02,OP-101,PUT_AWAY,NORMAL
PA-008064,2026-09-03 05:27:26,SKU-01260,6,A-06-01-02,OP-108,PUT_AWAY,NORMAL
PA-002606,2026-09-03 05:27:35,SKU-01444,3,C-05-03-01,OP-102,PUT_AWAY,NORMAL
PA-008371,2026-09-03 05:27:48,SKU-00745,10,E-06-02-02,OP-108,PUT_AWAY,NORMAL
PA-003904,2026-09-03 05:27:52,SKU-01256,6,C-01-04-02,OP-107,PUT_AWAY,NORMAL
PA-003316,2026-09-03 05:28:11,SKU-01725,6,C-02-02-02,OP-104,PUT_AWAY,NORMAL
PA-005450,2026-09-03 05:28:38,SKU-01625,1,C-09-01-02,OP-108,PUT_AWAY,NORMAL
PA-000453,2026-09-03 05:28:38,SKU-00446,5,B-09-03-02,OP-104,PUT_AWAY,NORMAL
PA-001363,2026-09-03 05:28:52,SKU-01141,1,B-03-01-01,OP-104,PUT_AWAY,NORMAL
PA-003720,2026-09-03 05:29:34,SKU-01087,1,D-02-04-02,OP-105,PUT_AWAY,NORMAL
PA-003560,2026-09-03 05:29:38,SKU-00039,9,F-07-02-02,OP-107,PUT_AWAY,NORMAL
PA-004052,2026-09-03 05:30:15,SKU-01049,8,D-01-03-01,OP-107,PUT_AWAY,NORMAL
PA-003328,2026-09-03 05:30:15,SKU-01733,6,C-01-01-02,OP-108,PUT_AWAY,NORMAL
PA-005078,2026-09-03 05:30:41,SKU-01771,9,C-03-05-02,OP-107,PUT_AWAY,NORMAL
PA-007411,2026-09-03 05:31:01,SKU-01819,7,F-07-01-01,OP-105,PUT_AWAY,NORMAL
PA-006246,2026-09-03 05:33:35,SKU-00199,10,A-10-05-01,OP-108,PUT_AWAY,NORMAL
PA-005333,2026-09-03 05:33:45,SKU-01951,3,D-02-02-01,OP-108,PUT_AWAY,NORMAL
PA-002759,2026-09-03 05:33:52,SKU-01654,9,E-01-02-02,OP-106,PUT_AWAY,NORMAL
PA-008609,2026-09-03 05:33:58,SKU-00694,7,A-10-02-02,OP-101,PUT_AWAY,NORMAL
PA-001977,2026-09-03 05:34:23,SKU-00587,6,A-04-04-01,OP-104,PUT_AWAY,NORMAL
PA-000699,2026-09-03 05:34:28,SKU-01781,5,C-01-01-01,OP-107,PUT_AWAY,NORMAL
PA-000370,2026-09-03 05:35:08,SKU-00089,10,A-02-04-02,OP-107,PUT_AWAY,NORMAL
PA-005954,2026-09-03 05:35:42,SKU-00018,7,D-03-04-01,OP-107,PUT_AWAY,NORMAL
PA-003128,2026-09-03 05:35:44,SKU-01670,2,E-06-05-01,OP-108,PUT_AWAY,NORMAL
PA-005558,2026-09-03 05:36:04,SKU-00428,3,B-04-04-02,OP-105,PUT_AWAY,NORMAL
PA-002890,2026-09-03 05:36:34,SKU-00314,2,C-05-04-01,OP-108,PUT_AWAY,NORMAL
PA-000190,2026-09-03 05:36:34,SKU-00892,7,C-02-03-02,OP-107,PUT_AWAY,NORMAL
PA-001069,2026-09-03 05:36:48,SKU-01828,3,C-02-04-01,OP-107,PUT_AWAY,NORMAL
PA-008572,2026-09-03 05:37:18,SKU-01730,4,E-10-02-01,OP-106,PUT_AWAY,NORMAL
PA-000180,2026-09-03 05:37:33,SKU-01464,3,F-03-05-01,OP-107,PUT_AWAY,NORMAL
PA-003066,2026-09-03 05:38:11,SKU-01008,5,A-03-05-01,OP-104,PUT_AWAY,NORMAL
PA-006775,2026-09-03 05:38:12,SKU-01536,4,B-02-05-01,OP-105,PUT_AWAY,NORMAL
PA-006707,2026-09-03 05:38:13,SKU-00744,10,A-01-01-02,OP-107,PUT_AWAY,NORMAL
PA-005394,2026-09-03 05:38:17,SKU-00592,9,D-04-04-02,OP-106,PUT_AWAY,NORMAL
PA-008952,2026-09-03 05:38:20,SKU-00593,1,A-02-01-02,OP-104,PUT_AWAY,NORMAL
PA-008762,2026-09-03 05:38:24,SKU-00973,4,C-04-04-01,OP-103,PUT_AWAY,NORMAL
PA-007952,2026-09-03 05:39:08,SKU-00813,5,A-06-04-02,OP-105,PUT_AWAY,NORMAL
PA-008232,2026-09-03 05:40:00,SKU-00790,9,A-08-03-01,OP-105,PUT_AWAY,NORMAL
PA-002492,2026-09-03 05:40:19,SKU-01771,10,C-03-05-02,OP-105,PUT_AWAY,NORMAL
PA-005673,2026-09-03 05:40:24,SKU-00233,7,C-07-04-02,OP-106,PUT_AWAY,NORMAL
PA-000669,2026-09-03 05:40:52,SKU-01145,6,E-09-04-02,OP-107,PUT_AWAY,NORMAL
PA-002587,2026-09-03 05:41:00,SKU-01901,4,C-09-04-01,OP-103,PUT_AWAY,NORMAL
PA-000848,2026-09-03 05:41:02,SKU-00114,5,A-06-04-02,OP-105,PUT_AWAY,NORMAL
PA-008862,2026-09-03 05:41:38,SKU-00471,8,F-09-03-01,OP-102,PUT_AWAY,NORMAL
PA-004616,2026-09-03 05:41:48,SKU-01158,1,B-09-03-02,OP-102,PUT_AWAY,NORMAL
PA-006586,2026-09-03 05:42:23,SKU-01237,4,F-06-05-01,OP-105,PUT_AWAY,NORMAL
PA-002043,2026-09-03 05:42:25,SKU-01519,1,D-08-01-01,OP-104,PUT_AWAY,NORMAL
PA-004981,2026-09-03 05:43:39,SKU-01346,1,B-09-05-01,OP-108,PUT_AWAY,NORMAL
PA-004446,2026-09-03 05:44:38,SKU-00154,2,F-07-03-01,OP-103,PUT_AWAY,NORMAL
PA-004813,2026-09-03 05:45:10,SKU-00658,5,F-04-02-02,OP-105,PUT_AWAY,NORMAL
PA-007817,2026-09-03 05:45:19,SKU-00640,7,A-07-02-01,OP-107,PUT_AWAY,NORMAL
PA-002883,2026-09-03 05:46:12,SKU-00639,2,A-07-03-02,OP-101,PUT_AWAY,NORMAL
PA-004714,2026-09-03 05:46:47,SKU-00485,3,D-10-03-02,OP-101,PUT_AWAY,NORMAL
PA-006826,2026-09-03 05:47:02,SKU-00460,1,F-07-02-01,OP-106,PUT_AWAY,NORMAL
PA-008994,2026-09-03 05:47:17,SKU-01687,5,D-02-01-02,OP-108,PUT_AWAY,NORMAL
PA-008480,2026-09-03 05:47:20,SKU-01916,2,B-03-02-02,OP-103,PUT_AWAY,NORMAL
PA-006365,2026-09-03 05:48:02,SKU-01652,2,B-04-02-01,OP-107,PUT_AWAY,NORMAL
PA-000296,2026-09-03 05:48:27,SKU-01480,6,B-03-04-01,OP-103,PUT_AWAY,NORMAL
PA-000997,2026-09-03 05:48:46,SKU-00954,2,E-02-02-01,OP-105,PUT_AWAY,NORMAL
PA-006973,2026-09-03 05:48:54,SKU-00541,7,E-05-02-01,OP-105,PUT_AWAY,NORMAL
PA-000809,2026-09-03 05:49:08,SKU-00497,8,F-07-04-02,OP-102,PUT_AWAY,NORMAL
PA-001712,2026-09-03 05:49:28,SKU-01377,5,A-08-02-01,OP-108,PUT_AWAY,NORMAL
PA-004704,2026-09-03 05:49:33,SKU-01690,4,F-10-03-02,OP-105,PUT_AWAY,NORMAL
PA-007461,2026-09-03 05:49:39,SKU-00928,8,E-06-01-01,OP-104,PUT_AWAY,NORMAL
PA-005277,2026-09-03 05:49:41,SKU-00795,6,D-04-02-02,OP-101,PUT_AWAY,NORMAL
PA-002764,2026-09-03 05:49:49,SKU-01697,6,A-03-04-02,OP-107,PUT_AWAY,NORMAL
PA-005251,2026-09-03 05:49:59,SKU-01890,5,F-08-04-01,OP-105,PUT_AWAY,NORMAL
PA-007480,2026-09-03 05:50:10,SKU-00651,6,D-02-01-02,OP-102,PUT_AWAY,NORMAL
PA-008847,2026-09-03 05:50:41,SKU-00568,4,A-02-01-01,OP-106,PUT_AWAY,NORMAL
PA-007515,2026-09-03 05:50:47,SKU-01250,2,C-06-03-01,OP-107,PUT_AWAY,NORMAL
PA-004409,2026-09-03 05:51:21,SKU-01311,2,F-01-05-02,OP-106,PUT_AWAY,NORMAL
PA-007012,2026-09-03 05:51:29,SKU-01735,7,D-05-05-02,OP-106,PUT_AWAY,NORMAL
PA-005927,2026-09-03 05:51:32,SKU-00438,8,C-08-02-02,OP-102,PUT_AWAY,NORMAL
PA-001731,2026-09-03 05:51:36,SKU-00151,9,D-09-01-02,OP-101,PUT_AWAY,NORMAL
PA-008539,2026-09-03 05:51:39,SKU-01847,5,D-06-03-01,OP-101,PUT_AWAY,NORMAL
PA-002579,2026-09-03 05:52:02,SKU-01116,2,A-08-03-02,OP-103,PUT_AWAY,NORMAL
PA-005534,2026-09-03 05:52:05,SKU-01744,2,A-04-05-01,OP-106,PUT_AWAY,NORMAL
PA-008083,2026-09-03 05:52:12,SKU-00362,1,C-09-03-01,OP-106,PUT_AWAY,NORMAL
PA-004104,2026-09-03 05:52:16,SKU-01765,3,E-04-05-01,OP-106,PUT_AWAY,NORMAL
PA-006792,2026-09-03 05:53:02,SKU-01653,1,E-04-05-02,OP-101,PUT_AWAY,NORMAL
PA-001963,2026-09-03 05:53:26,SKU-01400,9,B-07-03-02,OP-104,PUT_AWAY,NORMAL
PA-005131,2026-09-03 05:54:05,SKU-00667,3,F-10-05-02,OP-101,PUT_AWAY,NORMAL
PA-000728,2026-09-03 05:54:53,SKU-00477,8,B-03-02-02,OP-101,PUT_AWAY,NORMAL
PA-004462,2026-09-03 05:55:43,SKU-00846,4,B-10-02-01,OP-102,PUT_AWAY,NORMAL
PA-000136,2026-09-03 05:56:10,SKU-01361,10,E-09-02-02,OP-101,PUT_AWAY,NORMAL
PA-006299,2026-09-03 05:57:43,SKU-00137,1,C-02-03-02,OP-105,PUT_AWAY,NORMAL
PA-003964,2026-09-03 05:57:51,SKU-00836,4,E-06-01-01,OP-101,PUT_AWAY,NORMAL
PA-001819,2026-09-03 05:58:49,SKU-00881,3,D-09-01-02,OP-103,PUT_AWAY,NORMAL
PA-005811,2026-09-03 05:59:13,SKU-00557,1,C-05-01-02,OP-107,PUT_AWAY,NORMAL
PA-003854,2026-09-03 05:59:22,SKU-01175,3,F-01-01-02,OP-104,PUT_AWAY,NORMAL
PA-005973,2026-09-03 05:59:26,SKU-01613,1,D-10-05-02,OP-102,PUT_AWAY,NORMAL
PA-006970,2026-09-03 05:59:33,SKU-01237,8,F-06-05-01,OP-104,PUT_AWAY,NORMAL
PA-001129,2026-09-03 05:59:42,SKU-01510,4,A-09-03-02,OP-103,PUT_AWAY,NORMAL
PA-007488,2026-09-03 06:00:00,SKU-01726,6,B-02-01-01,OP-107,PUT_AWAY,NORMAL
